wilayah,nama,jenis,kecamatan,rating,ac,akses_24_jam,kasur,kloset_duduk,kamar_mandi_dalam,wifi,harga,url
Kabupaten Bangkalan,Kost Zaman Tipe Ac,Campur,Bangkalan,0.0,Ya,Tidak,Ya,Tidak,Ya,Ya,800000,https://mamikos.com/room/kost-bangkalan-kost-campur-eksklusif-kost-zaman-tipe-ac-bangkalan
Kabupaten Bangkalan,Kost Pè Dè Pesona Demangan Syariah Type A,Putra,Kecamatan Bangkalan,4.0,Ya,Tidak,Ya,Ya,Ya,Ya,1200000,https://mamikos.com/room/kost-kabupaten-bangkalan-kost-putra-eksklusif-kost-p-d-pesona-demangan-syariah-type-a-bangkalan-bangkalan-1
Kabupaten Bangkalan,Kost Club Bola Kraton,Putra,Bangkalan,0.0,Tidak,Tidak,Ya,Tidak,Ya,Tidak,550000,https://mamikos.com/room/kost-kabupaten-bangkalan-kost-putra-murah-kost-club-bola-kraton-bangkalan
Kabupaten Bangkalan,Kost Royal,Putri,Bangkalan,0.0,Tidak,Ya,Ya,Tidak,Ya,Tidak,500000,https://mamikos.com/room/kost-kabupaten-bangkalan-kost-putri-murah-kost-royal-bangkalan
Kabupaten Bangkalan,Kost Graha Aditama Tipe B,Campur,Kecamatan Bangkalan,0.0,Ya,Ya,Ya,Tidak,Ya,Ya,1200000,https://mamikos.com/room/kost-kabupaten-bangkalan-kost-campur-eksklusif-kost-graha-aditama-tipe-b-bangkalan-bangkalan
Kabupaten Bangkalan,Kost Pak Ali,Putra,Kecamatan Bangkalan,0.0,Tidak,Ya,Ya,Tidak,Ya,Tidak,500000,https://mamikos.com/room/kost-kabupaten-bangkalan-kost-putra-murah-kost-pak-ali-bangkalan
Kabupaten Bangkalan,Kost Lemak Manis,Campur,Bangkalan,0.0,Tidak,Ya,Tidak,Tidak,Ya,Tidak,500000,https://mamikos.com/room/kost-kabupaten-bangkalan-kost-campur-murah-kost-lemak-manis-bangkalan
Kabupaten Bangkalan,Kost Nasuha,Putra,Bangkalan,0.0,Tidak,Ya,Ya,Tidak,Tidak,Tidak,400000,https://mamikos.com/room/kost-kabupaten-bangkalan-kost-putra-murah-kost-nasuha-bangkalan
Kabupaten Bangkalan,Kost Nur,Campur,Kecamatan Bangkalan,0.0,Tidak,Tidak,Ya,Tidak,Tidak,Tidak,600000,https://mamikos.com/room/kost-kabupaten-bangkalan-kost-campur-murah-kost-nur-bangkalan-bangkalan
Kabupaten Bangkalan,Kost Ar Reihan 1 Tipe A,Campur,Burneh,0.0,Tidak,Ya,Ya,Tidak,Ya,Ya,600000,https://mamikos.com/room/kost-kabupaten-bangkalan-kost-campur-murah-kost-ar-reihan-1-tipe-a-burneh-bangkalan
Kabupaten Bangkalan,Kost Bougenville Room,Campur,Kecamatan Bangkalan,0.0,Ya,Tidak,Ya,Ya,Ya,Ya,1500000,https://mamikos.com/room/kost-kabupaten-bangkalan-kost-campur-eksklusif-kost-bougenville-room-bangkalan-2
Kabupaten Bangkalan,Kost Moeniri,Campur,Bangkalan,4.6,Tidak,Ya,Ya,Ya,Ya,Tidak,500000,https://mamikos.com/room/kost-kabupaten-bangkalan-kost-campur-murah-kost-moeniri-bangkalan
Kabupaten Bangkalan,Kost Megdi Tipe C Pejagan,Campur,Bangkalan,0.0,Ya,Ya,Ya,Tidak,Ya,Ya,1000000,https://mamikos.com/room/kost-kabupaten-bangkalan-kost-campur-eksklusif-kost-megdi-tipe-c-pejagan-bangkalan-bangkalan
Kabupaten Bangkalan,Kost Safira,Campur,Kecamatan Bangkalan,0.0,Tidak,Ya,Ya,Ya,Ya,Ya,500000,https://mamikos.com/room/kost-kabupaten-bangkalan-kost-campur-murah-kost-safira-bangkalan
Kabupaten Bangkalan,Kost Eva Bu Sumiati,Putri,Kecamatan Bangkalan,0.0,Tidak,Tidak,Ya,Tidak,Tidak,Tidak,300000,https://mamikos.com/room/kost-kabupaten-bangkalan-kost-putri-murah-kos-eva-bu-sumiati-biasa-bangkalan-bangkalan-1
Kabupaten Bangkalan,Kost Flamboyan 11,Campur,Kecamatan Bangkalan,0.0,Tidak,Ya,Ya,Ya,Tidak,Tidak,500000,https://mamikos.com/room/kost-kabupaten-bangkalan-kost-campur-murah-kost-flamboyan-11-bangkalan-bangkalan
Kabupaten Bangkalan,Kost Twins Tipe B,Campur,Bangkalan,0.0,Ya,Ya,Ya,Ya,Ya,Tidak,1000000,https://mamikos.com/room/kost-kabupaten-bangkalan-kost-campur-eksklusif-kost-twins-tipe-b-bangkalan-bangkalan
Kabupaten Bangkalan,Kost Ibu Ftamawati Vvip,Campur,Kecamatan Bangkalan,0.0,Tidak,Tidak,Tidak,Tidak,Tidak,Tidak,500000,https://mamikos.com/room/kost-kabupaten-bangkalan-kost-campur-murah-kost-ibu-ftamawati-vvip-bangkalan-bangkalan
Kabupaten Bangkalan,Kost Laok Songai,Putri,Bangkalan,0.0,Tidak,Ya,Ya,Ya,Tidak,Ya,500000,https://mamikos.com/room/kost-bangkalan-kost-putri-murah-kost-laok-songai-bangkalan
Kabupaten Bangkalan,Kost Florenkardia,Campur,Kecamatan Bangkalan,0.0,Tidak,Ya,Ya,Ya,Tidak,Ya,300000,https://mamikos.com/room/kost-kabupaten-bangkalan-kost-campur-murah-kost-florenkardia-bangkalan-bangkalan
Kabupaten Bangkalan,Kost Megdi Tipe B,Campur,Bangkalan,5.0,Tidak,Ya,Ya,Tidak,Ya,Ya,450000,https://mamikos.com/room/kost-bangkalan-kost-campur-murah-kost-megdi-tipe-b-bangkalan
Kabupaten Bangkalan,Kost Megdi Tipe Medium,Campur,Bangkalan,0.0,Ya,Ya,Ya,Tidak,Ya,Ya,800000,https://mamikos.com/room/kost-bangkalan-kost-campur-eksklusif-kost-megdi-tipe-medium-bangkalan
Kabupaten Bangkalan,Kost Graha Aditama Tipe A,Campur,Kecamatan Bangkalan,5.0,Tidak,Ya,Ya,Tidak,Ya,Ya,700000,https://mamikos.com/room/kost-kabupaten-bangkalan-kost-campur-murah-kost-graha-aditama-bangkalan-bangkalan-1
Kabupaten Bangkalan,Kost Twins Tipe A,Campur,Bangkalan,0.0,Tidak,Ya,Ya,Ya,Ya,Ya,750000,https://mamikos.com/room/kost-kabupaten-bangkalan-kost-campur-murah-kost-twins-tipe-a-bangkalan-bangkalan
Kabupaten Banyuwangi,Kost Menspul 27,Campur,Kecamatan Banyuwangi,0.0,Ya,Tidak,Ya,Ya,Ya,Ya,1350000,https://mamikos.com/room/kost-kabupaten-banyuwangi-kost-campur-eksklusif-kost-menspul-27-banyuwangi-banyuwangi
Kabupaten Banyuwangi,Kost Yudhistira I,Putra,Banyuwangi,0.0,Ya,Ya,Ya,Ya,Ya,Ya,1300000,https://mamikos.com/room/kost-banyuwangi-kost-putra-eksklusif-kost-yudhistira-i-banyuwangi
Kabupaten Banyuwangi,Kost Teras Omah,Putra,Banyuwangi,0.0,Tidak,Tidak,Ya,Tidak,Tidak,Ya,300000,https://mamikos.com/room/kost-banyuwangi-kost-putra-murah-kost-teras-omah-banyuwangi
Kabupaten Banyuwangi,Kost Delele,Putra,Kecamatan Banyuwangi,0.0,Ya,Ya,Ya,Ya,Ya,Ya,1200000,https://mamikos.com/room/kost-kabupaten-banyuwangi-kost-putra-eksklusif-kost-delele-banyuwangi-2
Kabupaten Banyuwangi,Kost Angdas Syariah Sukowidi Tipe B,Campur,Kecamatan Banyuwangi,0.0,Tidak,Ya,Ya,Tidak,Ya,Ya,600000,https://mamikos.com/room/kost-kabupaten-banyuwangi-kost-campur-murah-kost-angdas-syariah-sukowidi-tipe-b-banyuwangi-banyuwangi
Kabupaten Banyuwangi,Kost Setia Tipe A,Campur,Banyuwangi,0.0,Tidak,Ya,Ya,Tidak,Ya,Ya,650000,https://mamikos.com/room/kost-kabupaten-banyuwangi-kost-campur-murah-kost-setia-tipe-a-banyuwangi-banyuwangi
Kabupaten Banyuwangi,Kost Kenzhi Tipe B,Putri,Banyuwangi,0.0,Tidak,Ya,Ya,Ya,Ya,Ya,550000,https://mamikos.com/room/kost-banyuwangi-kost-putri-eksklusif-kost-kenzhi-tipe-b-banyuwangi
Kabupaten Banyuwangi,Kost Setia Tipe B,Campur,Banyuwangi,0.0,Ya,Ya,Ya,Ya,Ya,Ya,1100000,https://mamikos.com/room/kost-kabupaten-banyuwangi-kost-campur-eksklusif-kost-setia-tipe-b-banyuwangi-banyuwangi
Kabupaten Banyuwangi,Kost Java Guesthouse And Dormitory,Campur,Glagah,0.0,Tidak,Ya,Ya,Ya,Ya,Ya,1000000,https://mamikos.com/room/kost-kabupaten-banyuwangi-kost-putra-eksklusif-kost-java-guesthouse-and-dormitory-glagah-banyuwangi-1
Kabupaten Banyuwangi,Kost Angdas Syariah Sukowidi Tipe A,Campur,Kecamatan Banyuwangi,5.0,Tidak,Ya,Ya,Tidak,Ya,Ya,550000,https://mamikos.com/room/kost-kabupaten-banyuwangi-kost-campur-murah-kost-angdas-syariah-sukowidi-banyuwangi-banyuwangi
Kabupaten Banyuwangi,Kost Harvest House Tipe AC Lantai 1,Campur,Kecamatan Banyuwangi,5.0,Ya,Tidak,Ya,Ya,Ya,Ya,1200000,https://mamikos.com/room/kost-kabupaten-banyuwangi-kost-campur-eksklusif-kost-harvest-house-tipe-ac-lantai-1-banyuwangi
Kabupaten Banyuwangi,Kost Harvest House Non Ac,Campur,Kecamatan Banyuwangi,0.0,Tidak,Tidak,Ya,Ya,Ya,Ya,700000,https://mamikos.com/room/kost-kabupaten-banyuwangi-kost-campur-murah-kost-harvest-house-non-ac-banyuwangi
Kabupaten Banyuwangi,Kost Harvest House Tipe AC Lantai 2,Campur,Kecamatan Banyuwangi,0.0,Ya,Tidak,Ya,Ya,Ya,Ya,1100000,https://mamikos.com/room/kost-kabupaten-banyuwangi-kost-campur-eksklusif-kost-harvest-house-tipe-ac-lantai-2-banyuwangi--2
Kabupaten Banyuwangi,Kost Arine,Putra,Banyuwangi,0.0,Tidak,Ya,Ya,Tidak,Tidak,Tidak,600000,https://mamikos.com/room/kost-banyuwangi-kost-putra-murah-kost-arine-banyuwangi-2
Kabupaten Banyuwangi,Kost Al Hilal,Campur,Banyuwangi,0.0,Ya,Ya,Ya,Ya,Ya,Ya,1000000,https://mamikos.com/room/kost-banyuwangi-kost-campur-eksklusif-kost-al-hilal-banyuwangi
Kabupaten Banyuwangi,Kost Puspita,Campur,Banyuwangi,5.0,Tidak,Ya,Ya,Tidak,Ya,Ya,660000,https://mamikos.com/room/kost-banyuwangi-kost-campur-eksklusif-kost-puspita-banyuwangi
Kabupaten Banyuwangi,Kost Home Sweet Home Tipe A,Putri,Giri,0.0,Ya,Ya,Ya,Ya,Ya,Ya,1000000,https://mamikos.com/room/kost-banyuwangi-kost-putri-eksklusif-kost-home-sweet-home-tipe-a-giri-banyuwangi-2
Kabupaten Banyuwangi,Kost Nawang Wulan Tipe B,Putra,Banyuwangi,0.0,Ya,Tidak,Ya,Ya,Ya,Ya,1250000,https://mamikos.com/room/kost-kabupaten-banyuwangi-kost-putra-eksklusif-kost-nawang-wulan-tipe-b-banyuwangi-banyuwangi
Kabupaten Banyuwangi,Kost Madani Tipe Ac,Putra,Banyuwangi,0.0,Ya,Ya,Ya,Ya,Ya,Ya,1000000,https://mamikos.com/room/kost-kabupaten-banyuwangi-kost-putra-eksklusif-kost-madani-tipe-ac-banyuwangi-banyuwangi
Kabupaten Banyuwangi,Kost Rumah Mami Elly Tipe Standart,Campur,Banyuwangi,0.0,Ya,Tidak,Ya,Ya,Ya,Ya,1000000,https://mamikos.com/room/kost-banyuwangi-kost-campur-eksklusif-kost-rumah-mami-elly-tipe-standart-banyuwangi
Kabupaten Banyuwangi,Kost Lidiya Tipe A,Putra,Banyuwangi,0.0,Tidak,Ya,Ya,Tidak,Ya,Ya,500000,https://mamikos.com/room/kost-banyuwangi-kost-putra-eksklusif-kost-lidiya-tipe-a-banyuwangi
Kabupaten Banyuwangi,Kost Dio,Campur,Kecamatan Banyuwangi,0.0,Tidak,Ya,Ya,Tidak,Ya,Ya,500000,https://mamikos.com/room/kost-kabupaten-banyuwangi-kost-campur-eksklusif-kost-dio-banyuwangi
Kabupaten Banyuwangi,Kost Aira Tipe A,Putri,Glagah,5.0,Ya,Ya,Ya,Ya,Ya,Ya,1000000,https://mamikos.com/room/kost-banyuwangi-kost-putri-eksklusif-kost-aira-tipe-a-glagah-banyuwangi
Kabupaten Banyuwangi,Kost Rasya,Putri,Kecamatan Banyuwangi,0.0,Ya,Tidak,Ya,Ya,Ya,Ya,1500000,https://mamikos.com/room/kost-kabupaten-banyuwangi-kost-putri-eksklusif-kost-rasya-banyuwangi-banyuwangi
Kabupaten Banyuwangi,Kost Adinda Bisnis,Putri,Kecamatan Banyuwangi,0.0,Tidak,Tidak,Ya,Ya,Ya,Ya,500000,https://mamikos.com/room/kost-kabupaten-banyuwangi-kost-putri-murah-kost-adinda-bisnis-banyuwangi-banyuwangi-1
Kabupaten Banyuwangi,Kost Bunda Yuli Tipe Standar,Putri,Banyuwangi,0.0,Tidak,Tidak,Ya,Tidak,Ya,Ya,550000,https://mamikos.com/room/kost-banyuwangi-kost-putri-murah-kost-bunda-yuli-tipe-standar-banyuwangi
Kabupaten Banyuwangi,Kost The Green Kepiting Tipe Deluxe,Putri,Kecamatan Banyuwangi,0.0,Ya,Tidak,Ya,Ya,Ya,Ya,800000,https://mamikos.com/room/kost-kabupaten-banyuwangi-kost-putri-murah-kost-the-green-kepiting-tipe-deluxe-banyuwangi-banyuwangi-1
Kabupaten Banyuwangi,Kost Jiyul,Putri,Banyuwangi,0.0,Tidak,Tidak,Ya,Tidak,Ya,Ya,500000,https://mamikos.com/room/kost-banyuwangi-kost-putri-eksklusif-kost-jiyul-banyuwangi
Kabupaten Banyuwangi,Kost Omah Mendut Tipe Executive,Putri,Kecamatan Banyuwangi,0.0,Ya,Ya,Ya,Ya,Ya,Ya,1500000,https://mamikos.com/room/kost-kabupaten-banyuwangi-kost-putri-eksklusif-kost-omah-mendut-tipe-executive-banyuwangi
Kabupaten Banyuwangi,Kost D Pramesti Tipe C,Putri,Banyuwangi,5.0,Ya,Tidak,Ya,Ya,Tidak,Ya,800000,https://mamikos.com/room/kost-kabupaten-banyuwangi-kost-putri-eksklusif-kost-d-pramesti-tipe-c-banyuwangi-banyuwangi-1
Kabupaten Banyuwangi,Kost Paramita House,Putra,Banyuwangi,5.0,Ya,Ya,Ya,Ya,Ya,Ya,1250000,https://mamikos.com/room/kost-kabupaten-banyuwangi-kost-putra-eksklusif-kost-paramita-house-banyuwangi
Kabupaten Banyuwangi,Kost Awif Ozi,Putra,Banyuwangi,0.0,Tidak,Ya,Tidak,Ya,Tidak,Ya,350000,https://mamikos.com/room/kost-kabupaten-banyuwangi-kost-putra-murah-kost-awif-ozi-banyuwangi-banyuwangi-2
Kabupaten Banyuwangi,Kost The Green Kepiting Tipe Deluxe Plus,Putri,Kecamatan Banyuwangi,0.0,Ya,Tidak,Ya,Ya,Ya,Ya,850000,https://mamikos.com/room/kost-kabupaten-banyuwangi-kost-putri-murah-kost-the-green-kepiting-tipe-deluxe-plus-banyuwangi-banyuwangi-1
Kabupaten Banyuwangi,Kost Adinda Eksekutif,Putri,Kecamatan Banyuwangi,0.0,Ya,Tidak,Ya,Ya,Ya,Ya,1100000,https://mamikos.com/room/kost-kabupaten-banyuwangi-kost-putri-murah-kost-adinda-eksekutif-banyuwangi-banyuwangi-1
Kabupaten Banyuwangi,Kost Fnr Tipe B,Putra,Kecamatan Banyuwangi,0.0,Ya,Ya,Ya,Ya,Ya,Ya,1250000,https://mamikos.com/room/kost-kabupaten-banyuwangi-kost-putra-eksklusif-kost-fr-tipe-b-banyuwangi-banyuwangi-1
Kabupaten Banyuwangi,Kost Artha Graha 2,Putri,Kecamatan Banyuwangi,0.0,Tidak,Tidak,Ya,Tidak,Ya,Ya,500000,https://mamikos.com/room/kost-kabupaten-banyuwangi-kost-putri-murah-kost-artha-graha-2-banyuwangi-banyuwangi-1
Kabupaten Banyuwangi,Kost Lidiya Tipe B,Putri,Kecamatan Banyuwangi,0.0,Tidak,Tidak,Ya,Tidak,Ya,Ya,500000,https://mamikos.com/room/kost-kabupaten-banyuwangi-kost-putri-murah-kost-lidiya-banyuwangi
Kabupaten Banyuwangi,Kost Griya Asri Tipe Room Large Ac,Putra,Banyuwangi,0.0,Ya,Tidak,Ya,Ya,Ya,Ya,1200000,https://mamikos.com/room/kost-banyuwangi-kost-putra-eksklusif-kost-griya-asri-tipe-room-large-ac-banyuwangi
Kabupaten Banyuwangi,Kost Bunda Tipe A,Campur,Banyuwangi,0.0,Tidak,Ya,Tidak,Ya,Ya,Tidak,600000,https://mamikos.com/room/kost-banyuwangi-kost-campur-eksklusif-kost-bunda-tipe-a-banyuwangi
Kabupaten Banyuwangi,Kost Lidiya Tipe C,Putra,Banyuwangi,0.0,Tidak,Ya,Ya,Tidak,Ya,Ya,400000,https://mamikos.com/room/kost-kabupaten-banyuwangi-kost-putra-murah-kost-lidiya-tipe-c-banyuwangi
Kabupaten Banyuwangi,Kost Jojoe Tipe A,Campur,Banyuwangi,0.0,Ya,Ya,Ya,Tidak,Ya,Ya,1000000,https://mamikos.com/room/kost-kabupaten-banyuwangi-kost-campur-eksklusif-kost-jojoe-tipe-a-banyuwangi-banyuwangi-2
Kabupaten Banyuwangi,Kost Sayuti Home,Campur,Kecamatan Banyuwangi,0.0,Tidak,Ya,Tidak,Tidak,Tidak,Tidak,500000,https://mamikos.com/room/kost-kabupaten-banyuwangi-kost-campur-murah-kost-sayuti-home-banyuwangi
Kabupaten Banyuwangi,Kost Fnr Class B1,Putra,Kecamatan Banyuwangi,0.0,Ya,Ya,Ya,Ya,Ya,Ya,1250000,https://mamikos.com/room/kost-kabupaten-banyuwangi-kost-putra-eksklusif-kost-fr-class-b1-banyuwangi-banyuwangi-1
Kabupaten Banyuwangi,Kost Kutai Sunrise Executive,Putri,Banyuwangi,0.0,Ya,Ya,Ya,Ya,Ya,Tidak,1300000,https://mamikos.com/room/kost-kabupaten-banyuwangi-kost-putri-eksklusif-kost-kutai-sunrise-executive-banyuwangi
Kabupaten Banyuwangi,Kost Sakira,Campur,Glagah,0.0,Tidak,Tidak,Tidak,Ya,Ya,Ya,1000000,https://mamikos.com/room/kost-kabupaten-banyuwangi-kost-campur-eksklusif-kost-sakira-glagah-banyuwangi
Kabupaten Banyuwangi,Kost La Rose,Putra,Giri,0.0,Tidak,Ya,Ya,Ya,Tidak,Ya,300000,https://mamikos.com/room/kost-kabupaten-banyuwangi-kost-putra-murah-kost-la-rose-giri-banyuwangi-2
Kabupaten Banyuwangi,Kost Rafael Stone 2,Campur,Kecamatan Banyuwangi,0.0,Tidak,Tidak,Ya,Ya,Ya,Ya,400000,https://mamikos.com/room/kost-kabupaten-banyuwangi-kost-campur-murah-kost-rafael-stone-2-banyuwangi
Kabupaten Banyuwangi,Kost Citra Graha Syariah,Putri,Kecamatan Banyuwangi,0.0,Ya,Tidak,Ya,Ya,Ya,Ya,1000000,https://mamikos.com/room/kost-kabupaten-banyuwangi-kost-putri-eksklusif-kost-citra-graha-syariah-banyuwangi
Kabupaten Banyuwangi,Kost Backpacker Kawah Ijen Tipe B,Campur,Banyuwangi,0.0,Tidak,Ya,Ya,Ya,Tidak,Ya,1500000,https://mamikos.com/room/kost-banyuwangi-kost-campur-murah-homestay-backpacker-kawah-ijen-tipe-b-banyuwangi
Kabupaten Banyuwangi,Kost Cozy Dewi,Campur,Banyuwangi,0.0,Ya,Ya,Ya,Ya,Ya,Ya,1000000,https://mamikos.com/room/kost-kabupaten-banyuwangi-kost-campur-eksklusif-kost-cozy-dewi-banyuwangi-2
Kabupaten Banyuwangi,Kost Joe Homestay,Putri,Kecamatan Glagah,0.0,Tidak,Tidak,Ya,Ya,Ya,Ya,700000,https://mamikos.com/room/kost-kabupaten-banyuwangi-kost-putri-murah-kost-joe-homestay-glagah-banyuwangi-2
Kabupaten Banyuwangi,Kost Mustafa,Campur,Kecamatan Banyuwangi,0.0,Tidak,Tidak,Ya,Ya,Ya,Ya,500000,https://mamikos.com/room/kost-kabupaten-banyuwangi-kost-campur-murah-kost-mustafa-banyuwangi
Kabupaten Banyuwangi,Kost Grand,Putra,Kecamatan Banyuwangi,0.0,Tidak,Tidak,Ya,Tidak,Tidak,Ya,550000,https://mamikos.com/room/kost-kabupaten-banyuwangi-kost-putra-murah-kost-grand-banyuwangi-2
Kabupaten Banyuwangi,Kost Griya Cendana Tipe A,Campur,Kecamatan Banyuwangi,0.0,Tidak,Ya,Tidak,Ya,Ya,Ya,600000,https://mamikos.com/room/kost-kabupaten-banyuwangi-kost-campur-murah-kost-griya-cendana-tipe-a-banyuwangi-banyuwangi-2
Kabupaten Banyuwangi,Kost Fnr Kelas C,Putra,Kecamatan Banyuwangi,0.0,Ya,Ya,Ya,Ya,Ya,Ya,1200000,https://mamikos.com/room/kost-kabupaten-banyuwangi-kost-putra-eksklusif-kost-fr-kelas-c-banyuwangi-banyuwangi-1
Kabupaten Banyuwangi,Kost Mawar Tipe Single,Campur,Kecamatan Banyuwangi,0.0,Tidak,Ya,Ya,Tidak,Tidak,Ya,500000,https://mamikos.com/room/kost-kabupaten-banyuwangi-kost-campur-murah-kost-mawar-tipe-single-banyuwangi
Kabupaten Banyuwangi,Kost Holiday Inn VIP,Campur,Kecamatan Banyuwangi,0.0,Ya,Ya,Tidak,Ya,Ya,Ya,1700000,https://mamikos.com/room/kost-kabupaten-banyuwangi-kost-campur-eksklusif-kost-holiday-inn-vip-banyuwangi
Kabupaten Banyuwangi,Kost Airin Tipe A,Putri,Kecamatan Banyuwangi,0.0,Tidak,Ya,Ya,Tidak,Ya,Ya,600000,https://mamikos.com/room/kost-kabupaten-banyuwangi-kost-putri-eksklusif-kost-airin-tipe-a-banyuwangi
Kabupaten Banyuwangi,Kost Natiga Tipe A,Putra,Kecamatan Giri,0.0,Ya,Ya,Ya,Ya,Ya,Ya,1500000,https://mamikos.com/room/kost-kabupaten-banyuwangi-kost-putra-eksklusif-kost-natiga-tipe-a-giri-banyuwangi
Kabupaten Banyuwangi,Kost Daffa Bwi Tipe B,Campur,Banyuwangi,0.0,Tidak,Tidak,Ya,Ya,Ya,Ya,700000,https://mamikos.com/room/kost-kabupaten-banyuwangi-kost-campur-murah-kost-daffa-bwi-tipe-b-banyuwangi-banyuwangi
Kabupaten Banyuwangi,Kost Aira Standar,Putri,Glagah,0.0,Tidak,Ya,Ya,Ya,Ya,Ya,800000,https://mamikos.com/room/kost-kabupaten-banyuwangi-kost-putri-eksklusif-kost-aira-standar-glagah-banyuwangi-2
Kabupaten Banyuwangi,Kost 545 Tipe A,Campur,Kecamatan Banyuwangi,0.0,Tidak,Ya,Ya,Tidak,Ya,Ya,600000,https://mamikos.com/room/kost-kabupaten-banyuwangi-kost-campur-murah-kost-545-tipe-a-banyuwangi-banyuwangi-2
Kabupaten Banyuwangi,Kost Nawang Wulan Tipe A,Putra,Banyuwangi,0.0,Ya,Tidak,Ya,Ya,Ya,Ya,1250000,https://mamikos.com/room/kost-kabupaten-banyuwangi-kost-putra-eksklusif-kost-nawang-wulan-tipe-a-banyuwangi-banyuwangi
Kabupaten Banyuwangi,Kost Kertosari Asri,Putri,Kecamatan Banyuwangi,0.0,Tidak,Tidak,Ya,Ya,Ya,Ya,500000,https://mamikos.com/room/kost-kabupaten-banyuwangi-kost-putri-murah-kost-kertosari-asri-banyuwangi
Kabupaten Banyuwangi,Kost Aqila Tipe A,Campur,Banyuwangi,0.0,Tidak,Ya,Ya,Tidak,Ya,Ya,500000,https://mamikos.com/room/kost-kabupaten-banyuwangi-kost-campur-murah-kost-aqila-tipe-a-banyuwangi
Kabupaten Banyuwangi,Kost WK Tipe A,Campur,Banyuwangi,0.0,Ya,Ya,Ya,Ya,Ya,Ya,1400000,https://mamikos.com/room/kost-kabupaten-banyuwangi-kost-campur-eksklusif-kost-wk-tipe-a-banyuwangi
Kabupaten Banyuwangi,Kost Dua Tipe A,Campur,Kecamatan Banyuwangi,0.0,Tidak,Tidak,Ya,Tidak,Ya,Ya,600000,https://mamikos.com/room/kost-kabupaten-banyuwangi-kost-campur-murah-kost-dua-tipe-a-banyuwangi
Kabupaten Banyuwangi,Kost Palace Syariah,Putra,Banyuwangi,0.0,Tidak,Tidak,Ya,Ya,Ya,Ya,850000,https://mamikos.com/room/kost-kabupaten-banyuwangi-kost-putra-eksklusif-kost-palace-syariah-banyuwangi-
Kabupaten Banyuwangi,Kost Lescinda Tipe A,Campur,Kecamatan Banyuwangi,0.0,Ya,Ya,Ya,Ya,Ya,Ya,1500000,https://mamikos.com/room/kost-kabupaten-banyuwangi-kost-campur-eksklusif-kost-lescinda-tipe-a-banyuwangi-banyuwangi
Kabupaten Banyuwangi,Kost Cattleya,Putri,Giri,0.0,Tidak,Tidak,Ya,Tidak,Tidak,Ya,500000,https://mamikos.com/room/kost-kabupaten-banyuwangi-kost-putri-murah-kost-cattleya-giri-banyuwangi-2
Kabupaten Banyuwangi,Kost Mendut 67,Campur,Kecamatan Banyuwangi,0.0,Ya,Ya,Ya,Tidak,Ya,Ya,900000,https://mamikos.com/room/kost-kabupaten-banyuwangi-kost-campur-murah-kost-mendut-67-banyuwangi
Kabupaten Banyuwangi,Kost Kapten Warokah Tipe A,Putri,Kecamatan Banyuwangi,0.0,Tidak,Ya,Ya,Tidak,Tidak,Ya,850000,https://mamikos.com/room/kost-kabupaten-banyuwangi-kost-putri-murah-kost-kapten-warokah-tipe-a-banyuwangi-banyuwangi-2
Kabupaten Banyuwangi,Kost Kampung Osing,Campur,Glagah,0.0,Tidak,Tidak,Ya,Ya,Tidak,Ya,1500000,https://mamikos.com/room/kost-banyuwangi-kost-campur-eksklusif-kost-kampung-osing-glagah-banyuwangi
Kabupaten Banyuwangi,Kost Nakulas Guest House Tipe C,Campur,Banyuwangi,0.0,Ya,Ya,Ya,Ya,Ya,Ya,1175000,https://mamikos.com/room/kost-banyuwangi-kost-campur-eksklusif-kost-nakulas-guest-house-tipe-c-banyuwangi
Kabupaten Banyuwangi,Kost Madinah Asri,Campur,Banyuwangi,5.0,Tidak,Ya,Ya,Tidak,Ya,Ya,500000,https://mamikos.com/room/kost-banyuwangi-kost-campur-murah-kost-madinah-asri-banyuwangi
Kabupaten Banyuwangi,Kost Nakulas Guest House Tipe B,Campur,Banyuwangi,0.0,Ya,Ya,Ya,Ya,Tidak,Ya,975000,https://mamikos.com/room/kost-banyuwangi-kost-campur-eksklusif-kost-nakulas-guest-house-tipe-b-banyuwangi
Kabupaten Banyuwangi,Kost Garuda Tipe A,Putri,Kecamatan Banyuwangi,0.0,Tidak,Tidak,Ya,Ya,Ya,Tidak,500000,https://mamikos.com/room/kost-kabupaten-banyuwangi-kost-putri-murah-kost-garuda-tipe-a-banyuwangi
Kabupaten Banyuwangi,Kost Airlangga Tipe A,Putri,Banyuwangi,0.0,Tidak,Ya,Ya,Ya,Ya,Ya,650000,https://mamikos.com/room/kost-kabupaten-banyuwangi-kost-putri-murah-kost-airlangga-tipe-a-banyuwangi-banyuwangi-2
Kabupaten Banyuwangi,Kost Backpacker Kawah Ijen Tipe A,Campur,Banyuwangi,0.0,Tidak,Ya,Ya,Ya,Tidak,Ya,600000,https://mamikos.com/room/kost-banyuwangi-kost-campur-murah-homestay-backpacker-kawah-ijen-tipe-a-banyuwangi
Kabupaten Banyuwangi,Kost Daffa Bwi Tipe A,Campur,Banyuwangi,0.0,Ya,Tidak,Ya,Ya,Ya,Ya,900000,https://mamikos.com/room/kost-kabupaten-banyuwangi-kost-campur-murah-kost-daffa-bwi-tipe-a-banyuwangi-banyuwangi
Kabupaten Banyuwangi,Kost HBS House Syariah,Putra,Kecamatan Banyuwangi,0.0,Tidak,Tidak,Ya,Ya,Ya,Ya,700000,https://mamikos.com/room/kost-kabupaten-banyuwangi-kost-putra-eksklusif-kost-hbs-house-syariah-banyuwangi
Kabupaten Banyuwangi,Kost Betah,Putri,Kecamatan Banyuwangi,0.0,Tidak,Ya,Ya,Ya,Tidak,Ya,400000,https://mamikos.com/room/kost-kabupaten-banyuwangi-kost-putri-murah-kost-betah-banyuwangi-banyuwangi-2
Kabupaten Banyuwangi,Kost Griya Asri Tipe Room Standard,Putra,Banyuwangi,0.0,Tidak,Tidak,Ya,Ya,Ya,Ya,600000,https://mamikos.com/room/kost-banyuwangi-kost-putra-murah-kost-griya-asri-tipe-room-standard-banyuwangi
Kabupaten Banyuwangi,Kost Sani Non Ac,Campur,Kecamatan Banyuwangi,0.0,Tidak,Ya,Ya,Ya,Ya,Ya,800000,https://mamikos.com/room/kost-kabupaten-banyuwangi-kost-campur-murah-kost-sani-non-ac-banyuwangi
Kabupaten Banyuwangi,Kost Byte's,Campur,Glagah,0.0,Ya,Ya,Tidak,Ya,Tidak,Ya,1500000,https://mamikos.com/room/kost-banyuwangi-kost-campur-eksklusif-kost-bytes-glagah-banyuwangi-1
Kabupaten Banyuwangi,Kost Mama Ferna Tipe B,Putri,Kecamatan Banyuwangi,0.0,Tidak,Ya,Ya,Tidak,Tidak,Tidak,400000,https://mamikos.com/room/kost-kabupaten-banyuwangi-kost-putri-murah-kost-mama-ferna-tipe-b-banyuwangi-2
Kabupaten Banyuwangi,Kost Nurrindah Tipe A,Putri,Kecamatan Banyuwangi,0.0,Tidak,Ya,Ya,Ya,Ya,Tidak,1000000,https://mamikos.com/room/kost-kabupaten-banyuwangi-kost-putri-eksklusif-kost-nurrindah-tipe-a-banyuwangi
Kabupaten Banyuwangi,Kost Farida,Putri,Banyuwangi,0.0,Tidak,Tidak,Ya,Tidak,Ya,Tidak,800000,https://mamikos.com/room/kost-kabupaten-banyuwangi-kost-putri-murah-kost-farida-banyuwangi
Kabupaten Banyuwangi,Kost Mi Homestay Tipe VVIP,Putri,Kecamatan Banyuwangi,0.0,Tidak,Tidak,Tidak,Ya,Tidak,Ya,775000,https://mamikos.com/room/kost-kabupaten-banyuwangi-kost-campur-murah-kost-mi-homestay-tipe-vvip-banyuwangi-banyuwangi-1
Kabupaten Banyuwangi,Kost Fnr Tipe A,Putra,Kecamatan Banyuwangi,0.0,Ya,Ya,Ya,Ya,Ya,Ya,1300000,https://mamikos.com/room/kost-kabupaten-banyuwangi-kost-putra-eksklusif-kost-fr-tipe-a-banyuwangi-banyuwangi
Kabupaten Banyuwangi,Kost D Pramesti Tipe D Big Room,Putri,Banyuwangi,0.0,Tidak,Tidak,Ya,Tidak,Ya,Ya,600000,https://mamikos.com/room/kost-kabupaten-banyuwangi-kost-putri-murah-kost-d-pramesti-tipe-d-big-room-banyuwangi-banyuwangi-1
Kabupaten Banyuwangi,Kost Eksklusive Ratu 1 Tipe B,Putri,Banyuwangi,0.0,Ya,Tidak,Ya,Ya,Ya,Tidak,1500000,https://mamikos.com/room/kost-kabupaten-banyuwangi-kost-putri-eksklusif-kost-eksklusive-ratu-1-tipe-b-banyuwangi-banyuwangi
Kabupaten Banyuwangi,Kost Mawar,Putri,Kecamatan Banyuwangi,0.0,Tidak,Ya,Ya,Tidak,Ya,Ya,650000,https://mamikos.com/room/kost-kabupaten-banyuwangi-kost-putri-eksklusif-kost-mawar-banyuwangi
Kabupaten Banyuwangi,Kost Mendut 67 Tipe Vip,Campur,Banyuwangi,0.0,Ya,Ya,Ya,Tidak,Ya,Ya,900000,https://mamikos.com/room/kost-kabupaten-banyuwangi-kost-campur-murah-kost-mendut-67-tipe-vvip-banyuwangi-banyuwangi-2
Kabupaten Banyuwangi,Kost Harmoni,Putri,Kecamatan Banyuwangi,0.0,Ya,Ya,Ya,Ya,Tidak,Ya,1250000,https://mamikos.com/room/kost-kabupaten-banyuwangi-kost-putri-eksklusif-kost-harmoni-banyuwangi-banyuwangi-1
Kabupaten Banyuwangi,Kost Jalan Mendut,Campur,Banyuwangi,0.0,Ya,Ya,Ya,Ya,Tidak,Ya,1500000,https://mamikos.com/room/kost-kabupaten-banyuwangi-kost-campur-eksklusif-kost-jalan-mendut-banyuwangi-banyuwangi-1
Kabupaten Banyuwangi,Kost Fnr Tipe B2,Putra,Kecamatan Banyuwangi,0.0,Ya,Ya,Ya,Ya,Ya,Ya,1250000,https://mamikos.com/room/kost-kabupaten-banyuwangi-kost-putra-eksklusif-kost-fr-type-b2-banyuwangi-banyuwangi-1
Kabupaten Banyuwangi,Kost Nabila Tipe A,Campur,Kecamatan Banyuwangi,0.0,Ya,Ya,Ya,Tidak,Ya,Ya,500000,https://mamikos.com/room/kost-kabupaten-banyuwangi-kost-campur-murah-kost-nabila-tipe-a-banyuwangi
Kabupaten Banyuwangi,Kost GV Pamungkas,Putri,Banyuwangi,0.0,Tidak,Ya,Ya,Tidak,Tidak,Tidak,500000,https://mamikos.com/room/kost-banyuwangi-kost-putri-murah-kost-gv-pamungkas-banyuwangi
Kabupaten Banyuwangi,Kost Erniwati Tipe B,Campur,Kecamatan Banyuwangi,0.0,Tidak,Ya,Tidak,Ya,Ya,Ya,500000,https://mamikos.com/room/kost-kabupaten-banyuwangi-kost-campur-murah-kost-erniwati-tipe-b-banyuwangi-banyuwangi
Kabupaten Banyuwangi,Kost Hafy,Putri,Kecamatan Banyuwangi,5.0,Tidak,Tidak,Ya,Ya,Ya,Ya,800000,https://mamikos.com/room/kost-kabupaten-banyuwangi-kost-putri-eksklusif-kost-hafy-banyuwangi
Kabupaten Banyuwangi,Kost Raffa,Putri,Kecamatan Giri,0.0,Tidak,Ya,Ya,Tidak,Ya,Ya,650000,https://mamikos.com/room/kost-kabupaten-banyuwangi-kost-putri-murah-kost-raffa-giri-banyuwangi-2
Kabupaten Banyuwangi,Kost Mak Ten,Putri,Kecamatan Banyuwangi,0.0,Tidak,Tidak,Ya,Ya,Ya,Tidak,500000,https://mamikos.com/room/kost-kabupaten-banyuwangi-kost-putri-murah-kost-mak-ten-banyuwangi
Kabupaten Banyuwangi,Kost Noersa VIP,Campur,Kecamatan Banyuwangi,0.0,Tidak,Ya,Tidak,Ya,Tidak,Tidak,900000,https://mamikos.com/room/kost-kabupaten-banyuwangi-kost-campur-eksklusif-kost-noersa-vip-banyuwangi-2
Kabupaten Banyuwangi,Kost Kapten Warokah Tipe C,Putri,Kecamatan Banyuwangi,0.0,Tidak,Ya,Ya,Tidak,Tidak,Ya,650000,https://mamikos.com/room/kost-kabupaten-banyuwangi-kost-putri-murah-kost-kapten-warokah-tipe-c-banyuwangi-banyuwangi-2
Kabupaten Banyuwangi,Kost Vanessa Tipe A,Putri,Kecamatan Banyuwangi,0.0,Ya,Ya,Ya,Ya,Ya,Ya,900000,https://mamikos.com/room/kost-kabupaten-banyuwangi-kost-putri-murah-kost-vanessa-tipe-a-banyuwangi
Kabupaten Banyuwangi,Kost Brawijaya 01 Tipe A,Campur,Banyuwangi,0.0,Ya,Ya,Ya,Ya,Ya,Ya,1000000,https://mamikos.com/room/kost-banyuwangi-kost-campur-eksklusif-kost-brawijaya-01-tipe-a-banyuwangi
Kabupaten Banyuwangi,Kost El Bakatir Standard,Campur,Banyuwangi,0.0,Ya,Ya,Ya,Ya,Ya,Ya,1250000,https://mamikos.com/room/kost-kabupaten-banyuwangi-kost-campur-eksklusif-kost-el-bakatir-standard-banyuwangi
Kabupaten Banyuwangi,Kost Puspita Tipe A,Campur,Banyuwangi,0.0,Tidak,Ya,Ya,Tidak,Ya,Ya,700000,https://mamikos.com/room/kost-banyuwangi-kost-campur-murah-homestay-puspita-tipe-a-banyuwangi
Kabupaten Banyuwangi,Kost Miranti Tipe A,Putri,Banyuwangi,0.0,Tidak,Tidak,Ya,Ya,Tidak,Tidak,250000,https://mamikos.com/room/kost-banyuwangi-kost-putri-murah-kost-miranti-tipe-a-banyuwangi-1
Kabupaten Banyuwangi,Kost STIKOM,Putri,Banyuwangi,5.0,Tidak,Ya,Ya,Ya,Ya,Ya,375000,https://mamikos.com/room/kost-kabupaten-banyuwangi-kost-putri-murah-kost-stikom-banyuwangi-
Kabupaten Banyuwangi,Kost Maitanto Vvip,Putri,Banyuwangi,0.0,Ya,Tidak,Ya,Tidak,Ya,Ya,1000000,https://mamikos.com/room/kost-kabupaten-banyuwangi-kost-putri-eksklusif-kost-maitanto-vvip-banyuwangi
Kabupaten Banyuwangi,Kost Legendaris Luxury Standard,Putri,Kecamatan Banyuwangi,0.0,Tidak,Ya,Ya,Ya,Tidak,Ya,400000,https://mamikos.com/room/kost-kabupaten-banyuwangi-kost-putri-eksklusif-kost-legendaris-luxury-standard-banyuwangi-
Kabupaten Banyuwangi,Kost Ghazzam Eksklusif,Campur,Giri,0.0,Tidak,Tidak,Ya,Ya,Ya,Ya,900000,https://mamikos.com/room/kost-kabupaten-banyuwangi-kost-campur-eksklusif-kost-ghazzam-eksklusif-giri-banyuwangi-2
Kabupaten Banyuwangi,Kost Adit Tipe Reguler,Putri,Banyuwangi,0.0,Ya,Tidak,Ya,Tidak,Ya,Ya,900000,https://mamikos.com/room/kost-kabupaten-banyuwangi-kost-putri-murah-kost-adit-tipe-reguler-banyuwangi-banyuwangi
Kabupaten Banyuwangi,Kost Hani Pista Giri,Putri,Glagah,0.0,Tidak,Tidak,Ya,Tidak,Ya,Ya,650000,https://mamikos.com/room/kost-banyuwangi-kost-putri-murah-kost-hani-pista-giri-banyuwangi-1
Kabupaten Banyuwangi,Kost Ratna,Putri,Banyuwangi,0.0,Tidak,Ya,Ya,Tidak,Ya,Tidak,400000,https://mamikos.com/room/kost-banyuwangi-kost-putri-murah-kost-ratna-banyuwangi-1
Kabupaten Banyuwangi,Kost Brawijaya 01 Tipe B,Campur,Banyuwangi,0.0,Ya,Ya,Ya,Ya,Ya,Ya,1500000,https://mamikos.com/room/kost-banyuwangi-kost-campur-eksklusif-kost-brawijaya-01-tipe-b-banyuwangi-1
Kabupaten Banyuwangi,Kost 545 Tipe B,Campur,Kecamatan Banyuwangi,0.0,Ya,Ya,Ya,Tidak,Ya,Ya,775000,https://mamikos.com/room/kost-kabupaten-banyuwangi-kost-campur-murah-kost-545-tipe-b-banyuwangi
Kabupaten Banyuwangi,Kost The Green Kepiting Tipe Standard,Putri,Kecamatan Banyuwangi,4.6,Tidak,Tidak,Ya,Tidak,Ya,Ya,500000,https://mamikos.com/room/kost-kabupaten-banyuwangi-kost-putri-murah-kost-the-green-kepiting-tipe-standard-banyuwangi-banyuwangi-1
Kabupaten Banyuwangi,Kost Karimun,Putra,Kecamatan Banyuwangi,0.0,Tidak,Ya,Ya,Ya,Tidak,Tidak,500000,https://mamikos.com/room/kost-kabupaten-banyuwangi-kost-putra-murah-kost-karimun-banyuwangi-banyuwangi-1
Kabupaten Banyuwangi,Kost Ratu 2 Tipe B,Putri,Banyuwangi,5.0,Tidak,Tidak,Ya,Ya,Tidak,Tidak,300000,https://mamikos.com/room/kost-banyuwangi-kost-putri-murah-kost-ratu-2-banyuwangi-1
Kabupaten Banyuwangi,Kost Mi Homestay Tipe VIP,Putri,Kecamatan Banyuwangi,0.0,Tidak,Tidak,Tidak,Ya,Tidak,Ya,675000,https://mamikos.com/room/kost-kabupaten-banyuwangi-kost-campur-eksklusif-kost-mi-homestay-tipe-vip-banyuwangi-banyuwangi
Kabupaten Banyuwangi,Kost Gunung Ijen Tipe Lux,Putri,Kecamatan Glagah,0.0,Ya,Ya,Ya,Ya,Ya,Ya,800000,https://mamikos.com/room/kost-kabupaten-banyuwangi-kost-putri-murah-kost-gunung-ijen-tipe-lux-glagah-banyuwangi-2
Kabupaten Banyuwangi,Kost Dp Syariah Tipe Vip,Campur,Banyuwangi,5.0,Ya,Ya,Ya,Ya,Ya,Ya,1300000,https://mamikos.com/room/kost-banyuwangi-kost-campur-eksklusif-kost-dp-syariah-tipe-vip-banyuwangi
Kabupaten Banyuwangi,Kost H R VVIP,Campur,Banyuwangi,0.0,Ya,Ya,Ya,Ya,Ya,Ya,900000,https://mamikos.com/room/kost-kabupaten-banyuwangi-kost-campur-murah-kost-h-r-vvip-banyuwangi-banyuwangi-2
Kabupaten Banyuwangi,Kost D Pramesti Tipe B,Putri,Banyuwangi,0.0,Tidak,Ya,Ya,Tidak,Tidak,Ya,400000,https://mamikos.com/room/kost-kabupaten-banyuwangi-kost-putri-murah-kost-d-pramesti-tipe-b-banyuwangi-banyuwangi-2
Kabupaten Banyuwangi,Kost Premium,Campur,Kecamatan Banyuwangi,0.0,Ya,Ya,Ya,Ya,Ya,Ya,1800000,https://mamikos.com/room/kost-kabupaten-banyuwangi-kost-campur-eksklusif-kost-premium-banyuwangi-banyuwangi
Kabupaten Banyuwangi,Kost Rida Penabatan,Putri,Giri,0.0,Tidak,Tidak,Ya,Tidak,Ya,Ya,500000,https://mamikos.com/room/kost-kabupaten-banyuwangi-kost-putri-murah-kost-rida-penabatan-giri-banyuwangi-2
Kabupaten Banyuwangi,Kost Cita Suraya Tipe B,Campur,Kecamatan Banyuwangi,0.0,Tidak,Ya,Ya,Ya,Ya,Ya,600000,https://mamikos.com/room/kost-kabupaten-banyuwangi-kost-campur-murah-kost-cita-suraya-tipe-b-banyuwangi-banyuwangi
Kabupaten Banyuwangi,Kost Arjuna Homestay Tipe VIP,Campur,Glagah,0.0,Ya,Ya,Ya,Ya,Ya,Ya,800000,https://mamikos.com/room/kost-kabupaten-banyuwangi-kost-campur-eksklusif-kost-arjuna-homestay-tipe-vip-glagah-banyuwangi-2
Kabupaten Banyuwangi,Kost Puspita Tipe B,Campur,Banyuwangi,0.0,Ya,Ya,Ya,Tidak,Ya,Ya,1100000,https://mamikos.com/room/kost-banyuwangi-kost-campur-eksklusif-homestay-puspita-tipe-b-banyuwangi
Kabupaten Banyuwangi,Kost Syariah Orchid Tipe A,Putri,Kecamatan Banyuwangi,0.0,Ya,Tidak,Ya,Ya,Ya,Ya,1200000,https://mamikos.com/room/kost-kabupaten-banyuwangi-kost-putri-eksklusif-kost-syariah-orchid-tipe-a-banyuwangi
Kabupaten Banyuwangi,Kost Devi,Campur,Banyuwangi,0.0,Ya,Ya,Ya,Ya,Ya,Ya,875000,https://mamikos.com/room/kost-kabupaten-banyuwangi-kost-campur-murah-kost-devi-banyuwangi
Kabupaten Banyuwangi,Kost Szk Istimewa,Putri,Kecamatan Banyuwangi,0.0,Ya,Tidak,Ya,Ya,Ya,Ya,1200000,https://mamikos.com/room/kost-kabupaten-banyuwangi-kost-putri-eksklusif-kost-szk-istimewa-banyuwangi
Kabupaten Banyuwangi,Kost Gunung Ijen Tipe Standar,Putri,Giri,0.0,Ya,Ya,Ya,Ya,Ya,Ya,700000,https://mamikos.com/room/kost-kabupaten-banyuwangi-kost-putri-murah-kost-gunung-ijen-tipe-standar-giri-banyuwangi-2
Kabupaten Banyuwangi,Kost Cozy Living VIP,Putri,Banyuwangi,0.0,Tidak,Tidak,Ya,Ya,Tidak,Ya,550000,https://mamikos.com/room/kost-kabupaten-banyuwangi-kost-putri-murah-kost-cozy-living-vip-banyuwangi
Kabupaten Banyuwangi,Kost Airin Tipe B,Putri,Kecamatan Banyuwangi,0.0,Tidak,Ya,Ya,Tidak,Ya,Ya,500000,https://mamikos.com/room/kost-kabupaten-banyuwangi-kost-putri-eksklusif-kost-airin-tipe-b-banyuwangi
Kabupaten Banyuwangi,Kost Alfa Mandiri,Putra,Banyuwangi,0.0,Tidak,Tidak,Ya,Ya,Ya,Ya,350000,https://mamikos.com/room/kost-banyuwangi-kost-putra-murah-kost-alfa-mandiri-banyuwangi-
Kabupaten Banyuwangi,Kost Szk Eksekutif A,Putri,Kecamatan Banyuwangi,0.0,Ya,Tidak,Ya,Ya,Ya,Ya,1000000,https://mamikos.com/room/kost-kabupaten-banyuwangi-kost-putri-eksklusif-kost-szk-eksekutif-a-banyuwangi
Kabupaten Banyuwangi,Kost Dewi Azhar Tipe Non AC,Campur,Kecamatan Banyuwangi,0.0,Tidak,Ya,Ya,Tidak,Ya,Ya,650000,https://mamikos.com/room/kost-kabupaten-banyuwangi-kost-campur-murah-kost-dewi-azhar-tipe-non-ac-banyuwangi
Kabupaten Banyuwangi,Kost Jojoe Tipe B,Campur,Banyuwangi,0.0,Tidak,Ya,Ya,Tidak,Ya,Ya,550000,https://mamikos.com/room/kost-kabupaten-banyuwangi-kost-campur-eksklusif-kost-jojoe-tipe-b-banyuwangi-banyuwangi
Kabupaten Banyuwangi,Kost Kenikir Sobo,Putri,Banyuwangi,3.4,Tidak,Tidak,Ya,Tidak,Tidak,Ya,400000,https://mamikos.com/room/kost-banyuwangi-kost-putri-murah-kenikir-kost-2
Kabupaten Banyuwangi,Kost Bunda Tipe B Banyuwang,Campur,Banyuwangi,0.0,Tidak,Ya,Ya,Ya,Ya,Tidak,500000,https://mamikos.com/room/kost-banyuwangi-kost-campur-eksklusif-kost-bunda-tipe-b-banyuwang-1
Kabupaten Banyuwangi,Kost Three D Home Bu Ike Tipe A,Campur,Banyuwangi,0.0,Ya,Ya,Ya,Ya,Ya,Ya,739000,https://mamikos.com/room/kost-kabupaten-banyuwangi-kost-campur-eksklusif-kost-three-d-home-bu-ike-tipe-a-banyuwangi
Kabupaten Banyuwangi,Kost Lescinda Tipe B,Campur,Banyuwangi,0.0,Ya,Ya,Ya,Ya,Ya,Ya,1000000,https://mamikos.com/room/kost-kabupaten-banyuwangi-kost-campur-eksklusif-kost-lescinda-tipe-b-banyuwangi-banyuwangi-2
Kabupaten Banyuwangi,Kost Fika Guest House Tipe AC,Campur,Banyuwangi,0.0,Ya,Ya,Ya,Ya,Ya,Ya,1100000,https://mamikos.com/room/kost-kabupaten-banyuwangi-kost-campur-eksklusif-kost-fika-guest-house-tipe-ac-banyuwangi
Kabupaten Banyuwangi,Kost Adinda Ekonomi,Putri,Kecamatan Banyuwangi,0.0,Tidak,Tidak,Ya,Tidak,Tidak,Ya,350000,https://mamikos.com/room/kost-kabupaten-banyuwangi-kost-putri-murah-kost-adinda-ekonomi-banyuwangi-
Kabupaten Banyuwangi,Kost Syariah Orchid Tipe C,Putri,Kecamatan Banyuwangi,0.0,Tidak,Tidak,Ya,Tidak,Tidak,Ya,800000,https://mamikos.com/room/kost-kabupaten-banyuwangi-kost-putri-murah-kost-syariah-orchid-tipe-c-banyuwangi-2
Kabupaten Banyuwangi,Kost Naura Tipe A,Putri,Kecamatan Giri,0.0,Tidak,Tidak,Ya,Ya,Tidak,Tidak,500000,https://mamikos.com/room/kost-kabupaten-banyuwangi-kost-putri-murah-kost-naura-tipe-a-giri-banyuwangi-2
Kabupaten Banyuwangi,Kost Laa Tansa Baits,Putri,Glagah,0.0,Tidak,Tidak,Tidak,Tidak,Ya,Tidak,550000,https://mamikos.com/room/kost-kabupaten-banyuwangi-kost-putri-murah-kost-laa-tansa-baits-glagah-banyuwangi
Kabupaten Banyuwangi,Kost Aminah,Putri,Banyuwangi,0.0,Tidak,Ya,Ya,Ya,Tidak,Ya,350000,https://mamikos.com/room/kost-banyuwangi-kost-putri-murah-kost-aminah-banyuwangi-1
Kabupaten Banyuwangi,Kost Szk Standart,Putri,Banyuwangi,0.0,Ya,Tidak,Ya,Ya,Ya,Ya,900000,https://mamikos.com/room/kost-kabupaten-banyuwangi-kost-putri-murah-kost-szk-standart-banyuwangi
Kabupaten Banyuwangi,Kost Backpacker Kawah Ijen Tipe D,Campur,Banyuwangi,0.0,Ya,Ya,Ya,Ya,Ya,Ya,1500000,https://mamikos.com/room/kost-banyuwangi-kost-campur-murah-homestay-backpacker-kawah-ijen-tipe-d-banyuwangi
Kabupaten Banyuwangi,Kost Royale Tipe A,Campur,Kecamatan Banyuwangi,0.0,Ya,Ya,Ya,Ya,Ya,Ya,1115000,https://mamikos.com/room/kost-kabupaten-banyuwangi-kost-campur-eksklusif-kost-royale-tipe-a-banyuwangi
Kabupaten Banyuwangi,Kost Homestay Karunia Tipe A,Campur,Kecamatan Banyuwangi,0.0,Tidak,Tidak,Ya,Ya,Ya,Ya,700000,https://mamikos.com/room/kost-kabupaten-banyuwangi-kost-campur-murah-kost-homestay-karunia-tipe-a-banyuwangi
Kabupaten Banyuwangi,Kost Miranti Tipe A,Putri,Banyuwangi,0.0,Tidak,Tidak,Ya,Ya,Ya,Tidak,350000,https://mamikos.com/room/kost-banyuwangi-kost-putri-murah-kost-miranti-tipe-a-banyuwangi
Kabupaten Banyuwangi,Kost Mahkota Tipe A,Putri,Kecamatan Banyuwangi,0.0,Tidak,Tidak,Ya,Tidak,Ya,Ya,500000,https://mamikos.com/room/kost-kabupaten-banyuwangi-kost-putri-murah-kost-mahkota-tipe-a-banyuwangi-banyuwangi-2
Kabupaten Banyuwangi,Kost Agung Tipe A,Putri,Banyuwangi,0.0,Tidak,Ya,Ya,Ya,Tidak,Ya,400000,https://mamikos.com/room/kost-kabupaten-banyuwangi-kost-putri-murah-kost-agung-tipe-a-banyuwangi-banyuwangi-1
Kabupaten Banyuwangi,Kost Mitha Guest,Putri,Kecamatan Glagah,0.0,Tidak,Tidak,Ya,Ya,Tidak,Tidak,800000,https://mamikos.com/room/kost-kabupaten-banyuwangi-kost-putri-murah-kost-mitha-guest-glagah-banyuwangi
Kabupaten Banyuwangi,Kost Lescinda Tipe A,Campur,Banyuwangi,0.0,Ya,Ya,Ya,Ya,Ya,Ya,1200000,https://mamikos.com/room/kost-kabupaten-banyuwangi-kost-campur-eksklusif-kost-lescinda-tipe-a-banyuwangi-banyuwangi-2
Kabupaten Banyuwangi,Kost Bougenville,Campur,Kecamatan Banyuwangi,0.0,Tidak,Tidak,Ya,Tidak,Ya,Ya,550000,https://mamikos.com/room/kost-kabupaten-banyuwangi-kost-campur-murah-kost-bougenville-banyuwangi-banyuwangi-2
Kabupaten Banyuwangi,Kost Asih 1919,Campur,Kecamatan Banyuwangi,0.0,Ya,Tidak,Ya,Ya,Ya,Tidak,1250000,https://mamikos.com/room/kost-kabupaten-banyuwangi-kost-campur-eksklusif-kost-asih-1919-banyuwangi-2
Kabupaten Banyuwangi,Kost Diah Standart,Campur,Kecamatan Giri,0.0,Tidak,Ya,Ya,Tidak,Ya,Ya,600000,https://mamikos.com/room/kost-kabupaten-banyuwangi-kost-campur-murah-kost-diah-standart-giri-banyuwangi-1
Kabupaten Banyuwangi,Kost Pak Barabba,Campur,Banyuwangi,0.0,Tidak,Tidak,Ya,Ya,Tidak,Tidak,500000,https://mamikos.com/room/kost-banyuwangi-kost-campur-murah-kost-pak-barabba-banyuwangi-1
Kabupaten Banyuwangi,Kost Villa Cemara 7 Tipe A,Campur,Banyuwangi,0.0,Ya,Ya,Ya,Ya,Ya,Ya,1250000,https://mamikos.com/room/kost-banyuwangi-kost-campur-eksklusif-kost-villa-cemara-7-tipe-a-banyuwangi-1
Kabupaten Banyuwangi,Kost Jl Mendut,Campur,Banyuwangi,0.0,Ya,Ya,Ya,Tidak,Ya,Ya,550000,https://mamikos.com/room/kost-kabupaten-banyuwangi-kost-campur-murah-jl-mendut-no-67-banyuwangi-1
Kabupaten Banyuwangi,Kost Backpacker Kawah Ijen Tipe C,Campur,Banyuwangi,0.0,Ya,Ya,Ya,Ya,Tidak,Ya,1500000,https://mamikos.com/room/kost-banyuwangi-kost-campur-murah-homestay-backpacker-kawah-ijen-tipe-c-banyuwangi
Kabupaten Banyuwangi,Kost Syariah Orchid Tipe B,Putri,Kecamatan Banyuwangi,0.0,Ya,Tidak,Ya,Tidak,Tidak,Ya,1000000,https://mamikos.com/room/kost-kabupaten-banyuwangi-kost-putri-eksklusif-kost-syariah-orchid-tipe-b-banyuwangi
Kabupaten Banyuwangi,Kost Arta Graha Tipe VIP,Campur,Banyuwangi,0.0,Ya,Ya,Ya,Ya,Ya,Ya,1300000,https://mamikos.com/room/kost-banyuwangi-kost-campur-eksklusif-kost-arta-graha-tipe-vip-banyuwangi
Kabupaten Banyuwangi,Kost Rumah Juara,Putri,Banyuwangi,0.0,Tidak,Ya,Ya,Ya,Tidak,Ya,450000,https://mamikos.com/room/kost-banyuwangi-kost-putri-murah-kost-rumah-juara
Kabupaten Banyuwangi,Kost Homestay Karunia Tipe B,Campur,Banyuwangi,0.0,Tidak,Ya,Ya,Ya,Ya,Ya,800000,https://mamikos.com/room/kost-kabupaten-banyuwangi-kost-campur-eksklusif-kost-homestay-karunia-tipe-b-banyuwangi-1
Kabupaten Banyuwangi,Kost Amanura,Campur,Kecamatan Banyuwangi,0.0,Ya,Ya,Ya,Ya,Ya,Ya,1250000,https://mamikos.com/room/kost-kabupaten-banyuwangi-kost-campur-eksklusif-kost-amanura-banyuwangi-banyuwangi-2
Kabupaten Banyuwangi,Kost Cita Suraya Tipe A,Campur,Kecamatan Banyuwangi,0.0,Tidak,Ya,Ya,Tidak,Ya,Ya,600000,https://mamikos.com/room/kost-kabupaten-banyuwangi-kost-campur-murah-kost-cita-suraya-tipe-a-banyuwangi-banyuwangi-1
Kabupaten Banyuwangi,Kost Mendut 67 Tipe B,Campur,Banyuwangi,0.0,Tidak,Ya,Ya,Tidak,Ya,Ya,600000,https://mamikos.com/room/kost-kabupaten-banyuwangi-kost-campur-murah-kost-mendut-67-tipe-b-banyuwangi
Kabupaten Banyuwangi,Kost Bima 15,Campur,Banyuwangi,4.4,Tidak,Ya,Ya,Tidak,Tidak,Ya,600000,https://mamikos.com/room/kost-kabupaten-banyuwangi-kost-campur-eksklusif-kost-bima-15-banyuwangi
Kabupaten Banyuwangi,Kost Rumah Nusa Indah Kertosari,Campur,Kecamatan Banyuwangi,0.0,Ya,Ya,Ya,Ya,Ya,Ya,999999,https://mamikos.com/room/kost-kabupaten-banyuwangi-kost-campur-eksklusif-kost-rumah-nusa-indah-kertosari-banyuwangi
Kabupaten Banyuwangi,Kost 42 Tamanbaru,Putri,Banyuwangi,4.9,Tidak,Ya,Ya,Ya,Tidak,Ya,375000,https://mamikos.com/room/kost-banyuwangi-kost-putri-murah-kost-42-tamanbaru-banyuwangi-1
Kabupaten Banyuwangi,Kost Diah 011,Putri,Giri,4.8,Tidak,Ya,Ya,Tidak,Ya,Ya,600000,https://mamikos.com/room/kost-kost-putri-murah-kost-diah-giri-banyuwangi-011
Kabupaten Banyuwangi,Kost Ulyaa,Putri,Kecamatan Banyuwangi,0.0,Tidak,Ya,Ya,Tidak,Tidak,Ya,350000,https://mamikos.com/room/kost-kabupaten-banyuwangi-kost-putri-murah-kost-ulyaa-banyuwangi
Kabupaten Banyuwangi,Kost Dinda,Putri,Banyuwangi,0.0,Tidak,Tidak,Ya,Ya,Tidak,Ya,350000,https://mamikos.com/room/kost-banyuwangi-kost-putri-murah-kost-dinda-banyuwangi
Kabupaten Banyuwangi,Kost Agungjaya,Putri,Kecamatan Banyuwangi,0.0,Tidak,Tidak,Ya,Ya,Tidak,Ya,400000,https://mamikos.com/room/kost-kabupaten-banyuwangi-kost-putri-murah-kost-agungjaya-banyuwangi
Kabupaten Banyuwangi,Kost Eksklusive Ratu 1 Tipe A,Putri,Banyuwangi,0.0,Tidak,Tidak,Ya,Ya,Ya,Tidak,1000000,https://mamikos.com/room/kost-banyuwangi-kost-putri-eksklusif-kost-eksklusive-ratu-1-tipe-a-banyuwangi-1
Kabupaten Banyuwangi,Kost Rumah Singgah 07 Tipe A,Campur,Kecamatan Banyuwangi,0.0,Ya,Ya,Ya,Ya,Ya,Ya,1300000,https://mamikos.com/room/kost-kabupaten-banyuwangi-kost-campur-eksklusif-rumah-singgah-07-ya-banyuwangi-banyuwangi
Kabupaten Banyuwangi,Kost D Pramesti Tipe A,Putri,Kecamatan Banyuwangi,0.0,Tidak,Tidak,Ya,Ya,Ya,Ya,500000,https://mamikos.com/room/kost-kabupaten-banyuwangi-kost-putri-murah-kost-d-pramesti-tipe-a-banyuwangi-banyuwangi-1
Kabupaten Banyuwangi,Kost Szk Eksekutif B,Putri,Kecamatan Banyuwangi,0.0,Ya,Tidak,Ya,Ya,Ya,Ya,1100000,https://mamikos.com/room/kost-kabupaten-banyuwangi-kost-putri-eksklusif-kost-szk-eksekutif-b-banyuwangi-2
Kabupaten Banyuwangi,Kost Hani Bani,Putri,Kecamatan Banyuwangi,0.0,Ya,Tidak,Ya,Ya,Ya,Ya,500000,https://mamikos.com/room/kost-kabupaten-banyuwangi-kost-putri-murah-kost-hani-bani-banyuwangi-2
Kabupaten Banyuwangi,Kost Mi Homestay Tipe Standard,Putri,Kecamatan Banyuwangi,0.0,Tidak,Tidak,Tidak,Ya,Tidak,Ya,400000,https://mamikos.com/room/kost-kabupaten-banyuwangi-kost-putri-murah-kost-mi-homestay-tipe-standard-banyuwangi-banyuwangi-1
Kabupaten Blitar,Kost Sekartaji Tipe A,Putri,Kecamatan Sananwetan,0.0,Tidak,Tidak,Ya,Tidak,Ya,Ya,500000,https://mamikos.com/room/kost-kota-blitar-kost-putri-murah-kost-sekartaji-tipe-a-sananwetan-blitar
Kabupaten Blitar,Kost Pondok Tea,Campur,Sananwetan,0.0,Ya,Ya,Ya,Ya,Ya,Ya,1500000,https://mamikos.com/room/kost-blitar-kost-campur-eksklusif-kost-pondok-tea-sananwetan-blitar-1
Kabupaten Blitar,Kost Bu Atik,Putra,Sananwetan,0.0,Tidak,Ya,Ya,Ya,Ya,Ya,350000,https://mamikos.com/room/kost-kota-blitar-kost-putra-murah-kost-bu-atik-sananwetan-blitar-2
Kabupaten Blitar,Kost Pondok Tea 2 Tipe VIP,Putri,Kecamatan Sananwetan,0.0,Ya,Ya,Ya,Ya,Ya,Ya,950000,https://mamikos.com/room/kost-kota-blitar-kost-putri-murah-kost-pondok-tea-2-tipe-vip-sananwetan-blitar
Kabupaten Blitar,Kost Ki Ageng Tipe A,Campur,Kecamatan Kanigoro,0.0,Tidak,Ya,Ya,Ya,Tidak,Ya,500000,https://mamikos.com/room/kost-kabupaten-blitar-kost-campur-murah-kost-ki-ageng-tipe-a-kanigoro-blitar-2
Kabupaten Blitar,Kost Al Ghani Tipe B,Putri,Kecamatan Kanigoro,0.0,Ya,Ya,Ya,Ya,Ya,Ya,900000,https://mamikos.com/room/kost-kabupaten-blitar-kost-putri-murah-kost-al-ghani-tipe-b-kanigoro-blitar
Kabupaten Blitar,Kost Al Ghani Tipe A,Putri,Kecamatan Kanigoro,0.0,Tidak,Ya,Ya,Ya,Ya,Ya,650000,https://mamikos.com/room/kost-kabupaten-blitar-kost-putri-murah-kost-al-ghani-tipe-a-kanigoro-blitar-2
Kabupaten Blitar,Kost Tuti 1 Tipe Biasa,Putra,Kepanjen Kidul,0.0,Tidak,Tidak,Ya,Ya,Tidak,Ya,850000,https://mamikos.com/room/kost-kota-blitar-kost-putra-murah-kost-tuti-1-tipe-biasa-kepanjen-kidul-blitar-2
Kabupaten Blitar,Kost Istana Presiden Tipe A,Putri,Kecamatan Sukorejo,4.6,Tidak,Tidak,Ya,Tidak,Tidak,Ya,625000,https://mamikos.com/room/kost-kota-blitar-kost-putri-murah-kost-istana-presiden-tipe-a-sukorejo-blitar
Kabupaten Blitar,Kost Kavaya Tipe A,Campur,Kecamatan Sukorejo,0.0,Tidak,Ya,Ya,Tidak,Ya,Ya,700000,https://mamikos.com/room/kost-kota-blitar-kost-campur-murah-kost-kavaya-tipe-a-sukorejo-blitar-2
Kabupaten Blitar,Kost Nv Tipe B,Putra,Kecamatan Sananwetan,0.0,Tidak,Ya,Ya,Ya,Tidak,Ya,325000,https://mamikos.com/room/kost-kota-blitar-kost-putra-murah-kost-nv-tipe-b-sananwetan-blitar-2
Kabupaten Blitar,Kost Nav Tipe A,Putra,Sananwetan,0.0,Tidak,Ya,Ya,Ya,Tidak,Ya,350000,https://mamikos.com/room/kost-kota-blitar-kost-putra-murah-kost-nav-tipe-a-sananwetan-blitar
Kabupaten Blitar,Kost Rumah Pondok Asri,Campur,Kecamatan Sananwetan,0.0,Tidak,Ya,Ya,Tidak,Tidak,Tidak,300000,https://mamikos.com/room/kost-kota-blitar-kost-campur-murah-kost-rumah-pondok-asri-sananwetan-blitar-2
Kabupaten Blitar,Kost Floryn Tipe A,Putri,Kecamatan Kepanjenkidul,0.0,Tidak,Ya,Ya,Tidak,Tidak,Ya,500000,https://mamikos.com/room/kost-kota-blitar-kost-putri-murah-kost-floryn-tipe-a-kepanjenkidul-blitar-2
Kabupaten Blitar,Kost Basuki 2 Tipe A,Putra,Sananwetan,0.0,Tidak,Ya,Ya,Tidak,Tidak,Ya,400000,https://mamikos.com/room/kost-kota-blitar-kost-putra-murah-kost-basuki-2-tipe-a-sananwetan-blitar-2
Kabupaten Blitar,Kost Aisyah 2 Tipe A,Putri,Sananwetan,0.0,Tidak,Tidak,Ya,Tidak,Ya,Ya,600000,https://mamikos.com/room/kost-kota-blitar-kost-putri-murah-kost-aisyah-2-tipe-a-sananwetan-blitar-2
Kabupaten Blitar,Kost Hayati,Campur,Kecamatan Sananwetan,0.0,Tidak,Ya,Ya,Tidak,Ya,Ya,450000,https://mamikos.com/room/kost-kota-blitar-kost-putri-murah-kost-hayati-sananwetan-blitar
Kabupaten Blitar,Kost Purnomo,Putra,Sananwetan,0.0,Ya,Tidak,Ya,Ya,Ya,Ya,1500000,https://mamikos.com/room/kost-blitar-kost-putra-eksklusif-kost-purnomo-sananwetan-blitar
Kabupaten Blitar,Kost Indah Tipe B,Campur,Kepanjenkidul,5.0,Tidak,Tidak,Tidak,Tidak,Tidak,Tidak,850000,https://mamikos.com/room/kost-blitar-kost-campur-murah-kost-indah-kepanjenkidul-blitar
Kabupaten Blitar,Kost Alvara Tipe B,Campur,Kecamatan Sukorejo,0.0,Tidak,Ya,Ya,Tidak,Ya,Ya,750000,https://mamikos.com/room/kost-kota-blitar-kost-campur-murah-kost-alvara-tipe-b-sukorejo-blitar-2
Kabupaten Blitar,Kost Alvara Tipe A,Campur,Sukorejo,0.0,Ya,Ya,Ya,Ya,Ya,Ya,1200000,https://mamikos.com/room/kost-blitar-kost-campur-eksklusif-kost-alvara-tipe-a-sukorejo-blitar
Kabupaten Blitar,Kost Heny 2 Tipe Standar,Putri,Sukorejo,0.0,Tidak,Ya,Ya,Tidak,Ya,Ya,450000,https://mamikos.com/room/kost-blitar-kost-putri-murah-kost-heny-2-tipe-standar-sukorejo-blitar-2
Kabupaten Blitar,Kost Indah Tipe A,Campur,Kepanjenkidul,5.0,Tidak,Tidak,Tidak,Tidak,Tidak,Tidak,1650000,https://mamikos.com/room/kost-blitar-kost-campur-eksklusif-kost-indah-blitar-kepanjenkidul-blitar
Kabupaten Blitar,Kost Basuki 1 Tipe A,Putri,Kecamatan Sananwetan,0.0,Tidak,Ya,Ya,Tidak,Tidak,Ya,400000,https://mamikos.com/room/kost-kota-blitar-kost-campur-murah-kost-basuki-1-tipe-a-sananwetan-blitar
Kabupaten Blitar,Kost Secret Garden,Putra,Kecamatan Kepanjenkidul,0.0,Tidak,Ya,Ya,Tidak,Ya,Tidak,300000,https://mamikos.com/room/kost-kota-blitar-kost-putra-murah-kost-secret-garden-kepanjenkidul-blitar-2
Kabupaten Blitar,Kost Winda Ayu Tipe A,Putri,Kecamatan Sukorejo,0.0,Tidak,Ya,Ya,Tidak,Ya,Ya,375000,https://mamikos.com/room/kost-kota-blitar-kost-putri-murah-kos-winda-ayu-k-mandi-dalam-k-mandi-luar-sukorejo-blitar-2
Kabupaten Blitar,Kost Rahayu VVIP,Putri,Kecamatan Sananwetan,0.0,Ya,Tidak,Ya,Tidak,Ya,Ya,1550000,https://mamikos.com/room/kost-kota-blitar-kost-putri-eksklusif-kost-rahayu-vvip-sananwetan-blitar-2
Kabupaten Blitar,Kost Singkep Boardinghouse,Campur,Kecamatan Sananwetan,0.0,Tidak,Ya,Ya,Ya,Ya,Ya,800000,https://mamikos.com/room/kost-kota-blitar-kost-campur-murah-kost-singkep-boardinghouse-sananwetan-blitar
Kabupaten Blitar,Kost Cemara Tipe B,Campur,Sukorejo,0.0,Tidak,Ya,Ya,Tidak,Ya,Ya,600000,https://mamikos.com/room/kost-kota-blitar-kost-campur-murah-kost-cemara-type-b-sukorejo-blitar
Kabupaten Blitar,Kost Exclusive Permata Bunaken Exclusive Tipe A,Putri,Sananwetan,0.0,Ya,Ya,Ya,Ya,Ya,Ya,1650000,https://mamikos.com/room/kost-kota-blitar-kost-putri-eksklusif-kost-exclusive-permata-bunaken-exclusive-tipe-a-sananwetan-blitar-2
Kabupaten Blitar,Kost VV 1,Putri,Sananwetan,5.0,Tidak,Ya,Ya,Tidak,Ya,Ya,550000,https://mamikos.com/room/kost-blitar-kost-putri-murah-kost-vv-1-sananwetan-blitar-1
Kabupaten Blitar,Kost Cemara Tipe A,Campur,Sukorejo,0.0,Tidak,Ya,Ya,Tidak,Ya,Ya,650000,https://mamikos.com/room/kost-kota-blitar-kost-campur-murah-kost-cemara-type-a-sukorejo-blitar-1
Kabupaten Blitar,Kost Sudarmi,Putri,Sananwetan,0.0,Tidak,Ya,Ya,Tidak,Ya,Ya,500000,https://mamikos.com/room/kost-blitar-kost-putri-murah-kost-sudarmi-sananwetan-blitar
Kabupaten Blitar,Kost Wafirah Tipe A,Putri,Sananwetan,5.0,Tidak,Ya,Ya,Ya,Ya,Ya,700000,https://mamikos.com/room/kost-kota-blitar-kost-putri-murah-kost-wafirah-tipe-a-sananwetan-blitar
Kabupaten Blitar,Kost Roemah Sas Tipe A,Putri,Kecamatan Sananwetan,0.0,Ya,Ya,Ya,Ya,Ya,Ya,1100000,https://mamikos.com/room/kost-kota-blitar-kost-putri-eksklusif-kost-roemah-sas-tipe-a-sananwetan-blitar
Kabupaten Blitar,Kost Vv 4,Putri,Kecamatan Sananwetan,0.0,Tidak,Ya,Ya,Ya,Ya,Ya,550000,https://mamikos.com/room/kost-kota-blitar-kost-putri-murah-kost-vv-4-sananwetan-blitar-1
Kabupaten Blitar,Kost Cemara Tanjung Sari Tipe A,Campur,Kecamatan Sukorejo,0.0,Tidak,Ya,Ya,Tidak,Ya,Ya,700000,https://mamikos.com/room/kost-kota-blitar-kost-campur-murah-kost-cemara-tanjung-sari-tipe-a-sukorejo-blitar
Kabupaten Blitar,Kost Alfia Tipe B,Putri,Kanigoro,0.0,Tidak,Ya,Ya,Ya,Ya,Ya,550000,https://mamikos.com/room/kost-kabupaten-blitar-kost-putri-murah-kost-alfia-tipe-b-kanigoro-blitar
Kabupaten Blitar,Kost Heri,Putra,Sananwetan,0.0,Tidak,Ya,Ya,Tidak,Tidak,Ya,380000,https://mamikos.com/room/kost-blitar-kost-putra-murah-kost-heri-sananwetan-blitar-2
Kabupaten Blitar,Kost Citra,Campur,Kecamatan Sananwetan,0.0,Ya,Ya,Ya,Tidak,Ya,Ya,1105000,https://mamikos.com/room/kost-kota-blitar-kost-campur-eksklusif-kost-citra-sananwetan-blitar
Kabupaten Blitar,Kost Sekartaji,Putri,Kecamatan Sananwetan,0.0,Tidak,Tidak,Ya,Tidak,Ya,Ya,750000,https://mamikos.com/room/kost-kota-blitar-kost-putri-murah-kost-sekartaji-sananwetan-blitar-1
Kabupaten Blitar,Kost Warna Tipe A,Campur,Kecamatan Kepanjenkidul,0.0,Tidak,Tidak,Ya,Tidak,Ya,Ya,500000,https://mamikos.com/room/kost-kota-blitar-kost-campur-murah-kost-warna-tipe-a-kepanjenkidul-blitar
Kabupaten Blitar,Kost Betah,Campur,Sukorejo,0.0,Tidak,Tidak,Ya,Tidak,Ya,Ya,550000,https://mamikos.com/room/kost-blitar-kost-campur-murah-kost-betah-sukorejo-blitar
Kabupaten Blitar,Kost Ibu Hj Hesti,Putri,Kepanjenkidul,0.0,Tidak,Ya,Ya,Tidak,Tidak,Tidak,425000,https://mamikos.com/room/kost-blitar-kost-putri-murah-kost-ibu-hj-hesti-kepanjenkidul-blitar
Kabupaten Blitar,Kost Budi Asri Jl Ploso,Campur,Kecamatan Sananwetan,0.0,Tidak,Ya,Ya,Ya,Ya,Tidak,400000,https://mamikos.com/room/kost-kota-blitar-kost-campur-murah-kost-budi-asri-jl-ploso-sananwetan-blitar
Kabupaten Blitar,Kost Pakk Be Tipe B,Putri,Kecamatan Sananwetan,0.0,Tidak,Tidak,Ya,Ya,Ya,Ya,650000,https://mamikos.com/room/kost-kota-blitar-kost-putri-murah-kost-pakk-be-tipe-b-sananwetan-blitar
Kabupaten Blitar,Kost Faeyza Tipe A,Putra,Kecamatan Sananwetan,0.0,Tidak,Ya,Ya,Ya,Tidak,Ya,525000,https://mamikos.com/room/kost-kota-blitar-kost-putra-murah-kost-faeyza-tipe-a-sananwetan-blitar-2
Kabupaten Blitar,Kost Bali House Tipe C,Campur,Sananwetan,0.0,Ya,Ya,Ya,Ya,Ya,Ya,1300000,https://mamikos.com/room/kost-kota-blitar-kost-campur-eksklusif-kost-bali-house-tipe-c-sananwetan-blitar-2
Kabupaten Blitar,Kost Bumi Tipe Single,Campur,Sananwetan,5.0,Tidak,Ya,Ya,Ya,Ya,Ya,500000,https://mamikos.com/room/kost-kota-blitar-kost-campur-eksklusif-kost-bumi-tipe-single-sananwetan-blitar
Kabupaten Blitar,Kost Davina Tipe 3,Campur,Kecamatan Sananwetan,0.0,Tidak,Ya,Ya,Ya,Tidak,Ya,400000,https://mamikos.com/room/kost-kota-blitar-kost-campur-eksklusif-kost-davina-tipe-3-sananwetan-blitar-2
Kabupaten Blitar,Kost Trijayanti Tipe A,Putri,Kecamatan Sukorejo,0.0,Tidak,Tidak,Ya,Ya,Ya,Ya,600000,https://mamikos.com/room/kost-kota-blitar-kost-putri-murah-kost-trijayanti-tipe-a-sukorejo-blitar-2
Kabupaten Blitar,Kost Divia,Putri,Sananwetan,0.0,Tidak,Tidak,Ya,Ya,Tidak,Ya,500000,https://mamikos.com/room/kost-kota-blitar-kost-putri-murah-kost-divia-sananwetan-blitar
Kabupaten Blitar,Kost Abadi 3A,Campur,Kepanjenkidul,0.0,Tidak,Tidak,Ya,Tidak,Ya,Ya,350000,https://mamikos.com/room/kost-kota-blitar-kost-campur-murah-kost-abadi-3a-kepanjenkidul-blitar-2
Kabupaten Blitar,Kost Tipe A,Campur,Kademangan,0.0,Tidak,Ya,Ya,Tidak,Ya,Tidak,450000,https://mamikos.com/room/kost-kabupaten-blitar-kost-campur-murah-kost-kademangan-tipe-a-kademangan-blitar
Kabupaten Blitar,Kost Alfia Tipe A,Putri,Kanigoro,0.0,Tidak,Ya,Ya,Ya,Tidak,Ya,400000,https://mamikos.com/room/kost-kabupaten-blitar-kost-putri-murah-kost-alfia-tipe-a-kanigoro-blitar-2
Kabupaten Blitar,Kost Hana Prambanan Tipe Bisnis,Campur,Sananwetan,0.0,Tidak,Tidak,Ya,Tidak,Tidak,Ya,600000,https://mamikos.com/room/kost-kota-blitar-kost-campur-murah-kost-hana-prambanan-tipe-bisnis-sananwetan-blitar-2
Kabupaten Blitar,Kost Divia 2,Putri,Sananwetan,0.0,Tidak,Tidak,Ya,Ya,Tidak,Ya,500000,https://mamikos.com/room/kost-kota-blitar-kost-putri-murah-kost-divia-2-sananwetan-blitar
Kabupaten Blitar,Kost Exclusive Permata Bunaken Exclusive Tipe B,Putri,Sananwetan,0.0,Ya,Ya,Ya,Ya,Ya,Ya,1400000,https://mamikos.com/room/kost-kota-blitar-kost-putri-eksklusif-kost-exclusive-permata-bunaken-exclusive-tipe-b-sananwetan-blitar-2
Kabupaten Blitar,Kost Divia 1 Tipe B,Putri,Kecamatan Sananwetan,0.0,Tidak,Ya,Ya,Ya,Ya,Ya,500000,https://mamikos.com/room/kost-kota-blitar-kost-putri-murah-kost-divia-1-tipe-b-sananwetan-blitar
Kabupaten Blitar,Kost Divia 1 Tipe A,Putri,Sananwetan,0.0,Tidak,Ya,Ya,Ya,Ya,Ya,500000,https://mamikos.com/room/kost-kota-blitar-kost-putri-eksklusif-kost-divia-1-tipe-a-sananwetan-blitar-1
Kabupaten Blitar,Kost Azla,Putri,Kecamatan Sukorejo,0.0,Tidak,Tidak,Ya,Tidak,Tidak,Ya,400000,https://mamikos.com/room/kost-kota-blitar-kost-putri-murah-kost-azla-sukorejo-blitar
Kabupaten Blitar,Kost Hasanah,Putra,Sananwetan,0.0,Tidak,Tidak,Ya,Ya,Tidak,Ya,475000,https://mamikos.com/room/kost-blitar-kost-putra-murah-kost-hasanah-sananwetan-blitar
Kabupaten Blitar,Kost Davina Tipe 4,Campur,Sananwetan,0.0,Tidak,Ya,Ya,Tidak,Ya,Ya,800000,https://mamikos.com/room/kost-kota-blitar-kost-campur-eksklusif-kost-davina-tipe-4-sananwetan-blitar-2
Kabupaten Blitar,Kost Heny,Putri,Sanankulon,0.0,Tidak,Ya,Ya,Ya,Ya,Ya,450000,https://mamikos.com/room/kost-blitar-kost-putri-murah-kost-heny-sanankulon-blitar
Kabupaten Blitar,Kost Umma Tipe A,Putri,Kecamatan Sananwetan,0.0,Ya,Ya,Ya,Ya,Ya,Ya,1000000,https://mamikos.com/room/kost-kota-blitar-kost-putri-eksklusif-kost-umma-tipe-a-sananwetan-blitar
Kabupaten Blitar,Kost Aminah II,Campur,Kecamatan Sananwetan,0.0,Tidak,Ya,Ya,Tidak,Ya,Tidak,460000,https://mamikos.com/room/kost-kota-blitar-kost-campur-murah-kost-aminah-ii-sananwetan-blitar-2
Kabupaten Blitar,Kost Roemah Tanjung,Campur,Sukorejo,0.0,Ya,Tidak,Ya,Ya,Tidak,Ya,1350000,https://mamikos.com/room/kost-kota-blitar-kost-campur-eksklusif-kost-roemah-tanjung-sukorejo-blitar-2
Kabupaten Blitar,Kost Vv 2,Putri,Sananwetan,4.8,Tidak,Ya,Ya,Ya,Ya,Ya,550000,https://mamikos.com/room/kost-kota-blitar-kost-putri-murah-kost-vv-2-sananwetan-blitar
Kabupaten Blitar,Kost Anta 3 Tipe A,Putri,Kecamatan Sananwetan,0.0,Tidak,Ya,Ya,Tidak,Tidak,Ya,400000,https://mamikos.com/room/kost-kota-blitar-kost-putri-murah-kost-anta-3-tipe-a-sananwetan-blitar-2
Kabupaten Blitar,Kost Orchid,Putri,Kepanjenkidul,0.0,Tidak,Tidak,Ya,Tidak,Ya,Ya,1000000,https://mamikos.com/room/kost-kota-blitar-kost-putri-murah-kost-orchid-kepanjenkidul-blitar
Kabupaten Blitar,Kost Exclusive Permata Bunaken Exclusive Tipe C,Putri,Sananwetan,0.0,Ya,Tidak,Ya,Ya,Ya,Ya,1250000,https://mamikos.com/room/kost-kota-blitar-kost-putri-eksklusif-kost-exclusive-permata-bunaken-exclusive-tipe-c-sananwetan-blitar
Kabupaten Blitar,Kost Rumah Magneto,Putri,Kepanjenkidul,4.4,Tidak,Ya,Ya,Tidak,Ya,Ya,550000,https://mamikos.com/room/kost-blitar-kost-putri-murah-rumah-kost-magneto
Kabupaten Blitar,Kost Vv 3,Putri,Sananwetan,0.0,Tidak,Ya,Ya,Ya,Ya,Ya,550000,https://mamikos.com/room/kost-kota-blitar-kost-putri-murah-kost-vv-3-sananwetan-blitar
Kabupaten Blitar,Kost Exclusive Permata Bunaken Premium Tipe A,Putri,Sananwetan,0.0,Ya,Tidak,Ya,Ya,Ya,Ya,1200000,https://mamikos.com/room/kost-kota-blitar-kost-putri-eksklusif-kost-exclusive-permata-bunaken-premium-tipe-a-sananwetan-blitar
Kabupaten Blitar,Kost Omah Eyang By Navie Tipe Drupadi,Campur,Kanigoro,0.0,Ya,Tidak,Ya,Tidak,Ya,Ya,1000000,https://mamikos.com/room/kost-blitar-kost-campur-eksklusif-kost-omah-eyang-by-navie-tipe-drupadi-kanigoro-blitar
Kabupaten Blitar,Kost Nur Jaya Sejahtera Tipe B,Putri,Kecamatan Sukorejo,0.0,Ya,Tidak,Ya,Tidak,Ya,Ya,800000,https://mamikos.com/room/kost-kota-blitar-kost-putri-murah-kost-nur-jaya-sejahtera-tipe-b-sukorejo-blitar
Kabupaten Blitar,Kost Syariah Griya Purna,Campur,Sananwetan,0.0,Tidak,Ya,Ya,Tidak,Ya,Ya,800000,https://mamikos.com/room/kost-blitar-kost-campur-murah-kost-syariah-griya-purna-sananwetan-blitar
Kabupaten Blitar,Kost Gedog,Putra,Kecamatan Sananwetan,0.0,Tidak,Tidak,Ya,Ya,Tidak,Ya,550000,https://mamikos.com/room/kost-kota-blitar-kost-putra-murah-kost-gedog-sananwetan-blitar
Kabupaten Blitar,Kost Davina Tipe 6,Campur,Kecamatan Sananwetan,0.0,Ya,Ya,Ya,Tidak,Ya,Ya,1200000,https://mamikos.com/room/kost-kota-blitar-kost-campur-eksklusif-kost-davina-tipe-6-sananwetan-blitar-2
Kabupaten Blitar,Kost Bunda Lia Tipe A,Putri,Kepanjenkidul,0.0,Tidak,Tidak,Ya,Tidak,Tidak,Ya,350000,https://mamikos.com/room/kost-kota-blitar-kost-putri-murah-kost-bunda-lia-tipe-a-kepanjenkidul-blitar
Kabupaten Blitar,Kost Vanda,Putri,Kepanjenkidul,0.0,Tidak,Ya,Ya,Tidak,Ya,Ya,700000,https://mamikos.com/room/kost-kota-blitar-kost-putri-murah-kost-vanda-kepanjenkidul-blitar
Kabupaten Blitar,Kost Warna Tipe B,Campur,Kecamatan Kepanjenkidul,0.0,Tidak,Tidak,Ya,Tidak,Ya,Ya,500000,https://mamikos.com/room/kost-kota-blitar-kost-campur-murah-kost-warna-tipe-b-kepanjenkidul-blitar-2
Kabupaten Blitar,Kost Kanjeng Mami Tipe Vvip,Campur,Kecamatan Ponggok,0.0,Tidak,Ya,Ya,Tidak,Ya,Ya,500000,https://mamikos.com/room/kost-kabupaten-blitar-kost-campur-murah-kost-kanjeng-mami-tipe-vvip-ponggok-blitar-2
Kabupaten Blitar,Kost De Pam Pang,Putri,Sananwetan,5.0,Tidak,Ya,Ya,Ya,Ya,Ya,350000,https://mamikos.com/room/kost-blitar-kost-putri-eksklusif-kost-de-pam-pang-sananwetan-blitar
Kabupaten Blitar,Kost Sakinah,Campur,Kecamatan Kepanjenkidul,0.0,Tidak,Ya,Ya,Tidak,Ya,Ya,500000,https://mamikos.com/room/kost-kota-blitar-kost-campur-murah-kost-sakinah-kepanjenkidul-blitar
Kabupaten Blitar,Kost Wafirah Tipe B,Putri,Sananwetan,5.0,Ya,Ya,Ya,Ya,Ya,Ya,850000,https://mamikos.com/room/kost-kota-blitar-kost-putri-murah-kost-wafirah-tipe-b-sananwetan-blitar
Kabupaten Blitar,Kost Exclusive Permata Bunaken Premium Tipe AA,Putri,Sananwetan,0.0,Ya,Tidak,Ya,Ya,Ya,Ya,1350000,https://mamikos.com/room/kost-kota-blitar-kost-putri-eksklusif-kost-exclusive-permata-bunaken-premium-tipe-aa-sananwetan-blitar
Kabupaten Blitar,Kost Davina Tipe 8,Campur,Kecamatan Sananwetan,0.0,Tidak,Ya,Ya,Tidak,Ya,Ya,850000,https://mamikos.com/room/kost-kota-blitar-kost-campur-eksklusif-kost-davina-tipe-8-sananwetan-blitar-2
Kabupaten Blitar,Kost Bu Yetty I,Putri,Kecamatan Sukorejo,0.0,Tidak,Ya,Ya,Ya,Tidak,Ya,500000,https://mamikos.com/room/kost-kota-blitar-kost-putri-murah-kost-bu-yetty-i-sukorejo-blitar
Kabupaten Blitar,Kost 26 Tipe Sedang,Putri,Kecamatan Kepanjenkidul,0.0,Tidak,Ya,Ya,Tidak,Tidak,Ya,375000,https://mamikos.com/room/kost-kota-blitar-kost-putri-murah-kost-26-tipe-sedang-kepanjenkidul-blitar-2
Kabupaten Blitar,Kost Mangga Tujuh Tipe A1,Putri,Kecamatan Sukorejo,0.0,Tidak,Ya,Ya,Ya,Ya,Ya,500000,https://mamikos.com/room/kost-kota-blitar-kost-putri-murah-kost-mangga-tujuh-tipe-a1-sukorejo-blitar
Kabupaten Blitar,Kost Bambang Siho,Campur,Kecamatan Sukorejo,0.0,Tidak,Ya,Ya,Tidak,Ya,Ya,450000,https://mamikos.com/room/kost-kota-blitar-kost-campur-eksklusif-kost-bambang-siho-sukorejo-blitar
Kabupaten Blitar,Kost Tirtomadu Tipe A,Putri,Kecamatan Sananwetan,0.0,Ya,Tidak,Ya,Ya,Ya,Ya,700000,https://mamikos.com/room/kost-kota-blitar-kost-putri-murah-kost-tirtomadu-tipe-a-sananwetan-blitar-2
Kabupaten Blitar,Kost Rumah Berkah Tipe B,Putri,Kecamatan Sananwetan,0.0,Tidak,Tidak,Ya,Ya,Tidak,Ya,700000,https://mamikos.com/room/kost-kota-blitar-kost-putri-murah-kost-rumah-berkah-tipe-b-sananwetan-blitar-2
Kabupaten Blitar,Kost Joglo Koi Center Tipe A,Campur,Kepanjenkidul,0.0,Tidak,Ya,Ya,Tidak,Ya,Tidak,700000,https://mamikos.com/room/kost-blitar-kost-campur-murah-kost-joglo-koi-center-tipe-a-kepanjenkidul-blitar
Kabupaten Blitar,Kost Bu Sulasmi Tipe A,Putri,Kecamatan Kepanjenkidul,0.0,Tidak,Tidak,Ya,Ya,Ya,Tidak,500000,https://mamikos.com/room/kost-kota-blitar-kost-putri-murah-kost-bu-sulasmi-tipe-a-kepanjenkidul-blitar-2
Kabupaten Blitar,Kost Divia 3 Tipe A VIP,Putri,Sananwetan,0.0,Ya,Ya,Ya,Ya,Ya,Ya,800000,https://mamikos.com/room/kost-kota-blitar-kost-putri-murah-kost-divia-3-tipe-a-vip-sananwetan-blitar-1
Kabupaten Blitar,Kost Pak Ga,Campur,Kanigoro,0.0,Tidak,Tidak,Ya,Tidak,Ya,Ya,550000,https://mamikos.com/room/kost-kabupaten-blitar-kost-campur-murah-kost-pak-ga-kanigoro-blitar-2
Kabupaten Blitar,Kost Kamboja,Putri,Sananwetan,4.9,Tidak,Tidak,Ya,Ya,Ya,Tidak,500000,https://mamikos.com/room/kost-kota-blitar-kost-putri-murah-kost-kamboja-sananwetan-blitar
Kabupaten Blitar,Kost Langgeng I,Putri,Kanigoro,0.0,Tidak,Tidak,Ya,Tidak,Tidak,Ya,360000,https://mamikos.com/room/kost-kabupaten-blitar-kost-putri-murah-kost-langgeng-i-kanigoro-blitar-2
Kabupaten Blitar,Kost Borobudur,Putra,Kecamatan Sananwetan,0.0,Tidak,Tidak,Ya,Ya,Tidak,Tidak,250000,https://mamikos.com/room/kost-kota-blitar-kost-putra-murah-kost-borobudur-sananwetan-blitar-2
Kabupaten Blitar,Kost Snacks Tipe A,Putra,Kecamatan Sananwetan,0.0,Tidak,Ya,Ya,Tidak,Tidak,Ya,650000,https://mamikos.com/room/kost-kota-blitar-kost-putra-murah-kost-snacks-tipe-a-sananwetan-blitar
Kabupaten Blitar,Kost Davina Tipe 1,Campur,Sananwetan,0.0,Tidak,Ya,Ya,Tidak,Ya,Ya,550000,https://mamikos.com/room/kost-kota-blitar-kost-campur-eksklusif-kost-davina-tipe-1-sananwetan-blitar-2
Kabupaten Blitar,Kost Barito,Putri,Kecamatan Kepanjenkidul,0.0,Tidak,Ya,Ya,Tidak,Ya,Ya,450000,https://mamikos.com/room/kost-kota-blitar-kost-putri-murah-kost-barito-kepanjenkidul-blitar-2
Kabupaten Blitar,Kost Tiara Tipe Standart Room,Putri,Sananwetan,0.0,Tidak,Tidak,Ya,Ya,Ya,Tidak,600000,https://mamikos.com/room/kost-kota-blitar-kost-putri-murah-kost-tiara-tipe-standart-room-sananwetan-blitar
Kabupaten Blitar,Kost Cemara Tipe C,Campur,Kecamatan Sukorejo,0.0,Tidak,Ya,Ya,Tidak,Ya,Ya,700000,https://mamikos.com/room/kost-kota-blitar-kost-campur-murah-kost-cemara-tipe-c-sukorejo-blitar-2
Kabupaten Blitar,Kost Hidayah Tipe A,Campur,Kecamatan Kanigoro,0.0,Tidak,Ya,Ya,Tidak,Ya,Ya,500000,https://mamikos.com/room/kost-kabupaten-blitar-kost-campur-murah-kost-hidayah-tipe-a-kanigoro-blitar
Kabupaten Blitar,Kost Nur Jaya Sejahtera Tipe A,Putri,Kecamatan Sukorejo,0.0,Tidak,Tidak,Ya,Tidak,Ya,Ya,550000,https://mamikos.com/room/kost-kota-blitar-kost-putri-murah-kost-nur-jaya-sejahtera-tipe-a-sukorejo-blitar-2
Kabupaten Blitar,Kost Tiara Tipe Exclusive Room,Putri,Sananwetan,0.0,Ya,Tidak,Ya,Ya,Ya,Tidak,1000000,https://mamikos.com/room/kost-kota-blitar-kost-putri-eksklusif-kost-tiara-tipe-exclusive-room-sananwetan-blitar-2
Kabupaten Blitar,Kost Kurma,Putra,Kepanjenkidul,0.0,Tidak,Ya,Ya,Ya,Tidak,Ya,450000,https://mamikos.com/room/kost-kota-blitar-kost-putra-murah-kost-kurma-kepanjenkidul-blitar
Kabupaten Blitar,Kost Tiara Tipe Elite Room,Putri,Sananwetan,0.0,Ya,Tidak,Ya,Ya,Ya,Tidak,1100000,https://mamikos.com/room/kost-kota-blitar-kost-putri-eksklusif-kost-tiara-tipe-elite-room-sananwetan-blitar
Kabupaten Blitar,Kost Bu Ani,Putri,Sananwetan,0.0,Tidak,Ya,Ya,Ya,Tidak,Ya,600000,https://mamikos.com/room/kost-kota-blitar-kost-putri-murah-kost-bu-ani-sananwetan-blitar
Kabupaten Blitar,Kost Puri Flamboyam,Putri,Sanankulon,0.0,Tidak,Tidak,Ya,Tidak,Ya,Ya,600000,https://mamikos.com/room/kost-kabupaten-blitar-kost-putri-murah-kost-puri-flamboyam-sanankulon-blitar-1
Kabupaten Blitar,Kost Exclusive Permata Bunaken Premium AAA,Putri,Sananwetan,0.0,Ya,Ya,Ya,Ya,Ya,Ya,1300000,https://mamikos.com/room/kost-kota-blitar-kost-putri-eksklusif-kost-exclusive-permata-bunaken-premium-aaa-sananwetan-blitar
Kabupaten Blitar,Kost Arvino,Campur,Kecamatan Sananwetan,0.0,Tidak,Ya,Ya,Ya,Tidak,Ya,850000,https://mamikos.com/room/kost-kota-blitar-kost-campur-eksklusif-kost-arvino-sananwetan-blitar-2
Kabupaten Blitar,Kost Rahayu Tipe A,Putri,Kecamatan Sananwetan,0.0,Tidak,Tidak,Ya,Tidak,Ya,Ya,600000,https://mamikos.com/room/kost-kota-blitar-kost-putri-eksklusif-kost-rahayu-tipe-a-sananwetan-blitar-2
Kabupaten Blitar,Kost Telaga Delima,Campur,Kanigoro,0.0,Tidak,Tidak,Ya,Tidak,Ya,Ya,600000,https://mamikos.com/room/kost-blitar-kost-campur-murah-kost-telaga-delima-kanigoro-blitar-1
Kabupaten Blitar,Kost Umma,Putri,Sananwetan,0.0,Tidak,Ya,Ya,Ya,Ya,Ya,650000,https://mamikos.com/room/kost-kota-blitar-kost-putri-murah-kost-umma-sananwetan-blitar
Kabupaten Blitar,Kost Dinda,Putri,Kecamatan Sananwetan,0.0,Tidak,Ya,Ya,Tidak,Tidak,Ya,400000,https://mamikos.com/room/kost-kota-blitar-kost-putri-murah-kost-dinda-sananwetan-blitar-1
Kabupaten Blitar,Kost Barokah Tipe A,Putri,Kecamatan Sananwetan,0.0,Tidak,Ya,Ya,Tidak,Ya,Ya,500000,https://mamikos.com/room/kost-kota-blitar-kost-putri-murah-kost-barokah-tipe-a-sananwetan-blitar-2
Kabupaten Blitar,Kost Omah,Putri,Sananwetan,0.0,Tidak,Tidak,Ya,Ya,Tidak,Tidak,500000,https://mamikos.com/room/kost-kota-blitar-kost-putri-murah-kost-omah-sananwetan-blitar-1
Kabupaten Blitar,Kost New Sahabat Tipe Biasa,Campur,Kecamatan Sananwetan,0.0,Tidak,Tidak,Tidak,Ya,Tidak,Ya,200000,https://mamikos.com/room/kost-kota-blitar-kost-campur-murah-kost-new-sahabat-tipe-biasa-sananwetan-blitar-2
Kabupaten Blitar,Kost Wahyu Tipe A,Putri,Sukorejo,0.0,Tidak,Ya,Ya,Tidak,Ya,Ya,530000,https://mamikos.com/room/kost-kota-blitar-kost-putri-murah-kost-wahyu-tipe-a-sukorejo-blitar-2
Kabupaten Blitar,Kost Sabilul Muhtadien,Campur,Kecamatan Sananwetan,0.0,Tidak,Ya,Ya,Tidak,Ya,Ya,400000,https://mamikos.com/room/kost-kota-blitar-kost-campur-murah-kost-sabilul-muhtadien-sananwetan-blitar
Kabupaten Blitar,Kost Putri Tirtomadu Residence Tipe B,Putri,Kanigoro,4.8,Ya,Tidak,Ya,Ya,Ya,Ya,1000000,https://mamikos.com/room/kost-blitar-kost-putri-murah-kost-putri-tirtomadu-residence-tipe-b-kanigoro-blitar
Kabupaten Blitar,Kost 99,Campur,Sananwetan,0.0,Tidak,Ya,Ya,Tidak,Tidak,Ya,600000,https://mamikos.com/room/kost-kota-blitar-kost-campur-murah-kost-99-sananwetan-blitar
Kabupaten Blitar,Kost Wahyu Tipe B,Putri,Sukorejo,0.0,Tidak,Ya,Ya,Tidak,Ya,Ya,460000,https://mamikos.com/room/kost-kota-blitar-kost-putri-murah-kost-wahyu-tipe-b-sukorejo-blitar-2
Kabupaten Blitar,Kost Davina Tipe 2,Campur,Sananwetan,0.0,Ya,Ya,Ya,Tidak,Ya,Ya,1150000,https://mamikos.com/room/kost-kota-blitar-kost-campur-eksklusif-kost-davina-tipe-2-sananwetan-blitar-2
Kabupaten Blitar,Kost Ungu,Putri,Sananwetan,0.0,Tidak,Tidak,Ya,Ya,Ya,Ya,500000,https://mamikos.com/room/kost-kota-blitar-kost-putri-murah-kost-ungu-sananwetan-blitar-1
Kabupaten Blitar,Kost Fm,Campur,Sukorejo,0.0,Tidak,Tidak,Ya,Ya,Ya,Ya,850000,https://mamikos.com/room/kost-kota-blitar-kost-campur-murah--11
Kabupaten Blitar,Kost 26 Tipe Ekonomis,Putri,Kecamatan Kepanjenkidul,0.0,Tidak,Ya,Ya,Tidak,Tidak,Ya,350000,https://mamikos.com/room/kost-kota-blitar-kost-putri-murah-kost-26-tipe-ekonomis-kepanjenkidul-blitar
Kabupaten Blitar,Kost Buru,Campur,Sananwetan,0.0,Tidak,Ya,Ya,Tidak,Ya,Ya,500000,https://mamikos.com/room/kost-kota-blitar-kost-campur-murah-kost-buru-sananwetan-blitar
Kabupaten Blitar,Kost Rumah Berkah VIP,Putri,Kecamatan Sananwetan,0.0,Ya,Tidak,Ya,Ya,Ya,Ya,1250000,https://mamikos.com/room/kost-kota-blitar-kost-putri-eksklusif-kost-rumah-berkah-vip-sananwetan-blitar
Kabupaten Blitar,Kost Amanah Tipe A,Putri,Kecamatan Sukorejo,0.0,Tidak,Tidak,Tidak,Tidak,Ya,Tidak,600000,https://mamikos.com/room/kost-kota-blitar-kost-putri-murah-kost-amanah-tipe-a-sukorejo-blitar
Kabupaten Blitar,Kost Tuti 1 Tipe VIP,Putra,Kepanjen Kidul,0.0,Ya,Tidak,Ya,Ya,Tidak,Ya,1600000,https://mamikos.com/room/kost-kota-blitar-kost-putra-eksklusif-kost-tuti-1-tipe-vip-kepanjen-kidul-blitar
Kabupaten Blitar,Kost Pak Rokhim,Campur,Kepanjenkidul,0.0,Tidak,Tidak,Tidak,Tidak,Ya,Tidak,600000,https://mamikos.com/room/kost-kota-blitar-kost-campur-murah-kost-pak-rokhim-kepanjenkidul-blitar
Kabupaten Blitar,Kost Tlumpu,Putri,Sukorejo,0.0,Tidak,Ya,Ya,Ya,Ya,Ya,400000,https://mamikos.com/room/kost-blitar-kost-putri-murah-kost-tlumpu-sukorejo-blitar
Kabupaten Blitar,Kost Semilir Tipe A,Campur,Sananwetan,0.0,Tidak,Ya,Ya,Ya,Ya,Ya,600000,https://mamikos.com/room/kost-kota-blitar-kost-campur-murah-kost-semilir-tipe-a-sananwetan-blitar-2
Kabupaten Blitar,Kost Green,Putri,Sananwetan,0.0,Tidak,Tidak,Ya,Tidak,Ya,Ya,550000,https://mamikos.com/room/kost-kota-blitar-kost-putri-murah-kost-green-sananwetan-blitar
Kabupaten Blitar,Kost Bliyat Tipe A,Campur,Sananwetan,0.0,Tidak,Tidak,Ya,Ya,Ya,Ya,650000,https://mamikos.com/room/kost-blitar-kost-campur-murah-kost-bliyat-tipe-a-sananwetan-blitar
Kabupaten Blitar,Kost Nalasakti,Campur,Kanigoro,0.0,Tidak,Ya,Ya,Tidak,Ya,Ya,650000,https://mamikos.com/room/kost-kabupaten-blitar-kost-campur-murah-kost-nalasakti-kanigoro-blitar
Kabupaten Blitar,Kost Golden Flower Blikot,Putri,Kecamatan Sukorejo,0.0,Ya,Ya,Ya,Tidak,Tidak,Ya,1000000,https://mamikos.com/room/kost-kota-blitar-kost-putri-eksklusif-kost-golden-flower-blikot-sukorejo-blitar-2
Kabupaten Blitar,Kost Piet House,Putri,Sananwetan,0.0,Ya,Tidak,Ya,Tidak,Ya,Ya,900000,https://mamikos.com/room/kost-blitar-kost-putri-murah-kost-piet-house-sananwetan-blitar
Kabupaten Blitar,Kost Rumah Tirto Tipe A,Campur,Sananwetan,0.0,Ya,Ya,Ya,Tidak,Ya,Tidak,1350000,https://mamikos.com/room/kost-kota-blitar-kost-campur-eksklusif-kost-rumah-tirto-tipe-a-sananwetan-blitar
Kabupaten Blitar,Kost Pondok Amira Single Room,Putri,Kepanjenkidul,0.0,Tidak,Ya,Ya,Ya,Ya,Ya,700000,https://mamikos.com/room/kost-kota-blitar-kost-putri-murah-kost-pondok-amira-single-room-kepanjenkidul-blitar
Kabupaten Blitar,Rumah Kontrakan Madura,Campur,Kecamatan Sananwetan,0.0,Tidak,Tidak,Ya,Tidak,Tidak,Tidak,400000,https://mamikos.com/room/kost-kota-blitar-kost-campur-eksklusif-rumah-kontrakan-madura-sananwetan-blitar
Kabupaten Blitar,Kost Arjuna Standart,Putra,Kecamatan Kepanjenkidul,0.0,Tidak,Ya,Ya,Ya,Tidak,Tidak,500000,https://mamikos.com/room/kost-kota-blitar-kost-putra-murah-kost-arjuna-standart-kepanjenkidul-blitar
Kabupaten Blitar,Kost 26 Tipe Besar,Putri,Kecamatan Kepanjenkidul,0.0,Tidak,Ya,Ya,Tidak,Tidak,Ya,400000,https://mamikos.com/room/kost-kota-blitar-kost-putri-murah-kost-26-tipe-besar-kepanjenkidul-blitar
Kabupaten Blitar,Kost Putri Wilis,Putri,Kepanjenkidul,0.0,Tidak,Ya,Ya,Tidak,Ya,Tidak,450000,https://mamikos.com/room/kost-blitar-kost-putri-murah-kost-putri-wilis-kepanjenkidul-blitar
Kabupaten Blitar,Kost Well Grounded VVIP,Putri,Kecamatan Kanigoro,0.0,Tidak,Ya,Ya,Ya,Ya,Ya,1000000,https://mamikos.com/room/kost-kabupaten-blitar-kost-putri-eksklusif-kost-well-grounded-vvip-kanigoro-blitar
Kabupaten Blitar,Kost Wahyu 2 Tipe A,Putri,Sukorejo,0.0,Tidak,Tidak,Ya,Tidak,Ya,Ya,460000,https://mamikos.com/room/kost-kota-blitar-kost-putri-murah-kost-wahyu-2-tipe-a-sukorejo-blitar
Kabupaten Blitar,Kost Joglo Koi Center Tipe B,Campur,Kepanjenkidul,0.0,Ya,Ya,Ya,Ya,Ya,Ya,1150000,https://mamikos.com/room/kost-kota-blitar-kost-campur-eksklusif-kost-joglo-koi-center-tipe-b-kepanjenkidul-blitar
Kabupaten Blitar,Kost Merdeka 1 Tipe Executive,Campur,Kanigoro,0.0,Tidak,Tidak,Ya,Ya,Ya,Ya,650000,https://mamikos.com/room/kost-kabupaten-blitar-kost-campur-murah-kost-merdeka-1-tipe-executive-kanigoro-blitar-1
Kabupaten Blitar,Kost Davina Tipe 7,Campur,Kecamatan Sananwetan,0.0,Tidak,Ya,Ya,Ya,Tidak,Ya,350000,https://mamikos.com/room/kost-kota-blitar-kost-campur-murah-kost-davina-tipe-7-sananwetan-blitar
Kabupaten Blitar,Kost Rumah Berkah Tipe A,Putri,Kecamatan Sananwetan,0.0,Tidak,Tidak,Ya,Ya,Ya,Ya,900000,https://mamikos.com/room/kost-kota-blitar-kost-putri-eksklusif-kost-rumah-berkah-tipe-a-sananwetan-blitar
Kabupaten Blitar,Kost Bu Koes Tipe Standar,Campur,Sananwetan,0.0,Tidak,Tidak,Ya,Ya,Ya,Ya,650000,https://mamikos.com/room/kost-blitar-kost-campur-murah-kost-bu-koes-tipe-standar-sananwetan-blitar
Kabupaten Blitar,Kost Mesti Jodo Tipe A,Putri,Kepanjenkidul,0.0,Tidak,Tidak,Ya,Ya,Ya,Ya,350000,https://mamikos.com/room/kost-blitar-kost-putri-murah-kost-mesti-jodo-tipe-a-kepanjenkidul-blitar-2
Kabupaten Blitar,Kost Hubby,Campur,Kecamatan Sukorejo,0.0,Tidak,Ya,Ya,Tidak,Ya,Ya,600000,https://mamikos.com/room/kost-kota-blitar-kost-campur-murah-kost-hubby-sukorejo-blitar-2
Kabupaten Blitar,Kost Perumahan GKR,Putri,Sananwetan,0.0,Tidak,Ya,Ya,Tidak,Tidak,Ya,400000,https://mamikos.com/room/kost-blitar-kost-putri-murah-kost-perumahan-gkr-sananwetan-blitar
Kabupaten Blitar,Kost Nav Tipe C,Putra,Sananwetan,0.0,Tidak,Ya,Ya,Ya,Tidak,Ya,250000,https://mamikos.com/room/kost-kota-blitar-kost-putra-murah-kost-nav-tipe-c-sananwetan-blitar-2
Kabupaten Blitar,Kost Hery,Campur,Kecamatan Sananwetan,0.0,Ya,Ya,Ya,Tidak,Ya,Ya,1500000,https://mamikos.com/room/kost-kota-blitar-kost-campur-eksklusif-kost-hery-sananwetan-blitar
Kabupaten Blitar,Kost Ciater Tipe A,Campur,Kepanjenkidul,0.0,Tidak,Ya,Ya,Tidak,Ya,Ya,650000,https://mamikos.com/room/kost-blitar-kost-campur-murah-kost-ciater-tipe-a-kepanjenkidul-blitar-2
Kabupaten Blitar,Kost Semeru 97 Tipe B,Putri,Kepanjenkidul,0.0,Tidak,Ya,Ya,Tidak,Ya,Tidak,700000,https://mamikos.com/room/kost-blitar-kost-putri-murah-kost-semeru-97-tipe-b-kepanjenkidul-blitar
Kabupaten Blitar,Kost Sumiati,Putri,Kepanjenkidul,0.0,Tidak,Ya,Ya,Ya,Tidak,Tidak,300000,https://mamikos.com/room/kost-blitar-kost-putri-murah-kost-sumiati-kepanjenkidul-blitar--1
Kabupaten Blitar,Kost Omah Eyang By Navie Tipe Larasati,Campur,Kanigoro,0.0,Tidak,Tidak,Ya,Tidak,Ya,Tidak,700000,https://mamikos.com/room/kost-blitar-kost-campur-murah-kost-omah-eyang-by-navie-tipe-larasati-kanigoro-blitar
Kabupaten Blitar,Kost Anggrek,Putri,Sananwetan,0.0,Tidak,Tidak,Ya,Ya,Tidak,Ya,500000,https://mamikos.com/room/kost-kota-blitar-kost-putri-murah-kost-anggrek-sananwetan-blitar
Kabupaten Blitar,Kost Sempulur,Putra,Sananwetan,0.0,Tidak,Tidak,Ya,Tidak,Tidak,Ya,375000,https://mamikos.com/room/kost-kota-blitar-kost-putra-murah-kost-sempulur-sananwetan-blitar-2
Kabupaten Blitar,Kost Wafirah Tipe C,Putri,Kecamatan Sananwetan,5.0,Ya,Ya,Ya,Ya,Ya,Ya,1100000,https://mamikos.com/room/kost-kota-blitar-kost-putri-murah-kost-wafirah-tipe-c-sananwetan-blitar
Kabupaten Blitar,Kost Fazza Tipe A,Putri,Kecamatan Sukorejo,0.0,Tidak,Ya,Ya,Tidak,Ya,Ya,600000,https://mamikos.com/room/kost-kota-blitar-kost-putri-murah-kost-fazza-tipe-a-sukorejo-blitar
Kabupaten Blitar,Kost Rumah Venus,Putri,Kecamatan Kepanjenkidul,0.0,Tidak,Ya,Ya,Ya,Ya,Ya,750000,https://mamikos.com/room/kost-kota-blitar-kost-putri-murah-kost-rumah-venus-kepanjenkidul-blitar-1
Kabupaten Blitar,Kost Salman 2,Putri,Sananwetan,0.0,Tidak,Tidak,Ya,Tidak,Ya,Ya,385000,https://mamikos.com/room/kost-kota-blitar-kost-putri-murah-kost-salman-2-sananwetan-blitar
Kabupaten Blitar,Kost Anggun Tipe B,Putri,Sananwetan,0.0,Ya,Ya,Ya,Tidak,Ya,Ya,1500000,https://mamikos.com/room/kost-blitar-kost-putri-eksklusif-kost-anggun-tipe-b-sananwetan-blitar
Kabupaten Blitar,Kost Salman,Putri,Kepanjenkidul,0.0,Tidak,Ya,Ya,Ya,Ya,Tidak,450000,https://mamikos.com/room/kost-blitar-kost-putri-murah-kost-putri-muslim-salman-kepanjenkidul-blitar
Kabupaten Blitar,Kost Thekos Tipe A,Putri,Kepanjenkidul,0.0,Tidak,Ya,Ya,Tidak,Ya,Ya,700000,https://mamikos.com/room/kost-kota-blitar-kost-putri-murah-the-kost-tipe-a-kepanjenkidul-blitar-2
Kabupaten Blitar,Kost Pak Kateni Tipe A,Putri,Kecamatan Sananwetan,0.0,Tidak,Ya,Ya,Tidak,Tidak,Tidak,350000,https://mamikos.com/room/kost-kota-blitar-kost-putri-murah-kost-pak-kateni-tipe-a-sananwetan-blitar
Kabupaten Blitar,Kost Bintang,Campur,Sukorejo,0.0,Tidak,Tidak,Ya,Tidak,Ya,Tidak,500000,https://mamikos.com/room/kost-blitar-kost-campur-murah-kost-bintang-sukorejo-blitar-1
Kabupaten Blitar,Kost Chifa I,Campur,Sanankulon,0.0,Tidak,Ya,Ya,Tidak,Ya,Ya,500000,https://mamikos.com/room/kost-kabupaten-blitar-kost-campur-murah-kost-chifa-i-sanankulon-blitar
Kabupaten Blitar,Kost Heru,Campur,Kepanjenkidul,0.0,Tidak,Ya,Ya,Tidak,Ya,Ya,400000,https://mamikos.com/room/kost-kota-blitar-kost-campur-murah-kost-heru-kepanjenkidul-blitar-2
Kabupaten Blitar,Kost Arsaga Tipe A,Campur,Kecamatan Kanigoro,0.0,Tidak,Ya,Ya,Ya,Ya,Ya,600000,https://mamikos.com/room/kost-kabupaten-blitar-kost-campur-eksklusif-kost-arsaga-tipe-a-kanigoro-blitar
Kabupaten Blitar,Kost Rumah Pak Ga,Putra,Kanigoro,0.0,Tidak,Tidak,Ya,Tidak,Ya,Ya,500000,https://mamikos.com/room/kost-blitar-kost-putra-murah-kost-rumah-pak-ga-kanigoro-blitar
Kabupaten Blitar,Kost Griya Yohanes,Putri,Sananwetan,0.0,Tidak,Tidak,Ya,Tidak,Tidak,Ya,275000,https://mamikos.com/room/kost-blitar-kost-putri-murah-kost-griya-yohanes-sananwetan-blitar-1
Kabupaten Blitar,Kost Jeruk Tipe A,Campur,Sananwetan,0.0,Tidak,Ya,Ya,Tidak,Ya,Tidak,500000,https://mamikos.com/room/kost-blitar-kost-campur-murah-kost-jeruk-tipe-a-sananwetan-blitar-1
Kabupaten Blitar,Kost Siwur Tipe A,Campur,Kepanjenkidul,0.0,Tidak,Ya,Ya,Tidak,Ya,Ya,450000,https://mamikos.com/room/kost-kota-blitar-kost-putri-murah-kost-siwur-tipe-a-kepanjenkidul-blitar
Kabupaten Blitar,Kost Natuna Indah Tipe A,Campur,Sananwetan,0.0,Tidak,Ya,Ya,Tidak,Ya,Ya,600000,https://mamikos.com/room/kost-blitar-kost-campur-murah-kost-natuna-indah-tipe-a-sananwetan-blitar
Kabupaten Blitar,Kost Irvania Tipe A,Putri,Kecamatan Sananwetan,0.0,Tidak,Ya,Ya,Ya,Tidak,Ya,250000,https://mamikos.com/room/kost-kota-blitar-kost-putri-murah-kost-irvania-tipe-a-sananwetan-blitar
Kabupaten Blitar,Kost Tanjungsari Tipe A,Campur,Kecamatan Sukorejo,0.0,Tidak,Ya,Ya,Tidak,Ya,Tidak,1000000,https://mamikos.com/room/kost-kota-blitar-kost-campur-eksklusif-kost-tanjungsari-tipe-a-sukorejo-blitar
Kabupaten Blitar,Kost Kuningan,Campur,Kanigoro,0.0,Tidak,Ya,Ya,Tidak,Ya,Tidak,580000,https://mamikos.com/room/kost-kabupaten-blitar-kost-campur-eksklusif-kost-kuningan-kanigoro-blitar-2
Kabupaten Blitar,Kost Anta,Putri,Kecamatan Sananwetan,0.0,Tidak,Ya,Ya,Ya,Tidak,Ya,450000,https://mamikos.com/room/kost-kota-blitar-kost-putri-murah-kost-anta-sananwetan-blitar
Kabupaten Blitar,Kost Bhineka Tipe A,Campur,Sananwetan,0.0,Tidak,Tidak,Ya,Tidak,Tidak,Tidak,350000,https://mamikos.com/room/kost-blitar-kost-campur-murah-kost-bhineka-tipe-a-sananwetan-blitar-2
Kabupaten Blitar,Kost Lancar Jaya Tipe A,Putri,Sukorejo,0.0,Tidak,Ya,Ya,Tidak,Tidak,Tidak,250000,https://mamikos.com/room/kost-blitar-kost-putri-murah-kost-lancar-jaya-tipe-a-sukorejo-blitar-1
Kabupaten Blitar,Kost Omah Eyang By Navie Tipe Drupadi Non Ac,Campur,Kanigoro,0.0,Tidak,Tidak,Ya,Tidak,Ya,Ya,800000,https://mamikos.com/room/kost-blitar-kost-campur-murah-kost-omah-eyang-by-navie-tipe-drupadi-non-ac-kanigoro-blitar
Kabupaten Blitar,Kost Lancar Jaya Tipe B,Putri,Sukorejo,0.0,Tidak,Ya,Ya,Tidak,Tidak,Tidak,300000,https://mamikos.com/room/kost-blitar-kost-putri-murah-kost-lancar-jaya-tipe-b-sukorejo-blitar
Kabupaten Blitar,Kost Griya C11,Campur,Sananwetan,0.0,Ya,Ya,Ya,Ya,Tidak,Ya,1100000,https://mamikos.com/room/kost-kota-blitar-kost-campur-eksklusif-kost-griya-c11-sananwetan-blitar
Kabupaten Blitar,Kost Mendut,Campur,Sananwetan,0.0,Tidak,Tidak,Ya,Tidak,Ya,Tidak,400000,https://mamikos.com/room/kost-blitar-kost-campur-murah-kost-mendut-sananwetan-blitar-1
Kabupaten Blitar,Kost Al Azis I Tipe A,Putri,Kecamatan Sananwetan,0.0,Tidak,Tidak,Ya,Tidak,Tidak,Ya,275000,https://mamikos.com/room/kost-kota-blitar-kost-putri-murah-kost-al-azis-i-tipe-a-sananwetan-blitar
Kabupaten Blitar,Kost Arjuna,Putra,Kecamatan Sananwetan,0.0,Tidak,Tidak,Ya,Tidak,Ya,Ya,700000,https://mamikos.com/room/kost-kota-blitar-kost-putra-murah-kost-arjuna-sananwetan-blitar-1
Kabupaten Blitar,Kost Omah Eyang By Navie Tipe Srikandi,Campur,Kanigoro,0.0,Ya,Tidak,Ya,Ya,Ya,Ya,1100000,https://mamikos.com/room/kost-blitar-kost-campur-eksklusif-kost-omah-eyang-by-navie-tipe-srikandi-kanigoro-blitar
Kabupaten Blitar,Kost Keluarga Bu Tris Tipe A,Putra,Kecamatan Sananwetan,0.0,Tidak,Tidak,Ya,Tidak,Ya,Ya,600000,https://mamikos.com/room/kost-kota-blitar-kost-putra-murah-kost-keluarga-bu-tris-sananwetan-blitar
Kabupaten Blitar,Kost Siwur,Putra,Kepanjenkidul,0.0,Tidak,Tidak,Ya,Tidak,Ya,Ya,450000,https://mamikos.com/room/kost-kota-blitar-kost-putra-murah-kost-siwur-kepanjenkidul-blitar
Kabupaten Blitar,Kost Hijau Tipe A,Campur,Kecamatan Sananwetan,0.0,Tidak,Ya,Ya,Tidak,Ya,Ya,600000,https://mamikos.com/room/kost-kota-blitar-kost-campur-eksklusif-kost-hijau-tipe-a-sananwetan-blitar
Kabupaten Blitar,Kost Maluku Garden Tipe A,Campur,Sananwetan,0.0,Tidak,Tidak,Ya,Tidak,Ya,Ya,550000,https://mamikos.com/room/kost-blitar-kost-campur-murah-kost-maluku-garden-tipe-a-sananwetan-blitar-2
Kabupaten Blitar,Kost Kossumba,Campur,Kecamatan Sananwetan,0.0,Tidak,Tidak,Ya,Ya,Ya,Ya,600000,https://mamikos.com/room/kost-kota-blitar-kost-campur-eksklusif-kost-kossumba-sananwetan-blitar
Kabupaten Blitar,Kost Putra Wilis,Putra,Kepanjenkidul,0.0,Tidak,Ya,Ya,Tidak,Ya,Tidak,450000,https://mamikos.com/room/kost-blitar-kost-putra-murah-kost-putra-wilis-kepanjenkidul-blitar-2
Kabupaten Blitar,Kost Abthree,Putri,Kecamatan Sananwetan,0.0,Tidak,Tidak,Ya,Tidak,Tidak,Tidak,250000,https://mamikos.com/room/kost-kota-blitar-kost-putri-murah-kost-abthree-sananwetan-blitar-2
Kabupaten Blitar,Kost Ciater Tipe B,Campur,Kepanjenkidul,0.0,Ya,Ya,Ya,Tidak,Ya,Ya,1000000,https://mamikos.com/room/kost-blitar-kost-campur-eksklusif-kost-ciater-tipe-b-kepanjenkidul-blitar
Kabupaten Blitar,Kost Wilis 21 Kepanjen Kidul,Campur,Kepanjenkidul,3.4,Tidak,Ya,Ya,Tidak,Ya,Tidak,400000,https://mamikos.com/room/kost-blitar-kost-campur-murah-kost-wilis-21-kepanjen-kidul-blitar-1
Kabupaten Blitar,Kost Bhineka Tipe B,Campur,Sananwetan,0.0,Tidak,Tidak,Ya,Tidak,Tidak,Tidak,400000,https://mamikos.com/room/kost-blitar-kost-campur-murah-kost-bhineka-tipe-b-sananwetan-blitar-2
Kabupaten Blitar,Kost Aru 25 Tipe A,Campur,Kecamatan Sananwetan,0.0,Tidak,Ya,Ya,Tidak,Ya,Ya,650000,https://mamikos.com/room/kost-kota-blitar-kost-campur-murah-kost-aru-25-tipe-a-sananwetan-blitar
Kabupaten Blitar,Kost Pak Deddy,Putri,Sananwetan,0.0,Tidak,Ya,Ya,Ya,Ya,Ya,250000,https://mamikos.com/room/kost-blitar-kost-putri-murah-kost-pak-deddy-sananwetan-blitar-1
Kabupaten Blitar,Kost Mahira,Putri,Kecamatan Sananwetan,0.0,Tidak,Tidak,Ya,Ya,Tidak,Ya,480000,https://mamikos.com/room/kost-kota-blitar-kost-putri-eksklusif-kost-mahira-sananwetan-blitar
Kabupaten Blitar,Kost Bunda Lia Tipe B,Putri,Kepanjenkidul,0.0,Tidak,Tidak,Ya,Tidak,Ya,Ya,370000,https://mamikos.com/room/kost-kota-blitar-kost-putri-murah-kost-bunda-lia-tipe-b-kepanjenkidul-blitar-2
Kabupaten Blitar,Kost GKR F17,Putri,Sananwetan,0.0,Tidak,Ya,Ya,Ya,Tidak,Tidak,580000,https://mamikos.com/room/kost-kota-blitar-kost-putri-murah-kost-gkr-f17-sananwetan-blitar-2
Kabupaten Blitar,Kost Pak Heru,Campur,Kecamatan Kepanjenkidul,0.0,Tidak,Tidak,Ya,Tidak,Ya,Ya,450000,https://mamikos.com/room/kost-kota-blitar-kost-campur-murah-kost-pak-heru-kepanjenkidul-blitar-1
Kabupaten Blitar,Kost Bu Muhtar,Putri,Sananwetan,0.0,Tidak,Ya,Ya,Tidak,Tidak,Tidak,350000,https://mamikos.com/room/kost-blitar-kost-putri-murah-kost-bu-muhtar-sananwetan-blitar-1
Kabupaten Blitar,Kost Adem Asri Tipe Standar,Campur,Sukorejo,0.0,Tidak,Tidak,Ya,Tidak,Ya,Ya,500000,https://mamikos.com/room/kost-blitar-kost-campur-murah-kost-adem-asri-tipe-standar-sukorejo-blitar-2
Kabupaten Blitar,Kost Alice,Putri,Sananwetan,0.0,Tidak,Ya,Ya,Tidak,Ya,Ya,600000,https://mamikos.com/room/kost-blitar-kost-putri-murah-kost-alice-sananwetan-blitar-1
Kabupaten Blitar,Kost Bening,Putra,Sananwetan,0.0,Tidak,Ya,Ya,Tidak,Tidak,Tidak,250000,https://mamikos.com/room/kost-kota-blitar-kost-putra-murah-kost-bening-sananwetan-blitar
Kabupaten Blitar,Kost Bali House Tipe A,Campur,Kecamatan Sananwetan,0.0,Tidak,Ya,Ya,Ya,Ya,Ya,750000,https://mamikos.com/room/kost-kota-blitar-kost-campur-eksklusif-kost-bali-house-tipe-a-sananwetan-blitar
Kabupaten Blitar,Kost Merdeka Executive,Campur,Kecamatan Kanigoro,0.0,Tidak,Tidak,Ya,Ya,Ya,Ya,650000,https://mamikos.com/room/kost-blitar-kost-campur-murah-kost-merdeka-executive-kanigoro-blitar-1
Kabupaten Blitar,Kost 3 Putra Pukeas F5,Putra,Sananwetan,0.0,Tidak,Ya,Ya,Tidak,Tidak,Tidak,500000,https://mamikos.com/room/kost-blitar-kost-putra-murah-kost-3-putra-pukeas-f5-sananwetan-blitar
Kabupaten Blitar,Kost 28,Campur,Kecamatan Kepanjenkidul,0.0,Tidak,Ya,Tidak,Tidak,Ya,Tidak,750000,https://mamikos.com/room/kost-kota-blitar-kost-campur-murah-kost-28-kepanjenkidul-blitar-2
Kabupaten Blitar,Kost Semeru 97 Tipe A,Putri,Kepanjenkidul,0.0,Tidak,Ya,Ya,Tidak,Ya,Tidak,600000,https://mamikos.com/room/kost-blitar-kost-putri-murah-kost-semeru-97-tipe-a-kepanjenkidul-blitar-1
Kabupaten Blitar,Kost Maluku,Campur,Kecamatan Sananwetan,0.0,Tidak,Ya,Ya,Ya,Tidak,Ya,550000,https://mamikos.com/room/kost-kota-blitar-kost-campur-murah-kost-maluku-sananwetan-blitar
Kabupaten Blitar,Kost Wafirah Tipe D,Putri,Sananwetan,0.0,Ya,Ya,Ya,Ya,Ya,Ya,1250000,https://mamikos.com/room/kost-kota-blitar-kost-putri-eksklusif-kost-wafirah-tipe-d-sananwetan-blitar-1
Kabupaten Blitar,Kost Maluku Garden Tipe B,Campur,Sananwetan,0.0,Tidak,Tidak,Ya,Tidak,Ya,Ya,600000,https://mamikos.com/room/kost-blitar-kost-campur-murah-kost-maluku-garden-tipe-b-sananwetan-blitar
Kabupaten Blitar,Kost Anggun Tipe A,Putri,Sananwetan,0.0,Tidak,Ya,Ya,Tidak,Ya,Ya,500000,https://mamikos.com/room/kost-blitar-kost-putri-murah-kost-anggun-tipe-a-sananwetan-blitar-2
Kabupaten Blitar,Kost Jeruk Tipe B,Campur,Sananwetan,0.0,Tidak,Ya,Ya,Tidak,Ya,Tidak,600000,https://mamikos.com/room/kost-blitar-kost-campur-murah-kost-jeruk-tipe-b-sananwetan-blitar
Kabupaten Blitar,Kost Thekos Tipe B,Putri,Kepanjenkidul,0.0,Tidak,Ya,Ya,Tidak,Ya,Ya,500000,https://mamikos.com/room/kost-kota-blitar-kost-putri-murah-the-kost-tipe-b-kepanjenkidul-blitar-2
Kabupaten Blitar,Kost Enyo,Campur,Kecamatan Sananwetan,0.0,Tidak,Ya,Ya,Ya,Ya,Ya,750000,https://mamikos.com/room/kost-kota-blitar-kost-campur-murah-kost-enyo-sananwetan-blitar
Kabupaten Blitar,Kost Cahaya,Campur,Sananwetan,0.0,Tidak,Tidak,Ya,Tidak,Ya,Tidak,550000,https://mamikos.com/room/kost-blitar-kost-campur-murah-kost-cahaya-sananwetan-blitar-1
Kabupaten Blitar,Kost Al Azis I Tipe B,Putri,Sananwetan,0.0,Tidak,Ya,Ya,Tidak,Ya,Ya,500000,https://mamikos.com/room/kost-blitar-kost-putri-murah-kost-al-azis-i-tipe-b-sananwetan-blitar-1
Kabupaten Blitar,Kost Bhineka Tipe C,Campur,Sananwetan,0.0,Tidak,Tidak,Ya,Tidak,Ya,Tidak,500000,https://mamikos.com/room/kost-blitar-kost-campur-murah-kost-bhineka-tipe-c-sananwetan-blitar
Kabupaten Blitar,Kost Natuna Indah Tipe B,Campur,Sananwetan,0.0,Ya,Ya,Ya,Ya,Ya,Ya,1100000,https://mamikos.com/room/kost-blitar-kost-campur-eksklusif-kost-natuna-indah-tipe-b-sananwetan-blitar
Kabupaten Bojonegoro,Kost Dream Tipe A,Campur,Bojonegoro,0.0,Ya,Ya,Ya,Ya,Ya,Ya,1000000,https://mamikos.com/room/kost-kabupaten-bojonegoro-kost-campur-eksklusif-kost-dream-tipe-a-bojonegoro
Kabupaten Bojonegoro,Kost Marala Tipe Executive,Campur,Bojonegoro,0.0,Ya,Ya,Ya,Ya,Ya,Ya,1500000,https://mamikos.com/room/kost-bojonegoro-kost-campur-eksklusif-kost-marala-tipe-executive-bojonegoro
Kabupaten Bojonegoro,Kost D Tipe Ekslusif A,Putri,Bojonegoro,0.0,Tidak,Ya,Ya,Ya,Ya,Ya,900000,https://mamikos.com/room/kost-kabupaten-bojonegoro-kost-putri-eksklusif-kost-d-tipe-ekslusif-a-bojonegoro-bojonegoro-2
Kabupaten Bojonegoro,Kost Dream Tipe B,Campur,Bojonegoro,0.0,Ya,Ya,Ya,Tidak,Ya,Ya,1250000,https://mamikos.com/room/kost-kabupaten-bojonegoro-kost-campur-eksklusif-kost-dream-tipe-b-bojonegoro
Kabupaten Bojonegoro,Kost Bunda Wiwin Tipe A,Putri,Bojonegoro,0.0,Tidak,Tidak,Ya,Tidak,Ya,Ya,450000,https://mamikos.com/room/kost-kabupaten-bojonegoro-kost-putri-murah-kost-bunda-wiwin-tipe-a-bojonegoro-bojonegoro-2
Kabupaten Bojonegoro,Kost D 50 Living Syariah,Campur,Bojonegoro,0.0,Ya,Ya,Ya,Ya,Ya,Ya,1600000,https://mamikos.com/room/kost-bojonegoro-kost-campur-eksklusif-kost-d-50-living-syariah-bojonegoro
Kabupaten Bojonegoro,Kost M.H. Thamrin,Campur,Bojonegoro,0.0,Ya,Ya,Ya,Ya,Ya,Ya,850000,https://mamikos.com/room/kost-kabupaten-bojonegoro-kost-campur-murah-kost-mh-thamrin-bojonegoro
Kabupaten Bojonegoro,Kost Ks Tipe Ac Kmd,Putra,Bojonegoro,0.0,Ya,Ya,Ya,Ya,Ya,Ya,800000,https://mamikos.com/room/kost-bojonegoro-kost-putra-murah-kost-ks-tipe-ac-kmd-bojonegoro
Kabupaten Bojonegoro,Kost Hari,Campur,Kecamatan Bojonegoro,0.0,Tidak,Ya,Ya,Tidak,Ya,Tidak,500000,https://mamikos.com/room/kost-kabupaten-bojonegoro-kost-campur-murah-kost-hari-bojonegoro-
Kabupaten Bojonegoro,Kost Homestay Islamic Center Vip,Putri,Kecamatan Bojonegoro,0.0,Ya,Tidak,Ya,Tidak,Tidak,Ya,500000,https://mamikos.com/room/kost-kabupaten-bojonegoro-kost-putri-murah-kost-homestay-islamic-center-vip-bojonegoro-2
Kabupaten Bojonegoro,Kost Griya Permata Asri,Putri,Bojonegoro,5.0,Tidak,Ya,Ya,Tidak,Tidak,Tidak,550000,https://mamikos.com/room/kost-kabupaten-bojonegoro-kost-putri-murah-kost-griya-permata-asri-bojonegoro-2
Kabupaten Bojonegoro,Kost Wisma Sosodoro,Putri,Bojonegoro,0.0,Tidak,Tidak,Ya,Tidak,Tidak,Ya,500000,https://mamikos.com/room/kost-bojonegoro-kost-putri-murah-kost-wisma-sosodoro-bojonegoro
Kabupaten Bojonegoro,Kost Ks Tipe A Kipas Angin,Putra,Bojonegoro,5.0,Tidak,Ya,Ya,Ya,Tidak,Ya,400000,https://mamikos.com/room/kost-bojonegoro-kost-putra-murah-kost-ks-tipe-a-tipe-a-kipas-angin-bojonegoro
Kabupaten Bojonegoro,Kost Bu Sri,Putri,Bojonegoro,0.0,Tidak,Ya,Ya,Tidak,Tidak,Ya,400000,https://mamikos.com/room/kost-kabupaten-bojonegoro-kost-putri-murah-kost-bu-sri-bojonegoro
Kabupaten Bojonegoro,Kost Nkg Tipe A,Campur,Dander,0.0,Tidak,Ya,Ya,Tidak,Tidak,Tidak,450000,https://mamikos.com/room/kost-bojonegoro-kost-campur-murah-kost-nkg-tipe-a-dander-bojonegoro
Kabupaten Bojonegoro,Kost Sheza Tipe Executive,Putra,Bojonegoro,0.0,Ya,Tidak,Ya,Ya,Ya,Ya,1300000,https://mamikos.com/room/kost-bojonegoro-kost-putra-eksklusif-kost-sheza-tipe-executive-bojonegoro
Kabupaten Bojonegoro,Kost Monica,Putra,Bojonegoro,0.0,Tidak,Ya,Ya,Tidak,Tidak,Ya,450000,https://mamikos.com/room/kost-bojonegoro-kost-putra-murah-kost-monica-bojonegoro
Kabupaten Bojonegoro,Kost Bu Yanti,Putri,Bojonegoro,0.0,Tidak,Ya,Ya,Ya,Ya,Ya,450000,https://mamikos.com/room/kost-kabupaten-bojonegoro-kost-putri-murah-kost-bu-yanti-bojonegoro
Kabupaten Bojonegoro,Kost Pring Kuning 2 Tipe Standar,Putri,Bojonegoro,0.0,Tidak,Tidak,Ya,Ya,Ya,Ya,550000,https://mamikos.com/room/kost-bojonegoro-kost-putri-murah-kost-pring-kuning-2-tipe-standar-bojonegoro
Kabupaten Bojonegoro,Kost Pak Imam,Campur,Bojonegoro,0.0,Tidak,Ya,Ya,Tidak,Ya,Ya,600000,https://mamikos.com/room/kost-kabupaten-bojonegoro-kost-campur-murah-kost-pak-imam-bojonegoro
Kabupaten Bojonegoro,Kost Guest House Djatis Purwo Wasito Tipe A,Campur,Kecamatan Bojonegoro,0.0,Tidak,Ya,Tidak,Ya,Tidak,Ya,500000,https://mamikos.com/room/kost-kabupaten-bojonegoro-kost-campur-murah-kost-guest-house-djatis-purwo-wasito-tipe-a-bojonegoro
Kabupaten Bojonegoro,Kost Boys Corner Emikari,Putra,Bojonegoro,0.0,Tidak,Ya,Ya,Ya,Ya,Ya,650000,https://mamikos.com/room/kost-bojonegoro-kost-putra-murah-kost-boys-corner-emikari-bojonegoro
Kabupaten Bojonegoro,Kost Iam,Putri,Kecamatan Bojonegoro,0.0,Tidak,Ya,Ya,Tidak,Ya,Ya,450000,https://mamikos.com/room/kost-kabupaten-bojonegoro-kost-putri-eksklusif-kost-iam-bojonegoro
Kabupaten Bojonegoro,Kost Pendopo Gendhis,Putri,Kecamatan Bojonegoro,0.0,Tidak,Ya,Ya,Tidak,Tidak,Ya,600000,https://mamikos.com/room/kost-kabupaten-bojonegoro-kost-putri-murah-kost-pendopo-gendhis-bojonegoro
Kabupaten Bojonegoro,Kost Griya Asri,Campur,Kecamatan Kapas,0.0,Ya,Ya,Ya,Ya,Ya,Ya,850000,https://mamikos.com/room/kost-kabupaten-bojonegoro-kost-campur-murah-kost-griya-asri-kapas-bojonegoro-2
Kabupaten Bojonegoro,Kost Bu Erni Tipe A,Putri,Bojonegoro,0.0,Tidak,Ya,Ya,Tidak,Tidak,Ya,400000,https://mamikos.com/room/kost-bojonegoro-kost-putri-murah-kost-bu-erni-tipe-a-bojonegoro
Kabupaten Bojonegoro,Kost Anna Tipe A,Putra,Bojonegoro,0.0,Tidak,Ya,Ya,Ya,Tidak,Tidak,500000,https://mamikos.com/room/kost-kabupaten-bojonegoro-kost-putra-murah-kost-anna-tipe-a-bojonegoro-bojonegoro
Kabupaten Bojonegoro,Kost Griya Indah Lestari Tipe B,Campur,Bojonegoro,0.0,Ya,Ya,Ya,Ya,Ya,Ya,1000000,https://mamikos.com/room/kost-kabupaten-bojonegoro-kost-campur-eksklusif-kost-griya-indah-lestari-bojonegoro-bojonegoro-2
Kabupaten Bojonegoro,Kost Rumah Bu Har Tipe Standar,Putri,Kapas,0.0,Tidak,Tidak,Ya,Tidak,Tidak,Ya,400000,https://mamikos.com/room/kost-bojonegoro-kost-putri-murah-kost-rumah-bu-har-tipe-standar-kapas-bojonegoro
Kabupaten Bojonegoro,Kost Gardu 260 Tipe Standar,Campur,Bojonegoro,0.0,Tidak,Tidak,Ya,Tidak,Ya,Ya,750000,https://mamikos.com/room/kost-bojonegoro-kost-campur-murah-kost-gardu-260-tipe-standar-bojonegoro
Kabupaten Bojonegoro,Kost Kosanku Tipe VIP,Campur,Bojonegoro,0.0,Tidak,Tidak,Ya,Ya,Ya,Ya,1200000,https://mamikos.com/room/kost-kabupaten-bojonegoro-kost-campur-murah-kost-kosanku-tipe-vip-bojonegoro
Kabupaten Bojonegoro,Kost Banjarjo Tipe A,Putri,Bojonegoro,0.0,Tidak,Ya,Ya,Ya,Ya,Ya,800000,https://mamikos.com/room/kost-bojonegoro-kost-putri-murah-kost-banjarjo-tipe-a-bojonegoro
Kabupaten Bojonegoro,Kost Adhesa Tipe Ac,Putra,Bojonegoro,0.0,Ya,Ya,Ya,Ya,Ya,Ya,900000,https://mamikos.com/room/kost-kabupaten-bojonegoro-kost-putra-murah-kost-adhesa-tipe-ac-bojonegoro
Kabupaten Bojonegoro,Kost Bella Excekutif,Putri,Bojonegoro,5.0,Ya,Ya,Ya,Ya,Ya,Ya,1300000,https://mamikos.com/room/kost-kabupaten-bojonegoro-kost-putri-eksklusif-kost-bella-excekutif-bojonegoro-2
Kabupaten Bojonegoro,Kost Griya Makruf Alami,Campur,Kecamatan Bojonegoro,0.0,Ya,Ya,Ya,Ya,Ya,Ya,1300000,https://mamikos.com/room/kost-kost-campur-eksklusif-kost-griya-makruf-alami-bojonegoro
Kabupaten Bojonegoro,Kost Sultan,Putri,Kecamatan Bojonegoro,0.0,Tidak,Tidak,Ya,Ya,Tidak,Ya,500000,https://mamikos.com/room/kost-kabupaten-bojonegoro-kost-putri-eksklusif-kost-sultan-bojonegoro
Kabupaten Bojonegoro,Kost Ocs Tipe A,Campur,Kecamatan Kapas,0.0,Ya,Ya,Ya,Tidak,Ya,Ya,1000000,https://mamikos.com/room/kost-kabupaten-bojonegoro-kost-campur-eksklusif-ocs-kost-tipe-a-kapas-bojonegoro-2
Kabupaten Bojonegoro,Kost Hernanda Tipe B,Putri,Bojonegoro,0.0,Tidak,Tidak,Ya,Ya,Tidak,Ya,350000,https://mamikos.com/room/kost-kabupaten-bojonegoro-kost-putri-murah-kost-hernanda-tipe-b-bojonegoro
Kabupaten Bojonegoro,Kost NAM Lantai 1,Putra,Kecamatan Bojonegoro,0.0,Tidak,Tidak,Ya,Ya,Ya,Tidak,500000,https://mamikos.com/room/kost-kabupaten-bojonegoro-kost-putra-murah-kost-nam-lantai-1-bojonegoro
Kabupaten Bojonegoro,Kost Joelia,Putra,Kecamatan Bojonegoro,0.0,Tidak,Tidak,Ya,Ya,Ya,Tidak,750000,https://mamikos.com/room/kost-kabupaten-bojonegoro-kost-putra-murah-kost-joelia-bojonegoro-bojonegoro
Kabupaten Bojonegoro,Kost Pondhok Boro Sukorejo,Putra,Bojonegoro,0.0,Tidak,Ya,Ya,Ya,Tidak,Ya,500000,https://mamikos.com/room/kost-kabupaten-bojonegoro-kost-putra-eksklusif-kost-pondhok-boro-sukorejo-bojonegoro
Kabupaten Bojonegoro,Kost Pak Bambang Mess Persibo Tipe B,Campur,Bojonegoro,0.0,Ya,Ya,Ya,Tidak,Tidak,Ya,700000,https://mamikos.com/room/kost-kabupaten-bojonegoro-kost-campur-murah-kost-pak-bambang-mess-persibo-tipe-b-bojonegoro-bojonegoro
Kabupaten Bojonegoro,Kost Chinta,Putri,Bojonegoro,0.0,Tidak,Ya,Ya,Tidak,Tidak,Ya,450000,https://mamikos.com/room/kost-kabupaten-bojonegoro-kost-putri-murah-kost-chinta-bojonegoro-1
Kabupaten Bojonegoro,Kost Wisma Klangon 1 Type A,Putra,Kecamatan Bojonegoro,0.0,Tidak,Ya,Ya,Tidak,Ya,Ya,700000,https://mamikos.com/room/kost-kabupaten-bojonegoro-kost-putra-eksklusif-kost-wisma-klangon-1-type-a-bojonegoro-bojonegoro
Kabupaten Bojonegoro,Kost Hernanda Tipe A,Putri,Bojonegoro,0.0,Tidak,Tidak,Ya,Ya,Tidak,Tidak,500000,https://mamikos.com/room/kost-kabupaten-bojonegoro-kost-putri-murah-kost-hernanda-tipe-a-bojonegoro
Kabupaten Bojonegoro,Kost Brako,Campur,Kecamatan Bojonegoro,0.0,Ya,Tidak,Ya,Ya,Ya,Tidak,1000000,https://mamikos.com/room/kost-kabupaten-bojonegoro-kost-campur-eksklusif-kost-brako-bojonegoro
Kabupaten Bojonegoro,Kost Exclusive Hanifah,Campur,Bojonegoro,0.0,Ya,Ya,Ya,Ya,Ya,Ya,1200000,https://mamikos.com/room/kost-bojonegoro-kost-campur-eksklusif-kost-exclusive-hanifah-bojonegoro
Kabupaten Bojonegoro,Kost Adhesa Tipe Non Ac,Putra,Bojonegoro,0.0,Tidak,Ya,Ya,Ya,Ya,Ya,600000,https://mamikos.com/room/kost-kabupaten-bojonegoro-kost-putra-murah-kost-adhesa-tipe-non-ac-bojonegoro-bojonegoro-2
Kabupaten Bojonegoro,Kost Sri,Putri,Kecamatan Bojonegoro,0.0,Tidak,Ya,Ya,Tidak,Tidak,Ya,375000,https://mamikos.com/room/kost-kabupaten-bojonegoro-kost-putri-murah-kost-sri-bojonegoro-bojonegoro-2
Kabupaten Bojonegoro,Kost Anna Tipe B,Putra,Bojonegoro,0.0,Tidak,Ya,Ya,Ya,Ya,Tidak,700000,https://mamikos.com/room/kost-kabupaten-bojonegoro-kost-putra-murah-kost-anna-tipe-b-bojonegoro-bojonegoro
Kabupaten Bojonegoro,Kost Green,Putri,Kecamatan Bojonegoro,0.0,Tidak,Tidak,Ya,Tidak,Tidak,Ya,400000,https://mamikos.com/room/kost-kabupaten-bojonegoro-kost-putri-murah-kost-green-bojonegoro
Kabupaten Bojonegoro,Kost Bu Tetty,Putra,Kecamatan Bojonegoro,0.0,Tidak,Ya,Ya,Tidak,Tidak,Tidak,600000,https://mamikos.com/room/kost-kabupaten-bojonegoro-kost-putra-murah-kos-bu-tetty-bojonegoro-bojonegoro-2
Kabupaten Bojonegoro,Kost Pring Kuning Tipe A,Putri,Kecamatan Bojonegoro,0.0,Tidak,Tidak,Ya,Tidak,Ya,Ya,550000,https://mamikos.com/room/kost-kabupaten-bojonegoro-kost-putri-murah-kost-pring-kuning-tipe-a-bojonegoro-2
Kabupaten Bojonegoro,Kost Putih Tipe B,Campur,Bojonegoro,0.0,Ya,Tidak,Ya,Ya,Ya,Tidak,1500000,https://mamikos.com/room/kost-bojonegoro-kost-campur-eksklusif-kost-putih-tipe-b-bojonegoro-1
Kabupaten Bojonegoro,Kost Azzam Tipe A,Campur,Bojonegoro,0.0,Tidak,Ya,Ya,Tidak,Ya,Tidak,700000,https://mamikos.com/room/kost-bojonegoro-kost-campur-murah-kost-azzam-tipe-a-bojonegoro
Kabupaten Bojonegoro,Kost NAM Lantai 2,Putra,Kecamatan Bojonegoro,0.0,Tidak,Tidak,Ya,Ya,Ya,Tidak,650000,https://mamikos.com/room/kost-kabupaten-bojonegoro-kost-putra-murah-kost-nam-lantai-2-bojonegoro
Kabupaten Bojonegoro,Kost Namlo Indah Tipe Executive,Campur,Bojonegoro,0.0,Ya,Ya,Ya,Ya,Ya,Ya,1100000,https://mamikos.com/room/kost-bojonegoro-kost-campur-eksklusif-kost-namlo-indah-tipe-executive-bojonegoro
Kabupaten Bojonegoro,Kost Jaya 2,Campur,Bojonegoro,0.0,Tidak,Ya,Ya,Ya,Tidak,Ya,750000,https://mamikos.com/room/kost-kabupaten-bojonegoro-kost-campur-murah-kost-jaya-2-bojonegoro
Kabupaten Bojonegoro,Kost Prajurit Abu Homestay Tipe A,Putra,Kecamatan Bojonegoro,0.0,Tidak,Ya,Ya,Ya,Tidak,Ya,500000,https://mamikos.com/room/kost-kabupaten-bojonegoro-kost-putra-murah-kost-prajurit-abu-homestay-tipe-a-bojonegoro-bojonegoro
Kabupaten Bojonegoro,Kost Putih Tipe A,Campur,Bojonegoro,0.0,Ya,Tidak,Ya,Ya,Ya,Tidak,1800000,https://mamikos.com/room/kost-bojonegoro-kost-campur-eksklusif-kost-putih-tipe-a-bojonegoro-1
Kabupaten Bojonegoro,Kost Jaya 1 Tipe A,Campur,Kecamatan Bojonegoro,0.0,Ya,Ya,Tidak,Ya,Ya,Tidak,1200000,https://mamikos.com/room/kost-kabupaten-bojonegoro-kost-campur-eksklusif-kost-jaya-1-tipe-a-bojonegoro
Kabupaten Bojonegoro,Kost Budi Griya Tipe Ekslusif,Campur,Bojonegoro,0.0,Ya,Tidak,Ya,Ya,Ya,Ya,1300000,https://mamikos.com/room/kost-bojonegoro-kost-campur-eksklusif-kost-budi-griya-tipe-ekslusif-bojonegoro
Kabupaten Bojonegoro,Kost Bu Erni Tipe B,Putri,Bojonegoro,0.0,Ya,Ya,Ya,Tidak,Ya,Ya,700000,https://mamikos.com/room/kost-bojonegoro-kost-putri-murah-kost-bu-erni-tipe-b-bojonegoro-bojonegoro-2
Kabupaten Bojonegoro,Rumah Kontrakan Omahe Riyuga Sumbang,Campur,Kecamatan Bojonegoro,0.0,Ya,Ya,Ya,Tidak,Ya,Tidak,1000000,https://mamikos.com/room/kost-kabupaten-bojonegoro-kost-campur-eksklusif-rumah-kontrakan-omahe-riyuga-sumbang-bojonegoro
Kabupaten Bojonegoro,Kost Aldi,Campur,Kecamatan Bojonegoro,0.0,Tidak,Ya,Ya,Tidak,Ya,Ya,600000,https://mamikos.com/room/kost-kabupaten-bojonegoro-kost-campur-murah-kost-aldi-bojonegoro
Kabupaten Bojonegoro,Kost Prima Plastik Tipe A,Putri,Kecamatan Bojonegoro,0.0,Tidak,Ya,Ya,Ya,Tidak,Ya,600000,https://mamikos.com/room/kost-kabupaten-bojonegoro-kost-putri-murah-kost-prima-plastik-tipe-a-bojonegoro
Kabupaten Bojonegoro,Kost D Tipe Ekslusif B,Putri,Bojonegoro,0.0,Tidak,Ya,Ya,Ya,Tidak,Ya,750000,https://mamikos.com/room/kost-kabupaten-bojonegoro-kost-putri-eksklusif-kost-d-tipe-ekslusif-b-bojonegoro-bojonegoro-2
Kabupaten Bojonegoro,Kost Jaya 1 Executive,Campur,Bojonegoro,0.0,Ya,Tidak,Ya,Ya,Ya,Ya,1200000,https://mamikos.com/room/kost-kabupaten-bojonegoro-kost-campur-eksklusif-kost-jaya-1-executive-bojonegoro
Kabupaten Bojonegoro,Kost Griya Fatih,Putri,Bojonegoro,0.0,Ya,Ya,Ya,Ya,Ya,Ya,1000000,https://mamikos.com/room/kost-kabupaten-bojonegoro-kost-putri-murah-kost-griya-fatih-bojonegoro-bojonegoro-1
Kabupaten Bojonegoro,Kost Ibu Siti Tipe A,Campur,Kecamatan Bojonegoro,0.0,Tidak,Tidak,Tidak,Tidak,Tidak,Tidak,1300000,https://mamikos.com/room/kost-kabupaten-bojonegoro-kost-campur-eksklusif-kost-kontrakan-atau-kost-bu-siti-tipe-a-bojonegoro-bojonegoro-2
Kabupaten Bojonegoro,Kost Oemah Bintang Tipe Executive,Campur,Bojonegoro,5.0,Ya,Ya,Ya,Ya,Ya,Ya,1500000,https://mamikos.com/room/kost-bojonegoro-kost-campur-eksklusif-kost-oemah-bintang-tipe-executive-bojonegoro
Kabupaten Bojonegoro,Kost Caraka Indah Tipe A,Putra,Kecamatan Bojonegoro,0.0,Tidak,Tidak,Ya,Ya,Ya,Tidak,600000,https://mamikos.com/room/kost-kabupaten-bojonegoro-kost-putra-murah-kos-caraka-indah-bojonegoro-bojonegoro-2
Kabupaten Bojonegoro,Kost Gamma Indah Tipe B,Campur,Bojonegoro,0.0,Tidak,Ya,Ya,Tidak,Ya,Ya,500000,https://mamikos.com/room/kost-bojonegoro-kost-campur-murah-kost-gamma-indah-tipe-b-bojonegoro
Kabupaten Bojonegoro,Kost Handayani Tipe A,Putri,Bojonegoro,0.0,Tidak,Ya,Ya,Tidak,Tidak,Tidak,400000,https://mamikos.com/room/kost-kabupaten-bojonegoro-kost-putri-murah-kost-handayani-tipe-a-bojonegoro-bojonegoro
Kabupaten Bojonegoro,Kost Panglima Polim 51,Campur,Bojonegoro,0.0,Tidak,Tidak,Ya,Tidak,Tidak,Ya,400000,https://mamikos.com/room/kost-bojonegoro-kost-campur-murah-kost-panglima-polim-51-bojonegoro-1
Kabupaten Bojonegoro,Kost Amira 2,Campur,Bojonegoro,0.0,Ya,Ya,Ya,Tidak,Ya,Ya,950000,https://mamikos.com/room/kost-bojonegoro-kost-campur-eksklusif-kost-amira-2-bojonegoro-1
Kabupaten Bojonegoro,Kost Yoan Tipe C,Putra,Bojonegoro,0.0,Ya,Ya,Ya,Tidak,Ya,Tidak,800000,https://mamikos.com/room/kost-kabupaten-bojonegoro-kost-putra-murah-kost-yoan-tipe-c-bojonegoro-bojonegoro
Kabupaten Bojonegoro,Kost Orange Tipe Reguler,Campur,Kecamatan Bojonegoro,0.0,Ya,Ya,Ya,Ya,Ya,Ya,1000000,https://mamikos.com/room/kost-kabupaten-bojonegoro-kost-campur-eksklusif-kost-orange-tipe-reguler-bojonegoro-
Kabupaten Bojonegoro,Kost Azzam I,Campur,Bojonegoro,0.0,Tidak,Ya,Ya,Tidak,Ya,Tidak,600000,https://mamikos.com/room/kost-kabupaten-bojonegoro-kost-campur-murah-kost-azzam-i-bojonegoro-bojonegoro-2
Kabupaten Bojonegoro,Kost Zahira,Putri,Dander,0.0,Tidak,Ya,Ya,Ya,Tidak,Tidak,300000,https://mamikos.com/room/kost-bojonegoro-kost-putri-murah-kost-zahira-dander-bojonegoro-1
Kabupaten Bojonegoro,Kost Biru Panglima Polim 63 Tipe B,Putri,Kecamatan Bojonegoro,0.0,Tidak,Ya,Ya,Tidak,Ya,Ya,700000,https://mamikos.com/room/kost-kabupaten-bojonegoro-kost-putri-murah-kost-biru-panglima-polim-63-tipe-b-bojonegoro
Kabupaten Bojonegoro,Kost Zaenal Ariansyah Tipe A,Putri,Kecamatan Bojonegoro,0.0,Tidak,Tidak,Ya,Ya,Tidak,Ya,500000,https://mamikos.com/room/kost-kabupaten-bojonegoro-kost-putri-murah-kost-zaenal-ariansyah-tipe-a-bojonegoro-bojonegoro
Kabupaten Bojonegoro,Kost Monique,Putri,Bojonegoro,0.0,Tidak,Ya,Ya,Ya,Ya,Ya,400000,https://mamikos.com/room/kost-bojonegoro-kost-putri-murah-kost-monique-bojonegoro
Kabupaten Bojonegoro,Kost Pemuda,Putra,Kecamatan Bojonegoro,0.0,Tidak,Ya,Ya,Ya,Tidak,Ya,400000,https://mamikos.com/room/kost-kabupaten-bojonegoro-kost-putra-murah-kost-pemuda-bojonegoro
Kabupaten Bojonegoro,Kost Biru Panglima Polim 63 Tipe A,Putri,Kecamatan Bojonegoro,0.0,Ya,Ya,Ya,Tidak,Ya,Ya,1100000,https://mamikos.com/room/kost-kabupaten-bojonegoro-kost-putri-eksklusif-kost-biru-panglima-polim-63-tipe-a-bojonegoro-
Kabupaten Bojonegoro,Kost Pak Bambang Mess Persibo Tipe A,Campur,Kecamatan Bojonegoro,0.0,Tidak,Ya,Ya,Tidak,Tidak,Ya,350000,https://mamikos.com/room/kost-kabupaten-bojonegoro-kost-campur-murah-kost-pak-bambang-mess-persibo-tipe-a-bojonegoro-bojonegoro-2
Kabupaten Bojonegoro,Kost Griya Ery Tipe A,Putri,Kecamatan Kapas,0.0,Ya,Ya,Ya,Ya,Ya,Ya,1000000,https://mamikos.com/room/kost-kabupaten-bojonegoro-kost-putri-eksklusif-kost-griya-ery-tipe-a-kapas-bojonegoro
Kabupaten Bojonegoro,Kost Nabilah,Putri,Bojonegoro,0.0,Tidak,Tidak,Ya,Tidak,Tidak,Ya,350000,https://mamikos.com/room/kost-kabupaten-bojonegoro-kost-putri-murah-kost-nabilah-bojonegoro
Kabupaten Bojonegoro,Kost Orange Priority,Campur,Bojonegoro,0.0,Ya,Tidak,Ya,Ya,Tidak,Ya,900000,https://mamikos.com/room/kost-kabupaten-bojonegoro-kost-campur-murah-kost-orange-priority-bojonegoro
Kabupaten Bojonegoro,Kost DEKA,Putri,Bojonegoro,0.0,Tidak,Tidak,Ya,Tidak,Ya,Tidak,400000,https://mamikos.com/room/kost-bojonegoro-kost-putri-murah-kost-deka-bojonegoro
Kabupaten Bojonegoro,Kost Griya Asoka Tipe A,Putra,Bojonegoro,0.0,Ya,Tidak,Tidak,Tidak,Ya,Ya,1000000,https://mamikos.com/room/kost-bojonegoro-kost-putra-eksklusif-kost-griya-asoka-tipe-a-bojonegoro-1
Kabupaten Bojonegoro,Kost Rafif Tipe B Baeno Dalam 1 No.20,Campur,Bojonegoro,0.0,Ya,Ya,Ya,Ya,Ya,Ya,950000,https://mamikos.com/room/kost-bojonegoro-kost-campur-murah-kost-rafif-tipe-b-baeno-dalam-1-no20-bojonegoro
Kabupaten Bojonegoro,Kost Pakde Hery,Campur,Bojonegoro,0.0,Tidak,Ya,Ya,Tidak,Ya,Ya,600000,https://mamikos.com/room/kost-kabupaten-bojonegoro-kost-campur-murah-kost-pakde-hery-bojonegoro-bojonegoro
Kabupaten Bojonegoro,Kost Bu Yanti Mastrip,Putri,Bojonegoro,4.8,Tidak,Ya,Ya,Ya,Ya,Ya,250400,https://mamikos.com/room/kost-bojonegoro-kost-putri-murah-kost-bu-yanti-mastrip-bojonegoro
Kabupaten Bojonegoro,Kost 88,Putra,Kecamatan Bojonegoro,0.0,Tidak,Ya,Tidak,Ya,Tidak,Ya,400000,https://mamikos.com/room/kost-kabupaten-bojonegoro-kost-putra-murah-kost-88-bojonegoro
Kabupaten Bojonegoro,Kost Yoan Tipe B,Putra,Bojonegoro,0.0,Tidak,Ya,Ya,Ya,Ya,Tidak,550000,https://mamikos.com/room/kost-kabupaten-bojonegoro-kost-putra-murah-kost-yoan-tipe-b-bojonegoro-bojonegoro
Kabupaten Bojonegoro,Kost Adde Tipe A,Campur,Bojonegoro,0.0,Tidak,Ya,Ya,Ya,Tidak,Tidak,330000,https://mamikos.com/room/kost-bojonegoro-kost-campur-murah-kost-adde-tipe-a-bojonegoro
Kabupaten Bojonegoro,Kost Imam,Campur,Kecamatan Bojonegoro,0.0,Tidak,Ya,Ya,Tidak,Ya,Ya,600000,https://mamikos.com/room/kost-kabupaten-bojonegoro-kost-campur-murah-kost-imam-bojonegoro
Kabupaten Bojonegoro,Kost Gamma Indah Tipe A,Putri,Bojonegoro,0.0,Tidak,Ya,Ya,Tidak,Tidak,Ya,350000,https://mamikos.com/room/kost-bojonegoro-kost-putri-murah-kost-gamma-indah-tipe-a-bojonegoro
Kabupaten Bojonegoro,Kost Griya 1 Tipe A,Putri,Kecamatan Bojonegoro,0.0,Tidak,Ya,Ya,Ya,Ya,Tidak,500000,https://mamikos.com/room/kost-kabupaten-bojonegoro-kost-putri-murah-kost-griya-1-tipe-a-bojonegoro
Kabupaten Bojonegoro,Kost Adde Tipe B,Campur,Bojonegoro,0.0,Tidak,Ya,Ya,Ya,Ya,Tidak,400000,https://mamikos.com/room/kost-bojonegoro-kost-campur-murah-kost-adde-tipe-b-bojonegoro
Kabupaten Bojonegoro,Kost Pondok Kalipang Tipe B,Campur,Kapas,0.0,Tidak,Ya,Ya,Ya,Ya,Tidak,525000,https://mamikos.com/room/kost-kabupaten-bojonegoro-kost-campur-murah-kost-pondok-kalipang-tipe-b-kapas-bojonegoro-2
Kabupaten Bojonegoro,Kost Wisma Ayu,Putri,Bojonegoro,0.0,Tidak,Ya,Ya,Ya,Tidak,Tidak,400000,https://mamikos.com/room/kost-kabupaten-bojonegoro-kost-putri-murah-kost-wisma-ayu-bojonegoro
Kabupaten Bojonegoro,Kost Bromo II,Putra,Kecamatan Bojonegoro,0.0,Tidak,Ya,Ya,Tidak,Ya,Ya,450000,https://mamikos.com/room/kost-kabupaten-bojonegoro-kost-putra-murah-kost-bromo-ii-bojonegoro
Kabupaten Bojonegoro,Kost Selaras Standart,Putri,Bojonegoro,0.0,Tidak,Ya,Ya,Tidak,Tidak,Ya,300000,https://mamikos.com/room/kost-kabupaten-bojonegoro-kost-putri-murah-kost-selaras-standart-bojonegoro
Kabupaten Bojonegoro,Kost Namlo,Campur,Kecamatan Bojonegoro,0.0,Ya,Tidak,Ya,Ya,Ya,Ya,1000000,https://mamikos.com/room/kost-kabupaten-bojonegoro-kost-campur-eksklusif-kost-namlo-bojonegoro-bojonegoro
Kabupaten Bojonegoro,Kost Amira 3,Campur,Bojonegoro,0.0,Ya,Ya,Ya,Tidak,Ya,Ya,900000,https://mamikos.com/room/kost-bojonegoro-kost-campur-eksklusif-kost-amira-campurejo-bojonegoro-1
Kabupaten Bojonegoro,Kost Raya,Campur,Kecamatan Bojonegoro,0.0,Tidak,Ya,Ya,Tidak,Ya,Tidak,600000,https://mamikos.com/room/kost-kabupaten-bojonegoro-kost-campur-murah-kost-raya-bojonegoro
Kabupaten Bojonegoro,Kost Sudjidjanti,Campur,Kecamatan Bojonegoro,0.0,Tidak,Tidak,Ya,Tidak,Tidak,Tidak,500000,https://mamikos.com/room/kost-kabupaten-bojonegoro-kost-campur-murah-kost-sudjidjanti-bojonegoro
Kabupaten Bojonegoro,Kost Bu Bidan Musdar,Putra,Bojonegoro,0.0,Tidak,Ya,Ya,Tidak,Tidak,Tidak,350000,https://mamikos.com/room/kost-kabupaten-bojonegoro-kost-putra-murah-kost-bu-bidan-musdar-bojonegoro-1
Kabupaten Bojonegoro,Kost Fatih Griya Tipe B,Putri,Bojonegoro,0.0,Tidak,Ya,Ya,Ya,Ya,Tidak,550000,https://mamikos.com/room/kost-kabupaten-bojonegoro-kost-putri-eksklusif-kost-fatih-griya-tipe-b-bojonegoro-bojonegoro
Kabupaten Bojonegoro,Kost Yoan Tipe A,Putra,Bojonegoro,0.0,Tidak,Ya,Ya,Ya,Tidak,Tidak,350000,https://mamikos.com/room/kost-kabupaten-bojonegoro-kost-putra-murah-kost-yoan-tipe-a-bojonegoro-bojonegoro
Kabupaten Bojonegoro,Kost Fatih Griya Tipe A,Putri,Bojonegoro,0.0,Ya,Ya,Ya,Ya,Ya,Ya,900000,https://mamikos.com/room/kost-kabupaten-bojonegoro-kost-putri-eksklusif-kost-fatih-griya-tipe-a-bojonegoro-bojonegoro
Kabupaten Bojonegoro,Kost Syariah Yoenan Tipe Standar,Campur,Bojonegoro,0.0,Tidak,Tidak,Ya,Tidak,Ya,Ya,500000,https://mamikos.com/room/kost-bojonegoro-kost-campur-murah-kost-syariah-yoenan-tipe-standar-bojonegoro
Kabupaten Bojonegoro,Kost Maz Boy,Campur,Trucuk,0.0,Tidak,Tidak,Ya,Ya,Tidak,Ya,600000,https://mamikos.com/room/kost-kabupaten-bojonegoro-kost-campur-murah-kost-maz-boy-trucuk-bojonegoro
Kabupaten Bojonegoro,Kost Mangga Hijau,Putri,Kecamatan Bojonegoro,0.0,Tidak,Ya,Ya,Tidak,Ya,Ya,400000,https://mamikos.com/room/kost-kabupaten-bojonegoro-kost-putri-murah-kost-mangga-hijau-bojonegoro-bojonegoro
Kabupaten Bojonegoro,Kost Sharia Inn Tipe A,Putri,Bojonegoro,0.0,Tidak,Ya,Ya,Tidak,Ya,Tidak,600000,https://mamikos.com/room/kost-kabupaten-bojonegoro-kost-putri-murah-kost-sharia-inn-tipe-a-bojonegoro-2
Kabupaten Bojonegoro,Kost Yakup Homestay Executive,Campur,Kecamatan Bojonegoro,0.0,Ya,Ya,Ya,Ya,Ya,Ya,800000,https://mamikos.com/room/kost-kabupaten-bojonegoro-kost-campur-murah-kost-yakup-homestay-executive-bojonegoro-bojonegoro
Kabupaten Bojonegoro,Kost Wisma Klangon 1 Tipe B,Putra,Kecamatan Bojonegoro,0.0,Ya,Ya,Ya,Tidak,Ya,Ya,900000,https://mamikos.com/room/kost-kabupaten-bojonegoro-kost-putra-eksklusif-kost-wisma-klangon-1-tipe-b-bojonegoro-bojonegoro-1
Kabupaten Bojonegoro,Kost Widi,Putri,Bojonegoro,0.0,Tidak,Ya,Tidak,Ya,Tidak,Tidak,300000,https://mamikos.com/room/kost-bojonegoro-kost-putri-murah-kost-widi-bojonegoro
Kabupaten Bojonegoro,Kost Griyo Mulyo,Putri,Bojonegoro,0.0,Tidak,Tidak,Ya,Tidak,Ya,Ya,650000,https://mamikos.com/room/kost-kabupaten-bojonegoro-kost-putri-murah-kost-griyo-mulyo-bojonegoro-1
Kabupaten Bojonegoro,Kost Thayyibah Tipe A,Campur,Bojonegoro,0.0,Tidak,Tidak,Ya,Ya,Ya,Tidak,700000,https://mamikos.com/room/kost-bojonegoro-kost-campur-murah-kost-thayyibah-tipe-a-bojonegoro-2
Kabupaten Bojonegoro,Kost Zaenal Ariansyah Tipe B,Putri,Kecamatan Bojonegoro,0.0,Tidak,Ya,Ya,Ya,Tidak,Ya,500000,https://mamikos.com/room/kost-kabupaten-bojonegoro-kost-putri-murah-kost-zaenal-ariansyah-tipe-b-bojonegoro-bojonegoro
Kabupaten Bojonegoro,Kost Ratna Bjn,Campur,Bojonegoro,0.0,Tidak,Ya,Ya,Tidak,Ya,Tidak,750000,https://mamikos.com/room/kost-bojonegoro-kost-campur-murah-kost-ratna-bjn-bojonegoro
Kabupaten Bojonegoro,Kost Pak Naryo,Campur,Bojonegoro,0.0,Tidak,Tidak,Ya,Tidak,Tidak,Tidak,300000,https://mamikos.com/room/kost-bojonegoro-kost-campur-murah-kost-pak-naryo-bojonegoro-1
Kabupaten Bojonegoro,Kost Pindang Indah Tipe A,Campur,Bojonegoro,0.0,Tidak,Tidak,Ya,Ya,Ya,Ya,600000,https://mamikos.com/room/kost-kabupaten-bojonegoro-kost-campur-murah-kost-pindang-indah-tipe-a-bojonegoro-bojonegoro
Kabupaten Bojonegoro,Kost Bunda Noni,Campur,Kapas,0.0,Tidak,Ya,Ya,Ya,Ya,Ya,350000,https://mamikos.com/room/kost-kabupaten-bojonegoro-kost-campur-murah-kost-bunda-noni-kapas-bojonegoro
Kabupaten Bojonegoro,Kost Amira 1,Campur,Bojonegoro,4.8,Ya,Ya,Ya,Tidak,Ya,Ya,800000,https://mamikos.com/room/kost-bojonegoro-kost-campur-eksklusif-kost-amira-tipe-a-bojonegoro
Kabupaten Bojonegoro,Kost Griya Amanah Kalianyar,Campur,Kapas,0.0,Tidak,Ya,Ya,Tidak,Ya,Ya,600000,https://mamikos.com/room/kost-kabupaten-bojonegoro-kost-campur-eksklusif-kost-griya-amanah-kalianyar-bojonegoro
Kabupaten Bojonegoro,Kost Bu Muchtar,Putra,Bojonegoro,0.0,Tidak,Ya,Ya,Tidak,Tidak,Tidak,400000,https://mamikos.com/room/kost-bojonegoro-kost-putra-murah-kost-bu-muchtar-bojonegoro-2
Kabupaten Bojonegoro,Kost Bromo 2,Putra,Bojonegoro,0.0,Tidak,Tidak,Ya,Tidak,Ya,Tidak,450000,https://mamikos.com/room/kost-bojonegoro-kost-putra-murah-kost-bromo-2-bojonegoro-1
Kabupaten Bojonegoro,Kost Thayyibah Tipe B,Campur,Bojonegoro,0.0,Ya,Tidak,Ya,Ya,Ya,Tidak,1200000,https://mamikos.com/room/kost-bojonegoro-kost-campur-eksklusif-kost-thayyibah-tipe-b-bojonegoro
Kabupaten Bojonegoro,Kost Griya Indah Lestari Tipe A,Campur,Kecamatan Bojonegoro,0.0,Tidak,Ya,Ya,Ya,Ya,Ya,600000,https://mamikos.com/room/kost-kabupaten-bojonegoro-kost-campur-murah-kost-griya-indah-lestari-tipe-a-bojonegoro
Kabupaten Bojonegoro,Kost Gamma Indah Tipe C,Campur,Bojonegoro,0.0,Ya,Ya,Ya,Tidak,Ya,Ya,1000000,https://mamikos.com/room/kost-bojonegoro-kost-campur-eksklusif-kost-gamma-indah-tipe-c-bojonegoro
Kabupaten Bojonegoro,Kost Yustin Tipe A,Putri,Bojonegoro,0.0,Tidak,Ya,Ya,Ya,Ya,Ya,600000,https://mamikos.com/room/kost-kabupaten-bojonegoro-kost-putri-murah-kost-yustin-tipe-a-bojonegoro-
Kabupaten Bojonegoro,Kost Handayani Tipe B,Putra,Bojonegoro,0.0,Tidak,Ya,Ya,Tidak,Tidak,Tidak,400000,https://mamikos.com/room/kost-kabupaten-bojonegoro-kost-putra-murah-kost-handayani-tipe-b-bojonegoro-bojonegoro
Kabupaten Bojonegoro,Kost Pindang Indah Tipe B,Campur,Bojonegoro,0.0,Ya,Tidak,Ya,Ya,Ya,Ya,1000000,https://mamikos.com/room/kost-kabupaten-bojonegoro-kost-campur-eksklusif-kost-pindang-indah-tipe-b-bojonegoro-bojonegoro
Kabupaten Bojonegoro,Kost Pemuda Timur,Putri,Kecamatan Bojonegoro,0.0,Tidak,Ya,Ya,Tidak,Ya,Tidak,450000,https://mamikos.com/room/kost-kabupaten-bojonegoro-kost-putri-murah-kost-pemuda-timur-bojonegoro
Kabupaten Bojonegoro,Kost Mbah Buk,Putra,Kecamatan Bojonegoro,0.0,Tidak,Ya,Ya,Tidak,Ya,Ya,500000,https://mamikos.com/room/kost-kabupaten-bojonegoro-kost-putra-murah-kost-mbah-buk-bojonegoro
Kabupaten Bojonegoro,Kost Betah,Campur,Bojonegoro,0.0,Tidak,Ya,Ya,Ya,Ya,Ya,650000,https://mamikos.com/room/kost-kabupaten-bojonegoro-kost-campur-murah-kost-betah-bojonegoro
Kabupaten Bojonegoro,Kost Klangon 1,Campur,Bojonegoro,0.0,Ya,Tidak,Ya,Ya,Ya,Ya,1000000,https://mamikos.com/room/kost-kost-campur-murah-kost-klangon-1-bojonegoro
Kabupaten Bojonegoro,Kost Rafif Tipe A,Campur,Bojonegoro,0.0,Tidak,Ya,Ya,Ya,Ya,Ya,650000,https://mamikos.com/room/kost-bojonegoro-kost-campur-eksklusif-kost-rafif-gg-baeno-dalam-1-no20-bojonegoro
Kabupaten Bojonegoro,Kost Griya Asri Kalianyar,Campur,Kapas,0.0,Ya,Ya,Ya,Ya,Ya,Ya,850000,https://mamikos.com/room/kost-kost-campur-murah-kost-griya-asri-kalianyar-bojonegoro
Kabupaten Bojonegoro,Kost Pondok Kalipang Tipe A,Campur,Kapas,5.0,Tidak,Ya,Ya,Tidak,Ya,Ya,350000,https://mamikos.com/room/kost-kabupaten-bojonegoro-kost-campur-murah-kost-pondok-kalipang-tipe-a-kapas-bojonegoro
Kabupaten Gresik,Kost 3 Putri II,Campur,Kebomas,5.0,Ya,Ya,Ya,Ya,Ya,Ya,1100000,https://mamikos.com/room/kost-kabupaten-gresik-kost-campur-eksklusif-kost-3-putri-ii-kebomas-gresik
Kabupaten Gresik,Kost Yumaika Tipe Executive Syariah,Campur,Kebomas,0.0,Ya,Ya,Ya,Ya,Ya,Ya,1500000,https://mamikos.com/room/kost-gresik-kost-campur-eksklusif-kost-yumaika-tipe-executive-syariah-kebomas-gresik
Kabupaten Gresik,Kost Karunia Tipe Ac,Putri,Kebomas,0.0,Ya,Tidak,Ya,Ya,Ya,Ya,1000000,https://mamikos.com/room/kost-gresik-kost-putri-eksklusif-kost-karunia-tipe-a-kebomas-gresik
Kabupaten Gresik,Kost Hari Eksklusif,Campur,Kecamatan Kebomas,0.0,Ya,Ya,Ya,Ya,Ya,Tidak,1400000,https://mamikos.com/room/kost-kabupaten-gresik-kost-campur-eksklusif-kost-hari-eksklusif-kebomas-gresik
Kabupaten Gresik,Kost Hsb Perintis Tipe Executive Syariah,Campur,Kebomas,0.0,Ya,Ya,Ya,Ya,Ya,Ya,1800000,https://mamikos.com/room/kost-gresik-kost-campur-eksklusif-kost-hsb-perintis-tipe-executive-syariah-kebomas-gresik
Kabupaten Gresik,Kost Gama Exclusive,Putra,Kebomas,0.0,Ya,Ya,Ya,Ya,Ya,Ya,1400000,https://mamikos.com/room/kost-kabupaten-gresik-kost-putra-eksklusif-kost-gama-exclusive-kebomas-gresik
Kabupaten Gresik,Kost Barokah Tipe A,Putra,Kebomas,0.0,Ya,Ya,Ya,Ya,Ya,Ya,1200000,https://mamikos.com/room/kost-gresik-kost-putra-eksklusif-kost-barokah-tipe-a-kebomas-gresik-2
Kabupaten Gresik,Kost Rindu Tipe Standar 3,Putri,Manyar,0.0,Tidak,Tidak,Ya,Ya,Tidak,Ya,750000,https://mamikos.com/room/kost-gresik-kost-putri-murah-kost-rindu-tipe-standar-3-manyar-gresik-2
Kabupaten Gresik,Kost D'cosh Aisma,Putri,Kebomas,4.8,Ya,Ya,Ya,Ya,Ya,Ya,1100000,https://mamikos.com/room/kost-gresik-kost-putri-eksklusif-kost-dcosh-aisma-kebomas-gresik-1
Kabupaten Gresik,Kost Esander House Single Bed,Campur,Manyar,0.0,Ya,Ya,Ya,Ya,Ya,Ya,1500000,https://mamikos.com/room/kost-kabupaten-gresik-kost-campur-eksklusif-kost-esander-house-single-bed-manyar-gresik
Kabupaten Gresik,Kost 3 V Tipe A,Campur,Kebomas,0.0,Ya,Ya,Ya,Ya,Ya,Ya,1260000,https://mamikos.com/room/kost-gresik-kost-campur-eksklusif-kost-3-v-tipe-a-kebomas-gresik
Kabupaten Gresik,Kost Zoe II Tipe A,Putri,Kebomas,0.0,Tidak,Ya,Ya,Ya,Ya,Tidak,700000,https://mamikos.com/room/kost-gresik-kost-putri-murah-kost-zoe-ii-tipe-a-kebomas-gresik
Kabupaten Gresik,Kost Esander House Standart,Campur,Manyar,0.0,Ya,Ya,Ya,Ya,Ya,Ya,1500000,https://mamikos.com/room/kost-kabupaten-gresik-kost-campur-eksklusif-kost-esander-house-standart-manyar-gresik-2
Kabupaten Gresik,Kost Bumiwali 2,Putra,Kecamatan Kebomas,0.0,Tidak,Ya,Ya,Ya,Tidak,Ya,550000,https://mamikos.com/room/kost-kabupaten-gresik-kost-putra-murah-kost-bumiwali-2-kebomas-gresik
Kabupaten Gresik,Kost Gw House Abr Executive,Putra,Kebomas,0.0,Ya,Ya,Ya,Ya,Ya,Ya,1250000,https://mamikos.com/room/kost-kabupaten-gresik-kost-putra-eksklusif-kost-gw-house-abr-executive-kebomas-gresik-2
Kabupaten Gresik,Kost Denny Suci,Putra,Kecamatan Manyar,0.0,Ya,Ya,Ya,Ya,Ya,Ya,950000,https://mamikos.com/room/kost-kabupaten-gresik-kost-putra-eksklusif-kost-denny-suci-manyar-gresik-2
Kabupaten Gresik,Kost Crystal Tipe Vip,Putri,Manyar,0.0,Ya,Ya,Ya,Ya,Tidak,Ya,950000,https://mamikos.com/room/kost-gresik-kost-putri-murah-kost-crystal-tipe-vip-manyar-gresik-2
Kabupaten Gresik,Kost Ecoy Tipe Kamar A,Campur,Kebomas,0.0,Tidak,Ya,Ya,Tidak,Ya,Ya,525000,https://mamikos.com/room/kost-kabupaten-gresik-kost-campur-murah-kost-ecoy-tipe-kamar-a-kebomas-gresik-2
Kabupaten Gresik,Kost Denny Gkb,Putra,Kebomas,0.0,Ya,Ya,Ya,Ya,Ya,Ya,1300000,https://mamikos.com/room/kost-gresik-kost-putra-eksklusif-kost-denny-gkb-kebomas-gresik
Kabupaten Gresik,Kost Oasis,Putra,Kecamatan Kebomas,0.0,Ya,Ya,Ya,Ya,Ya,Ya,1400000,https://mamikos.com/room/kost-kabupaten-gresik-kost-putra-eksklusif-kost-oasis-kebomas-gresik
Kabupaten Gresik,Kost Raffaza,Campur,Kebomas,0.0,Ya,Tidak,Ya,Ya,Ya,Ya,1200000,https://mamikos.com/room/kost-kabupaten-gresik-kost-campur-eksklusif-kost-raffaza-kebomas-gresik
Kabupaten Gresik,Kost Arofa 3 Randuagung,Campur,Kebomas,0.0,Tidak,Ya,Ya,Tidak,Ya,Ya,650000,https://mamikos.com/room/kost-gresik-kost-campur-murah-kost-arofa-3-randuagung-kebomas-gresik
Kabupaten Gresik,Kost Elmara 2,Putra,Kebomas,0.0,Ya,Ya,Ya,Ya,Ya,Ya,1000000,https://mamikos.com/room/kost-kabupaten-gresik-kost-putra-eksklusif-kost-elmara-2-kebomas-gresik
Kabupaten Gresik,Kost Omah Al,Putra,Kecamatan Kebomas,0.0,Ya,Tidak,Ya,Ya,Ya,Ya,1200000,https://mamikos.com/room/kost-kabupaten-gresik-kost-putra-eksklusif-kost-omah-al-kebomas-gresik
Kabupaten Gresik,Kost Elyza Tipe C,Putri,Kecamatan Gresik,0.0,Tidak,Ya,Ya,Tidak,Tidak,Ya,800000,https://mamikos.com/room/kost-kabupaten-gresik-kost-putri-murah-kost-elyza-tipe-c-gresik
Kabupaten Gresik,Kost Arofa 1,Campur,Kebomas,0.0,Ya,Ya,Ya,Tidak,Ya,Ya,685000,https://mamikos.com/room/kost-kabupaten-gresik-kost-campur-murah-kost-arofa-1-kebomas-gresik-2
Kabupaten Gresik,Kost Elyza Tipe A,Putri,Kecamatan Gresik,0.0,Ya,Ya,Ya,Tidak,Ya,Ya,1350000,https://mamikos.com/room/kost-kabupaten-gresik-kost-putri-eksklusif-kost-elyza-tipe-a-gresik
Kabupaten Gresik,Kost Bu Heri 1 Tipe E,Putri,Kecamatan Kebomas,0.0,Ya,Ya,Ya,Ya,Tidak,Ya,800000,https://mamikos.com/room/kost-kabupaten-gresik-kost-putri-murah-kost-bu-heri-1-tipe-e-kebomas-gresik
Kabupaten Gresik,Kost 3 Putri I,Putri,Kebomas,0.0,Tidak,Ya,Ya,Ya,Ya,Ya,600000,https://mamikos.com/room/kost-kabupaten-gresik-kost-putri-murah-kost-3-putri-i-kebomas-gresik-1
Kabupaten Gresik,Kost 3 Putri IV Kebomas,Putra,Gresik,5.0,Tidak,Ya,Ya,Ya,Ya,Ya,600000,https://mamikos.com/room/kost-kabupaten-gresik-kost-putra-murah-kost-3-putri-iv-kebomas-gresik
Kabupaten Gresik,Kost Ar Razi 21,Putra,Kebomas,0.0,Ya,Tidak,Ya,Ya,Ya,Ya,1100000,https://mamikos.com/room/kost-kabupaten-gresik-kost-putra-eksklusif-kost-ar-razi-21-kebomas-gresik-2
Kabupaten Gresik,Kost Az Tipe Standard C,Putri,Kebomas,0.0,Ya,Tidak,Ya,Tidak,Tidak,Ya,800000,https://mamikos.com/room/kost-gresik-kost-putri-eksklusif-kost-az-tipe-standard-c-kebomas-gresik
Kabupaten Gresik,Kost Bu Heri 1 Tipe B,Putri,Kecamatan Kebomas,0.0,Ya,Ya,Ya,Ya,Tidak,Ya,950000,https://mamikos.com/room/kost-kabupaten-gresik-kost-putri-eksklusif-kost-bu-heri-1-tipe-b-kebomas-gresik
Kabupaten Gresik,Kost Gw House Tipe A,Putra,Kebomas,0.0,Ya,Ya,Ya,Ya,Ya,Ya,1200000,https://mamikos.com/room/kost-kabupaten-gresik-kost-putra-eksklusif-kost-gw-house-tipe-a-kebomas-gresik
Kabupaten Gresik,Kost Aruna Tipe Executive,Putri,Kebomas,0.0,Ya,Ya,Ya,Ya,Ya,Ya,1600000,https://mamikos.com/room/kost-kabupaten-gresik-kost-putri-eksklusif-kost-aruna-tipe-executive-kebomas-gresik-2
Kabupaten Gresik,Kost Bu Heri 1 Tipe D,Putri,Kecamatan Kebomas,0.0,Ya,Ya,Ya,Ya,Tidak,Ya,900000,https://mamikos.com/room/kost-kabupaten-gresik-kost-putri-murah-kost-bu-heri-1-tipe-d-kebomas-gresik-2
Kabupaten Gresik,Kost Graha Krembangan Asri,Campur,Gresik,0.0,Ya,Ya,Ya,Ya,Ya,Ya,1500000,https://mamikos.com/room/kost-kabupaten-gresik-kost-campur-eksklusif-kost-graha-krembangan-asri-gresik
Kabupaten Gresik,Kost 3 Putri III,Campur,Kebomas,0.0,Tidak,Tidak,Ya,Ya,Ya,Ya,600000,https://mamikos.com/room/kost-kabupaten-gresik-kost-campur-murah-kost-3-putri-iii-kebomas-gresik-1
Kabupaten Gresik,Kost Elyza Tipe B,Putri,Kecamatan Gresik,0.0,Ya,Ya,Ya,Tidak,Tidak,Ya,1100000,https://mamikos.com/room/kost-kabupaten-gresik-kost-putri-eksklusif-kost-elyza-tipe-b-gresik
Kabupaten Gresik,Kost Az Tipe Deluxe A,Putri,Kebomas,0.0,Ya,Ya,Ya,Ya,Ya,Ya,1500000,https://mamikos.com/room/kost-kabupaten-gresik-kost-putri-eksklusif-kost-azkost-tipe-deluxe-tipe-a-kebomas-gresik
Kabupaten Gresik,Kost Az Tipe Superior B,Putri,Kebomas,0.0,Ya,Tidak,Ya,Tidak,Ya,Ya,1100000,https://mamikos.com/room/kost-gresik-kost-putri-eksklusif-kost-az-tipe-superior-b-kebomas-gresik-2
Kabupaten Gresik,Kost Bu Heri 1 Tipe C,Putri,Kebomas,0.0,Ya,Ya,Ya,Ya,Ya,Ya,1250000,https://mamikos.com/room/kost-kabupaten-gresik-kost-putri-eksklusif-kost-bu-heri-1-tipe-c-kebomas-gresik
Kabupaten Gresik,Kost Denny 2,Putra,Kebomas,0.0,Ya,Ya,Ya,Ya,Tidak,Ya,800000,https://mamikos.com/room/kost-kabupaten-gresik-kost-putra-murah-kost-denny-2-kebomas-gresik-2
Kabupaten Gresik,Kost Bu Heri 1 Tipe A,Putri,Kecamatan Kebomas,0.0,Ya,Ya,Ya,Ya,Tidak,Ya,900000,https://mamikos.com/room/kost-kabupaten-gresik-kost-putri-murah-kost-bu-heri-1-tipe-a-kebomas-gresik-2
Kabupaten Gresik,Kost HSB Perintis Execitive Syariah,Campur,Kecamatan Kebomas,0.0,Ya,Ya,Ya,Ya,Ya,Ya,1800000,https://mamikos.com/room/kost-kabupaten-gresik-kost-campur-eksklusif-kost-hsb-perintis-execitive-syariah-kebomas-gresik-2
Kabupaten Gresik,Kost Raffaza II,Campur,Kecamatan Kebomas,0.0,Ya,Tidak,Ya,Ya,Ya,Ya,1200000,https://mamikos.com/room/kost-kabupaten-gresik-kost-campur-eksklusif-kost-raffaza-ii-kebomas-gresik
Kabupaten Gresik,Kost Febe 1,Campur,Kebomas,0.0,Ya,Ya,Ya,Ya,Ya,Ya,1750000,https://mamikos.com/room/kost-kabupaten-gresik-kost-campur-eksklusif-kost-febe-1-kebomas-gresik
Kabupaten Gresik,Kost Hadi Topaz Tipe B,Putri,Kecamatan Kebomas,0.0,Ya,Ya,Ya,Ya,Ya,Ya,800000,https://mamikos.com/room/kost-kabupaten-gresik-kost-putri-murah-kost-hadi-topaz-tipe-b-kebomas-gresik
Kabupaten Gresik,Kost Exclusive Tipe Executive Room,Campur,Manyar,0.0,Ya,Ya,Ya,Ya,Ya,Ya,1500000,https://mamikos.com/room/kost-gresik-kost-campur-eksklusif-kost-exclusive-tipe-executive-room-manyar-gresik
Kabupaten Gresik,Kost Perintis,Putri,Kebomas,0.0,Tidak,Tidak,Ya,Tidak,Ya,Ya,700000,https://mamikos.com/room/kost-kabupaten-gresik-kost-putri-murah-kost-perintis-kebomas-gresik
Kabupaten Gresik,Kost Randuagung Tipe A,Putra,Kebomas,0.0,Tidak,Ya,Ya,Tidak,Ya,Ya,550000,https://mamikos.com/room/kost-kabupaten-gresik-kost-putra-murah-kost-randuagung-tipe-a-kebomas-gresik-2
Kabupaten Gresik,Kost Randuagung 65 Tipe B,Putri,Kebomas,0.0,Ya,Ya,Ya,Ya,Tidak,Ya,1300000,https://mamikos.com/room/kost-kabupaten-gresik-kost-putri-eksklusif-kost-randuagung-65-tipe-b-kebomas-gresik
Kabupaten Gresik,Kost Randuagung 65 Tipe C,Putri,Kebomas,0.0,Ya,Ya,Ya,Ya,Ya,Ya,1300000,https://mamikos.com/room/kost-kabupaten-gresik-kost-putri-eksklusif-kost-randuagung-65-tipe-c-kebomas-gresik-2
Kabupaten Gresik,Kost Ibu Suratih Tipe A,Putri,Kecamatan Gresik,0.0,Tidak,Ya,Ya,Ya,Ya,Ya,400000,https://mamikos.com/room/kost-kabupaten-gresik-kost-putri-murah-kost-ibu-suratih-tipe-a-gresik
Kabupaten Gresik,Kost Cakra 4 Tipe 1 Kota,Putra,Kebomas,0.0,Tidak,Ya,Ya,Tidak,Ya,Ya,1200000,https://mamikos.com/room/kost-gresik-kost-putra-murah-kost-cakra-4-tipe-1-gresik-kota-gresik
Kabupaten Gresik,Kost Eksekutif Bifortihome Tipe B,Putri,Kebomas,0.0,Ya,Ya,Ya,Ya,Ya,Ya,1350000,https://mamikos.com/room/kost-gresik-kost-putri-eksklusif-kost-eksekutif-tipe-b-bifortihome-gkb-kebomas-gresik
Kabupaten Gresik,Kost Tang O Beng,Campur,Kecamatan Manyar,0.0,Tidak,Ya,Ya,Tidak,Tidak,Tidak,750000,https://mamikos.com/room/kost-kabupaten-gresik-kost-campur-murah-kost-tang-o-beng-manyar-gresik
Kabupaten Gresik,Kost Gkb,Putra,Kebomas,4.6,Ya,Ya,Ya,Tidak,Ya,Ya,900000,https://mamikos.com/room/kost-kabupaten-gresik-kost-putra-murah-kost-gkb-kebomas-gresik--2
Kabupaten Gresik,Kost Bss,Putra,Manyar,0.0,Tidak,Ya,Ya,Tidak,Tidak,Ya,415000,https://mamikos.com/room/kost-kabupaten-gresik-kost-campur-murah-kost-bss-manyar-gresik
Kabupaten Gresik,Kost Randuagung 65 VVIP,Putri,Kebomas,0.0,Ya,Ya,Ya,Ya,Tidak,Ya,1200000,https://mamikos.com/room/kost-kabupaten-gresik-kost-putri-eksklusif-kost-randuagung-65-vvip-kebomas-gresik-2
Kabupaten Gresik,Kost Pak Widodo,Campur,Kebomas,0.0,Tidak,Ya,Ya,Tidak,Ya,Tidak,600000,https://mamikos.com/room/kost-gresik-kost-putra-murah-kost-pak-widodo-kebomas-gresik
Kabupaten Gresik,Kost Bu Anik,Campur,Manyar,0.0,Tidak,Ya,Ya,Tidak,Ya,Ya,500000,https://mamikos.com/room/kost-gresik-kost-campur-murah-kost-bu-anik-manyar-gresik-2
Kabupaten Gresik,Kost Anwar Tipe A,Putra,Kebomas,0.0,Ya,Ya,Ya,Ya,Tidak,Ya,500000,https://mamikos.com/room/kost-kabupaten-gresik-kost-putra-murah-kost-anwar-tipe-a-kebomas-gresik
Kabupaten Gresik,Kost Ibu Suratih Tipe B,Putri,Gresik,0.0,Tidak,Ya,Ya,Ya,Ya,Tidak,350000,https://mamikos.com/room/kost-gresik-kost-putri-murah-kost-ibu-suratih-tipe-b-gresik-
Kabupaten Gresik,Kost Nyndi Tipe A,Putri,Kecamatan Gresik,0.0,Tidak,Ya,Ya,Ya,Ya,Ya,700000,https://mamikos.com/room/kost-kabupaten-gresik-kost-putri-murah-kost-nyndi-tipe-a-gresik-gresik-1
Kabupaten Gresik,Kost 88,Putri,Kebomas,0.0,Ya,Tidak,Ya,Ya,Ya,Ya,1000000,https://mamikos.com/room/kost-gresik-kost-putri-eksklusif-kost-88-kebomas-gresik
Kabupaten Gresik,Kost Tari Tipe B,Putra,Manyar,0.0,Tidak,Ya,Ya,Tidak,Ya,Tidak,650000,https://mamikos.com/room/kost-gresik-kost-putra-murah-kost-tari-tipe-b-manyar-gresik
Kabupaten Gresik,Kost Zeby,Putra,Kecamatan Manyar,0.0,Tidak,Ya,Ya,Ya,Ya,Ya,700000,https://mamikos.com/room/kost-kabupaten-gresik-kost-putra-murah-kost-zeby-manyar-gresik-2
Kabupaten Gresik,Kost Kusuma Gka Tipe A Exclusive,Putri,Kebomas,0.0,Tidak,Ya,Ya,Tidak,Ya,Tidak,600000,https://mamikos.com/room/kost-kabupaten-gresik-kost-putri-murah-kost-kusuma-gka-tipe-a-exclusive-kebomas-gresik-2
Kabupaten Gresik,Kost Najiyah Tipe Vip,Putri,Kebomas,0.0,Tidak,Ya,Ya,Ya,Tidak,Ya,400000,https://mamikos.com/room/kost-kabupaten-gresik-kost-putri-murah-kost-najiyah-tipe-vip-kebomas-gresik-2
Kabupaten Gresik,Kost Eksekutif Bifortihome Tipe C,Putri,Kebomas,5.0,Ya,Ya,Ya,Ya,Ya,Ya,1500000,https://mamikos.com/room/kost-gresik-kost-putri-eksklusif-kost-eksekutif-tipe-c-bifortihome-gkb-kebomas-gresik
Kabupaten Gresik,Kost Berkah Randuagung Tipe A,Putra,Kebomas,0.0,Tidak,Tidak,Ya,Tidak,Ya,Ya,600000,https://mamikos.com/room/kost-gresik-kost-putra-murah-kost-berkah-randuagung-tipe-a-kebomas-gresik-2
Kabupaten Gresik,Kost Rindu Tipe Esklusif,Putri,Manyar,0.0,Ya,Tidak,Ya,Ya,Tidak,Ya,1000000,https://mamikos.com/room/kost-gresik-kost-putri-eksklusif-kost-rindu-tipe-esklusif-manyar-gresik
Kabupaten Gresik,Kost Rindu Tipe Standar 1,Putri,Manyar,0.0,Tidak,Tidak,Ya,Ya,Tidak,Ya,650000,https://mamikos.com/room/kost-gresik-kost-putri-murah-kost-rindu-tipe-standar-1-manyar-gresik-2
Kabupaten Gresik,Kost Febe 2,Campur,Kecamatan Manyar,0.0,Ya,Ya,Ya,Ya,Ya,Ya,1500000,https://mamikos.com/room/kost-kabupaten-gresik-kost-campur-eksklusif-kost-febe-2-manyar-gresik-1
Kabupaten Gresik,Kost Omah Tipe Non Ac,Putri,Kebomas,0.0,Tidak,Ya,Ya,Tidak,Ya,Ya,650000,https://mamikos.com/room/kost-gresik-kost-putri-murah-kost-omah-tipe-non-ac-kebomas-gresik-2
Kabupaten Gresik,Kost Purwanto Tipe Eksklusif,Campur,Kebomas,0.0,Ya,Ya,Ya,Tidak,Ya,Tidak,1400000,https://mamikos.com/room/kost-kabupaten-gresik-kost-campur-eksklusif-kost-purwanto-tipe-eksklusif-kebomas-gresik-2
Kabupaten Gresik,Kost Rumah Hamizan Tipe Exclusive,Campur,Kebomas,0.0,Tidak,Ya,Ya,Ya,Ya,Tidak,1000000,https://mamikos.com/room/kost-gresik-kost-campur-eksklusif-kost-rumah-hamizan-tipe-exclusive-kebomas-gresik
Kabupaten Gresik,Kost Purwanto Suite,Campur,Kebomas,0.0,Ya,Ya,Ya,Tidak,Ya,Tidak,1650000,https://mamikos.com/room/kost-kabupaten-gresik-kost-campur-eksklusif-kost-purwanto-suite-kebomas-gresik-2
Kabupaten Gresik,Kost Dp,Putri,Kebomas,0.0,Tidak,Ya,Ya,Tidak,Ya,Ya,600000,https://mamikos.com/room/kost-gresik-kost-putri-murah-kost-dp-kebomas-gresik-2
Kabupaten Gresik,Kost Purwanto Tipe Standard,Campur,Kebomas,0.0,Ya,Ya,Ya,Tidak,Ya,Tidak,1500000,https://mamikos.com/room/kost-kabupaten-gresik-kost-campur-eksklusif-kost-purwanto-tipe-standard-kebomas-gresik
Kabupaten Gresik,Kost Indekos Tipe B,Campur,Kebomas,0.0,Ya,Ya,Ya,Tidak,Ya,Ya,1100000,https://mamikos.com/room/kost-kabupaten-gresik-kost-campur-eksklusif-kost-indekos-tipe-b-kebomas-gresik
Kabupaten Gresik,Kost Eksekutif Bifortihome Tipe A,Putri,Kebomas,5.0,Ya,Ya,Ya,Ya,Ya,Ya,1200000,https://mamikos.com/room/kost-gresik-kost-putri-eksklusif-kost-eksekutif-tipe-a-bifortihome-gkb-kebomas-gresik
Kabupaten Gresik,Kost Harmoni Tipe B,Putra,Kecamatan Kebomas,0.0,Ya,Tidak,Ya,Tidak,Tidak,Ya,800000,https://mamikos.com/room/kost-kabupaten-gresik-kost-putra-murah-kost-harmoni-tipe-b-kebomas-gresik
Kabupaten Gresik,Kost Indekos Tipe A,Campur,Kebomas,0.0,Ya,Ya,Ya,Tidak,Ya,Ya,1100000,https://mamikos.com/room/kost-kabupaten-gresik-kost-campur-eksklusif-kost-indekos-tipe-a-kebomas-gresik
Kabupaten Gresik,Kost Gkb 2 Tipe A,Putra,Kecamatan Kebomas,0.0,Tidak,Ya,Ya,Tidak,Tidak,Ya,600000,https://mamikos.com/room/kost-kabupaten-gresik-kost-putra-murah-kost-gkb-2-tipe-a-kebomas-gresik
Kabupaten Gresik,Kost Hadi Topaz Tipe A,Putra,Kecamatan Kebomas,0.0,Tidak,Ya,Ya,Tidak,Ya,Ya,750000,https://mamikos.com/room/kost-kabupaten-gresik-kost-putra-murah-kost-hadi-topaz-tipe-a-kebomas-gresik
Kabupaten Gresik,Kost Devian I Tipe A,Putra,Kecamatan Manyar,0.0,Tidak,Ya,Ya,Ya,Ya,Ya,700000,https://mamikos.com/room/kost-kabupaten-gresik-kost-putra-murah-kost-devian-i-tipe-a-manyar-gresik
Kabupaten Gresik,Kost Hari Tipe Suite,Putra,Kecamatan Kebomas,0.0,Ya,Tidak,Ya,Ya,Ya,Tidak,1250000,https://mamikos.com/room/kost-kabupaten-gresik-kost-putra-eksklusif-kost-hari-tipe-suite-kebomas-gresik
Kabupaten Gresik,Kost Griya Ndalem,Putra,Kebomas,0.0,Tidak,Ya,Ya,Ya,Ya,Ya,650000,https://mamikos.com/room/kost-kabupaten-gresik-kost-putra-murah-kost-griya-ndalem-kebomas-gresik
Kabupaten Gresik,Kost Cakra Kembangan II,Putra,Kebomas,0.0,Ya,Ya,Ya,Tidak,Ya,Tidak,850000,https://mamikos.com/room/kost-kabupaten-gresik-kost-putra-murah-kost-cakra-kembangan-ii-kebomas-gresik
Kabupaten Gresik,Kost Rindu Tipe Standart 2,Putri,Manyar,0.0,Tidak,Tidak,Ya,Ya,Tidak,Ya,700000,https://mamikos.com/room/kost-gresik-kost-putri-murah-kost-rindu-tipe-standart-2-manyar-gresik
Kabupaten Gresik,Kost Gkb Tipe A,Putra,Manyar,0.0,Tidak,Ya,Ya,Ya,Tidak,Tidak,480000,https://mamikos.com/room/kost-kabupaten-gresik-kost-putra-murah-kost-gkb-tipe-a-manyar-gresik-2
Kabupaten Gresik,Kost Artha Tipe B,Putri,Kebomas,0.0,Ya,Tidak,Ya,Tidak,Ya,Ya,1200000,https://mamikos.com/room/kost-kabupaten-gresik-kost-putri-eksklusif-kost-artha-tipe-b-kebomas-gresik
Kabupaten Gresik,Kost Harmoni Tipe A,Putra,Kebomas,0.0,Ya,Tidak,Ya,Tidak,Ya,Ya,1000000,https://mamikos.com/room/kost-kabupaten-gresik-kost-putra-eksklusif-kost-harmoni-tipe-a-kebomas-gresik
Kabupaten Gresik,Kost Hari Tipe A1,Putra,Kebomas,0.0,Ya,Tidak,Ya,Ya,Tidak,Tidak,1150000,https://mamikos.com/room/kost-gresik-kost-putra-eksklusif-kost-hari-tipe-a1-kebomas-gresik
Kabupaten Gresik,Kost Purwanto Tipe Suite,Campur,Kebomas,0.0,Ya,Ya,Ya,Tidak,Ya,Tidak,1550000,https://mamikos.com/room/kost-kabupaten-gresik-kost-campur-eksklusif-kost-purwanto-tipe-suite-kebomas-gresik-2
Kabupaten Gresik,Kost Hari Tipe B1,Putra,Kebomas,0.0,Tidak,Tidak,Ya,Tidak,Tidak,Tidak,1050000,https://mamikos.com/room/kost-kabupaten-gresik-kost-putra-murah-kos-hari-tipe-b-kebomas-gresik-2
Kabupaten Gresik,Kost Kusuma Gka Tipe B,Putri,Kebomas,0.0,Tidak,Ya,Ya,Tidak,Ya,Tidak,500000,https://mamikos.com/room/kost-kabupaten-gresik-kost-putri-murah-kost-kusuma-gka-tipe-b-kebomas-gresik
Kabupaten Gresik,Kost Devian I Tipe Executive,Putra,Manyar,0.0,Ya,Ya,Ya,Ya,Ya,Ya,1000000,https://mamikos.com/room/kost-gresik-kost-putra-eksklusif-kost-devian-i-tipe-executive-manyar-gresik-2
Kabupaten Gresik,Kost 11A,Campur,Manyar,0.0,Tidak,Ya,Ya,Ya,Ya,Ya,700000,https://mamikos.com/room/kost-kabupaten-gresik-kost-campur-murah-kost-11a-manyar-gresik-2
Kabupaten Gresik,Kost Pondok Asri Kembangan Tipe A,Putra,Kecamatan Kebomas,0.0,Tidak,Ya,Ya,Ya,Ya,Ya,550000,https://mamikos.com/room/kost-kabupaten-gresik-kost-putra-murah-kost-pondok-asri-kembangan-tipe-a-kebomas-gresik
Kabupaten Gresik,Kost Paviliun Gkb,Campur,Manyar,0.0,Ya,Ya,Ya,Ya,Ya,Ya,1000000,https://mamikos.com/room/kost-kabupaten-gresik-kost-campur-eksklusif-kost-paviliun-gkb-manyar-gresik
Kabupaten Gresik,Kost Pujo Siswoyo Tipe A,Putri,Kebomas,0.0,Ya,Ya,Ya,Ya,Ya,Ya,1000000,https://mamikos.com/room/kost-kabupaten-gresik-kost-putri-eksklusif-kost-pujo-siswoyo-tipe-a-kebomas-gresik-2
Kabupaten Gresik,Kost Cakra 8 Tipe AC,Putra,Kecamatan Kebomas,0.0,Ya,Ya,Ya,Tidak,Ya,Ya,650000,https://mamikos.com/room/kost-kabupaten-gresik-kost-putra-murah-kost-cakra-8-tipe-ac-kebomas-gresik-2
Kabupaten Gresik,Kost Pratama Non Ac,Putra,Kecamatan Kebomas,0.0,Tidak,Ya,Ya,Ya,Tidak,Ya,700000,https://mamikos.com/room/kost-kabupaten-gresik-kost-putra-murah-kost-pratama-non-ac-kebomas-gresik
Kabupaten Gresik,Kost Arofah Tipe Standar,Putra,Manyar,0.0,Tidak,Ya,Ya,Tidak,Ya,Ya,650000,https://mamikos.com/room/kost-gresik-kost-putra-murah-kost-arofah-tipe-standar-manyar-gresik-2
Kabupaten Gresik,Kost Rashbi,Putra,Kecamatan Manyar,0.0,Ya,Ya,Ya,Tidak,Ya,Ya,1200000,https://mamikos.com/room/kost-kabupaten-gresik-kost-putra-eksklusif-kost-rashbi-manyar-gresik
Kabupaten Gresik,Kost Three C 3 Single,Campur,Kecamatan Manyar,0.0,Ya,Ya,Ya,Ya,Tidak,Ya,1100000,https://mamikos.com/room/kost-kabupaten-gresik-kost-campur-eksklusif-kost-three-c-3-single-manyar-gresik-2
Kabupaten Gresik,Kost Jl Raya Kembangan Asri,Putri,Kecamatan Kebomas,0.0,Ya,Ya,Ya,Ya,Ya,Ya,1400000,https://mamikos.com/room/kost-kabupaten-gresik-kost-putri-eksklusif-kost-jl-raya-kembangan-asri-kebomas-gresik-2
Kabupaten Gresik,Kost Pratama Ac,Putra,Kecamatan Kebomas,0.0,Ya,Ya,Ya,Ya,Tidak,Ya,900000,https://mamikos.com/room/kost-kabupaten-gresik-kost-putra-eksklusif-kost-pratama-ac-kebomas-gresik-2
Kabupaten Gresik,Kost Three C 5 Twin Bed,Campur,Kecamatan Manyar,0.0,Ya,Ya,Ya,Ya,Tidak,Ya,1300000,https://mamikos.com/room/kost-kabupaten-gresik-kost-campur-eksklusif-kost-three-c-5-twin-bed-manyar-gresik
Kabupaten Gresik,Kost Nata GKB Tipe A,Putra,Kebomas,0.0,Ya,Tidak,Ya,Ya,Ya,Ya,1250000,https://mamikos.com/room/kost-kabupaten-gresik-kost-campur-eksklusif-kost-nata-gkb-tipe-a-kebomas-gresik-1
Kabupaten Gresik,Kost Casa Mansion Graha Bunder Asri Tipe Non Ac,Putri,Kebomas,0.0,Tidak,Ya,Ya,Ya,Ya,Ya,850000,https://mamikos.com/room/kost-gresik-kost-putri-murah-kost-casa-mansion-graha-bunder-asri-tipe-non-ac-kebomas-gresik-2
Kabupaten Gresik,Kost Fakhril Tipe Ac,Campur,Manyar,0.0,Ya,Ya,Ya,Ya,Ya,Ya,1000000,https://mamikos.com/room/kost-gresik-kost-campur-eksklusif-kost-fakhril-tipe-ac-manyar-gresik
Kabupaten Gresik,Kost Ibu Sulikah GKA,Putri,Kebomas,0.0,Ya,Ya,Ya,Tidak,Ya,Ya,800000,https://mamikos.com/room/kost-kabupaten-gresik-kost-putri-murah-kost-ibu-sulikah-gka-kebomas-gresik-2
Kabupaten Gresik,Kost Sigit Agung Pribadi Tipe A,Putri,Kebomas,0.0,Tidak,Ya,Ya,Tidak,Ya,Ya,700000,https://mamikos.com/room/kost-kabupaten-gresik-kost-putri-murah-kost-sigit-agung-pribadi-tipe-a-kebomas-gresik
Kabupaten Gresik,Kost Karimun 11 Randuagung,Campur,Kebomas,0.0,Ya,Ya,Ya,Ya,Tidak,Ya,1150000,https://mamikos.com/room/kost-gresik-kost-campur-eksklusif-kost-karimun-11-randuagung-gresik
Kabupaten Gresik,Kost Noor,Putra,Kecamatan Kebomas,0.0,Tidak,Ya,Ya,Tidak,Ya,Tidak,500000,https://mamikos.com/room/kost-kabupaten-gresik-kost-putra-murah-kost-noor-kebomas-gresik-1
Kabupaten Gresik,Kost Three A 1 Single,Campur,Kecamatan Manyar,0.0,Ya,Ya,Ya,Ya,Ya,Ya,1600000,https://mamikos.com/room/kost-kabupaten-gresik-kost-campur-eksklusif-kost-three-a-1-single-manyar-gresik
Kabupaten Gresik,Kost Rumah Sebu Vip Standart,Campur,Kecamatan Kebomas,0.0,Tidak,Ya,Ya,Ya,Ya,Ya,850000,https://mamikos.com/room/kost-kabupaten-gresik-kost-campur-eksklusif-kost-rumah-sebu-vip-standart-kebomas-gresik
Kabupaten Gresik,Kost Bu Tin,Putra,Manyar,0.0,Tidak,Tidak,Ya,Ya,Tidak,Ya,500000,https://mamikos.com/room/kost-kabupaten-gresik-kost-putra-murah-kost-bu-tin-manyar-gresik-2
Kabupaten Gresik,Kost Naully Executive,Putri,Kecamatan Manyar,0.0,Ya,Ya,Ya,Ya,Ya,Ya,1000000,https://mamikos.com/room/kost-kabupaten-gresik-kost-putri-eksklusif-kost-naully-executive-manyar-gresik
Kabupaten Gresik,Kost Graha Kembangan Asri,Putri,Kecamatan Manyar,5.0,Ya,Ya,Ya,Ya,Ya,Ya,1400000,https://mamikos.com/room/kost-kabupaten-gresik-kost-putri-eksklusif-kost-graha-kembangan-asri-manyar-gresik-2
Kabupaten Gresik,Kost Casa Mansion Graha Bunder Asri Ac,Putri,Kebomas,0.0,Ya,Ya,Ya,Ya,Ya,Ya,1100000,https://mamikos.com/room/kost-gresik-kost-putri-eksklusif-kost-casa-mansion-graha-bunder-asri-ac-kebomas-gresik
Kabupaten Gresik,Kost Jantung Kota,Putri,Kebomas,5.0,Ya,Tidak,Ya,Ya,Tidak,Ya,1000000,https://mamikos.com/room/kost-kabupaten-gresik-kost-putri-eksklusif-kost-jantung-kota-kebomas-gresik-2
Kabupaten Gresik,Kost Three B 8 Single,Campur,Kecamatan Manyar,0.0,Ya,Ya,Ya,Ya,Ya,Ya,1500000,https://mamikos.com/room/kost-kabupaten-gresik-kost-campur-eksklusif-kost-three-b-8-single-manyar-gresik-2
Kabupaten Gresik,Kost Ayah Nanang Tipe A,Putra,Kecamatan Kebomas,0.0,Tidak,Ya,Ya,Tidak,Ya,Ya,600000,https://mamikos.com/room/kost-kabupaten-gresik-kost-putra-murah-kost-ayah-nanang-tipe-a-kebomas-gresik
Kabupaten Gresik,Kost Bima Box,Putra,Kecamatan Kebomas,0.0,Tidak,Ya,Ya,Tidak,Ya,Tidak,530000,https://mamikos.com/room/kost-kabupaten-gresik-kost-putra-murah-kost-bima-box-kebomas-gresik-2
Kabupaten Gresik,Kost Alana Tipe A,Putri,Kebomas,0.0,Ya,Tidak,Ya,Ya,Ya,Tidak,1100000,https://mamikos.com/room/kost-kabupaten-gresik-kost-putri-eksklusif-kost-alana-tipe-a-kebomas-gresik-2
Kabupaten Gresik,Kost Rileks,Putra,Kecamatan Kebomas,0.0,Ya,Ya,Ya,Ya,Ya,Ya,1150000,https://mamikos.com/room/kost-kabupaten-gresik-kost-putra-eksklusif-kost-rileks-kebomas-gresik-2
Kabupaten Gresik,Kost Barito 3 Randuagung,Putri,Kebomas,0.0,Tidak,Tidak,Ya,Tidak,Ya,Tidak,700000,https://mamikos.com/room/kost-kabupaten-gresik-kost-putri-murah-kost-barito-3-randuagung-kebomas-gresik
Kabupaten Gresik,Kost Artha,Putra,Kebomas,0.0,Ya,Ya,Ya,Ya,Ya,Ya,1300000,https://mamikos.com/room/kost-kabupaten-gresik-kost-putra-eksklusif-kost-artha-kebomas-gresik
Kabupaten Gresik,Kost Emerald Ix Tipe Ekonomi,Putri,Kebomas,0.0,Tidak,Ya,Ya,Ya,Tidak,Ya,650000,https://mamikos.com/room/kost-kabupaten-gresik-kost-putri-eksklusif-kost-emerald-ix-tipe-ekonomi-kebomas-gresik-2
Kabupaten Gresik,Kost Gelatik,Putri,Kecamatan Kebomas,0.0,Ya,Ya,Ya,Tidak,Ya,Ya,1000000,https://mamikos.com/room/kost-kabupaten-gresik-kost-putri-eksklusif-kost-gelatik-kebomas-gresik
Kabupaten Gresik,Kost Azqiar 2 Tipe AC,Putri,Kebomas,0.0,Ya,Ya,Ya,Ya,Tidak,Ya,1000000,https://mamikos.com/room/kost-kabupaten-gresik-kost-putri-eksklusif-kost-azqiar-2-ac-kebomas-gresik
Kabupaten Gresik,Kost Perumahan Randuagung Tipe A,Putra,Gresik,0.0,Tidak,Ya,Ya,Tidak,Tidak,Tidak,600000,https://mamikos.com/room/kost-kabupaten-gresik-kost-putra-murah-kost-perumahan-randuagung-gresik-gresik-2
Kabupaten Gresik,Kost Rzl Executive,Putri,Kebomas,0.0,Ya,Ya,Tidak,Ya,Ya,Ya,1000000,https://mamikos.com/room/kost-kabupaten-gresik-kost-putri-eksklusif-kost-rzl-executive-kebomas-gresik-2
Kabupaten Gresik,Kost Wisma Fairuz,Putri,Gresik,0.0,Ya,Tidak,Ya,Ya,Ya,Ya,1250000,https://mamikos.com/room/kost-kabupaten-gresik-kost-putri-eksklusif-kost-wisma-fairuz-gresik
Kabupaten Gresik,Kost 2 Barokah Tipe A,Putri,Kecamatan Manyar,0.0,Tidak,Tidak,Ya,Tidak,Tidak,Ya,450000,https://mamikos.com/room/kost-kabupaten-gresik-kost-putri-murah-kost-2-barokah-tipe-a-manyar-gresik
Kabupaten Gresik,Kost Three B 7 Single,Campur,Kecamatan Manyar,0.0,Ya,Ya,Ya,Ya,Ya,Ya,1500000,https://mamikos.com/room/kost-kabupaten-gresik-kost-campur-eksklusif-kost-three-b-7-single-manyar-gresik
Kabupaten Gresik,Kost Bu Yuliana Tipe A,Putri,Kecamatan Kebomas,0.0,Tidak,Ya,Ya,Ya,Ya,Ya,650000,https://mamikos.com/room/kost-kabupaten-gresik-kost-putri-murah-kost-bu-yuliana-tipe-a-kebomas-gresik
Kabupaten Gresik,Kost Barokah Tipe Non AC,Putri,Kecamatan Kebomas,0.0,Tidak,Ya,Ya,Ya,Ya,Ya,1200000,https://mamikos.com/room/kost-kabupaten-gresik-kost-putri-murah-kost-barokah-tipe-non-ac-kebomas-gresik
Kabupaten Gresik,Kost Three C 6 Twin Bed,Campur,Kecamatan Manyar,0.0,Ya,Ya,Ya,Ya,Tidak,Ya,1400000,https://mamikos.com/room/kost-kabupaten-gresik-kost-campur-eksklusif-kost-three-c-6-twin-bed-manyar-gresik-2
Kabupaten Gresik,Kost De AR,Campur,Kecamatan Kebomas,0.0,Ya,Tidak,Ya,Ya,Ya,Ya,1700000,https://mamikos.com/room/kost-kabupaten-gresik-kost-campur-eksklusif-kost-de-ar-kebomas-gresik-2
Kabupaten Gresik,Kost Gkb 1,Putra,Kebomas,0.0,Tidak,Tidak,Ya,Ya,Ya,Ya,515000,https://mamikos.com/room/kost-gresik-kost-putra-murah-kost-gkb-1-kebomas-gresik
Kabupaten Gresik,Kost Rayunila Tipe Ac,Putri,Kebomas,0.0,Ya,Ya,Ya,Ya,Ya,Ya,1000000,https://mamikos.com/room/kost-gresik-kost-putri-eksklusif-kost-rayunila-tipe-ac-kebomas-gresik-2
Kabupaten Gresik,Kost Ibu Ayu Tipe A,Putra,Kebomas,0.0,Ya,Ya,Ya,Tidak,Ya,Ya,1500000,https://mamikos.com/room/kost-kabupaten-gresik-kost-putra-eksklusif-kost-ibu-ayu-tipe-a-kebomas-gresik-2
Kabupaten Gresik,Kost Annisa Fitria Sari Executive,Putra,Kebomas,0.0,Ya,Tidak,Ya,Tidak,Tidak,Ya,550000,https://mamikos.com/room/kost-kabupaten-gresik-kost-putra-murah-kost-annisa-fitria-sari-executive-kebomas-gresik
Kabupaten Gresik,Kost Silver Ac,Putra,Kecamatan Kebomas,0.0,Ya,Ya,Ya,Tidak,Ya,Ya,1100000,https://mamikos.com/room/kost-kabupaten-gresik-kost-putra-eksklusif-kost-silver-ac-kebomas-gresik-2
Kabupaten Gresik,Kost Barokah 1,Campur,Kebomas,0.0,Tidak,Tidak,Ya,Tidak,Ya,Ya,500000,https://mamikos.com/room/kost-gresik-kost-campur-eksklusif-kost-barokah-1-kebomas-gresik-1
Kabupaten Gresik,Kost Homestay Tipe B,Campur,Kebomas,0.0,Ya,Tidak,Ya,Tidak,Ya,Ya,1200000,https://mamikos.com/room/kost-kabupaten-gresik-kost-campur-eksklusif-kost-homestay-tipe-b-kebomas-gresik-2
Kabupaten Gresik,Kost Ekslusif Maryam,Putri,Kebomas,5.0,Ya,Ya,Ya,Tidak,Ya,Ya,1200000,https://mamikos.com/room/kost-kabupaten-gresik-kost-putri-eksklusif-kost-ekslusif-maryam-kebomas-gresik
Kabupaten Gresik,Kost Emerald Indah,Campur,Manyar,0.0,Ya,Ya,Ya,Ya,Ya,Tidak,700000,https://mamikos.com/room/kost-gresik-kost-campur-eksklusif-kost-emerald-indah-manyar-gresik
Kabupaten Gresik,Kost RR,Putri,Manyar,0.0,Ya,Ya,Ya,Tidak,Ya,Ya,800000,https://mamikos.com/room/kost-kabupaten-gresik-kost-putri-murah-kost-rr-manyar-gresik
Kabupaten Gresik,Kost Safa,Campur,Manyar,0.0,Ya,Ya,Ya,Ya,Ya,Ya,1500000,https://mamikos.com/room/kost-kabupaten-gresik-kost-campur-eksklusif-kost-safa-manyar-gresik
Kabupaten Gresik,Kost Three B 9 Single,Campur,Kecamatan Manyar,0.0,Ya,Ya,Ya,Ya,Ya,Ya,1500000,https://mamikos.com/room/kost-kabupaten-gresik-kost-campur-eksklusif-kost-three-b-9-single-manyar-gresik
Kabupaten Gresik,Kost Safira Tipe B,Putri,Kecamatan Kebomas,0.0,Tidak,Ya,Ya,Tidak,Tidak,Ya,650000,https://mamikos.com/room/kost-kabupaten-gresik-kost-putri-eksklusif-kost-safira-tipe-b-kebomas-gresik-2
Kabupaten Gresik,Kost Three B 10 Single,Campur,Kecamatan Manyar,0.0,Ya,Ya,Ya,Ya,Ya,Ya,1500000,https://mamikos.com/room/kost-kabupaten-gresik-kost-campur-eksklusif-kost-three-b-10-single-manyar-gresik-2
Kabupaten Gresik,Kost Bu Agung,Putra,Manyar,4.8,Tidak,Ya,Ya,Ya,Tidak,Ya,515000,https://mamikos.com/room/kost-kabupaten-gresik-kost-putra-murah-kost-bu-agung-manyar-gresik
Kabupaten Gresik,Kost Griya Farda,Putri,Kecamatan Kebomas,0.0,Ya,Ya,Ya,Ya,Ya,Ya,900000,https://mamikos.com/room/kost-kabupaten-gresik-kost-putri-murah-kost-griya-farda-kebomas-gresik
Kabupaten Gresik,Kost Pondok Asri Kembangan Tipe Executive,Putra,Kecamatan Kebomas,0.0,Ya,Ya,Ya,Ya,Ya,Ya,1200000,https://mamikos.com/room/kost-kabupaten-gresik-kost-putra-eksklusif-kost-pondok-asri-kembangan-tipe-executive-kebomas-gresik
Kabupaten Gresik,Kost Biforti Home Kedanyang Exclusive,Putra,Kebomas,4.6,Ya,Ya,Ya,Ya,Ya,Ya,1000000,https://mamikos.com/room/kost-kabupaten-gresik-kost-putra-eksklusif-kost-biforti-home-kedanyang-exclusive-kebomas-gresik
Kabupaten Gresik,Kost Cantika Executive,Putri,Kebomas,5.0,Ya,Ya,Ya,Ya,Ya,Ya,1600000,https://mamikos.com/room/kost-kabupaten-gresik-kost-putri-eksklusif-kost-cantika-executive-kebomas-gresik
Kabupaten Gresik,Kost Three Tipe A 2 Single,Campur,Manyar,0.0,Ya,Ya,Ya,Ya,Ya,Ya,1600000,https://mamikos.com/room/kost-kabupaten-gresik-kost-campur-eksklusif-kost-three-tipe-a-2-single-manyar-gresik-2
Kabupaten Gresik,Kost Barokah Kahayan Executive,Putra,Kecamatan Kebomas,0.0,Ya,Tidak,Ya,Ya,Ya,Ya,1000000,https://mamikos.com/room/kost-kabupaten-gresik-kost-putra-eksklusif-kost-barokah-kahayan-executive-kebomas-gresik
Kabupaten Gresik,Kost Salsabillah Tipe A,Putri,Kebomas,0.0,Ya,Tidak,Ya,Ya,Ya,Ya,1100000,https://mamikos.com/room/kost-gresik-kost-putri-eksklusif-kost-salsabillah-tipe-a-kebomas-gresik-2
Kabupaten Gresik,Kost Teratai Candi Tipe A,Campur,Manyar,0.0,Tidak,Ya,Ya,Tidak,Ya,Ya,750000,https://mamikos.com/room/kost-kabupaten-gresik-kost-campur-murah-kost-teratai-candi-tipe-a-manyar-gresik
Kabupaten Gresik,Kost Rahayu Executive,Putra,Kebomas,0.0,Tidak,Tidak,Ya,Ya,Ya,Ya,800000,https://mamikos.com/room/kost-kabupaten-gresik-kost-putra-murah-kost-rahayu-executive-kebomas-gresik
Kabupaten Gresik,Kost Gkb 46,Putri,Kebomas,0.0,Ya,Tidak,Ya,Ya,Ya,Ya,1200000,https://mamikos.com/room/kost-gresik-kost-putri-eksklusif-kost-gkb-46-kebomas-gresik
Kabupaten Gresik,Kost 46 GKB Executive,Putri,Kecamatan Kebomas,0.0,Ya,Tidak,Ya,Ya,Ya,Ya,1200000,https://mamikos.com/room/kost-kabupaten-gresik-kost-putri-eksklusif-kost-46-gkb-executive-kebomas-gresik-2
Kabupaten Gresik,Kost Yani Tipe A1,Putri,Kecamatan Kebomas,0.0,Tidak,Tidak,Ya,Ya,Ya,Ya,950000,https://mamikos.com/room/kost-kabupaten-gresik-kost-putri-murah-kost-yani-tipe-a1-kebomas-gresik-2
Kabupaten Gresik,Kost Three C5 Single Bed,Campur,Manyar,0.0,Ya,Ya,Ya,Ya,Tidak,Ya,1100000,https://mamikos.com/room/kost-kabupaten-gresik-kost-campur-eksklusif-kost-three-c5-single-bed-manyar-gresik
Kabupaten Gresik,Kost Blitar GKB,Putri,Manyar,0.0,Ya,Tidak,Ya,Ya,Tidak,Ya,1200000,https://mamikos.com/room/kost-kabupaten-gresik-kost-putri-murah-kost-blitar-gkb-manyar-gresik-2
Kabupaten Gresik,Kost My Homy - Kembangan Regency,Campur,Kebomas,5.0,Ya,Tidak,Ya,Ya,Ya,Ya,1000000,https://mamikos.com/room/kost-gresik-kost-campur-murah-kost-my-homy-kembangan-regency-kebomas-gresik-1
Kabupaten Gresik,Kost Salsabila Tipe A,Campur,Manyar,0.0,Tidak,Ya,Ya,Tidak,Ya,Ya,1700000,https://mamikos.com/room/kost-gresik-kost-putra-murah-kost-salsabila-tipe-a-manyar-gresik
Kabupaten Gresik,Kost Pelangi Randuagung Jl Dr Wahidin SH Tipe A,Putri,Kebomas,0.0,Tidak,Ya,Ya,Tidak,Ya,Ya,700000,https://mamikos.com/room/kost-kabupaten-gresik-kost-putri-murah-kost-pelangi-randuagung-jl-dr-wahidin-sh-tipe-a-kebomas-gresik-1
Kabupaten Gresik,Kost Pak Budi Tipe A,Putra,Kebomas,0.0,Tidak,Tidak,Ya,Ya,Tidak,Ya,750000,https://mamikos.com/room/kost-kabupaten-gresik-kost-putra-murah-kost-pak-budi-tipe-a-kebomas-gresik-2
Kabupaten Gresik,Rumah Kontrakan Dahan Rejo Lor,Campur,Kecamatan Kebomas,0.0,Tidak,Ya,Tidak,Tidak,Ya,Tidak,950000,https://mamikos.com/room/kost-kabupaten-gresik-kost-campur-eksklusif-rumah-kontrakan-dahan-rejo-lor-kebomas-gresik
Kabupaten Gresik,Kost Clemira Tipe A,Putri,Kebomas,0.0,Tidak,Ya,Ya,Tidak,Tidak,Ya,750000,https://mamikos.com/room/kost-kabupaten-gresik-kost-putri-murah-kost-clemira-tipe-a-kebomas-gresik
Kabupaten Gresik,Kost House of Rafa Tipe B,Putri,Kebomas,0.0,Tidak,Ya,Ya,Ya,Tidak,Ya,300000,https://mamikos.com/room/kost-gresik-kost-putri-murah-kost-house-of-rafa-tipe-b-kebomas-gresik-1
Kabupaten Gresik,Kost Mutiara,Putra,Kebomas,0.0,Tidak,Ya,Ya,Tidak,Ya,Ya,700000,https://mamikos.com/room/kost-kabupaten-gresik-kost-putra-murah-kost-mutiara-kebomas-gresik-2
Kabupaten Gresik,Kost Rumah Adem Tipe A,Putra,Kecamatan Manyar,0.0,Ya,Ya,Ya,Tidak,Ya,Ya,1050000,https://mamikos.com/room/kost-kabupaten-gresik-kost-putra-eksklusif-kost-rumah-adem-tipe-a-manyar-gresik
Kabupaten Gresik,Kost Mahoni Tipe A,Putra,Kecamatan Manyar,0.0,Tidak,Ya,Ya,Tidak,Ya,Ya,600000,https://mamikos.com/room/kost-kabupaten-gresik-kost-putra-murah-kost-mahoni-tipe-a-manyar-gresik
Kabupaten Gresik,Kost Slamet,Putra,Kecamatan Manyar,0.0,Tidak,Ya,Ya,Ya,Ya,Tidak,650000,https://mamikos.com/room/kost-kabupaten-gresik-kost-putra-murah-kost-slamet-manyar-gresik
Kabupaten Gresik,Kost Pink Barokah Tipe A,Putri,Manyar,0.0,Tidak,Tidak,Ya,Ya,Tidak,Tidak,400000,https://mamikos.com/room/kost-kabupaten-gresik-kost-putri-murah-kost-pink-barokah-tipe-a-manyar-gresik-2
Kabupaten Gresik,Kost Oranye Hadi,Putra,Manyar,0.0,Tidak,Ya,Ya,Tidak,Tidak,Tidak,350000,https://mamikos.com/room/kost-kabupaten-gresik-kost-putra-murah-kost-oranye-hadi-manyar-gresik-2
Kabupaten Gresik,Kost Rumah Singgah,Putri,Kebomas,0.0,Tidak,Ya,Ya,Tidak,Tidak,Ya,550000,https://mamikos.com/room/kost-kabupaten-gresik-kost-putri-murah-kost-rumah-singgah-kebomas-gresik
Kabupaten Gresik,Kost Hj Eni Mebel Randuangung D,Campur,Kecamatan Kebomas,0.0,Tidak,Ya,Tidak,Tidak,Ya,Tidak,450000,https://mamikos.com/room/kost-kabupaten-gresik-kost-campur-murah-kost-hj-eni-mebel-randuangung-d-kebomas-gresik
Kabupaten Gresik,Kost Salsha,Campur,Manyar,0.0,Tidak,Tidak,Ya,Tidak,Tidak,Tidak,550000,https://mamikos.com/room/kost-gresik-kost-campur-murah-kost-salsha-manyar-gresik-1
Kabupaten Gresik,Kost Rumah Montana Asri,Putri,Kecamatan Gresik,0.0,Tidak,Ya,Tidak,Ya,Ya,Tidak,650000,https://mamikos.com/room/kost-kabupaten-gresik-kost-putri-murah-kost-rumah-montana-asri-gresik-gresik
Kabupaten Gresik,Kost Wahidin 207 Tipe B,Putra,Kebomas,0.0,Ya,Tidak,Ya,Ya,Tidak,Tidak,1000000,https://mamikos.com/room/kost-gresik-kost-putra-eksklusif-kost-wahidin-207-tipe-b-kebomas-gresik
Kabupaten Gresik,Kost Bu Khusnul,Putri,Manyar,0.0,Tidak,Ya,Ya,Ya,Ya,Ya,650000,https://mamikos.com/room/kost-kabupaten-gresik-kost-putri-murah-kost-bu-khusnul-manyar-gresik
Kabupaten Gresik,Kost Rumah Flamboyan 1 Tipe A,Campur,Kebomas,0.0,Tidak,Ya,Ya,Ya,Ya,Ya,750000,https://mamikos.com/room/kost-gresik-kost-campur-murah-kost-rumah-flamboyan-1-tipe-a-kebomas-gresik
Kabupaten Gresik,Kost Anie Residence Tipe B,Campur,Kecamatan Kebomas,0.0,Ya,Ya,Ya,Ya,Ya,Ya,1200000,https://mamikos.com/room/kost-kabupaten-gresik-kost-campur-eksklusif-kost-anie-residence-tipe-b-kebomas-gresik-2
Kabupaten Gresik,Kost Pak Budi Executive,Putra,Kebomas,0.0,Ya,Tidak,Ya,Ya,Tidak,Ya,1100000,https://mamikos.com/room/kost-kabupaten-gresik-kost-putra-eksklusif-kost-pak-budi-executive-kebomas-gresik
Kabupaten Gresik,Kost Bu Nuryum,Putri,Kebomas,0.0,Tidak,Tidak,Ya,Tidak,Ya,Ya,850000,https://mamikos.com/room/kost-gresik-kost-putri-murah-kost-bu-nuryum-gresik-1
Kabupaten Gresik,Kost Mazida,Campur,Kecamatan Gresik,0.0,Tidak,Tidak,Ya,Tidak,Tidak,Tidak,500000,https://mamikos.com/room/kost-kabupaten-gresik-kost-campur-murah-kost-mazida-gresik
Kabupaten Gresik,Kost Giga,Putra,Kecamatan Manyar,0.0,Ya,Ya,Ya,Ya,Ya,Ya,1500000,https://mamikos.com/room/kost-kabupaten-gresik-kost-putra-eksklusif-kost-giga-manyar-gresik-2
Kabupaten Gresik,Kost Permata,Putra,Kecamatan Kebomas,0.0,Ya,Tidak,Ya,Tidak,Ya,Ya,1000000,https://mamikos.com/room/kost-kabupaten-gresik-kost-putra-eksklusif-kost-permata-kebomas-gresik
Kabupaten Gresik,Kost Pondok Asri Randuagung,Putra,Kebomas,0.0,Tidak,Ya,Ya,Tidak,Ya,Tidak,550000,https://mamikos.com/room/kost-kabupaten-gresik-kost-putra-eksklusif-kost-pondok-asri-randuagung-kebomas-gresik
Kabupaten Gresik,Kost Alam Bukit Raya Eksekutif,Putra,Kebomas,0.0,Tidak,Tidak,Ya,Ya,Ya,Ya,650000,https://mamikos.com/room/kost-kabupaten-gresik-kost-putra-murah-kost-alam-bukit-raya-eksekutif-kebomas-gresik-2
Kabupaten Gresik,Kost Bu Khusnaini Tipe A,Putra,Kebomas,0.0,Tidak,Ya,Ya,Ya,Tidak,Ya,550000,https://mamikos.com/room/kost-kabupaten-gresik-kost-putra-murah-kost-bu-khusnaini-tipe-a-kebomas-gresik-2
Kabupaten Gresik,Kost Bapak Sarbini Tipe A,Putra,Gresik,0.0,Tidak,Tidak,Ya,Tidak,Tidak,Tidak,500000,https://mamikos.com/room/kost-kabupaten-gresik-kost-putra-murah-kost-bapak-sarbini-tipe-a-gresik
Kabupaten Gresik,Kost Al Barkah,Putri,Kecamatan Kebomas,0.0,Ya,Ya,Ya,Ya,Ya,Ya,1200000,https://mamikos.com/room/kost-kabupaten-gresik-kost-putri-eksklusif-kost-al-barkah-kebomas-gresik-2
Kabupaten Gresik,Kost Eckalyra,Putri,Kebomas,0.0,Tidak,Ya,Ya,Ya,Ya,Ya,575000,https://mamikos.com/room/kost-gresik-kost-putri-murah-kost-eckalyra-kebomas-gresik
Kabupaten Gresik,Rumah Kontrakan Byaz House,Putri,Kecamatan Kebomas,0.0,Tidak,Tidak,Tidak,Ya,Tidak,Tidak,1000000,https://mamikos.com/room/kost-kabupaten-gresik-kost-putri-eksklusif-rumah-kontrakan-byaz-house-kebomas-gresik
Kabupaten Gresik,Kost Noor Mw Djiwoharjoso Tipe A,Campur,Kebomas,0.0,Ya,Ya,Ya,Tidak,Ya,Ya,600000,https://mamikos.com/room/kost-gresik-kost-campur-murah-kost-noor-mw-djiwoharjoso-tipe-a-kebomas-gresik
Kabupaten Gresik,Kost Ibu Ifa Randu Agung,Putra,Kecamatan Kebomas,0.0,Tidak,Ya,Ya,Tidak,Ya,Tidak,550000,https://mamikos.com/room/kost-kabupaten-gresik-kost-putra-murah-kost-ibu-ifa-randu-agung-kebomas-gresik-2
Kabupaten Gresik,Kost Lia Kusmiatun,Putra,Kecamatan Duduksampeyan,0.0,Tidak,Tidak,Ya,Tidak,Tidak,Tidak,599999,https://mamikos.com/room/kost-kabupaten-gresik-kost-putra-murah-kost-lia-kusmiatun-duduksampeyan-gresik-2
Kabupaten Gresik,Kost Bu Aliyah,Putri,Kecamatan Kebomas,0.0,Tidak,Tidak,Ya,Ya,Tidak,Tidak,650000,https://mamikos.com/room/kost-kabupaten-gresik-kost-putri-murah-kost-bu-aliyah-kebomas-gresik-2
Kabupaten Gresik,Kost Alcasa Single,Putri,Kecamatan Kebomas,0.0,Ya,Tidak,Ya,Ya,Tidak,Ya,1000000,https://mamikos.com/room/kost-kabupaten-gresik-kost-putri-eksklusif-kost-alcasa-single-kebomas-gresik
Kabupaten Gresik,Kost Melati Standart,Putri,Manyar,0.0,Tidak,Tidak,Ya,Ya,Ya,Tidak,500000,https://mamikos.com/room/kost-gresik-kost-putri-murah-kost-melati-standart-manyar-gresik-2
Kabupaten Gresik,Rumah Kontrakan Pondok Permata Suci,Campur,Kecamatan Manyar,0.0,Ya,Ya,Tidak,Tidak,Ya,Tidak,1500000,https://mamikos.com/room/kost-kabupaten-gresik-kost-campur-eksklusif-rumah-kontrakan-pondok-permata-suci-manyar-gresik-2
Kabupaten Gresik,Kost Liha,Campur,Manyar,0.0,Ya,Ya,Ya,Tidak,Ya,Ya,900000,https://mamikos.com/room/kost-kabupaten-gresik-kost-campur-murah-kost-liha-manyar-gresik
Kabupaten Gresik,Kost Samara,Campur,Kebomas,0.0,Tidak,Ya,Ya,Ya,Ya,Ya,550000,https://mamikos.com/room/kost-gresik-kost-campur-murah-kost-samara-kebomas-gresik-2
Kabupaten Gresik,Kost Griya Kembangan Tipe A,Putri,Kecamatan Kebomas,0.0,Ya,Tidak,Ya,Ya,Ya,Ya,1200000,https://mamikos.com/room/kost-kabupaten-gresik-kost-putri-eksklusif-kost-griya-kembangan-tipe-a-kebomas-gresik
Kabupaten Gresik,Kost Harmony Tipe A,Campur,Kecamatan Kebomas,0.0,Ya,Ya,Ya,Ya,Ya,Ya,1500000,https://mamikos.com/room/kost-kabupaten-gresik-kost-campur-eksklusif-kost-harmony-tipe-a-kebomas-gresik
Kabupaten Gresik,Kost Aditya,Campur,Kecamatan Kebomas,0.0,Ya,Ya,Ya,Ya,Ya,Ya,1000000,https://mamikos.com/room/kost-kabupaten-gresik-kost-campur-eksklusif-kost-aditya-kebomas-gresik
Kabupaten Gresik,Kost Nindy,Campur,Kebomas,0.0,Tidak,Ya,Ya,Tidak,Ya,Tidak,500000,https://mamikos.com/room/kost-gresik-kost-campur-murah-kost-nindy-kebomas-gresik
Kabupaten Gresik,Kost Bu Yani Nusantoro,Putra,Kebomas,0.0,Tidak,Ya,Ya,Tidak,Tidak,Tidak,450000,https://mamikos.com/room/kost-gresik-kost-putra-murah-kost-bu-yani-nusantoro-kebomas-gresik
Kabupaten Gresik,Kost Bu Eko Tipe C,Putri,Kebomas,0.0,Tidak,Ya,Ya,Tidak,Tidak,Tidak,1000000,https://mamikos.com/room/kost-gresik-kost-putri-eksklusif-kost-bu-eko-tipe-c-kebomas-gresik-1
Kabupaten Gresik,Kost D,Putri,Kecamatan Gresik,0.0,Tidak,Tidak,Ya,Ya,Tidak,Tidak,700000,https://mamikos.com/room/kost-kabupaten-gresik-kost-putri-murah-kost-d-gresik
Kabupaten Gresik,Kost PPI,Putri,Kecamatan Manyar,0.0,Tidak,Tidak,Ya,Tidak,Tidak,Tidak,500000,https://mamikos.com/room/kost-kabupaten-gresik-kost-putri-murah-kost-ppi-manyar-gresik
Kabupaten Gresik,Kost Ramana,Putra,Kecamatan Manyar,0.0,Ya,Ya,Ya,Ya,Tidak,Ya,1200000,https://mamikos.com/room/kost-kabupaten-gresik-kost-putra-eksklusif-kost-ramana-manyar-gresik
Kabupaten Gresik,Kost Clemira VIP,Putri,Kebomas,0.0,Ya,Ya,Ya,Tidak,Tidak,Ya,1100000,https://mamikos.com/room/kost-kabupaten-gresik-kost-putri-eksklusif-kost-clemira-vip-kebomas-gresik
Kabupaten Gresik,Kost Simple Stay Homey And Luxury Executive,Putri,Kecamatan Manyar,0.0,Ya,Tidak,Ya,Ya,Ya,Ya,1500000,https://mamikos.com/room/kost-kabupaten-gresik-kost-putri-eksklusif-kost-simple-stay-homey-and-luxury-executive-manyar-gresik
Kabupaten Gresik,Kost D Cost,Putri,Kebomas,0.0,Ya,Tidak,Ya,Ya,Ya,Ya,1300000,https://mamikos.com/room/kost-kabupaten-gresik-kost-putri-eksklusif-kost-d-cost-kebomas-gresik
Kabupaten Gresik,Kost Ladies,Putri,Kecamatan Kebomas,0.0,Tidak,Tidak,Ya,Tidak,Tidak,Ya,600000,https://mamikos.com/room/kost-kabupaten-gresik-kost-putri-murah-kost-ladies-kebomas-gresik
Kabupaten Gresik,Kost Enam Belas Tipe A,Putra,Kecamatan Manyar,0.0,Ya,Ya,Ya,Ya,Tidak,Tidak,1000000,https://mamikos.com/room/kost-kabupaten-gresik-kost-putra-eksklusif-kos-enambelas-tipe-a-manyar-gresik
Kabupaten Gresik,Kost Montana,Putri,Kebomas,0.0,Tidak,Tidak,Ya,Ya,Tidak,Ya,650000,https://mamikos.com/room/kost-kabupaten-gresik-kost-putri-murah-kost-montana-kebomas-gresik
Kabupaten Gresik,Kost Daun Tipe A,Putra,Kecamatan Manyar,0.0,Tidak,Ya,Ya,Tidak,Tidak,Tidak,715000,https://mamikos.com/room/kost-kabupaten-gresik-kost-putra-eksklusif-kost-daun-tipe-a-manyar-gresik
Kabupaten Gresik,Kost Dua Randuagung Standar,Putra,Kebomas,0.0,Tidak,Ya,Tidak,Ya,Ya,Ya,660000,https://mamikos.com/room/kost-kabupaten-gresik-kost-putra-murah-kost-dua-randuagung-standar-kebomas-gresik-2
Kabupaten Gresik,Kost Dua Randuagung Lebih Luas,Putra,Kebomas,0.0,Tidak,Ya,Ya,Ya,Ya,Ya,710000,https://mamikos.com/room/kost-kabupaten-gresik-kost-putra-murah-kost-dua-randuagung-lebih-luas-kebomas-gresik
Kabupaten Gresik,Kost Aisyah Bunder,Putri,Kebomas,0.0,Tidak,Tidak,Ya,Tidak,Tidak,Ya,550000,https://mamikos.com/room/kost-gresik-kost-putri-murah-kost-aisyah-bunder-kebomas-gresik-1
Kabupaten Jember,Kost Avonix Tipe A,Putri,Sumbersari,0.0,Ya,Ya,Ya,Tidak,Ya,Ya,1105000,https://mamikos.com/room/kost-jember-kost-putri-eksklusif-kost-apik-avonix-tipe-a-sumbersari-jember
Kabupaten Jember,Kost Avonix Tipe B,Putri,Sumbersari,0.0,Tidak,Ya,Ya,Ya,Ya,Ya,745000,https://mamikos.com/room/kost-jember-kost-putri-murah-kost-apik-avonix-tipe-b-sumbersari-jember
Kabupaten Jember,Kost Semeru Residence Tipe B,Campur,Sumbersari,0.0,Ya,Ya,Ya,Ya,Tidak,Ya,1510000,https://mamikos.com/room/kost-jember-kost-campur-eksklusif-kost-apik-semeru-residence-tipe-b-sumbersari-jember
Kabupaten Jember,Kost Avonix Tipe C,Putri,Sumbersari,0.0,Tidak,Ya,Ya,Ya,Ya,Ya,655000,https://mamikos.com/room/kost-jember-kost-putri-murah-kost-apik-avonix-tipe-c-sumbersari-jember
Kabupaten Jember,Kost Pria Eksklusif (KARYAWAN),Putra,Sumbersari,0.0,Ya,Ya,Ya,Ya,Ya,Ya,1300000,https://mamikos.com/room/kost-jember-kost-putra-eksklusif-kost-pria-eksklusif-karyawan-sumbersari-jember
Kabupaten Jember,Kost Rumah Insani Tipe D,Putri,Kecamatan Sumbersari,0.0,Tidak,Tidak,Ya,Ya,Ya,Ya,650000,https://mamikos.com/room/kost-kabupaten-jember-kost-putri-murah-kost-rumah-insani-tipe-d-sumbersari-jember-2
Kabupaten Jember,Kost Griya Anak Sholeh Tipe A,Putra,Sumbersari,0.0,Tidak,Tidak,Ya,Ya,Ya,Ya,750000,https://mamikos.com/room/kost-jember-kost-putra-murah-kost-griya-anak-sholeh-type-a
Kabupaten Jember,Kost Jubung Asri Tipe Standart,Putri,Sukorambi,0.0,Tidak,Tidak,Ya,Tidak,Ya,Ya,450000,https://mamikos.com/room/kost-jember-kost-putri-murah-kost-jubung-asri-tipe-standart-sukorambi-jember
Kabupaten Jember,Kost Kalima,Putri,Sumbersari,0.0,Tidak,Tidak,Ya,Tidak,Tidak,Ya,375000,https://mamikos.com/room/kost-jember-kost-putri-murah-kost-kalima-sumbersari-jember
Kabupaten Jember,Kost Samira 2 Tipe Standar,Putri,Kaliwates,0.0,Ya,Tidak,Ya,Ya,Ya,Ya,1000000,https://mamikos.com/room/kost-jember-kost-putri-eksklusif-kost-samira-2-tipe-standar-kaliwates-jember-2
Kabupaten Jember,Kost Griya Sakinah Tipe Standar,Putri,Kaliwates,0.0,Tidak,Tidak,Ya,Tidak,Tidak,Ya,400000,https://mamikos.com/room/kost-jember-kost-putri-murah-kost-griya-sakinah-tipe-standar-kaliwates-jember
Kabupaten Jember,Kost Rahayu,Putri,Sumbersari,0.0,Tidak,Ya,Ya,Tidak,Tidak,Ya,500000,https://mamikos.com/room/kost-kabupaten-jember-kost-putri-murah-kost-rahayu-sumbersari-jember
Kabupaten Jember,Kost D Surya,Campur,Patrang,4.8,Tidak,Ya,Ya,Ya,Ya,Ya,650000,https://mamikos.com/room/kost-jember-kost-campur-eksklusif-kost-d-surya-patrang-jember
Kabupaten Jember,Kost Ar Rahman Tipe Standar,Putri,Patrang,4.6,Tidak,Ya,Ya,Ya,Tidak,Ya,415000,https://mamikos.com/room/kost-jember-kost-putri-murah-kost-ar-rahman-tipe-standar-patrang-jember
Kabupaten Jember,Kost Mastrip Blok G,Putri,Kecamatan Sumbersari,0.0,Tidak,Ya,Ya,Tidak,Ya,Ya,500000,https://mamikos.com/room/kost-kabupaten-jember-kost-putri-murah-kost-mastrip-blok-g-sumbersari-jember
Kabupaten Jember,Kost Syanda D Tipe 3,Putri,Sumbersari,0.0,Ya,Tidak,Ya,Ya,Ya,Ya,1200000,https://mamikos.com/room/kost-kabupaten-jember-kost-putri-eksklusif-kost-syanda-d-tipe-3-sumbersari-jember
Kabupaten Jember,Kost Kaliurang Asri Tipe A,Putri,Sumbersari,0.0,Tidak,Ya,Ya,Ya,Tidak,Ya,500000,https://mamikos.com/room/kost-jember-kost-putri-murah-kost-kaliurang-asri-tipe-a-sumbersari-jember-2
Kabupaten Jember,Kost Karimata Tipe Standar,Putri,Sumbersari,0.0,Tidak,Ya,Ya,Ya,Tidak,Ya,375000,https://mamikos.com/room/kost-jember-kost-putri-murah-kost-karimata-30-tipe-standar-sumbersari-jember
Kabupaten Jember,Kost Halmahera View,Putri,Sumbersari,0.0,Ya,Tidak,Ya,Ya,Ya,Ya,1800000,https://mamikos.com/room/kost-jember-kost-putri-eksklusif-kost-halmahera-view-sumbersari-jember
Kabupaten Jember,Kost Lestari Living Hub Prime B,Putri,Sumbersari,0.0,Ya,Ya,Ya,Ya,Ya,Ya,1350000,https://mamikos.com/room/kost-kabupaten-jember-kost-putri-eksklusif-kost-lestari-living-hub-prime-b-sumbersari-jember-2
Kabupaten Jember,Kost S14 Tipe A,Putri,Kecamatan Sumbersari,0.0,Tidak,Ya,Ya,Tidak,Tidak,Ya,450000,https://mamikos.com/room/kost-kabupaten-jember-kost-putri-murah-kost-s14-tipe-a-sumbersari-jember
Kabupaten Jember,Kost Cenderawasih,Putri,Kecamatan Sumbersari,0.0,Ya,Tidak,Ya,Ya,Ya,Ya,1000000,https://mamikos.com/room/kost-kabupaten-jember-kost-putri-eksklusif-kost-cenderawasih-sumbersari-jember-2
Kabupaten Jember,Kost Tutu,Putri,Sumbersari,0.0,Tidak,Tidak,Ya,Tidak,Ya,Ya,750000,https://mamikos.com/room/kost-kabupaten-jember-kost-putri-murah-kost-tutu-sumbersari-jember-2
Kabupaten Jember,Kost Lestari Living Hub Prime A,Putri,Sumbersari,0.0,Ya,Ya,Ya,Ya,Ya,Ya,1400000,https://mamikos.com/room/kost-kabupaten-jember-kost-putri-eksklusif-kost-lestari-living-hub-prime-a-sumbersari-jember-2
Kabupaten Jember,Kost Perhutani,Putra,Sumbersari,0.0,Tidak,Ya,Ya,Ya,Ya,Ya,700000,https://mamikos.com/room/kost-kabupaten-jember-kost-putra-murah-kost-perhutani-sumbersari-jember-3
Kabupaten Jember,Kost Syanda D Tipe 1,Putri,Sumbersari,0.0,Ya,Tidak,Ya,Ya,Ya,Ya,1000000,https://mamikos.com/room/kost-kabupaten-jember-kost-putri-eksklusif-kost-syanda-d-tipe-1-sumbersari-jember
Kabupaten Jember,Kost Sweet Homestay,Putra,Kaliwates,5.0,Ya,Tidak,Ya,Ya,Ya,Ya,1100000,https://mamikos.com/room/kost-kabupaten-jember-kost-putra-eksklusif-kost-sweet-homestay-kaliwates-jember-2
Kabupaten Jember,Kost Semeru Tipe A,Putra,Sumbersari,0.0,Ya,Tidak,Ya,Ya,Ya,Ya,1200000,https://mamikos.com/room/kost-kabupaten-jember-kost-putra-eksklusif-kost-semeru-tipe-a-sumbersari-jember
Kabupaten Jember,Kost S14 Tipe Standard,Putri,Sumbersari,0.0,Tidak,Tidak,Ya,Tidak,Tidak,Ya,600000,https://mamikos.com/room/kost-jember-kost-putri-murah-kost-s14-tipe-standard-sumbersari-jember
Kabupaten Jember,Kost Samira 2 Tipe Ekslusif,Putri,Kaliwates,0.0,Ya,Tidak,Ya,Ya,Ya,Ya,1100000,https://mamikos.com/room/kost-jember-kost-putri-eksklusif-kost-samira-2-tipe-ekslusif-kaliwates-jember
Kabupaten Jember,Kost Rumah Insani Tipe A,Putri,Sumbersari,0.0,Ya,Ya,Ya,Ya,Ya,Ya,1200000,https://mamikos.com/room/kost-kabupaten-jember-kost-putri-eksklusif-kost-rumah-insani-tipe-a-sumbersari-jember-2
Kabupaten Jember,Kost Rumah Laksdiera,Putri,Kecamatan Sumbersari,0.0,Tidak,Tidak,Ya,Ya,Ya,Ya,650000,https://mamikos.com/room/kost-kabupaten-jember-kost-putri-murah-kost-rumah-laksdiera-sumbersari-jember
Kabupaten Jember,Kost Poppy 1 Tipe A,Putri,Kecamatan Sumbersari,0.0,Ya,Ya,Ya,Ya,Ya,Ya,1200000,https://mamikos.com/room/kost-kabupaten-jember-kost-putri-eksklusif-kost-poppy-1-tipe-a-sumbersari-jember-2
Kabupaten Jember,Kost Rr Living Tipe Exclusive,Putri,Sumbersari,0.0,Ya,Ya,Ya,Ya,Ya,Ya,1100000,https://mamikos.com/room/kost-jember-kost-putri-eksklusif-kost-rr-living-tipe-exclusive-sumbersari-jember
Kabupaten Jember,Kost Surya Milenia Tipe A,Putra,Kaliwates,0.0,Ya,Tidak,Ya,Ya,Ya,Ya,950000,https://mamikos.com/room/kost-kabupaten-jember-kost-putra-murah-kost-surya-milenia-tipe-a-kaliwates-jember
Kabupaten Jember,Kost Nawasena Tipe Tulip,Putri,Patrang,0.0,Ya,Tidak,Ya,Ya,Ya,Ya,1400000,https://mamikos.com/room/kost-kabupaten-jember-kost-putri-eksklusif-kost-nawasena-tipe-tulip-patrang-jember
Kabupaten Jember,Kost The Srikandi Residence Eksklusif Tipe Vip Executive,Putri,Sumbersari,0.0,Ya,Ya,Ya,Ya,Ya,Ya,1500000,https://mamikos.com/room/kost-jember-kost-putri-eksklusif-kost-the-srikandi-residence-eksklusif-tipe-vip-executive-sumbersari-jember
Kabupaten Jember,Kost Nusa Indah Pojok Tipe Standar,Putri,Patrang,0.0,Tidak,Tidak,Ya,Ya,Tidak,Ya,500000,https://mamikos.com/room/kost-jember-kost-putri-murah-kost-nusa-indah-pojok-tipe-standar-patrang-jember-2
Kabupaten Jember,Kost Belitung,Putri,Sumbersari,0.0,Tidak,Tidak,Ya,Ya,Ya,Ya,550000,https://mamikos.com/room/kost-jember-kost-putri-murah-kost-belitung-sumbersari-jember
Kabupaten Jember,Kost Eksekutif Batu Raden,Putri,Kecamatan Sumbersari,5.0,Ya,Ya,Ya,Ya,Ya,Ya,1500000,https://mamikos.com/room/kost-kabupaten-jember-kost-putri-eksklusif-kost-eksekutif-batu-raden-sumbersari-jember
Kabupaten Jember,Kost Yoyo Tipe Eksklusif,Putri,Sumbersari,0.0,Ya,Tidak,Ya,Ya,Ya,Ya,1000000,https://mamikos.com/room/kost-jember-kost-putri-eksklusif-kost-yoyo-tipe-eksklusif-sumbersari-jember
Kabupaten Jember,Kost Wisma Renggali Tipe Standar,Putri,Ajung,0.0,Tidak,Tidak,Ya,Tidak,Ya,Tidak,400000,https://mamikos.com/room/kost-kabupaten-jember-kost-putri-murah-kost-wisma-renggali-tipe-kakamar-mandi-dalam-dan-kamar-mandi-luar-ajung-jember-2
Kabupaten Jember,Kost Elohim 88,Campur,Sumbersari,0.0,Ya,Ya,Ya,Ya,Ya,Ya,1500000,https://mamikos.com/room/kost-kabupaten-jember-kost-campur-eksklusif-kost-elohim-88-sumbersari-jember
Kabupaten Jember,Kost Alya 1,Putri,Kecamatan Sumbersari,0.0,Tidak,Tidak,Ya,Ya,Ya,Ya,650000,https://mamikos.com/room/kost-kabupaten-jember-kost-putri-murah-kost-alya-1-sumbersari-jember
Kabupaten Jember,Kost Eksklusif Java Executive,Putri,Sumbersari,0.0,Ya,Ya,Ya,Ya,Ya,Ya,1350000,https://mamikos.com/room/kost-kabupaten-jember-kost-putri-eksklusif-kost-eksklusif-java-executive-sumbersari-jember-2
Kabupaten Jember,Kost D Sansal House Bed,Putri,Sumbersari,5.0,Tidak,Ya,Ya,Tidak,Tidak,Ya,495000,https://mamikos.com/room/kost-kabupaten-jember-kost-putri-murah-kost-d-sansal-house-bed-sumbersari-jember-2
Kabupaten Jember,Kost Alya 2 Tipe B,Putri,Sumbersari,0.0,Tidak,Ya,Ya,Ya,Ya,Ya,650000,https://mamikos.com/room/kost-kabupaten-jember-kost-putri-murah-kost-alya-2-tipe-b-sumbersari-jember
Kabupaten Jember,Kost Rizqi,Putri,Kecamatan Sumbersari,0.0,Tidak,Tidak,Ya,Tidak,Tidak,Tidak,450000,https://mamikos.com/room/kost-kabupaten-jember-kost-putri-murah-kost-rizqi-sumbersari-jember-1
Kabupaten Jember,Kost Eksekutif Lala 1 Tipe A,Putri,Sumbersari,0.0,Ya,Ya,Ya,Ya,Ya,Ya,800000,https://mamikos.com/room/kost-kabupaten-jember-kost-campur-murah-kost-eksekutif-lala-1-tipe-a-sumbersari-jember
Kabupaten Jember,Kost Lestari Living Hub Sky,Putri,Sumbersari,5.0,Tidak,Ya,Ya,Ya,Ya,Ya,600000,https://mamikos.com/room/kost-kabupaten-jember-kost-campur-murah-kost-lestari-living-hub-sky-sumbersari-jember
Kabupaten Jember,Kost Palm Halmahera 2,Campur,Kecamatan Sumbersari,0.0,Ya,Ya,Ya,Ya,Ya,Ya,1700000,https://mamikos.com/room/kost-kabupaten-jember-kost-campur-eksklusif-kost-palm-halmahera-2-sumbersari-jember
Kabupaten Jember,Kost Zahra Blambangan Tipe VVIP,Putri,Kecamatan Sumbersari,0.0,Tidak,Tidak,Ya,Tidak,Ya,Ya,850000,https://mamikos.com/room/kost-kabupaten-jember-kost-putri-murah-kost-zahra-blambangan-tipe-vvip-sumbersari-jember-2
Kabupaten Jember,Kost Gilang,Putra,Sumbersari,0.0,Tidak,Tidak,Ya,Tidak,Tidak,Ya,350000,https://mamikos.com/room/kost-kabupaten-jember-kost-putra-murah-kost-gilang-sumbersari-jember
Kabupaten Jember,Kost Lestari Living Hub Urban,Putri,Sumbersari,5.0,Tidak,Ya,Ya,Ya,Ya,Ya,700000,https://mamikos.com/room/kost-kabupaten-jember-kost-campur-murah-kost-lestari-living-hub-urban-sumbersari-jember
Kabupaten Jember,Kost Dalem Kito,Putri,Sumbersari,4.1,Tidak,Ya,Ya,Ya,Ya,Ya,650000,https://mamikos.com/room/kost-kabupaten-jember-kost-putri-murah-kost-dalem-kito-sumbersari-jember
Kabupaten Jember,Kost Prihandini Kaliurang Tipe Standar,Putri,Sumbersari,0.0,Tidak,Tidak,Ya,Ya,Ya,Ya,700000,https://mamikos.com/room/kost-jember-kost-putri-murah-kost-prihandini-kaliurang-tipe-standar-sumbersari-jember-2
Kabupaten Jember,Kost Tera Tipe Kamar Mandi Luar,Putra,Sumbersari,0.0,Tidak,Ya,Ya,Tidak,Tidak,Ya,400000,https://mamikos.com/room/kost-jember-kost-putra-murah-kost-tera-tipe-kamar-mandi-luar-sumbersari-jember-2
Kabupaten Jember,Kost Bu Ita 2,Putra,Kecamatan Kaliwates,5.0,Tidak,Ya,Ya,Ya,Tidak,Ya,450000,https://mamikos.com/room/kost-kabupaten-jember-kost-putra-murah-kost-bu-ita-2-kaliwates-jember-2
Kabupaten Jember,Kost Pondok Mastoku 3 Tipe A,Putra,Sumbersari,0.0,Ya,Ya,Ya,Tidak,Ya,Ya,1000000,https://mamikos.com/room/kost-kabupaten-jember-kost-putra-eksklusif-kost-pondok-mastoku-3-tipe-a-sumbersari-jember
Kabupaten Jember,Kost S14 Tipe Standard 1,Putri,Sumbersari,0.0,Tidak,Tidak,Ya,Tidak,Tidak,Ya,450000,https://mamikos.com/room/kost-jember-kost-putri-murah-kost-s14-tipe-standard-1-sumbersari-jember
Kabupaten Jember,Kost 66A Tipe B,Putri,Sumbersari,5.0,Tidak,Tidak,Ya,Tidak,Tidak,Ya,525000,https://mamikos.com/room/kost-kabupaten-jember-kost-putri-murah-kost-66a-tipe-b-sumbersari-jember-1
Kabupaten Jember,Kost Lestari Living Hub Lestari Comfort,Putri,Sumbersari,0.0,Tidak,Ya,Ya,Ya,Ya,Ya,800000,https://mamikos.com/room/kost-kabupaten-jember-kost-campur-murah-kost-lestari-living-hub-lestari-comfort-sumbersari-jember
Kabupaten Jember,Kost Salma Cozy Breeze,Putri,Sumbersari,0.0,Tidak,Ya,Ya,Tidak,Tidak,Ya,525000,https://mamikos.com/room/kost-kabupaten-jember-kost-putri-murah-kost-salma-cozy-breeze-sumbersari-jember-2
Kabupaten Jember,Kost Bu Candra Tipe A KM Dalam,Putri,Kecamatan Sumbersari,0.0,Tidak,Tidak,Ya,Ya,Ya,Ya,650000,https://mamikos.com/room/kost-kabupaten-jember-kost-putri-murah-kost-bu-candra-tipe-a-km-dalam-sumbersari-jember
Kabupaten Jember,Kost Rumah Laksdiera Tipe A,Putri,Sumbersari,0.0,Tidak,Tidak,Ya,Tidak,Tidak,Ya,500000,https://mamikos.com/room/kost-kabupaten-jember-kost-putri-murah-laksdiera-rumah-kos-tipe-a-sumbersari-jember-2
Kabupaten Jember,Kost Salma Tipe Simple Chill,Putri,Sumbersari,0.0,Tidak,Ya,Ya,Tidak,Tidak,Tidak,475000,https://mamikos.com/room/kost-jember-kost-putri-murah-kost-salma-tipe-simple-chill-sumbersari-jember
Kabupaten Jember,Kost Palm Halmahera 1 Tipe B,Campur,Sumbersari,0.0,Ya,Ya,Ya,Tidak,Ya,Ya,1350000,https://mamikos.com/room/kost-jember-kost-campur-eksklusif-kost-palm-halmahera-1-tipe-b-sumbersari-jember-2
Kabupaten Jember,Kost Bu Ita,Campur,Kecamatan Kaliwates,0.0,Ya,Ya,Ya,Ya,Ya,Ya,1250000,https://mamikos.com/room/kost-kabupaten-jember-kost-campur-eksklusif-kost-bu-ita-kaliwates-jember-2
Kabupaten Jember,Kost Bu Iin,Putra,Kecamatan Sumbersari,0.0,Tidak,Ya,Ya,Tidak,Tidak,Ya,500000,https://mamikos.com/room/kost-kabupaten-jember-kost-putra-murah-kost-bu-iin-sumbersari-jember-2
Kabupaten Jember,Kost Bu Nur Tipe Standart,Putra,Sumbersari,0.0,Tidak,Ya,Ya,Tidak,Tidak,Ya,350000,https://mamikos.com/room/kost-jember-kost-putra-murah-kost-bu-nur-tipe-standart-sumbersari-jember
Kabupaten Jember,Kost 66A Tipe A,Putri,Sumbersari,0.0,Tidak,Tidak,Ya,Tidak,Tidak,Ya,700000,https://mamikos.com/room/kost-kabupaten-jember-kost-putri-murah-kost-66a-sumbersari-jember-1
Kabupaten Jember,Kost Palm Halmahera 1 Tipe A,Campur,Sumbersari,0.0,Ya,Ya,Ya,Tidak,Ya,Ya,1700000,https://mamikos.com/room/kost-jember-kost-campur-eksklusif-kost-palm-halmahera-1-tipe-a-sumbersari-jember-2
Kabupaten Jember,Kost S14 Tipe B,Putri,Kecamatan Sumbersari,0.0,Tidak,Ya,Ya,Tidak,Tidak,Ya,400000,https://mamikos.com/room/kost-kabupaten-jember-kost-putri-murah-kost-s14-tipe-b-sumbersari-jember
Kabupaten Jember,Kost Kch Vvip,Campur,Kecamatan Sumbersari,0.0,Ya,Ya,Ya,Ya,Ya,Ya,1700000,https://mamikos.com/room/kost-kabupaten-jember-kost-campur-eksklusif-kost-kch-vvip-sumbersari-jember
Kabupaten Jember,Kost Furever Flower Room,Campur,Kaliwates,0.0,Tidak,Ya,Ya,Ya,Tidak,Ya,950000,https://mamikos.com/room/kost-kabupaten-jember-kost-campur-murah-kost-furever-flower-room-kaliwates-jember-2
Kabupaten Jember,Kost Gunung Batu 2 Tipe A,Putra,Kecamatan Sumbersari,0.0,Tidak,Ya,Ya,Ya,Tidak,Ya,300000,https://mamikos.com/room/kost-kabupaten-jember-kost-putra-murah-kost-gunung-batu-2-tipe-a-sumbersari-jember
Kabupaten Jember,Kost Rumah Insani Tipe B,Putri,Sumbersari,0.0,Ya,Tidak,Ya,Ya,Ya,Ya,1000000,https://mamikos.com/room/kost-kabupaten-jember-kost-putri-eksklusif-kost-rumah-insani-tipe-b-sumbersari-jember
Kabupaten Jember,Kost Griya Anak Sholeh Tipe C,Putra,Sumbersari,0.0,Tidak,Ya,Ya,Tidak,Tidak,Ya,500000,https://mamikos.com/room/kost-kabupaten-jember-kost-putra-murah-kost-griya-anak-sholeh-tipe-c-sumbersari-jember-2
Kabupaten Jember,Kost Syanda D Tipe 4,Putri,Sumbersari,0.0,Ya,Tidak,Ya,Ya,Ya,Ya,1300000,https://mamikos.com/room/kost-kabupaten-jember-kost-putri-eksklusif-kost-syanda-d-tipe-4-sumbersari-jember
Kabupaten Jember,Kost Semeru Tipe Vvip,Putra,Sumbersari,0.0,Ya,Ya,Ya,Ya,Ya,Ya,1600000,https://mamikos.com/room/kost-jember-kost-putra-eksklusif-kost-semeru-tipe-vvip-sumbersari-jember
Kabupaten Jember,Kost Nawasena 2 Tipe Orchid,Putri,Patrang,0.0,Ya,Tidak,Ya,Ya,Ya,Ya,1400000,https://mamikos.com/room/kost-jember-kost-putri-eksklusif-kost-nawasena-2-tipe-orchid-patrang-jember-2
Kabupaten Jember,Kost Agung Xl,Putra,Kecamatan Kaliwates,0.0,Tidak,Tidak,Ya,Ya,Ya,Tidak,600000,https://mamikos.com/room/kost-kabupaten-jember-kost-campur-eksklusif-kost-agung-xl-kaliwates-jember
Kabupaten Jember,Kost Dkens Tipe Standart,Putra,Patrang,0.0,Tidak,Tidak,Ya,Tidak,Tidak,Ya,350000,https://mamikos.com/room/kost-jember-kost-putra-murah-kost-dkens-tipe-standart-patrang-jember
Kabupaten Jember,Kost Syanda D Tipe 2,Putri,Sumbersari,0.0,Ya,Tidak,Ya,Ya,Ya,Ya,1100000,https://mamikos.com/room/kost-kabupaten-jember-kost-putri-eksklusif-kost-syanda-d-tipe-2-sumbersari-jember
Kabupaten Jember,Kost Furever Stair Room,Campur,Kaliwates,0.0,Tidak,Ya,Ya,Ya,Tidak,Ya,750000,https://mamikos.com/room/kost-kabupaten-jember-kost-campur-murah-kost-furever-stair-room-kaliwates-jember
Kabupaten Jember,Kost Sumadi Tipe 5A,Putri,Kecamatan Sumbersari,0.0,Tidak,Tidak,Ya,Tidak,Tidak,Ya,500000,https://mamikos.com/room/kost-kabupaten-jember-kost-putri-murah-kost-sumadi-tipe-5a-sumbersari-jember
Kabupaten Jember,Kost Furever Rainbow Room,Campur,Kaliwates,0.0,Tidak,Ya,Ya,Ya,Tidak,Ya,950000,https://mamikos.com/room/kost-kabupaten-jember-kost-campur-murah-kost-furever-rainbow-room-kaliwates-jember-2
Kabupaten Jember,Kost Rumah Insani Tipe C,Putri,Sumbersari,0.0,Tidak,Ya,Ya,Ya,Ya,Ya,750000,https://mamikos.com/room/kost-kabupaten-jember-kost-putri-murah-kost-rumah-insani-tipe-c-sumbersari-jember
Kabupaten Jember,Kost Sasmira Tipe B,Putri,Kecamatan Sumbersari,0.0,Tidak,Ya,Ya,Ya,Tidak,Tidak,699000,https://mamikos.com/room/kost-kabupaten-jember-kost-putri-eksklusif-kost-sasmira-iv-vip-sumbersari-jember
Kabupaten Jember,Kost Furever Garden Room,Campur,Kaliwates,0.0,Tidak,Ya,Ya,Ya,Tidak,Ya,950000,https://mamikos.com/room/kost-kabupaten-jember-kost-campur-murah-kost-furever-garden-room-kaliwates-jember-2
Kabupaten Jember,Kost Sasmira Tipe C,Putri,Kecamatan Sumbersari,0.0,Tidak,Ya,Ya,Ya,Ya,Ya,1000000,https://mamikos.com/room/kost-kabupaten-jember-kost-putri-eksklusif-kost-sasmira-tipe-c-sumbersari-jember
Kabupaten Jember,Kost Sasmira Tipe A,Putri,Kecamatan Sumbersari,0.0,Tidak,Ya,Ya,Ya,Tidak,Tidak,699000,https://mamikos.com/room/kost-kabupaten-jember-kost-putri-murah-kos-sasmira-ada-3-type-industrialis-japandi-konten-dan-klasik-sumbersari-jember-2
Kabupaten Jember,Kost Griya Anak Sholeh Tipe B,Putra,Sumbersari,0.0,Tidak,Tidak,Ya,Tidak,Tidak,Ya,500000,https://mamikos.com/room/kost-kabupaten-jember-kost-putra-murah-kost-griya-anak-sholeh-tipe-b-sumbersari-jember-2
Kabupaten Jember,Kost Mentari Tidar,Putri,Sumbersari,0.0,Tidak,Tidak,Ya,Tidak,Ya,Ya,650000,https://mamikos.com/room/kost-jember-kost-putri-murah-kost-mentari-tidar-sumbersari-jember
Kabupaten Jember,Kost Gunung Batu 2 Small,Putra,Sumbersari,0.0,Tidak,Ya,Ya,Ya,Tidak,Ya,300000,https://mamikos.com/room/kost-kabupaten-jember-kost-putra-murah-kost-gunung-batu-2-small-sumbersari-jember-2
Kabupaten Jember,Kost Jati Tipe C,Putri,Sumbersari,0.0,Tidak,Ya,Ya,Tidak,Tidak,Ya,550000,https://mamikos.com/room/kost-jember-kost-putri-murah-kost-jati-tipe-c-sumbersari-jember-2
Kabupaten Jember,Kost Agung Xxl,Campur,Kecamatan Kaliwates,0.0,Tidak,Ya,Ya,Ya,Ya,Tidak,800000,https://mamikos.com/room/kost-kabupaten-jember-kost-campur-eksklusif-kost-agung-xxl-kaliwates-jember
Kabupaten Jember,Kost Nawasena 2 Tipe Lily,Putri,Patrang,0.0,Ya,Tidak,Ya,Ya,Ya,Ya,1600000,https://mamikos.com/room/kost-jember-kost-putri-eksklusif-kost-nawasena-2-tipe-lily-patrang-jember-2
Kabupaten Jember,Kost Jati 10 Tipe Sekamar Berdua,Putri,Sumbersari,0.0,Tidak,Tidak,Ya,Tidak,Tidak,Ya,600000,https://mamikos.com/room/kost-jember-kost-putri-murah-kost-jati-10-tipe-sekamar-berdua-sumbersari-jember-2
Kabupaten Jember,Kost Jati House,Putri,Sumbersari,0.0,Tidak,Ya,Ya,Tidak,Tidak,Ya,475000,https://mamikos.com/room/kost-jember-kost-putri-murah-kost-jati-house-sumbersari-jember
Kabupaten Jember,Kost Wafa 2 Executive,Campur,Kaliwates,0.0,Ya,Ya,Ya,Ya,Ya,Ya,1300000,https://mamikos.com/room/kost-kabupaten-jember-kost-campur-eksklusif-kost-wafa-2-executive-kaliwates-jember
Kabupaten Jember,Kost Red Gate House,Putri,Sumbersari,0.0,Tidak,Tidak,Ya,Ya,Ya,Ya,500000,https://mamikos.com/room/kost-kabupaten-jember-kost-putri-murah-kost-red-gate-house-sumbersari-jember
Kabupaten Jember,Kost Nesa,Campur,Kecamatan Sumbersari,1.0,Tidak,Tidak,Ya,Ya,Ya,Ya,600000,https://mamikos.com/room/kost-kabupaten-jember-kost-campur-eksklusif-kost-nesa-sumbersari-jember
Kabupaten Jember,Kost Rumadhe Tipe A,Putri,Sumbersari,5.0,Ya,Tidak,Ya,Ya,Ya,Ya,1000000,https://mamikos.com/room/kost-jember-kost-putri-eksklusif-kost-rumadhe-tipe-a-sumbersari-jember-2
Kabupaten Jember,Kost Wafakost2 Tipe B,Campur,Kaliwates,0.0,Ya,Ya,Ya,Ya,Ya,Ya,1000000,https://mamikos.com/room/kost-kabupaten-jember-kost-campur-eksklusif-kost-wafakost2-tipe-b-kaliwates-jember-1
Kabupaten Jember,Kost Gunung Batu Small,Putra,Kecamatan Sumbersari,0.0,Tidak,Ya,Ya,Ya,Tidak,Ya,300000,https://mamikos.com/room/kost-kabupaten-jember-kost-putra-murah-kost-gunung-batu-small-sumbersari-jember
Kabupaten Jember,Kost Nattarika Tipe B,Putri,Sumbersari,0.0,Ya,Tidak,Ya,Ya,Ya,Ya,1100000,https://mamikos.com/room/kost-jember-kost-putri-eksklusif-kost-nattarika-tipe-b-sumbersari-jember-2
Kabupaten Jember,Kost 65 Tipe A,Putra,Sumbersari,0.0,Tidak,Tidak,Ya,Tidak,Tidak,Ya,475000,https://mamikos.com/room/kost-kabupaten-jember-kost-putra-eksklusif-kost-65-tipe-a-sumbersari-jember
Kabupaten Jember,Kost Semeru Lembah Permai Tipe C,Putri,Kecamatan Sumbersari,0.0,Tidak,Tidak,Ya,Ya,Tidak,Tidak,400000,https://mamikos.com/room/kost-kabupaten-jember-kost-putri-murah-kost-semeru-lembah-permai-tipe-c-sumbersari-jember-2
Kabupaten Jember,Kost Mahasiswa Dekat UNEJ,Putra,Sumbersari,0.0,Tidak,Ya,Tidak,Tidak,Tidak,Tidak,600000,https://mamikos.com/room/kost-kabupaten-jember-kost-putra-murah-kost-mahasiswa-dekat-unej-sumbersari-jember
Kabupaten Jember,Kost Perum Mastrip Tipe A,Putri,Sumbersari,0.0,Tidak,Tidak,Ya,Tidak,Tidak,Ya,500000,https://mamikos.com/room/kost-kabupaten-jember-kost-putri-murah-kost-perum-mastrip-tipe-a-sumbersari-jember
Kabupaten Jember,Kost Hkm,Putri,Sumbersari,0.0,Tidak,Tidak,Ya,Tidak,Tidak,Ya,475000,https://mamikos.com/room/kost-jember-kost-putri-murah-kost-hkm-sumbersari-jember
Kabupaten Jember,Kost Homie 302,Putri,Sumbersari,0.0,Tidak,Ya,Ya,Tidak,Ya,Ya,650000,https://mamikos.com/room/kost-jember-kost-putri-murah-kost-homie-302-sumbersari-jember
Kabupaten Jember,Kost 65 Tipe B,Putra,Sumbersari,0.0,Tidak,Tidak,Ya,Tidak,Tidak,Ya,500000,https://mamikos.com/room/kost-kabupaten-jember-kost-putra-eksklusif-kost-65-tipe-b-sumbersari-jember
Kabupaten Jember,Kost Bumi Mangli Tipe A2,Putri,Kecamatan Kaliwates,0.0,Tidak,Ya,Ya,Tidak,Tidak,Ya,425000,https://mamikos.com/room/kost-kabupaten-jember-kost-putri-murah-kost-bumi-mangli-tipe-a2-kaliwates-jember-2
Kabupaten Jember,Kost Tiga,Campur,Kaliwates,0.0,Ya,Ya,Ya,Ya,Ya,Ya,1000000,https://mamikos.com/room/kost-kabupaten-jember-kost-campur-eksklusif-kost-tiga-kaliwates-jember
Kabupaten Jember,Kost Teratai 47 Tipe A,Putri,Patrang,0.0,Tidak,Ya,Ya,Tidak,Tidak,Ya,500000,https://mamikos.com/room/kost-kabupaten-jember-kost-putri-murah-kost-teratai-47-tipe-a-patrang-jember
Kabupaten Jember,Kost Green Milenial Tipe Standar,Putri,Sumbersari,0.0,Tidak,Ya,Ya,Tidak,Ya,Ya,550000,https://mamikos.com/room/kost-jember-kost-putri-murah-kost-green-milenial-tipe-standar-sumbersari-jember
Kabupaten Jember,Kost Furever Lt 1 Tipe Daylight,Campur,Kaliwates,0.0,Tidak,Tidak,Ya,Ya,Tidak,Ya,950000,https://mamikos.com/room/kost-jember-kost-campur-murah-kost-furever-lt-1-tipe-daylight-kaliwates-jember
Kabupaten Jember,Kost Tidar Tipe A,Putra,Sumbersari,0.0,Tidak,Ya,Ya,Tidak,Tidak,Ya,500000,https://mamikos.com/room/kost-jember-kost-putra-murah-kost-tidar-tipe-a-sumbersari-jember
Kabupaten Jember,Kost Eksekutif Alesha Tipe Vip,Putri,Sumbersari,0.0,Ya,Ya,Ya,Ya,Ya,Ya,1200000,https://mamikos.com/room/kost-jember-kost-putri-eksklusif-kost-eksekutif-alesha-tipe-vip-sumbersari-jember
Kabupaten Jember,Kost Bu Dita Tipe A,Putra,Kecamatan Sumbersari,5.0,Tidak,Ya,Ya,Tidak,Ya,Ya,500000,https://mamikos.com/room/kost-kabupaten-jember-kost-campur-murah-kost-bu-dita-tipe-a-sumbersari-jember
Kabupaten Jember,Kost Gunung Batu Large,Putra,Kecamatan Sumbersari,0.0,Tidak,Ya,Ya,Ya,Tidak,Ya,350000,https://mamikos.com/room/kost-kabupaten-jember-kost-putra-murah-kost-gunung-batu-large-sumbersari-jember
Kabupaten Jember,Kost Bougenville Tipe A,Putri,Sumbersari,0.0,Tidak,Ya,Ya,Tidak,Ya,Ya,575000,https://mamikos.com/room/kost-jember-kost-putri-murah-kost-bougenville-tipe-a-sumbersari-jember-2
Kabupaten Jember,Kost Nattarika Tipe A,Putri,Sumbersari,0.0,Ya,Tidak,Ya,Ya,Ya,Ya,1200000,https://mamikos.com/room/kost-jember-kost-putri-eksklusif-kost-nattarika-tipe-a-sumbersari-jember
Kabupaten Jember,Kost Rizqi Tipe A,Putra,Sumbersari,5.0,Tidak,Ya,Ya,Tidak,Tidak,Ya,450000,https://mamikos.com/room/kost-jember-kost-putra-murah-kost-rizqi-tipe-a-sumbersari-jember-2
Kabupaten Jember,Kost Uswatun I Tipe A,Putri,Sumbersari,0.0,Tidak,Tidak,Ya,Ya,Ya,Ya,425000,https://mamikos.com/room/kost-kabupaten-jember-kost-putri-murah-kost-uswatun-i-tipe-a-sumbersari-jember
Kabupaten Jember,Kost Salsabila Tipe A,Putri,Sumbersari,0.0,Tidak,Tidak,Ya,Ya,Ya,Ya,350000,https://mamikos.com/room/kost-jember-kost-putri-murah-kost-salsabila-tipe-a-sumbersari-jember
Kabupaten Jember,Kost Rizqi Tipe C,Putra,Sumbersari,0.0,Tidak,Ya,Ya,Tidak,Ya,Ya,525000,https://mamikos.com/room/kost-kabupaten-jember-kost-putra-murah-kost-rizqi-tipe-c-sumbersari-jember
Kabupaten Jember,Kost Nawasena Tipe Sakura,Putri,Kecamatan Patrang,0.0,Ya,Tidak,Ya,Ya,Ya,Ya,1250000,https://mamikos.com/room/kost-kabupaten-jember-kost-putri-eksklusif-kost-nawasena-tipe-sakura-patrang-jember
Kabupaten Jember,Kost Madinah,Putri,Sumbersari,0.0,Tidak,Tidak,Ya,Ya,Tidak,Ya,500000,https://mamikos.com/room/kost-kabupaten-jember-kost-putri-murah-kost-madinah-sumbersari-jember
Kabupaten Jember,Kost Alamanda,Putra,Sumbersari,0.0,Tidak,Ya,Ya,Ya,Ya,Ya,1000000,https://mamikos.com/room/kost-jember-kost-putra-eksklusif-kost-alamanda-sumbersari-jember
Kabupaten Jember,Kost Omeega Nyaman,Putra,Kecamatan Sumbersari,0.0,Tidak,Tidak,Ya,Tidak,Tidak,Tidak,500000,https://mamikos.com/room/kost-kabupaten-jember-kost-putra-murah-kost-omeega-nyaman-sumbersari-jember-1
Kabupaten Jember,Kost Teratai 47 Tipe B,Putra,Patrang,0.0,Tidak,Ya,Ya,Tidak,Tidak,Ya,500000,https://mamikos.com/room/kost-kabupaten-jember-kost-putra-murah-kost-teratai-47-tipe-b-patrang-jember
Kabupaten Jember,Kost Furever 1 Tipe Cozy Room,Campur,Kaliwates,0.0,Ya,Tidak,Ya,Ya,Tidak,Ya,1350000,https://mamikos.com/room/kost-jember-kost-campur-eksklusif-kost-furever-1-tipe-cozy-room-kaliwates-jember-2
Kabupaten Jember,Kost Tirta Prokes Tipe A,Putri,Sumbersari,0.0,Tidak,Ya,Ya,Ya,Ya,Ya,650000,https://mamikos.com/room/kost-kabupaten-jember-kost-putri-eksklusif-kost-tirta-prokes-tipe-a-sumbersari-jember
Kabupaten Jember,Kost Semeru Lembah Permai Tipe G,Putri,Kecamatan Sumbersari,0.0,Tidak,Tidak,Ya,Ya,Ya,Tidak,550000,https://mamikos.com/room/kost-kabupaten-jember-kost-putri-murah-kost-semeru-lembah-permai-tipe-g-sumbersari-jember
Kabupaten Jember,Kost Bumi Mangli Tipe A3,Putri,Kecamatan Kaliwates,0.0,Tidak,Ya,Ya,Tidak,Tidak,Ya,400000,https://mamikos.com/room/kost-kabupaten-jember-kost-putri-murah-kost-bumi-mangli-tipe-a3-kaliwates-jember-2
Kabupaten Jember,Kost Bumi Mangli Tipe A1,Putri,Kecamatan Kaliwates,0.0,Tidak,Ya,Ya,Tidak,Ya,Ya,600000,https://mamikos.com/room/kost-kabupaten-jember-kost-putri-murah-kost-bumi-mangli-tipe-a1-kaliwates-jember
Kabupaten Jember,Kost Semeru Lembah Permai Tipe F,Putri,Kecamatan Sumbersari,0.0,Tidak,Tidak,Ya,Ya,Tidak,Tidak,400000,https://mamikos.com/room/kost-kabupaten-jember-kost-putri-murah-kost-semeru-lembah-permai-tipe-f-sumbersari-jember-2
Kabupaten Jember,Kost Semeru Lembah Permai Tipe B,Putri,Kecamatan Sumbersari,0.0,Tidak,Tidak,Ya,Ya,Ya,Tidak,500000,https://mamikos.com/room/kost-kabupaten-jember-kost-putri-murah-kost-semeru-lembah-permai-tipe-b-sumbersari-jember-2
Kabupaten Jember,Kost Mentari,Putri,Kecamatan Sumbersari,0.0,Tidak,Ya,Ya,Tidak,Tidak,Ya,450000,https://mamikos.com/room/kost-kabupaten-jember-kost-putri-murah-kost-mentari-sumbersari-jember
Kabupaten Jember,Kost Istana Tipe Standar,Campur,Kaliwates,0.0,Tidak,Tidak,Ya,Tidak,Ya,Tidak,700000,https://mamikos.com/room/kost-jember-kost-campur-murah-kost-istana-tipe-standar-kaliwates-jember-2
Kabupaten Jember,Kost Semeru Lembah Permai Tipe A,Putri,Kecamatan Sumbersari,0.0,Tidak,Tidak,Ya,Ya,Ya,Tidak,500000,https://mamikos.com/room/kost-kabupaten-jember-kost-putri-murah-kost-semeru-lembah-permai-tipe-a-sumbersari-jember-2
Kabupaten Jember,Kost Griya Kertajaya Tipe A,Putri,Kecamatan Kaliwates,0.0,Ya,Tidak,Ya,Ya,Ya,Ya,750000,https://mamikos.com/room/kost-kabupaten-jember-kost-putri-eksklusif-kost-griya-kertajaya-tipe-a-kaliwates-jember
Kabupaten Jember,Kost Semeru Lembah Permai Tipe D1,Putri,Kecamatan Sumbersari,0.0,Tidak,Tidak,Ya,Ya,Tidak,Tidak,400000,https://mamikos.com/room/kost-kabupaten-jember-kost-putri-murah-kost-semeru-lembah-permai-tipe-d1-sumbersari-jember
Kabupaten Jember,Kost Homie Mezanine Ac 103,Putri,Sumbersari,0.0,Ya,Ya,Ya,Ya,Ya,Ya,1350000,https://mamikos.com/room/kost-kabupaten-jember-kost-putri-eksklusif-kost-homie-mezanine-ac-103-sumbersari-jember
Kabupaten Jember,Kost Gunung Batu 2 Tipe Besar,Putra,Kecamatan Sumbersari,0.0,Tidak,Ya,Ya,Ya,Tidak,Ya,350000,https://mamikos.com/room/kost-kabupaten-jember-kost-putra-murah-kost-gunung-batu-2-tipe-besar-sumbersari-jember
Kabupaten Jember,Kost Rumadhe Tipe B,Putri,Kecamatan Sumbersari,0.0,Ya,Tidak,Ya,Ya,Ya,Ya,900000,https://mamikos.com/room/kost-kabupaten-jember-kost-putri-murah-kost-rumadhe-tipe-b-sumbersari-jember-2
Kabupaten Jember,Kost Bumi Mangli Tipe A,Putri,Kecamatan Kaliwates,0.0,Tidak,Ya,Ya,Tidak,Tidak,Ya,475000,https://mamikos.com/room/kost-kabupaten-jember-kost-putri-murah-kost-bumi-mangli-tipe-a-kaliwates-jember-2
Kabupaten Jember,Kost Homie Mezanine 103,Putri,Sumbersari,0.0,Tidak,Ya,Ya,Ya,Ya,Ya,1250000,https://mamikos.com/room/kost-kabupaten-jember-kost-putri-eksklusif-kost-homie-mezanine-103-sumbersari-jember
Kabupaten Jember,Kost Bougenville Tipe B,Putri,Sumbersari,0.0,Tidak,Ya,Ya,Tidak,Tidak,Ya,450000,https://mamikos.com/room/kost-jember-kost-putri-murah-kost-bougenville-tipe-b-sumbersari-jember-2
Kabupaten Jember,Kost Jepun Non AC,Putra,Sumbersari,0.0,Tidak,Tidak,Ya,Ya,Tidak,Ya,500000,https://mamikos.com/room/kost-kabupaten-jember-kost-putra-murah-kost-jepun-non-ac-sumbersari-jember-2
Kabupaten Jember,Kost Semeru Lembah Permai Tipe E1,Putri,Kecamatan Sumbersari,0.0,Tidak,Tidak,Ya,Ya,Tidak,Tidak,400000,https://mamikos.com/room/kost-kabupaten-jember-kost-putri-murah-kost-semeru-lembah-permai-tipe-e1-sumbersari-jember
Kabupaten Jember,Kost Bu Ulfa,Putri,Kaliwates,0.0,Tidak,Ya,Tidak,Tidak,Tidak,Tidak,500000,https://mamikos.com/room/kost-jember-kost-putri-murah-kost-bu-ulfa-kaliwates-jember
Kabupaten Jember,Kost Salsabila,Putra,Kaliwates,2.5,Tidak,Ya,Ya,Tidak,Ya,Ya,550000,https://mamikos.com/room/kost-jember-kost-putra-murah-kost-salsabila-kaliwates-jember
Kabupaten Jember,Kost Izzati Tipe A,Putri,Sumbersari,0.0,Tidak,Tidak,Ya,Ya,Ya,Ya,800000,https://mamikos.com/room/kost-kabupaten-jember-kost-putri-murah-kost-izzati-tipe-a-sumbersari-jember-2
Kabupaten Jember,Kost D Lita,Putra,Kecamatan Sumbersari,0.0,Ya,Ya,Ya,Ya,Ya,Ya,1300000,https://mamikos.com/room/kost-kabupaten-jember-kost-putra-eksklusif-kost-dlita-sumbersari-jember
Kabupaten Jember,Kost Mas Demak Grup Tipe A,Putra,Sumbersari,5.0,Tidak,Ya,Ya,Tidak,Tidak,Ya,400000,https://mamikos.com/room/kost-kabupaten-jember-kost-putra-murah-kost-mas-demak-grup-tipe-a-sumbersari-jember-2
Kabupaten Jember,Kost J 3 Residence,Campur,Kaliwates,2.8,Ya,Ya,Ya,Ya,Ya,Ya,1400000,https://mamikos.com/room/kost-kabupaten-jember-kost-campur-eksklusif-j3-residence-kaliwates-jember-1
Kabupaten Jember,Kost Raka,Putra,Sumbersari,0.0,Tidak,Ya,Ya,Tidak,Ya,Ya,650000,https://mamikos.com/room/kost-jember-kost-putra-murah-kost-raka-sumbersari-jember
Kabupaten Jember,Kost Assalma,Putri,Sumbersari,5.0,Tidak,Ya,Ya,Tidak,Ya,Ya,575000,https://mamikos.com/room/kost-kabupaten-jember-kost-putri-eksklusif-kost-assalma-sumbersari-jember-2
Kabupaten Jember,Kost Nias Tipe Vip,Putri,Sumbersari,5.0,Ya,Ya,Ya,Ya,Ya,Ya,1200000,https://mamikos.com/room/kost-jember-kost-putri-eksklusif-kost-nias-tipe-vip-sumbersari-jember
Kabupaten Jember,Kost Darmawan Tipe Standar,Campur,Kaliwates,0.0,Ya,Ya,Ya,Ya,Ya,Ya,1300000,https://mamikos.com/room/kost-jember-kost-campur-eksklusif-kost-darmawan-tipe-standar-kaliwates-jember
Kabupaten Jember,Kost Barokah Cadika Tipe Double Ac,Campur,Kaliwates,0.0,Ya,Ya,Ya,Tidak,Ya,Ya,1500000,https://mamikos.com/room/kost-kabupaten-jember-kost-campur-eksklusif-kost-barokah-cadika-tipe-double-ac-kaliwates-jember-2
Kabupaten Jember,Kost Yudhistira Kp5,Putra,Kecamatan Sumbersari,0.0,Tidak,Ya,Ya,Tidak,Tidak,Ya,350000,https://mamikos.com/room/kost-kabupaten-jember-kost-putra-murah-kost-yudhistira-kp5-sumbersari-jember-2
Kabupaten Jember,Kost Pak Joko,Putri,Sumbersari,0.0,Tidak,Ya,Ya,Tidak,Ya,Ya,550000,https://mamikos.com/room/kost-jember-kost-putri-murah-kost-pak-joko-sumbersari-jember
Kabupaten Jember,Kost Puri Wulandari 3 Tipe B,Putri,Sumbersari,0.0,Tidak,Ya,Ya,Tidak,Tidak,Ya,350000,https://mamikos.com/room/kost-kabupaten-jember-kost-putri-murah-kost-puri-wulandari-3-tipe-b-sumbersari-jember
Kabupaten Jember,Kost Twin 2 Tipe Non AC,Putri,Sumbersari,0.0,Tidak,Ya,Ya,Ya,Ya,Ya,900000,https://mamikos.com/room/kost-kabupaten-jember-kost-putri-murah-kost-twin-2-tipe-non-ac-sumbersari-jember
Kabupaten Jember,Kost Bu Indah,Putri,Sumbersari,0.0,Tidak,Ya,Ya,Tidak,Tidak,Ya,525000,https://mamikos.com/room/kost-kabupaten-jember-kost-putri-murah-kost-bu-indah-sumbersari-jember
Kabupaten Jember,Kost Diwanis House Tipe B,Putri,Kecamatan Sumbersari,0.0,Tidak,Ya,Ya,Ya,Tidak,Ya,650000,https://mamikos.com/room/kost-kabupaten-jember-kost-putri-murah-kost-diwanis-house-tipe-b-sumbersari-jember-2
Kabupaten Jember,Kost Mkm 44,Putra,Sumbersari,0.0,Tidak,Tidak,Ya,Tidak,Tidak,Ya,500000,https://mamikos.com/room/kost-jember-kost-putra-murah-kost-mkm-44-sumbersari-jember
Kabupaten Jember,Kost Gaul,Putri,Kecamatan Sumbersari,0.0,Tidak,Ya,Ya,Tidak,Tidak,Ya,400000,https://mamikos.com/room/kost-kabupaten-jember-kost-putri-murah-kost-gaul-sumbersari-jember
Kabupaten Jember,Kost Src Edo,Putri,Kecamatan Sumbersari,0.0,Tidak,Ya,Ya,Tidak,Tidak,Ya,475000,https://mamikos.com/room/kost-kabupaten-jember-kost-putri-murah-kost-src-edo-sumbersari-jember
Kabupaten Jember,Kost Tisna,Putri,Sumbersari,0.0,Tidak,Tidak,Ya,Ya,Tidak,Ya,550000,https://mamikos.com/room/kost-kabupaten-jember-kost-putri-murah-kost-tisna-sumbersari-jember
Kabupaten Jember,Kost Kaela House Tipe Standart Mezzanine,Putri,Sumbersari,0.0,Ya,Ya,Ya,Ya,Ya,Ya,1500000,https://mamikos.com/room/kost-jember-kost-putri-eksklusif-kost-kaela-house-tipe-standart-mezzanine-sumbersari-jember
Kabupaten Jember,Kost Bude El Tipe Kamar A,Putra,Sumbersari,0.0,Tidak,Ya,Ya,Ya,Ya,Ya,1250000,https://mamikos.com/room/kost-jember-kost-putra-eksklusif-kost-bude-el-tipe-kamar-a-sumbersari-jember
Kabupaten Jember,Kost Ratu Cantika,Campur,Kaliwates,0.0,Tidak,Ya,Ya,Tidak,Ya,Ya,1600000,https://mamikos.com/room/kost-kabupaten-jember-kost-campur-murah-kost-ratu-cantika-kaliwates-kaliwates-jember
Kabupaten Jember,Kost Mandiri Tipe A,Putra,Sumbersari,0.0,Tidak,Ya,Ya,Tidak,Ya,Tidak,450000,https://mamikos.com/room/kost-kabupaten-jember-kost-putra-murah-kost-mandiri-tipe-a-sumbersari-jember
Kabupaten Jember,Kost Bu Yuli Tipe A,Putri,Sumbersari,0.0,Tidak,Ya,Ya,Ya,Ya,Ya,430000,https://mamikos.com/room/kost-jember-kost-putri-murah-kost-bu-yuli-tipe-a-sumbersari-jember
Kabupaten Jember,Kost Pojok Makmur,Putra,Kecamatan Sumbersari,0.0,Tidak,Ya,Ya,Tidak,Tidak,Ya,450000,https://mamikos.com/room/kost-kabupaten-jember-kost-putra-murah-kost-pojok-makmur-sumbersari-jember
Kabupaten Jember,Kost Eksklusif Bu Benny 2 Tipe Vvip,Putra,Kecamatan Sumbersari,0.0,Ya,Ya,Ya,Ya,Ya,Ya,1500000,https://mamikos.com/room/kost-kabupaten-jember-kost-putri-eksklusif-kost-eksklusif-bu-benny-2-tipe-vvip-sumbersari-jember-2
Kabupaten Jember,Kost Orens,Putri,Sumbersari,4.5,Tidak,Tidak,Ya,Ya,Tidak,Ya,550000,https://mamikos.com/room/kost-kabupaten-jember-kost-putri-murah-kost-orens-sumbersari-jember-2
Kabupaten Jember,Kost Mastrip Executive,Putri,Kecamatan Sumbersari,0.0,Ya,Tidak,Ya,Ya,Ya,Ya,1402000,https://mamikos.com/room/kost-kabupaten-jember-kost-putri-eksklusif-kost-mastrip-executive-sumbersari-jember
Kabupaten Jember,Kost Kiara,Putri,Kecamatan Sumbersari,0.0,Tidak,Tidak,Ya,Tidak,Tidak,Ya,400000,https://mamikos.com/room/kost-kabupaten-jember-kost-putri-murah-kost-kiara-sumbersari-jember
Kabupaten Jember,Kost Orens 2,Putri,Kecamatan Sumbersari,0.0,Tidak,Tidak,Ya,Tidak,Tidak,Ya,550000,https://mamikos.com/room/kost-kabupaten-jember-kost-putri-murah-kost-orens-2-sumbersari-jember-2
Kabupaten Jember,Kost Tashafwah,Putri,Sumbersari,0.0,Tidak,Ya,Ya,Tidak,Tidak,Ya,550000,https://mamikos.com/room/kost-kabupaten-jember-kost-putri-murah-kost-tashafwah-sumbersari-jember
Kabupaten Jember,Kost M Carda Tisna Hamijaya,Putri,Sumbersari,5.0,Tidak,Ya,Ya,Ya,Ya,Ya,550000,https://mamikos.com/room/kost-jember-kost-putri-murah-kost-m-carda-tisna-hamijaya-sumbersari-jember
Kabupaten Jember,Kost Princess 81 Tipe Standar,Putri,Sumbersari,0.0,Tidak,Ya,Ya,Tidak,Ya,Ya,560000,https://mamikos.com/room/kost-jember-kost-putri-murah-kost-princess-81-tipe-standar-sumbersari-jember
Kabupaten Jember,Kost Bu Ani 87,Putri,Sumbersari,0.0,Tidak,Ya,Ya,Ya,Tidak,Ya,450000,https://mamikos.com/room/kost-kabupaten-jember-kost-putri-murah-kost-bu-ani-87-sumbersari-jember-1
Kabupaten Jember,Kost Om Inaa,Putra,Sumbersari,0.0,Tidak,Ya,Ya,Tidak,Tidak,Ya,400000,https://mamikos.com/room/kost-kabupaten-jember-kost-putra-murah-kost-om-inaa-sumbersari-jember
Kabupaten Jember,Kost Squid Games Hits,Putri,Sumbersari,0.0,Tidak,Ya,Ya,Tidak,Tidak,Ya,450000,https://mamikos.com/room/kost-kabupaten-jember-kost-putri-murah-kost-squid-games-hits-sumbersari-jember-2
Kabupaten Jember,Kost Dadoeg Executive Vvip,Putri,Patrang,0.0,Ya,Ya,Ya,Tidak,Ya,Ya,1200000,https://mamikos.com/room/kost-kabupaten-jember-kost-putri-eksklusif-kost-dadoeg-executive-vvip-patrang-jember
Kabupaten Jember,Kost Puri Wulandari 1 Tipe B,Putri,Sumbersari,0.0,Tidak,Ya,Ya,Tidak,Ya,Ya,425000,https://mamikos.com/room/kost-jember-kost-putri-eksklusif-kost-puri-wulandari-1-tipe-b-sumbersari-jember
Kabupaten Jember,Kost Griya Tidar Tipe A,Putri,Kecamatan Sumbersari,0.0,Tidak,Ya,Ya,Tidak,Ya,Ya,550000,https://mamikos.com/room/kost-kabupaten-jember-kost-putri-murah-kost-griya-tidar-tipe-a-sumbersari-jember
Kabupaten Jember,Kost Nias Cluster,Putri,Sumbersari,0.0,Tidak,Ya,Ya,Ya,Tidak,Ya,425000,https://mamikos.com/room/kost-jember-kost-putri-murah-kost-nias-cluster-jember
Kabupaten Jember,Kost Khasanah Elok Tipe Ac,Putri,Sumbersari,0.0,Ya,Tidak,Ya,Ya,Ya,Ya,1000000,https://mamikos.com/room/kost-kabupaten-jember-kost-putri-eksklusif-kost-khasanah-elok-tipe-ac-sumbersari-jember
Kabupaten Jember,Kost Kenikir,Putri,Kecamatan Sumbersari,0.0,Tidak,Ya,Ya,Tidak,Ya,Ya,750000,https://mamikos.com/room/kost-kabupaten-jember-kost-putri-murah-kost-kenikir-sumbersari-jember-2
Kabupaten Jember,Kost Jawa Tipe Standart,Putra,Sumbersari,0.0,Tidak,Ya,Ya,Tidak,Tidak,Ya,350000,https://mamikos.com/room/kost-jember-kost-putra-murah-kost-jawa-tipe-standart-sumbersari-jember
Kabupaten Jember,Kost Alcomm Tipe A,Putri,Kecamatan Sumbersari,0.0,Tidak,Tidak,Ya,Ya,Tidak,Ya,450000,https://mamikos.com/room/kost-kabupaten-jember-kost-putri-murah-kost-alcomm-tipe-a-sumbersari-jember-2
Kabupaten Jember,Kost Pesona Zawata Tipe A,Putri,Sumbersari,0.0,Ya,Tidak,Ya,Ya,Ya,Ya,1000000,https://mamikos.com/room/kost-kabupaten-jember-kost-putri-eksklusif-kost-pesona-zawata-tipe-a-sumbersari-jember
Kabupaten Jember,Kost Hijau,Putri,Sumbersari,0.0,Tidak,Tidak,Ya,Tidak,Tidak,Ya,400000,https://mamikos.com/room/kost-kabupaten-jember-kost-putri-murah-kost-hijau-sumbersari-jember
Kabupaten Jember,Kost Aisyah Tipe B,Putri,Sumbersari,0.0,Tidak,Ya,Ya,Ya,Tidak,Ya,400000,https://mamikos.com/room/kost-jember-kost-putri-murah-kost-aisyah-tipe-b-sumbersari-jember
Kabupaten Jember,Kost Harmoni,Campur,Sumbersari,0.0,Ya,Ya,Ya,Ya,Ya,Ya,1000000,https://mamikos.com/room/kost-kabupaten-jember-kost-campur-eksklusif-kost-harmoni-sumbersari-jember-2
Kabupaten Jember,Kost Aliza,Putra,Sumbersari,0.0,Tidak,Ya,Ya,Tidak,Tidak,Ya,450000,https://mamikos.com/room/kost-kabupaten-jember-kost-putra-murah-kost-aliza-sumbersari-jember
Kabupaten Jember,Kost Mulyani Tipe A,Putra,Sumbersari,0.0,Tidak,Ya,Ya,Tidak,Tidak,Ya,450000,https://mamikos.com/room/kost-kabupaten-jember-kost-putra-murah-kost-mulyani-tipe-a-sumbersari-jember-2
Kabupaten Jember,Kost Kenanga 75,Putra,Kaliwates,0.0,Tidak,Ya,Ya,Ya,Ya,Ya,700000,https://mamikos.com/room/kost-kabupaten-jember-kost-putra-murah-kost-kenanga-75-kaliwates-jember
Kabupaten Jember,Kost Aska Tipe A,Putra,Kaliwates,0.0,Tidak,Tidak,Ya,Ya,Tidak,Ya,500000,https://mamikos.com/room/kost-kabupaten-jember-kost-putra-murah-kost-aska-tipe-a-kaliwates-jember
Kabupaten Jember,Kost Mulyani Tipe Jumbo,Putra,Sumbersari,0.0,Tidak,Ya,Ya,Tidak,Tidak,Ya,490000,https://mamikos.com/room/kost-kabupaten-jember-kost-putra-murah-kost-mulyani-tipe-jumbo-sumbersari-jember
Kabupaten Jember,Kost Eksklusif Bu Benny 2 Tipe Executive,Putra,Kecamatan Sumbersari,0.0,Ya,Ya,Ya,Ya,Ya,Ya,1250000,https://mamikos.com/room/kost-kabupaten-jember-kost-putri-eksklusif-kost-eksklusif-bu-benny-2-tipe-executive-sumbersari-jember-2
Kabupaten Jember,Kost Ifrina Nuritha Tipe A,Putri,Sumbersari,0.0,Tidak,Ya,Ya,Tidak,Tidak,Ya,450000,https://mamikos.com/room/kost-jember-kost-putri-murah-kost-ifrina-nuritha-tipe-a-sumbersari-jember
Kabupaten Jember,Kost Fahrani I,Putra,Sumbersari,0.0,Tidak,Tidak,Ya,Ya,Tidak,Tidak,490000,https://mamikos.com/room/kost-kabupaten-jember-kost-putra-murah-kost-fahrani-i-sumbersari-jember-2
Kabupaten Jember,Kost Pine Tree House Tipe B,Campur,Patrang,0.0,Ya,Ya,Ya,Ya,Ya,Ya,1800000,https://mamikos.com/room/kost-kabupaten-jember-kost-campur-eksklusif-kost-pine-tree-house-tipe-b-patrang-jember-2
Kabupaten Jember,Kost Rumahkita Tipe A,Putri,Kecamatan Sumbersari,0.0,Tidak,Tidak,Ya,Tidak,Ya,Ya,750000,https://mamikos.com/room/kost-kabupaten-jember-kost-putri-murah-kost-rumahkita-tipe-a-sumbersari-jember
Kabupaten Jember,Kost Banda,Putri,Sumbersari,0.0,Tidak,Tidak,Ya,Ya,Tidak,Ya,500000,https://mamikos.com/room/kost-kabupaten-jember-kost-putri-murah-kost-banda-sumbersari-jember-2
Kabupaten Jember,Kost Batu Raden Tipe A,Putra,Sumbersari,0.0,Ya,Ya,Ya,Ya,Ya,Ya,1100000,https://mamikos.com/room/kost-kabupaten-jember-kost-putra-eksklusif-kost-batu-raden-tipe-a-sumbersari-jember
Kabupaten Jember,Kost Boulevard Tipe A,Putri,Sumbersari,0.0,Ya,Ya,Ya,Ya,Ya,Ya,1400000,https://mamikos.com/room/kost-kabupaten-jember-kost-putri-eksklusif-kost-boulevard-tipe-a-sumbersari-jember
Kabupaten Jember,Kost Desy Tipe A,Putri,Kecamatan Sumbersari,0.0,Tidak,Ya,Ya,Tidak,Ya,Ya,550000,https://mamikos.com/room/kost-kabupaten-jember-kost-putri-murah-kost-desy-tipe-a-sumbersari-jember
Kabupaten Jember,Kost Daeng Lewa,Putra,Sumbersari,0.0,Tidak,Tidak,Ya,Tidak,Tidak,Ya,450000,https://mamikos.com/room/kost-kabupaten-jember-kost-putra-murah-kost-daeng-lewa-sumbersari-jember-2
Kabupaten Jember,Kost Muhammad Nur Yasin Tipe A,Putri,Sumbersari,0.0,Tidak,Tidak,Ya,Tidak,Tidak,Ya,555000,https://mamikos.com/room/kost-kabupaten-jember-kost-putri-murah-kost-muhammad-nur-yasin-tipe-a-sumbersari-jember-2
Kabupaten Jember,Kost Twin 2 Tipe AC,Putri,Sumbersari,0.0,Ya,Tidak,Ya,Ya,Ya,Ya,1250000,https://mamikos.com/room/kost-kabupaten-jember-kost-putri-eksklusif-kost-twin-2-tipe-ac-sumbersari-jember-2
Kabupaten Jember,Kost Aulia I,Putri,Sumbersari,0.0,Tidak,Ya,Ya,Tidak,Tidak,Ya,350000,https://mamikos.com/room/kost-kabupaten-jember-kost-putri-murah-kost-aulia-i-sumbersari-jember
Kabupaten Jember,Kost Madinah House Tipe Superior,Putri,Sumbersari,0.0,Tidak,Tidak,Ya,Ya,Ya,Ya,650000,https://mamikos.com/room/kost-jember-kost-putri-murah-kost-madinah-house-tipe-superior-sumbersari-jember
Kabupaten Jember,Kost KN 59,Putra,Kaliwates,4.6,Tidak,Ya,Ya,Tidak,Ya,Ya,750000,https://mamikos.com/room/kost-kost-putra-murah-kost-kn-59-jember
Kabupaten Jember,Kost Diwanis House Tipe A,Putri,Kecamatan Sumbersari,0.0,Tidak,Ya,Ya,Ya,Ya,Ya,850000,https://mamikos.com/room/kost-kabupaten-jember-kost-putri-murah-kost-diwanis-house-tipe-a-sumbersari-jember-2
Kabupaten Jember,Kost 71A Tipe B,Putri,Sumbersari,0.0,Tidak,Tidak,Ya,Ya,Tidak,Ya,465000,https://mamikos.com/room/kost-jember-kost-putri-murah-kost-71a-tipe-b-sumbersari-jember
Kabupaten Jember,Kost Ivon,Putra,Sumbersari,0.0,Tidak,Tidak,Ya,Ya,Ya,Ya,450000,https://mamikos.com/room/kost-jember-kost-putra-murah-kost-pria-ivon-sumbersari-jember
Kabupaten Jember,Kost Barokah Cadika Kamar Standart,Campur,Kaliwates,0.0,Tidak,Ya,Ya,Tidak,Ya,Ya,800000,https://mamikos.com/room/kost-kabupaten-jember-kost-campur-murah-kost-barokah-cadika-kamar-standart-kaliwates-jember-2
Kabupaten Jember,Kost Ganteng Tipe B,Putra,Sumbersari,0.0,Tidak,Ya,Ya,Tidak,Tidak,Ya,550000,https://mamikos.com/room/kost-kabupaten-jember-kost-putra-murah-kost-ganteng-tipe-b-sumbersari-jember
Kabupaten Jember,Kost BSP,Putri,Kecamatan Sumbersari,0.0,Tidak,Ya,Ya,Tidak,Tidak,Ya,550000,https://mamikos.com/room/kost-kabupaten-jember-kost-putri-eksklusif-kost-bsp-sumbersari-jember
Kabupaten Jember,Kost Caterina Syariah,Putra,Kecamatan Sumbersari,4.6,Tidak,Ya,Ya,Tidak,Tidak,Ya,500000,https://mamikos.com/room/kost-kabupaten-jember-kost-putra-eksklusif-kost-caterina-syariah-sumbersari-jember-2
Kabupaten Jember,Kost Karisma 88 Tipe A,Putra,Patrang,0.0,Tidak,Ya,Ya,Tidak,Ya,Ya,450000,https://mamikos.com/room/kost-jember-kost-putra-murah-kost-karisma-88-tipe-a-patrang-jember
Kabupaten Jember,Kost Asri Mahasiswi Karyawati,Putri,Sumbersari,0.0,Tidak,Tidak,Ya,Ya,Ya,Ya,780000,https://mamikos.com/room/kost-kabupaten-jember-kost-putri-murah-kost-asri-mahasiswi-karyawati-sumbersari-jember-2
Kabupaten Jember,Kost Ibrahim,Putra,Sumbersari,0.0,Tidak,Ya,Ya,Tidak,Tidak,Ya,300000,https://mamikos.com/room/kost-kabupaten-jember-kost-putra-murah-kost-ibrahim-sumbersari-jember
Kabupaten Jember,Kost Jasmine Tipe AC,Putri,Sumbersari,0.0,Ya,Tidak,Ya,Ya,Ya,Ya,1700000,https://mamikos.com/room/kost-kabupaten-jember-kost-putri-eksklusif-kost-jasmine-tipe-ac-sumbersari-jember-1
Kabupaten Jember,Kost Bangka 816 Tipe A,Putri,Kecamatan Sumbersari,0.0,Tidak,Ya,Ya,Tidak,Tidak,Ya,390000,https://mamikos.com/room/kost-kabupaten-jember-kost-putri-murah-kost-bangka-816-tipe-a-sumbersari-jember
Kabupaten Jember,Kost Rumah Your Dream,Putra,Kecamatan Sumbersari,0.0,Tidak,Ya,Ya,Ya,Tidak,Ya,375000,https://mamikos.com/room/kost-kabupaten-jember-kost-putra-murah-kost-rumah-your-dream-sumbersari-jember-2
Kabupaten Jombang,Kost Omah Tipe Standar,Campur,Jombang,0.0,Ya,Ya,Ya,Ya,Ya,Ya,1000000,https://mamikos.com/room/kost-jombang-kost-campur-eksklusif-kost-omah-tipe-standar-jombang
Kabupaten Jombang,Kost Kenz Tipe A,Putra,Peterongan,0.0,Tidak,Tidak,Ya,Tidak,Ya,Ya,500000,https://mamikos.com/room/kost-jombang-kost-putra-murah-kost-kenz-tipe-a-peterongan-jombang
Kabupaten Jombang,Kost Bu Djito Tipe B,Campur,Mojoagung,0.0,Tidak,Ya,Ya,Ya,Ya,Ya,450000,https://mamikos.com/room/kost-jombang-kost-campur-murah-kost-bu-djito-tipe-b-mojoagung-jombang
Kabupaten Jombang,Kost Bu Joyo,Putri,Jombang,0.0,Tidak,Ya,Ya,Tidak,Tidak,Ya,350000,https://mamikos.com/room/kost-kabupaten-jombang-kost-putri-murah-kost-bu-joyo-jombang
Kabupaten Jombang,Kost Griya 30 Tipe C,Putri,Jombang,0.0,Ya,Tidak,Ya,Ya,Ya,Ya,900000,https://mamikos.com/room/kost-jombang-kost-putri-eksklusif-kost-griya-30-tipe-c-jombang
Kabupaten Jombang,Kost Bu Djito Tipe Ac,Campur,Mojoagung,0.0,Ya,Tidak,Ya,Ya,Ya,Ya,650000,https://mamikos.com/room/kost-jombang-kost-campur-murah-kost-bu-djito-tipe-ac-mojoagung-jombang
Kabupaten Jombang,Kost Syailendra Tipe C,Putra,Jombang,0.0,Ya,Ya,Ya,Ya,Ya,Ya,1000000,https://mamikos.com/room/kost-kabupaten-jombang-kost-putra-murah-kost-syailendra-tipe-c-jombang-jombang
Kabupaten Jombang,Kost Budjito 2 Tipe A,Campur,Mojoagung,0.0,Tidak,Ya,Ya,Ya,Ya,Ya,400000,https://mamikos.com/room/kost-jombang-kost-campur-murah-kost-budjito-2-tipe-a-mojoagung-jombang
Kabupaten Jombang,Kost Nusantara,Campur,Jombang,0.0,Ya,Ya,Ya,Tidak,Ya,Tidak,900000,https://mamikos.com/room/kost-kabupaten-jombang-kost-campur-eksklusif-kost-nusantara-jombang
Kabupaten Jombang,Kost Griya Setiabudi 30 Tipe A,Campur,Kecamatan Jombang,0.0,Ya,Tidak,Ya,Ya,Ya,Ya,850000,https://mamikos.com/room/kost-kabupaten-jombang-kost-campur-eksklusif-kost-griya-setiabudi-30-tipe-a-jombang
Kabupaten Jombang,Kost Syailendra Tipe B,Putra,Jombang,0.0,Tidak,Ya,Ya,Ya,Tidak,Ya,600000,https://mamikos.com/room/kost-kabupaten-jombang-kost-putra-murah-kost-syailendra-tipe-b-jombang-jombang
Kabupaten Jombang,Kost Griya Setiabudi 30 Tipe B,Campur,Kecamatan Jombang,0.0,Ya,Tidak,Ya,Ya,Ya,Ya,850000,https://mamikos.com/room/kost-kabupaten-jombang-kost-campur-eksklusif-kost-griya-setiabudi-30-tipe-b-jombang
Kabupaten Jombang,Kost Syailendra Tipe A,Putra,Jombang,0.0,Tidak,Ya,Ya,Ya,Tidak,Ya,500000,https://mamikos.com/room/kost-kabupaten-jombang-kost-putra-murah-kost-syailendra-tipe-a-jombang
Kabupaten Jombang,Kost Syailendra Tipe D,Putra,Jombang,0.0,Ya,Ya,Ya,Ya,Ya,Ya,1200000,https://mamikos.com/room/kost-kabupaten-jombang-kost-putra-eksklusif-kost-syailendra-tipe-d-jombang-jombang
Kabupaten Jombang,Kost Rembulan Tipe A,Campur,Jombang,0.0,Ya,Ya,Ya,Ya,Ya,Ya,1000000,https://mamikos.com/room/kost-kabupaten-jombang-kost-campur-eksklusif-kost-rembulan-tipe-a-jombang
Kabupaten Jombang,Kost Strategis Pusat Kota Rumah Kirana Standar AC Lantai 1,Campur,Jombang,0.0,Ya,Ya,Ya,Ya,Ya,Ya,1250000,https://mamikos.com/room/kost-kabupaten-jombang-kost-campur-eksklusif-kost-strategis-pusat-kota-rumah-kirana-standar-ac-lantai-1-jombang-2
Kabupaten Jombang,Kost Strategis Pusat Kota Rumah Kirana Tipe C,Campur,Jombang,0.0,Tidak,Ya,Ya,Ya,Ya,Ya,850000,https://mamikos.com/room/kost-kabupaten-jombang-kost-campur-eksklusif-kost-strategis-pusat-kota-rumah-kirana-kamar-kipas-tipe-c-lantai-2-jombang-jombang-2
Kabupaten Jombang,Kost Griya 30 Tipe B1,Campur,Jombang,0.0,Ya,Tidak,Ya,Ya,Ya,Ya,900000,https://mamikos.com/room/kost-jombang-kost-campur-eksklusif-kost-griya-30-tipe-b1-jombang
Kabupaten Jombang,Kost Amanah Barokah Tipe Standar Kipas Angin,Putri,Diwek,0.0,Ya,Ya,Ya,Ya,Tidak,Tidak,800000,https://mamikos.com/room/kost-jombang-kost-putri-eksklusif-kost-amanah-barokah-tipe-standar-kipas-angin-diwek-jombang
Kabupaten Jombang,Kost Griya Setiabudi 30 Tipe C5,Putri,Kecamatan Jombang,0.0,Ya,Tidak,Ya,Ya,Ya,Ya,850000,https://mamikos.com/room/kost-kabupaten-jombang-kost-putri-eksklusif-kost-griya-setiabudi-30-tipe-c5-jombang
Kabupaten Jombang,Kost Strategis Pusat Kota Rumah Kirana Tipe B,Campur,Jombang,0.0,Ya,Ya,Ya,Ya,Ya,Ya,1150000,https://mamikos.com/room/kost-jombang-kost-campur-eksklusif-kost-strategis-pusat-kota-rumah-kirana-tipe-b-jombang-jombang
Kabupaten Jombang,Kost Griya Setiabudi 30 Tipe A1,Campur,Kecamatan Jombang,0.0,Ya,Tidak,Ya,Ya,Ya,Ya,850000,https://mamikos.com/room/kost-kabupaten-jombang-kost-campur-eksklusif-kost-griya-setiabudi-30-tipe-a1-jombang-jombang-2
Kabupaten Jombang,Kost Strategis Pusat Kota Rumah Kirana Tipe VIP,Campur,Jombang,4.9,Ya,Ya,Ya,Ya,Ya,Ya,1350000,https://mamikos.com/room/kost-kabupaten-jombang-kost-campur-eksklusif-kost-strategis-pusat-kota-rumah-kirana-tipe-vip-jombang
Kabupaten Jombang,Kost Rahma Tipe Ekslusif,Campur,Jombang,0.0,Ya,Ya,Ya,Ya,Ya,Ya,1200000,https://mamikos.com/room/kost-jombang-kost-campur-eksklusif-kost-rahma-tipe-ekslusif-jombang
Kabupaten Jombang,Kost Louwe Tipe A,Putri,Jombang,0.0,Ya,Tidak,Ya,Ya,Ya,Ya,1400000,https://mamikos.com/room/kost-jombang-kost-putri-eksklusif-kost-louwe-tipe-a-jombang
Kabupaten Jombang,Kost Serasa Rumah Tipe Ekonomis,Putri,Kecamatan Jombang,0.0,Tidak,Tidak,Ya,Ya,Tidak,Ya,750000,https://mamikos.com/room/kost-kabupaten-jombang-kost-putri-murah-kost-serasa-rumah-tipe-ekonomis-jombang
Kabupaten Jombang,Kost Serasa Rumah Tipe Vip,Putri,Jombang,0.0,Ya,Tidak,Ya,Ya,Tidak,Ya,1000000,https://mamikos.com/room/kost-jombang-kost-putri-eksklusif-kost-serasa-rumah-tipe-vip-jombang
Kabupaten Jombang,Kost Green House Tipe A,Putra,Jombang,0.0,Tidak,Ya,Ya,Tidak,Tidak,Tidak,450000,https://mamikos.com/room/kost-jombang-kost-putra-murah-kost-green-house-tipe-a-jombang
Kabupaten Jombang,Kost Rafa Tipe Standar,Campur,Jogo Roto,0.0,Tidak,Tidak,Ya,Ya,Tidak,Ya,500000,https://mamikos.com/room/kost-jombang-kost-campur-murah-kost-rafa-tipe-standar-jombang
Kabupaten Jombang,Kost Buyut Uti Ndalem Sae Tipe Standar,Putra,Jombang,0.0,Tidak,Tidak,Ya,Tidak,Tidak,Tidak,350000,https://mamikos.com/room/kost-jombang-kost-putra-murah-kost-buyut-uti-ndalem-sae-tipe-standar-jombang
Kabupaten Jombang,Kost Griya Aulia Tipe A,Putri,Jombang,0.0,Tidak,Ya,Ya,Ya,Ya,Ya,700000,https://mamikos.com/room/kost-jombang-kost-putri-murah-kost-griya-aulia-tipe-a-jombang
Kabupaten Jombang,Kost Selaras Syariah Tipe A Single,Campur,Kecamatan Peterongan,0.0,Tidak,Ya,Ya,Tidak,Ya,Ya,600000,https://mamikos.com/room/kost-kabupaten-jombang-kost-campur-murah-kost-selaras-syariah-tipe-a-single-peterongan-jombang
Kabupaten Jombang,Kost Harmony Tipe A,Campur,Mojoagung,0.0,Tidak,Ya,Tidak,Tidak,Tidak,Tidak,500000,https://mamikos.com/room/kost-kabupaten-jombang-kost-campur-murah-kost-harmony-tipe-a-mojoagung-jombang
Kabupaten Jombang,Kost Wersah 3 Tipe C,Campur,Jombang,0.0,Ya,Ya,Ya,Ya,Ya,Tidak,700000,https://mamikos.com/room/kost-kabupaten-jombang-kost-campur-murah-kost-wersah-3-tipe-c-jombang-jombang-2
Kabupaten Jombang,Kost Sm Tipe B,Putri,Jombang,0.0,Ya,Tidak,Ya,Ya,Tidak,Ya,950000,https://mamikos.com/room/kost-kabupaten-jombang-kost-putri-eksklusif-kost-sm-tipe-b-jombang
Kabupaten Jombang,Kost Diaz Tipe C,Campur,Kecamatan Jombang,0.0,Ya,Ya,Ya,Ya,Ya,Ya,1300000,https://mamikos.com/room/kost-kabupaten-jombang-kost-campur-eksklusif-kost-diaz-tipe-c-jombang
Kabupaten Jombang,Kost Arsy Days Room Tipe A,Putri,Kecamatan Jombang,0.0,Tidak,Ya,Ya,Tidak,Ya,Ya,600000,https://mamikos.com/room/kost-kabupaten-jombang-kost-putri-murah-kost-arsy-days-room-tipe-a-jombang-jombang-2
Kabupaten Jombang,Kost Eka,Putri,Kecamatan Jombang,0.0,Tidak,Tidak,Ya,Tidak,Ya,Ya,450000,https://mamikos.com/room/kost-kabupaten-jombang-kost-putri-murah-kost-eka-jombang-2
Kabupaten Jombang,Kost Diaz Tipe B,Campur,Kecamatan Jombang,0.0,Ya,Ya,Ya,Ya,Ya,Ya,1000000,https://mamikos.com/room/kost-kabupaten-jombang-kost-campur-eksklusif-kost-diaz-tipe-b-jombang
Kabupaten Jombang,Kost Omah Putri I Tipe C,Putri,Kecamatan Jombang,5.0,Tidak,Ya,Ya,Ya,Tidak,Ya,450000,https://mamikos.com/room/kost-kabupaten-jombang-kost-putri-murah-kost-omah-putri-i-tipe-c-jombang-jombang
Kabupaten Jombang,Kost Mutiara Bunda 1 B,Campur,Jogo Roto,0.0,Tidak,Tidak,Ya,Tidak,Ya,Ya,600000,https://mamikos.com/room/kost-kabupaten-jombang-kost-campur-murah-kost-mutiara-bunda-1-b-jogo-roto-jombang
Kabupaten Jombang,Kost Manalagi Tiwin,Putri,Ploso,5.0,Tidak,Ya,Ya,Ya,Tidak,Ya,555000,https://mamikos.com/room/kost-jombang-kost-putri-murah-kost-manalagi-tiwin-ploso-jombang
Kabupaten Jombang,Kost Mutiara Bunda Cabang 2 Tipe A,Campur,Sumobito,0.0,Tidak,Tidak,Ya,Ya,Ya,Ya,600000,https://mamikos.com/room/kost-kabupaten-jombang-kost-campur-murah-kost-mutiara-bunda-cabang-2-tipe-a-sumobito-jombang
Kabupaten Jombang,Kost Sm Tipe VIP,Putri,Kecamatan Jombang,0.0,Ya,Tidak,Ya,Tidak,Ya,Ya,1200000,https://mamikos.com/room/kost-kabupaten-jombang-kost-putri-eksklusif-kost-sm-tipe-vip-jombang
Kabupaten Jombang,Kost Ibu Nurul,Campur,Kecamatan Jombang,0.0,Tidak,Tidak,Ya,Tidak,Tidak,Ya,250000,https://mamikos.com/room/kost-kabupaten-jombang-kost-campur-murah-kost-ibu-nurul-jombang-jombang
Kabupaten Jombang,Kost Al Angrywind Tipe Biasa,Campur,Diwek,0.0,Tidak,Tidak,Ya,Tidak,Ya,Ya,600000,https://mamikos.com/room/kost-kabupaten-jombang-kost-campur-murah-kost-al-angrywind-tipe-biasa-diwek-jombang
Kabupaten Jombang,Kost Kalikijing Tipe A,Campur,Ploso,0.0,Tidak,Ya,Ya,Tidak,Ya,Tidak,450000,https://mamikos.com/room/kost-kabupaten-jombang-kost-campur-murah-kost-kalikijing-tipe-a-ploso-jombang-2
Kabupaten Jombang,Kost Sakinah 1 Tipe A,Campur,Jombang,0.0,Tidak,Tidak,Ya,Ya,Ya,Ya,650000,https://mamikos.com/room/kost-kabupaten-jombang-kost-campur-eksklusif-kost-sakinah-1-tipe-a-jombang
Kabupaten Jombang,Kost Pak Agung,Campur,Jombang,0.0,Tidak,Ya,Ya,Tidak,Ya,Tidak,450000,https://mamikos.com/room/kost-kabupaten-jombang-kost-campur-murah-kost-pak-agung-jombang
Kabupaten Jombang,Kost Griya Kepuhkembeng,Putri,Peterongan,0.0,Tidak,Tidak,Ya,Tidak,Ya,Ya,550000,https://mamikos.com/room/kost-kabupaten-jombang-kost-putri-eksklusif-kost-griya-kepuhkembeng-peterongan-jombang
Kabupaten Jombang,Kost Kepuh Kembeng,Putri,Peterongan,0.0,Ya,Ya,Ya,Ya,Ya,Ya,800000,https://mamikos.com/room/kost-jombang-kost-putri-murah-kost-kepuh-kembeng-peterongan-jombang
Kabupaten Jombang,Kost Rahmada Mulya Tipe A,Putra,Kecamatan Jombang,0.0,Tidak,Ya,Ya,Tidak,Ya,Ya,600000,https://mamikos.com/room/kost-kabupaten-jombang-kost-putra-murah-kost-rahmada-mulya-tipe-a-jombang
Kabupaten Jombang,Kost Griya Klagen,Putra,Peterongan,0.0,Tidak,Tidak,Ya,Tidak,Tidak,Ya,550000,https://mamikos.com/room/kost-kabupaten-jombang-kost-putra-murah-kost-griya-klagen-peterongan-jombang
Kabupaten Jombang,Kost Bu Tatik Tipe B,Putri,Kecamatan Jombang,0.0,Tidak,Tidak,Ya,Ya,Ya,Ya,500000,https://mamikos.com/room/kost-kabupaten-jombang-kost-putri-murah-kost-bu-tatik-tipe-b-jombang-2
Kabupaten Jombang,Kost Selaras Syariah Tipe Ac Single,Campur,Kecamatan Peterongan,0.0,Ya,Ya,Ya,Tidak,Ya,Ya,1500000,https://mamikos.com/room/kost-kabupaten-jombang-kost-campur-eksklusif-kost-selaras-syariah-tipe-ac-single-peterongan-jombang
Kabupaten Jombang,Kost Selaras Syariah Tipe B Non AC,Campur,Kecamatan Peterongan,0.0,Tidak,Ya,Ya,Tidak,Ya,Ya,1000000,https://mamikos.com/room/kost-kabupaten-jombang-kost-campur-murah-kost-selaras-syariah-tipe-b-non-ac-peterongan-jombang
Kabupaten Jombang,Kost Bu Usman,Campur,Jombang,0.0,Tidak,Tidak,Ya,Tidak,Ya,Ya,550000,https://mamikos.com/room/kost-kabupaten-jombang-kost-campur-murah-kost-bu-usman-jombang
Kabupaten Jombang,Kost Brown Fence,Putra,Jombang,0.0,Tidak,Ya,Ya,Ya,Tidak,Ya,500000,https://mamikos.com/room/kost-kabupaten-jombang-kost-putra-eksklusif-kost-brown-fence-jombang-jombang-2
Kabupaten Jombang,Kost Azahra Jombatan,Putri,Kecamatan Jombang,0.0,Tidak,Tidak,Ya,Ya,Ya,Tidak,550000,https://mamikos.com/room/kost-kabupaten-jombang-kost-putri-murah-kost-azahra-jombatan-jombang-1
Kabupaten Jombang,Kost Griya Aulia Tipe B,Putri,Jombang,0.0,Tidak,Ya,Ya,Ya,Tidak,Ya,500000,https://mamikos.com/room/kost-jombang-kost-putri-murah-kost-griya-aulia-tipe-b-jombang
Kabupaten Jombang,Kost Wersah 3 Tipe B,Campur,Jombang,0.0,Tidak,Ya,Ya,Ya,Ya,Tidak,600000,https://mamikos.com/room/kost-kabupaten-jombang-kost-campur-murah-kost-wersah-3-tipe-b-jombang
Kabupaten Jombang,Kost Anila Sawahan,Putri,Kecamatan Jombang,0.0,Tidak,Ya,Ya,Ya,Ya,Ya,600000,https://mamikos.com/room/kost-kabupaten-jombang-kost-putri-murah-kost-anila-sawahan-jombang
Kabupaten Jombang,Kost Jajar Tipe A,Campur,Kecamatan Peterongan,0.0,Tidak,Ya,Ya,Tidak,Ya,Ya,800000,https://mamikos.com/room/kost-kabupaten-jombang-kost-campur-eksklusif-kost-jajar-tipe-a-peterongan-jombang
Kabupaten Jombang,Kost Syariah Bilgyz Tipe Ac,Putri,Kecamatan Jombang,0.0,Ya,Ya,Ya,Ya,Ya,Ya,900000,https://mamikos.com/room/kost-kabupaten-jombang-kost-putri-eksklusif-kost-syariah-bilgyz-tipe-ac-jombang
Kabupaten Jombang,Kost Sunah Putih Tipe A,Campur,Jombang,0.0,Tidak,Ya,Ya,Tidak,Ya,Ya,500000,https://mamikos.com/room/kost-kabupaten-jombang-kost-campur-murah-kost-sunah-putih-tipe-a-jombang-jombang
Kabupaten Jombang,Kost Klagen Tipe A,Putri,Peterongan,0.0,Tidak,Ya,Ya,Tidak,Tidak,Ya,800000,https://mamikos.com/room/kost-kabupaten-jombang-kost-putri-eksklusif-kost-klagen-tipe-a-peterongan-jombang
Kabupaten Jombang,Kost Griya D66,Putri,Jombang,0.0,Tidak,Tidak,Ya,Tidak,Tidak,Ya,425000,https://mamikos.com/room/kost-jombang-kost-putri-murah-kost-griya-d66-jombang
Kabupaten Jombang,Kost Griya Lestari Tipe Standart,Putra,Diwek,0.0,Tidak,Tidak,Ya,Tidak,Ya,Ya,430000,https://mamikos.com/room/kost-jombang-kost-putra-murah-kost-griya-lestari-tipe-standart-diwek-jombang
Kabupaten Jombang,Kost Delima B13,Putra,Jombang,0.0,Ya,Ya,Ya,Tidak,Ya,Ya,850000,https://mamikos.com/room/kost-kabupaten-jombang-kost-putra-murah-kost-delima-b13-jombang
Kabupaten Jombang,Kost Ibu Nurhayati,Campur,Jombang,0.0,Tidak,Ya,Ya,Tidak,Ya,Tidak,450000,https://mamikos.com/room/kost-jombang-kost-campur-murah-kost-ibu-nurhayati-jombang
Kabupaten Jombang,Kost Yasmin Tipe B,Campur,Kecamatan Jombang,0.0,Tidak,Ya,Ya,Tidak,Ya,Ya,475000,https://mamikos.com/room/kost-kabupaten-jombang-kost-campur-murah-kost-yasmin-tipe-b-jombang-jombang
Kabupaten Jombang,Kost Syariah Bilgyz Tipe Non Ac,Putri,Kecamatan Jombang,0.0,Tidak,Ya,Ya,Ya,Ya,Ya,600000,https://mamikos.com/room/kost-kabupaten-jombang-kost-putri-murah-kost-syariah-bilgyz-tipe-non-ac-jombang
Kabupaten Jombang,Kost Al Barkah Tipe A,Putra,Kecamatan Sumobito,0.0,Tidak,Ya,Ya,Tidak,Tidak,Ya,375000,https://mamikos.com/room/kost-kabupaten-jombang-kost-putra-murah-kost-al-barkah-tipe-a-sumobito-jombang
Kabupaten Jombang,Kost Domira,Campur,Peterongan,0.0,Ya,Ya,Ya,Tidak,Ya,Ya,600000,https://mamikos.com/room/kost-kabupaten-jombang-kost-campur-murah-kost-domira-peterongan-jombang
Kabupaten Jombang,Kost Sm Tipe A,Putri,Jombang,0.0,Ya,Tidak,Ya,Ya,Tidak,Ya,950000,https://mamikos.com/room/kost-kabupaten-jombang-kost-putri-murah-kost-sm-tipe-a-jombang
Kabupaten Jombang,Kost Omah Dr Soetomo Tipe A Plus,Putri,Jombang,0.0,Ya,Tidak,Ya,Ya,Tidak,Ya,1250000,https://mamikos.com/room/kost-kabupaten-jombang-kost-putri-eksklusif-kost-omah-dr-soetomo-tipe-a-jombang-jombang-1
Kabupaten Jombang,Kost Bpk Octavianus,Campur,Mojowarno,0.0,Tidak,Ya,Ya,Ya,Ya,Ya,800000,https://mamikos.com/room/kost-jombang-kost-campur-murah-kost-bpk-octavianus-mojowarno-jombang
Kabupaten Jombang,Kost Annisa Bawean,Putri,Jombang,0.0,Tidak,Tidak,Ya,Tidak,Tidak,Ya,550000,https://mamikos.com/room/kost-kabupaten-jombang-kost-campur-murah--15
Kabupaten Jombang,Kost Blimbing,Campur,Gudo,0.0,Tidak,Tidak,Ya,Tidak,Tidak,Tidak,200000,https://mamikos.com/room/kost-jombang-kost-campur-murah-kost-blimbing-gudo-jombang-1
Kabupaten Jombang,Kost Fierda,Putri,Kecamatan Jombang,0.0,Ya,Ya,Ya,Tidak,Tidak,Tidak,750000,https://mamikos.com/room/kost-kabupaten-jombang-kost-putri-murah-kost-fierda-jombang
Kabupaten Jombang,Kost Barokah,Campur,Jombang,0.0,Tidak,Ya,Ya,Tidak,Ya,Ya,500000,https://mamikos.com/room/kost-jombang-kost-campur-murah-kost-barokah-jombang
Kabupaten Jombang,Kost Alexa,Putri,Kecamatan Kabuh,0.0,Tidak,Ya,Ya,Tidak,Tidak,Ya,410000,https://mamikos.com/room/kost-kabupaten-jombang-kost-putri-murah-kost-alexa-kabuh-jombang-2
Kabupaten Jombang,Kost Omah Putri I Tipe A,Putri,Kecamatan Jombang,0.0,Ya,Ya,Ya,Ya,Ya,Ya,1100000,https://mamikos.com/room/kost-kabupaten-jombang-kost-putri-eksklusif-kost-omah-putri-i-tipe-a-jombang
Kabupaten Jombang,Kost Pulo Asri Sejahtera,Campur,Kecamatan Jombang,0.0,Tidak,Ya,Tidak,Ya,Ya,Tidak,800000,https://mamikos.com/room/kost-kabupaten-jombang-kost-campur-murah-kost-pulo-asri-sejahtera-jombang
Kabupaten Jombang,Kost Sakinah,Campur,Kecamatan Jombang,0.0,Tidak,Ya,Ya,Tidak,Ya,Ya,700000,https://mamikos.com/room/kost-kabupaten-jombang-kost-campur-murah-kost-sakinah-jombang
Kabupaten Jombang,Kost Klagen Tipe B,Putri,Peterongan,0.0,Tidak,Ya,Ya,Tidak,Ya,Ya,800000,https://mamikos.com/room/kost-jombang-kost-putri-eksklusif-kost-klagen-tipe-b-peterongan-jombang
Kabupaten Jombang,Kost Ridito,Putri,Kecamatan Jombang,0.0,Tidak,Tidak,Ya,Ya,Tidak,Ya,500000,https://mamikos.com/room/kost-kabupaten-jombang-kost-putri-murah-kost-ridito-jombang
Kabupaten Jombang,Kost Ijo,Putri,Jombang,0.0,Tidak,Tidak,Ya,Ya,Tidak,Tidak,350000,https://mamikos.com/room/kost-kabupaten-jombang-kost-putri-murah-kost-muslimah-ijo-jombang
Kabupaten Jombang,Kost Sunyoto,Putri,Kecamatan Mojoagung,0.0,Tidak,Tidak,Ya,Tidak,Tidak,Tidak,300000,https://mamikos.com/room/kost-kabupaten-jombang-kost-putri-murah-kost-sunyoto-mojoagung-jombang-2
Kabupaten Jombang,Kost Bapak Santoso,Campur,Jombang,0.0,Tidak,Tidak,Ya,Tidak,Ya,Tidak,400000,https://mamikos.com/room/kost-kabupaten-jombang-kost-campur-murah-kost-bapak-santoso-jombang-2
Kabupaten Jombang,Kost Kosada Living Tipe A,Campur,Kecamatan Jombang,0.0,Tidak,Ya,Ya,Ya,Ya,Ya,650000,https://mamikos.com/room/kost-kabupaten-jombang-kost-campur-murah-kost-kosada-living-tipe-a-jombang-jombang-2
Kabupaten Jombang,Kost Anns Court,Campur,Jombang,0.0,Ya,Ya,Ya,Ya,Ya,Ya,1500000,https://mamikos.com/room/kost-kabupaten-jombang-kost-campur-eksklusif-kost-anns-court-jombang
Kabupaten Jombang,Kost Bu Tik Kertanegara 7A Tipe A,Putra,Kecamatan Jombang,0.0,Tidak,Ya,Ya,Tidak,Tidak,Tidak,400000,https://mamikos.com/room/kost-kabupaten-jombang-kost-putra-murah-kost-bu-tik-kertanegara-7a-tipe-a-jombang-jombang
Kabupaten Jombang,Kost Indah Tipe A,Putri,Kecamatan Jombang,0.0,Tidak,Ya,Ya,Ya,Tidak,Ya,500000,https://mamikos.com/room/kost-kabupaten-jombang-kost-putri-murah-kost-indah-tipe-a-jombang
Kabupaten Jombang,Kost Bu Aseh Tipe A,Campur,Kecamatan Mojowarno,0.0,Tidak,Tidak,Ya,Tidak,Ya,Ya,300000,https://mamikos.com/room/kost-kabupaten-jombang-kost-campur-murah-kost-bu-aseh-tipe-a-mojowarno-jombang
Kabupaten Jombang,Kost Blessing Tipe A,Putri,Jombang,0.0,Ya,Tidak,Ya,Ya,Ya,Ya,850000,https://mamikos.com/room/kost-kabupaten-jombang-kost-putri-murah-kost-blessing-tipe-a-jombang
Kabupaten Jombang,Kost Mukhibi Tipe A,Campur,Jombang,0.0,Ya,Tidak,Ya,Tidak,Ya,Ya,800000,https://mamikos.com/room/kost-kabupaten-jombang-kost-campur-murah-kost-mukhibi-tipe-a-jombang
Kabupaten Jombang,Kost Budika Tipe A,Putri,Peterongan,0.0,Tidak,Tidak,Ya,Tidak,Tidak,Ya,500000,https://mamikos.com/room/kost-kabupaten-jombang-kost-putri-murah-kost-budika-tipe-a-peterongan-jombang-2
Kabupaten Jombang,Kost Ibu Yuni TPQ Tipe A Diwek,Campur,Kecamatan Jombang,0.0,Tidak,Tidak,Ya,Tidak,Ya,Ya,550000,https://mamikos.com/room/kost-kabupaten-jombang-kost-campur-murah-kost-ibu-yuni-tpq-tipe-a-diwek-jombang
Kabupaten Jombang,Kost Rumah Dara Tipe A,Putri,Kecamatan Jombang,0.0,Tidak,Tidak,Ya,Tidak,Tidak,Ya,400000,https://mamikos.com/room/kost-kabupaten-jombang-kost-putri-murah-kost-rumah-dara-tipe-a-jombang
Kabupaten Jombang,Kost Wersah 3 Tipe D,Campur,Jombang,0.0,Tidak,Ya,Ya,Ya,Ya,Tidak,650000,https://mamikos.com/room/kost-kabupaten-jombang-kost-campur-murah-kost-wersah-3-tipe-d-jombang-jombang-2
Kabupaten Jombang,Kost Bu Ning Blimbing,Putri,Kecamatan Gudo,0.0,Tidak,Tidak,Ya,Ya,Ya,Ya,500000,https://mamikos.com/room/kost-kabupaten-jombang-kost-putri-murah-kost-bu-ning-gudo-jombang
Kabupaten Jombang,Kost Griyo,Putri,Kecamatan Jombang,0.0,Tidak,Ya,Ya,Tidak,Tidak,Ya,500000,https://mamikos.com/room/kost-kabupaten-jombang-kost-putri-murah-kost-griyo-jombang
Kabupaten Jombang,Kost Pink,Campur,Sumobito,0.0,Tidak,Ya,Ya,Tidak,Tidak,Ya,350000,https://mamikos.com/room/kost-kabupaten-jombang-kost-campur-murah-koss-pink-ukuran-kamar-3x3-sumobito-jombang-2
Kabupaten Jombang,Kost Mama Wel,Campur,Peterongan,0.0,Tidak,Ya,Tidak,Tidak,Tidak,Tidak,600000,https://mamikos.com/room/kost-kabupaten-jombang-kost-campur-murah-kost-mama-wel-peterongan-jombang
Kabupaten Jombang,Kost Srikandi 1,Campur,Kecamatan Jombang,0.0,Tidak,Tidak,Ya,Ya,Tidak,Tidak,1000000,https://mamikos.com/room/kost-kabupaten-jombang-kost-campur-eksklusif-kost-srikandi-1-jombang-jombang
Kabupaten Jombang,Kost Umi Zulfah Tipe C,Putri,Diwek,0.0,Tidak,Ya,Ya,Ya,Tidak,Ya,550000,https://mamikos.com/room/kost-kabupaten-jombang-kost-putri-murah-kost-umi-zulfah-tipe-c-diwek-jombang
Kabupaten Jombang,Kost Rumah Bayra Tipe A,Putri,Kecamatan Jombang,0.0,Tidak,Ya,Ya,Tidak,Ya,Ya,850000,https://mamikos.com/room/kost-kabupaten-jombang-kost-putri-murah-kost-rumah-bayra-tipe-a-jombang
Kabupaten Jombang,Kost Yosamayang Tipe A,Putri,Ploso,0.0,Tidak,Ya,Ya,Tidak,Tidak,Ya,400000,https://mamikos.com/room/kost-kabupaten-jombang-kost-putri-murah-kost-yosamayang-tipe-a-ploso-jombang
Kabupaten Jombang,Kost Siti Aminah Tipe A,Campur,Jombang,0.0,Tidak,Tidak,Ya,Ya,Ya,Ya,450000,https://mamikos.com/room/kost-kabupaten-jombang-kost-campur-murah-kost-siti-aminah-tipe-a-jombang
Kabupaten Jombang,Kost Bu Wulan,Putri,Kecamatan Jombang,0.0,Tidak,Tidak,Ya,Tidak,Tidak,Ya,350000,https://mamikos.com/room/kost-kabupaten-jombang-kost-putri-murah-kost-bu-wulan-jombang-jombang-2
Kabupaten Jombang,Kost Indah Tipe Vip,Putri,Jombang,0.0,Tidak,Ya,Ya,Ya,Ya,Ya,550000,https://mamikos.com/room/kost-jombang-kost-putri-murah-kost-indah-tipe-vip-jombang
Kabupaten Jombang,Kost Bu Jun Tipe A,Putra,Kecamatan Jombang,0.0,Tidak,Tidak,Ya,Ya,Tidak,Ya,400000,https://mamikos.com/room/kost-kabupaten-jombang-kost-putra-murah-kost-bu-jun-tipe-a-jombang-2
Kabupaten Jombang,Kost Sm Tipe C,Putri,Kecamatan Jombang,0.0,Ya,Tidak,Ya,Ya,Tidak,Ya,950000,https://mamikos.com/room/kost-kabupaten-jombang-kost-putri-eksklusif-kost-sm-tipe-c-jombang
Kabupaten Jombang,Kost Matahari,Campur,Jombang,0.0,Ya,Ya,Ya,Tidak,Tidak,Ya,1100000,https://mamikos.com/room/kost-kabupaten-jombang-kost-campur-eksklusif-kost-matahari-jombang
Kabupaten Jombang,Kost Reza,Putri,Jombang,0.0,Tidak,Ya,Ya,Ya,Tidak,Ya,350000,https://mamikos.com/room/kost-kabupaten-jombang-kost-putri-murah-kost-reza-jombang
Kabupaten Jombang,Kost Rumah Bening Tipe A,Campur,Kecamatan Jombang,0.0,Ya,Ya,Ya,Ya,Ya,Ya,1500000,https://mamikos.com/room/kost-kabupaten-jombang-kost-campur-eksklusif-kost-rumah-bening-tipe-a-jombang
Kabupaten Jombang,Kost Aqilah Brawijaya,Campur,Peterongan,0.0,Tidak,Ya,Ya,Tidak,Ya,Ya,500000,https://mamikos.com/room/kost-kabupaten-jombang-kost-campur-murah-kost-aqilah-brawijaya-peterongan-jombang-2
Kabupaten Jombang,Kost Kurnia,Putri,Kecamatan Jombang,0.0,Tidak,Tidak,Ya,Tidak,Ya,Tidak,300000,https://mamikos.com/room/kost-kabupaten-jombang-kost-putri-murah-kost-kurnia-jombang-jombang-1
Kabupaten Jombang,Kost Sm Tipe VVIP,Putri,Kecamatan Jombang,0.0,Ya,Tidak,Ya,Tidak,Ya,Ya,1300000,https://mamikos.com/room/kost-kabupaten-jombang-kost-putri-eksklusif-kost-sm-tipe-vvip-jombang
Kabupaten Jombang,Kost Sejuk,Campur,Kecamatan Jombang,0.0,Tidak,Ya,Ya,Tidak,Ya,Tidak,445000,https://mamikos.com/room/kost-kabupaten-jombang-kost-campur-murah-kost-sejuk-jombang
Kabupaten Jombang,Kost Jajar Tipe B,Campur,Kecamatan Peterongan,0.0,Tidak,Ya,Ya,Ya,Ya,Ya,800000,https://mamikos.com/room/kost-kabupaten-jombang-kost-campur-eksklusif-kost-jajar-tipe-b-peterongan-jombang
Kabupaten Jombang,Kost Bu Tatik Tipe A,Putri,Kecamatan Jombang,0.0,Tidak,Tidak,Ya,Ya,Tidak,Tidak,450000,https://mamikos.com/room/kost-kabupaten-jombang-kost-putri-murah-kost-bu-tatik-tipe-a-jombang
Kabupaten Jombang,Kost Mahadewi,Putra,Kecamatan Peterongan,0.0,Tidak,Ya,Ya,Ya,Ya,Ya,550000,https://mamikos.com/room/kost-kabupaten-jombang-kost-putra-eksklusif-kost-mahadewi-peterongan-jombang
Kabupaten Jombang,Kost Pak Tomo Tipe Regular,Campur,Perak,0.0,Tidak,Ya,Ya,Tidak,Ya,Tidak,300000,https://mamikos.com/room/kost-kabupaten-jombang-kost-campur-murah-kost-pak-tomo-tipe-regular-perak-jombang
Kabupaten Jombang,Kost Bu Dewi Tipe A,Putri,Kecamatan Peterongan,0.0,Tidak,Ya,Ya,Tidak,Tidak,Tidak,300000,https://mamikos.com/room/kost-kabupaten-jombang-kost-putri-murah-kost-bu-dewi-tipe-a-peterongan-jombang
Kabupaten Jombang,Kost OMAYA Living,Putra,Kecamatan Jombang,0.0,Tidak,Tidak,Ya,Ya,Tidak,Tidak,400000,https://mamikos.com/room/kost-kabupaten-jombang-kost-putra-murah-kost-omaya-living-jombang
Kabupaten Jombang,Kost An Nur,Campur,Peterongan,0.0,Tidak,Ya,Ya,Tidak,Ya,Ya,600000,https://mamikos.com/room/kost-kabupaten-jombang-kost-campur-murah-kost-an-nur-peterongan-jombang
Kabupaten Jombang,Kost Griya Bayu Tipe B,Putri,Kecamatan Diwek,0.0,Tidak,Tidak,Ya,Tidak,Ya,Ya,550000,https://mamikos.com/room/kost-kabupaten-jombang-kost-putri-murah-kost-griya-bayu-tipe-b-diwek-jombang
Kabupaten Jombang,Rumah Kontrakan,Campur,Kecamatan Jogoroto,0.0,Tidak,Ya,Tidak,Tidak,Ya,Tidak,800000,https://mamikos.com/room/kost-kabupaten-jombang-kost-campur-murah--17
Kabupaten Jombang,Kost Griya Hijau Istimewa,Campur,Kabuh,0.0,Tidak,Tidak,Ya,Tidak,Ya,Tidak,500000,https://mamikos.com/room/kost-kabupaten-jombang-kost-campur-murah-kost-griya-hijau-istimewa-kabuh-jombang
Kabupaten Jombang,Kost Omah Putri I Tipe B,Putri,Kecamatan Jombang,0.0,Tidak,Ya,Ya,Ya,Tidak,Ya,750000,https://mamikos.com/room/kost-kabupaten-jombang-kost-putri-murah-kost-omah-putri-i-tipe-b-jombang
Kabupaten Jombang,Kost Rumah Dinda Tipe A,Campur,Kecamatan Jogoroto,0.0,Tidak,Ya,Ya,Tidak,Ya,Tidak,450000,https://mamikos.com/room/kost-kabupaten-jombang-kost-campur-murah--14
Kabupaten Jombang,Kost Griya Amani Tipe A,Putri,Kecamatan Jombang,0.0,Tidak,Tidak,Ya,Tidak,Ya,Ya,600000,https://mamikos.com/room/kost-kabupaten-jombang-kost-putri-murah-kost-griya-amani-tipe-a-jombang
Kabupaten Jombang,Kost Khasanah Tipe A,Putri,Kecamatan Jombang,0.0,Tidak,Ya,Ya,Tidak,Tidak,Ya,400000,https://mamikos.com/room/kost-kabupaten-jombang-kost-putri-murah-kost-khasanah-tipe-a-jombang-jombang
Kabupaten Jombang,Kost Karyawan Tipe Standar,Putra,Jombang,0.0,Tidak,Tidak,Ya,Ya,Ya,Ya,650000,https://mamikos.com/room/kost-jombang-kost-putra-murah-kost-karyawan-tipe-standar-jombang
Kabupaten Jombang,Kost Blessing Tipe B,Putri,Kecamatan Jombang,0.0,Tidak,Tidak,Ya,Ya,Ya,Ya,500000,https://mamikos.com/room/kost-kabupaten-jombang-kost-putri-murah-kost-blessing-tipe-b-jombang-2
Kabupaten Jombang,Kost Firdaus Tipe A,Campur,Kecamatan Mojoagung,0.0,Tidak,Ya,Ya,Tidak,Ya,Ya,500000,https://mamikos.com/room/kost-kabupaten-jombang-kost-campur-murah-kost-firdaus-tipe-a-mojoagung-jombang-1
Kabupaten Jombang,Rumah Kontrakan Perum Gia 3,Campur,Tembelang,0.0,Ya,Ya,Ya,Ya,Ya,Tidak,1600000,https://mamikos.com/room/kost-kabupaten-jombang-kost-campur-eksklusif-rumah-kontrakan-perum-gia-3-tembelang-jombang
Kabupaten Jombang,Kost Mashun,Putri,Kecamatan Mojoagung,0.0,Tidak,Ya,Ya,Tidak,Tidak,Ya,350000,https://mamikos.com/room/kost-kabupaten-jombang-kost-putri-murah-kost-mashun-mojoagung-jombang
Kabupaten Jombang,Kost Mutiara Tipe Ekslusif,Putri,Diwek,0.0,Tidak,Tidak,Ya,Tidak,Ya,Ya,500000,https://mamikos.com/room/kost-jombang-kost-putri-murah-kost-mutiara-tipe-ekslusif-diwek-jombang
Kabupaten Jombang,Kost Umi Zulfah 1,Putri,Diwek,0.0,Tidak,Ya,Ya,Tidak,Ya,Ya,700000,https://mamikos.com/room/kost-kabupaten-jombang-kost-putri-murah-kos-umi-zulfah-1-diwek-jombang-1
Kabupaten Jombang,Kost Pak Slamet,Campur,Kecamatan Jombang,0.0,Tidak,Ya,Ya,Tidak,Ya,Tidak,500000,https://mamikos.com/room/kost-kabupaten-jombang-kost-campur-murah-kost-pak-slamet-jombang-jombang-2
Kabupaten Jombang,Kost Azahra 2 Tipe Non AC,Putri,Kecamatan Jombang,0.0,Tidak,Ya,Ya,Ya,Ya,Ya,700000,https://mamikos.com/room/kost-kabupaten-jombang-kost-putri-murah-kost-azahra-2-tipe-non-ac-jombang-jombang
Kabupaten Jombang,Kost Ibu Indra I,Campur,Kecamatan Peterongan,0.0,Tidak,Ya,Ya,Tidak,Ya,Tidak,700000,https://mamikos.com/room/kost-kabupaten-jombang-kost-campur-murah-kost-ibu-indra-i-peterongan-jombang
Kabupaten Jombang,Kost Pak Sapto,Putri,Jombang,0.0,Tidak,Tidak,Ya,Tidak,Tidak,Ya,450000,https://mamikos.com/room/kost-kabupaten-jombang-kost-putri-murah-kost-pak-sapto-jombang-jombang
Kabupaten Jombang,Kost Omah Dr Soetomo Tipe C,Putri,Jombang,0.0,Tidak,Tidak,Ya,Ya,Tidak,Ya,450000,https://mamikos.com/room/kost-kabupaten-jombang-kost-putri-murah-kost-omah-dr-soetomo-tipe-c-jombang-jombang
Kabupaten Jombang,Kost Green House Tipe A1,Campur,Jombang,0.0,Ya,Ya,Ya,Ya,Tidak,Ya,800000,https://mamikos.com/room/kost-kabupaten-jombang-kost-campur-murah-kost-green-house-tipe-a1-jombang
Kabupaten Jombang,Kost Pak Kuwat,Putri,Jombang,0.0,Tidak,Ya,Ya,Ya,Tidak,Tidak,350000,https://mamikos.com/room/kost-kabupaten-jombang-kost-putri-murah-kost-pak-kuwat-jombang
Kabupaten Jombang,Kost Bu Ani,Campur,Kecamatan Mojoagung,0.0,Tidak,Tidak,Ya,Tidak,Tidak,Tidak,400000,https://mamikos.com/room/kost-kabupaten-jombang-kost-campur-murah-kost-bu-ani-mojoagung-jombang
Kabupaten Jombang,Kost Asri Syariah Homestay Tipe Executive,Campur,Kecamatan Kabuh,0.0,Ya,Ya,Ya,Tidak,Ya,Ya,800000,https://mamikos.com/room/kost-kabupaten-jombang-kost-campur-murah-kost-asri-syariah-homestay-tipe-executive-kabuh-jombang-2
Kabupaten Jombang,Kost Griyo Anik Patimura,Putri,Kecamatan Jombang,0.0,Tidak,Tidak,Ya,Tidak,Tidak,Tidak,400000,https://mamikos.com/room/kost-kabupaten-jombang-kost-putri-murah-kost-griyo-anik-patimura-jombang
Kabupaten Jombang,Kost Sawahan Indah,Putri,Kecamatan Jombang,0.0,Tidak,Ya,Ya,Ya,Ya,Ya,550000,https://mamikos.com/room/kost-kabupaten-jombang-kost-putri-murah-kost-sawahan-indah-jombang-2
Kabupaten Jombang,Kost Bu Jujuk,Campur,Kecamatan Jombang,0.0,Tidak,Tidak,Tidak,Tidak,Tidak,Tidak,500000,https://mamikos.com/room/kost-kabupaten-jombang-kost-campur-murah-kost-bu-jujuk-jombang
Kabupaten Jombang,Kost RAZ,Putri,Kecamatan Diwek,0.0,Tidak,Ya,Ya,Ya,Tidak,Ya,550000,https://mamikos.com/room/kost-kabupaten-jombang-kost-putri-eksklusif-kost-raz-diwek-jombang
Kabupaten Jombang,Kost Wahan Tipe A,Campur,Jombang,0.0,Ya,Ya,Ya,Ya,Ya,Ya,1000000,https://mamikos.com/room/kost-jombang-kost-campur-eksklusif-kost-wahan-tipe-a-jombang-1
Kabupaten Jombang,Kost Wersah 3 Tipe A,Campur,Jombang,0.0,Tidak,Ya,Ya,Ya,Ya,Tidak,700000,https://mamikos.com/room/kost-kabupaten-jombang-kost-campur-eksklusif-kost-wersah-3-tipe-a-jombang-jombang
Kabupaten Jombang,Kost Mulya Pulo Wetan Tipe B,Putra,Kecamatan Jombang,0.0,Tidak,Ya,Ya,Tidak,Tidak,Tidak,500000,https://mamikos.com/room/kost-kabupaten-jombang-kost-putra-murah-kost-mulya-pulo-wetan-tipe-b-jombang-
Kabupaten Jombang,Kost Umi Zulfah Tipe B,Putri,Diwek,0.0,Tidak,Ya,Ya,Tidak,Ya,Ya,650000,https://mamikos.com/room/kost-kabupaten-jombang-kost-putri-eksklusif-kost-umi-zulfah-tipe-b-diwek-jombang
Kabupaten Jombang,Kost Rumah Bening Tipe A,Campur,Kecamatan Peterongan,0.0,Ya,Tidak,Ya,Ya,Tidak,Ya,1500000,https://mamikos.com/room/kost-kabupaten-jombang-kost-campur-eksklusif-kost-rumah-bening-tipe-a-peterongan-jombang
Kabupaten Jombang,Kost Wisma Firdaus,Campur,Kecamatan Peterongan,0.0,Tidak,Ya,Ya,Ya,Ya,Tidak,500000,https://mamikos.com/room/kost-kabupaten-jombang-kost-campur-murah-kost-wisma-firdaus-peterongan-jombang-1
Kabupaten Jombang,Kost Bu Yanik Tipe A,Putra,Kecamatan Jombang,0.0,Tidak,Ya,Ya,Tidak,Tidak,Ya,400000,https://mamikos.com/room/kost-kabupaten-jombang-kost-putra-murah-kost-bu-yanik-tipe-a-jombang
Kabupaten Jombang,Kost Bu Karni,Campur,Kecamatan Jombang,0.0,Tidak,Ya,Tidak,Tidak,Ya,Tidak,620000,https://mamikos.com/room/kost-kabupaten-jombang-kost-campur-murah-kost-bu-karni-jombang
Kabupaten Jombang,Kost Bu Asrifah Tipe Standar,Campur,Kabuh,0.0,Tidak,Ya,Ya,Tidak,Ya,Tidak,450000,https://mamikos.com/room/kost-kabupaten-jombang-kost-campur-murah-kost-bu-asrifah-tipe-standar-kabuh-jombang
Kabupaten Jombang,Kost Rumah Cik Me,Putri,Kecamatan Jombang,0.0,Tidak,Tidak,Ya,Ya,Tidak,Tidak,500000,https://mamikos.com/room/kost-kabupaten-jombang-kost-putri-murah-kost-rumah-cik-me-jombang
Kabupaten Jombang,Kost Wijaya Kusuma Tipe D,Campur,Tembelang,0.0,Tidak,Ya,Ya,Tidak,Ya,Ya,500000,https://mamikos.com/room/kost-kabupaten-jombang-kost-campur-murah-kost-wijaya-kusuma-tipe-d-tembelang-jombang-2
Kabupaten Jombang,Kost Pulo Lor 4,Campur,Jombang,0.0,Tidak,Ya,Ya,Tidak,Ya,Tidak,400000,https://mamikos.com/room/kost-jombang-kost-campur-murah-kost-pulo-lor-4-jombang-1
Kabupaten Jombang,Kost Griya Bayu Tipe A,Putri,Diwek,0.0,Tidak,Tidak,Ya,Tidak,Tidak,Tidak,350000,https://mamikos.com/room/kost-jombang-kost-putri-murah-kost-griya-bayu-tipe-a-diwek-jombang
Kabupaten Jombang,Kost Zayn,Putra,Mojoagung,0.0,Tidak,Ya,Tidak,Tidak,Ya,Tidak,400000,https://mamikos.com/room/kost-jombang-kost-putra-murah-kost-zayn-mojoagung-jombang
Kabupaten Jombang,Kost Asmawati Tipe A,Putri,Jombang,0.0,Ya,Tidak,Ya,Ya,Ya,Ya,800000,https://mamikos.com/room/kost-kabupaten-jombang-kost-putri-murah-kost-asmawati-tipe-a-jombang-jombang
Kabupaten Jombang,Kost Anusopati,Putri,Kecamatan Jombang,0.0,Tidak,Ya,Ya,Tidak,Ya,Ya,450000,https://mamikos.com/room/kost-kabupaten-jombang-kost-putri-murah-kost-anusopati-jombang
Kabupaten Jombang,Kost,Campur,Peterongan,0.0,Tidak,Tidak,Ya,Tidak,Tidak,Tidak,450000,https://mamikos.com/room/kost-kabupaten-jombang-kost-campur-murah-kost-peterongan-jombang
Kabupaten Jombang,Kost Pak Satriyo,Campur,Kecamatan Jombang,0.0,Tidak,Ya,Ya,Tidak,Tidak,Tidak,350000,https://mamikos.com/room/kost-kabupaten-jombang-kost-campur-murah-kost-pak-satriyo-jombang-jombang
Kabupaten Jombang,Kost Wijaya Kusuma VIP,Campur,Tembelang,0.0,Tidak,Ya,Ya,Ya,Ya,Ya,800000,https://mamikos.com/room/kost-kabupaten-jombang-kost-campur-murah-kost-wijaya-kusuma-vip-tembelang-jombang
Kabupaten Jombang,Kost Pelangi Tipe B,Campur,Jombang,0.0,Tidak,Ya,Ya,Ya,Ya,Tidak,700000,https://mamikos.com/room/kost-kabupaten-jombang-kost-campur-murah-kost-pelangi-tipe-b-jombang-jombang
Kabupaten Jombang,Kost Omah Dr Soetomo Tipe B,Putri,Jombang,0.0,Tidak,Ya,Ya,Ya,Ya,Ya,750000,https://mamikos.com/room/kost-kabupaten-jombang-kost-putri-murah-kost-omah-dr-soetomo-tipe-b-jombang-jombang
Kabupaten Jombang,Kost Pak Sulies Tipe Eksklusif,Campur,Jombang,0.0,Ya,Ya,Ya,Ya,Ya,Tidak,1200000,https://mamikos.com/room/kost-kabupaten-jombang-kost-campur-eksklusif-kost-pak-sulies-tipe-eksklusif-homestay-jombang-jombang-2
Kabupaten Jombang,Kost Berkah Nizma,Campur,Sumobito,0.0,Tidak,Ya,Ya,Tidak,Ya,Tidak,350000,https://mamikos.com/room/kost-kabupaten-jombang-kost-campur-murah-kost-berkah-nizma-sumobito-jombang-2
Kabupaten Jombang,Kost Fia Tipe C,Putri,Kecamatan Jombang,0.0,Tidak,Tidak,Ya,Tidak,Ya,Ya,600000,https://mamikos.com/room/kost-kabupaten-jombang-kost-putri-murah-kost-fia-tipe-c-jombang
Kabupaten Jombang,Kost Biru,Putri,Jombang,0.0,Tidak,Tidak,Ya,Tidak,Ya,Ya,400000,https://mamikos.com/room/kost-jombang-kost-putri-murah-kost-biru-jombang-1
Kabupaten Jombang,Kost Widya Tipe A,Putra,Kecamatan Jombang,5.0,Tidak,Ya,Ya,Ya,Ya,Ya,600000,https://mamikos.com/room/kost-kabupaten-jombang-kost-putra-murah-kost-widya-tipe-a-jombang
Kabupaten Jombang,Kost Sariloyo,Campur,Kecamatan Jombang,0.0,Tidak,Ya,Ya,Tidak,Tidak,Tidak,450000,https://mamikos.com/room/kost-kabupaten-jombang-kost-campur-murah-kost-sariloyo-jombang-
Kabupaten Jombang,Kost Wahyudi Tipe B,Campur,Jombang,0.0,Tidak,Ya,Ya,Tidak,Ya,Ya,500000,https://mamikos.com/room/kost-jombang-kost-campur-murah-kost-wahyudi-tipe-b-jombang
Kabupaten Jombang,Kost New Royal,Campur,Jombang,0.0,Ya,Ya,Ya,Ya,Ya,Ya,1000000,https://mamikos.com/room/kost-jombang-kost-campur-eksklusif-kost-new-royal-jombang
Kabupaten Jombang,Kost Ibu Siti,Putra,Diwek,0.0,Tidak,Ya,Ya,Tidak,Tidak,Ya,425000,https://mamikos.com/room/kost-kabupaten-jombang-kost-putra-murah-kost-ibu-siti-diwek-jombang
Kabupaten Jombang,Kost Pasutri Dua Putra Jogoroto,Campur,Jogo Roto,5.0,Tidak,Tidak,Ya,Tidak,Ya,Ya,600000,https://mamikos.com/room/kost-jombang-kost-campur-murah-kost-pasutri-dua-putra-jogoroto-jombang-2
Kabupaten Jombang,Kost Kuning Ayu Standar,Campur,Kecamatan Jombang,0.0,Tidak,Ya,Ya,Tidak,Ya,Ya,575000,https://mamikos.com/room/kost-kabupaten-jombang-kost-campur-murah-kost-kuning-ayu-standar-jombang
Kabupaten Jombang,Kost Novita Tipe B,Putra,Jombang,0.0,Ya,Ya,Ya,Tidak,Ya,Ya,800000,https://mamikos.com/room/kost-kabupaten-jombang-kost-putra-murah-kost-novita-tipe-b-jombang-jombang
Kabupaten Jombang,Kost Pak Rianto,Campur,Kecamatan Jombang,0.0,Tidak,Tidak,Ya,Tidak,Ya,Tidak,500000,https://mamikos.com/room/kost-kabupaten-jombang-kost-campur-murah-kost-pak-rianto-jombang-2
Kabupaten Jombang,Kost Putra Dua Putra Jogoroto,Putra,Jogo Roto,5.0,Tidak,Tidak,Ya,Tidak,Ya,Ya,600000,https://mamikos.com/room/kost-jombang-kost-putra-murah-kost-putra-dua-putra-jogoroto-jombang
Kabupaten Jombang,Kost Griya,Campur,Kecamatan Jombang,0.0,Tidak,Tidak,Ya,Tidak,Ya,Tidak,450000,https://mamikos.com/room/kost-kabupaten-jombang-kost-campur-murah-kost-griya-jombang
Kabupaten Jombang,Kost Pelangi Ibu Suliati,Campur,Mojoagung,0.0,Tidak,Ya,Ya,Tidak,Ya,Tidak,500000,https://mamikos.com/room/kost-jombang-kost-campur-murah-kost-pelangi-ibu-suliati-mojoagung-jombang-1
Kabupaten Jombang,Kost Pak Alimi Tipe A,Putra,Kecamatan Jombang,0.0,Tidak,Ya,Ya,Tidak,Ya,Ya,350000,https://mamikos.com/room/kost-kabupaten-jombang-kost-putra-murah-kost-pak-alimi-tipe-a-jombang
Kabupaten Jombang,Kost Anggrek,Putra,Jombang,0.0,Tidak,Tidak,Ya,Ya,Tidak,Tidak,350000,https://mamikos.com/room/kost-jombang-kost-putra-murah-kost-anggrek-jombang
Kabupaten Jombang,Kost Pak Alimi,Putra,Kecamatan Jombang,0.0,Tidak,Tidak,Ya,Tidak,Ya,Tidak,400000,https://mamikos.com/room/kost-kabupaten-jombang-kost-putra-murah-kost-pak-alimi-jombang-jombang
Kabupaten Jombang,Kost Royal,Campur,Jombang,0.0,Ya,Ya,Ya,Ya,Ya,Ya,1000000,https://mamikos.com/room/kost-jombang-kost-campur-eksklusif-kost-royal-jombang
Kabupaten Jombang,Kost Asmawati Tipe A,Putri,Kecamatan Jombang,0.0,Tidak,Ya,Ya,Ya,Ya,Ya,800000,https://mamikos.com/room/kost-kabupaten-jombang-kost-putri-murah-kost-asmawati-tipe-a-jombang
Kabupaten Jombang,Kost Srikandi,Campur,Kecamatan Jombang,0.0,Tidak,Ya,Ya,Ya,Ya,Ya,500000,https://mamikos.com/room/kost-kabupaten-jombang-kost-campur-murah-kost-srikandi-jombang
Kabupaten Jombang,Kost Rizqy,Putra,Tembelang,0.0,Tidak,Tidak,Ya,Tidak,Tidak,Tidak,300000,https://mamikos.com/room/kost-kabupaten-jombang-kost-putra-murah-kost-rizqy-tembelang-jombang
Kabupaten Jombang,Kost Vanezta,Campur,Jombang,0.0,Ya,Ya,Ya,Ya,Ya,Ya,1100000,https://mamikos.com/room/kost-jombang-kost-campur-eksklusif-kost-vanezta-jombang
Kabupaten Jombang,Kost Wijaya Kusuma Tipe E,Campur,Tembelang,0.0,Tidak,Ya,Ya,Tidak,Ya,Ya,450000,https://mamikos.com/room/kost-kabupaten-jombang-kost-campur-murah-kost-wijaya-kusuma-tipe-e-tembelang-jombang-2
Kabupaten Jombang,Kost Novita Tipe A1,Putra,Jombang,0.0,Ya,Ya,Ya,Tidak,Tidak,Ya,700000,https://mamikos.com/room/kost-kabupaten-jombang-kost-putra-murah-kost-novita-tipe-a1-jombang
Kabupaten Jombang,Kost Ra De,Campur,Kecamatan Jombang,0.0,Tidak,Tidak,Ya,Tidak,Ya,Tidak,500000,https://mamikos.com/room/kost-kabupaten-jombang-kost-campur-murah-kost-ra-de-jombang
Kabupaten Jombang,Kost Isi 2 Kamar,Campur,Kecamatan Jogoroto,0.0,Tidak,Ya,Ya,Tidak,Ya,Tidak,425000,https://mamikos.com/room/kost-kabupaten-jombang-kost-campur-murah--16
Kabupaten Jombang,Kost Wijaya Kusuma Tipe A,Campur,Tembelang,0.0,Tidak,Ya,Ya,Tidak,Ya,Ya,550000,https://mamikos.com/room/kost-kabupaten-jombang-kost-campur-murah-kost-wijaya-kusuma-tipe-a-tembelang-jombang-2
Kabupaten Jombang,Kost DPRD Tipe A,Putri,Kecamatan Jombang,0.0,Tidak,Ya,Ya,Ya,Tidak,Tidak,700000,https://mamikos.com/room/kost-kabupaten-jombang-kost-putri-murah-kost-dprd-tipe-a-jombang
Kabupaten Jombang,Kost Al Hidayah Tipe B,Putra,Diwek,0.0,Tidak,Ya,Ya,Tidak,Ya,Ya,425000,https://mamikos.com/room/kost-kabupaten-jombang-kost-putra-murah-kost-al-hidayah-tipe-b-diwek-jombang-2
Kabupaten Jombang,Kost Cozy,Putri,Kecamatan Jombang,0.0,Tidak,Tidak,Ya,Tidak,Tidak,Ya,425000,https://mamikos.com/room/kost-kabupaten-jombang-kost-putri-murah-kost-cozy-jombang
Kabupaten Kediri,Kost Griya Mahardika Tipe A,Putri,Mojoroto,0.0,Tidak,Ya,Ya,Tidak,Ya,Ya,540000,https://mamikos.com/room/kost-kota-kediri-kost-putri-murah-kost-apik-griya-mahardika-tipe-a-mojoroto-kediri-2
Kabupaten Kediri,Kost Griya Mahardika Tipe B,Putri,Mojoroto,0.0,Tidak,Ya,Ya,Tidak,Ya,Ya,495000,https://mamikos.com/room/kost-kota-kediri-kost-putri-murah-kost-apik-griya-mahardika-tipe-b-mojoroto-kediri-2
Kabupaten Kediri,Kost Hello Tipe A,Putri,Mojoroto,0.0,Ya,Tidak,Ya,Ya,Ya,Ya,925000,https://mamikos.com/room/kost-kota-kediri-kost-putri-eksklusif-kost-singgahsini-hello-tipe-a-mojoroto-kediri-2
Kabupaten Kediri,Kost Hello Tipe B,Putri,Mojoroto,0.0,Tidak,Tidak,Ya,Ya,Ya,Ya,610000,https://mamikos.com/room/kost-kota-kediri-kost-putri-murah-kost-singgahsini-hello-tipe-b-mojoroto-kediri-2
Kabupaten Kediri,Kost Anisa 1 Lirboyo Tipe B,Putri,Mojoroto,0.0,Tidak,Tidak,Ya,Tidak,Ya,Ya,550000,https://mamikos.com/room/kost-kota-kediri-kost-putri-eksklusif-kost-anisa-1-lirboyo-tipe-b-mojoroto-kediri
Kabupaten Kediri,Kost Griya Annisa,Putri,Kecamatan Kota Kediri,5.0,Tidak,Tidak,Ya,Tidak,Ya,Tidak,550000,https://mamikos.com/room/kost-kota-kediri-kost-putri-murah-kost-griya-annisa-kediri
Kabupaten Kediri,Kost Griya Cleo Zahra Alesha Tipe Kamar Mandi Dalam,Putri,Kediri,0.0,Tidak,Tidak,Ya,Ya,Ya,Ya,500000,https://mamikos.com/room/kost-kediri-kost-putri-murah-kost-griya-cleo-zahra-alesha-tipe-kamar-mandi-dalam-kediri-2
Kabupaten Kediri,Kost Bu Rohman Wilis Mukti,Putra,Mojoroto,0.0,Tidak,Ya,Ya,Tidak,Ya,Ya,750000,https://mamikos.com/room/kost-kota-kediri-kost-campur-murah--44
Kabupaten Kediri,Kost Kemuning Manisrenggo,Putri,Kota Kediri,0.0,Tidak,Ya,Ya,Tidak,Tidak,Ya,300000,https://mamikos.com/room/kost-kediri-kost-putri-murah-kost-kemuning-manisrenggo-kediri-1
Kabupaten Kediri,Kost Matahari,Putra,Ngasem,0.0,Tidak,Ya,Ya,Tidak,Ya,Ya,600000,https://mamikos.com/room/kost-kabupaten-kediri-kost-putra-murah-kost-matahari-ngasem-kediri
Kabupaten Kediri,Kost Griya Permata Tipe C,Putri,Pesantren,0.0,Tidak,Ya,Ya,Ya,Tidak,Ya,500000,https://mamikos.com/room/kost-kota-kediri-kost-putri-murah-kost-griya-permata-tipe-c-pesantren-kediri-2
Kabupaten Kediri,Kost Grha Adalric Tipe A Kota,Putri,Kota Kediri,0.0,Tidak,Ya,Ya,Ya,Ya,Ya,600000,https://mamikos.com/room/kost-kota-kediri-kost-campur-murah--110
Kabupaten Kediri,Kost Uti Tipe Vip,Putri,Kecamatan Ngasem,0.0,Ya,Ya,Ya,Ya,Ya,Ya,1100000,https://mamikos.com/room/kost-kabupaten-kediri-kost-putri-eksklusif-kost-uti-ngasem-tipe-vip-ngasem-kediri
Kabupaten Kediri,Kost Bu Rohman,Putra,Kecamatan Mojoroto,0.0,Tidak,Ya,Ya,Tidak,Ya,Ya,650000,https://mamikos.com/room/kost-kota-kediri-kost-putra-murah-kost-bu-rohman-mojoroto-kediri-2
Kabupaten Kediri,Kost D Mafazaa Tipe Ac,Campur,Kediri,0.0,Ya,Tidak,Ya,Ya,Ya,Ya,1100000,https://mamikos.com/room/kost-kediri-kost-campur-eksklusif-kost-d-mafazaa-tipe-ac-kediri
Kabupaten Kediri,Kost Rumah F7,Putra,Mojoroto,0.0,Ya,Tidak,Ya,Tidak,Ya,Ya,1200000,https://mamikos.com/room/kost-kota-kediri-kost-putra-eksklusif-kost-rumah-f7-mojoroto-kediri-1
Kabupaten Kediri,Kost Griya Cleo Zahra Alesha Executive,Putri,Kediri,0.0,Tidak,Tidak,Ya,Ya,Ya,Ya,300000,https://mamikos.com/room/kost-kediri-kost-putri-murah-kost-griya-cleo-zahra-alesha-executive-kediri-2
Kabupaten Kediri,Kost Asrama Adelaide Kota,Putri,Kota Kediri,0.0,Tidak,Tidak,Ya,Tidak,Ya,Ya,450000,https://mamikos.com/room/kost-kota-kediri-kost-campur-murah--50
Kabupaten Kediri,Kost Ceria,Putri,Mojoroto,0.0,Tidak,Ya,Ya,Tidak,Ya,Ya,550000,https://mamikos.com/room/kost-kediri-kost-putri-murah-kost-ceria-mojoroto-kediri-2
Kabupaten Kediri,Kost Bu Sulbiyah Tipe A Kota,Campur,Kota Kediri,0.0,Tidak,Ya,Ya,Ya,Ya,Ya,450000,https://mamikos.com/room/kost-kota-kediri-kost-campur-murah--51
Kabupaten Kediri,Kost Griya Permata Tipe AC,Putri,Kecamatan Pesantren,0.0,Ya,Ya,Ya,Ya,Tidak,Ya,700000,https://mamikos.com/room/kost-kota-kediri-kost-putri-murah-kost-griya-permata-tipe-ac-pesantren-kediri-2
Kabupaten Kediri,Kost Cendana 2A,Putri,Kecamatan Ngasem,0.0,Tidak,Tidak,Ya,Tidak,Tidak,Tidak,500000,https://mamikos.com/room/kost-kabupaten-kediri-kost-putri-murah-kost-cendana-2a-ngasem-kediri-2
Kabupaten Kediri,Kost Ananda Tipe Standar,Putra,Kediri,0.0,Tidak,Ya,Ya,Tidak,Ya,Ya,600000,https://mamikos.com/room/kost-kediri-kost-putra-murah-kost-ananda-tipe-standar-kediri
Kabupaten Kediri,Kost Sukorame,Putri,Mojoroto,0.0,Tidak,Ya,Ya,Tidak,Ya,Ya,500000,https://mamikos.com/room/kost-kota-kediri-kost-putri-murah-kost-sukorame-mojoroto-kediri
Kabupaten Kediri,Kost Bu Nur Kota,Putri,Kediri,0.0,Tidak,Tidak,Ya,Ya,Tidak,Ya,500000,https://mamikos.com/room/kost-kediri-kost-putri-murah-kost-bu-nur-kota-kediri
Kabupaten Kediri,Kost Pocanan,Putri,Kediri,0.0,Tidak,Ya,Ya,Ya,Tidak,Ya,400000,https://mamikos.com/room/kost-kediri-kost-putri-murah-kost-pocanan-kediri
Kabupaten Kediri,Kost Griya Permata Tipe B,Putri,Pesantren,0.0,Tidak,Ya,Ya,Ya,Tidak,Ya,550000,https://mamikos.com/room/kost-kota-kediri-kost-putri-murah-kost-griya-permata-tipe-b-pesantren-kediri
Kabupaten Kediri,Kost Lumen Living Tipe Exclusive 1,Campur,Mojoroto,0.0,Ya,Ya,Ya,Ya,Ya,Ya,1800000,https://mamikos.com/room/kost-kota-kediri-kost-campur-eksklusif-kost-lumen-living-tipe-exclusive-1-mojoroto-kediri-2
Kabupaten Kediri,Kost Lavio Boarding House Tipe Non Ac,Campur,Kecamatan Pesantren,0.0,Tidak,Ya,Ya,Ya,Ya,Ya,900000,https://mamikos.com/room/kost-kota-kediri-kost-campur-eksklusif-kost-lavio-boarding-house-tipe-non-ac-pesantren-kediri
Kabupaten Kediri,Kost Syariah Tipe A,Putra,Mojoroto,5.0,Tidak,Ya,Ya,Tidak,Ya,Ya,375000,https://mamikos.com/room/kost-kota-kediri-kost-putra-murah-kost-syariah-tipe-a-mojoroto-kediri
Kabupaten Kediri,Kost Anisa 1 Lirboyo Tipe A,Putri,Mojoroto,0.0,Tidak,Tidak,Ya,Tidak,Ya,Ya,650000,https://mamikos.com/room/kost-kediri-kost-putri-eksklusif-kost-anisa-1-lirboyo-tipe-a-mojoroto-kediri-2
Kabupaten Kediri,Kost Graha Sakinah Syariah 5 Tipe C,Campur,Kecamatan Mojoroto,0.0,Ya,Ya,Ya,Ya,Ya,Ya,1300000,https://mamikos.com/room/kost-kediri-kost-campur-eksklusif-kost-graha-sakinah-syariah-5-tipe-c-mojoroto-kediri-2
Kabupaten Kediri,Kost Lavio Boarding House Tipe VIP,Campur,Kecamatan Pesantren,0.0,Ya,Ya,Ya,Ya,Ya,Ya,1100000,https://mamikos.com/room/kost-kota-kediri-kost-campur-eksklusif-kost-lavio-boarding-house-tipe-vip-pesantren-kediri
Kabupaten Kediri,Kost Lavio Boarding House VVIP,Campur,Kecamatan Pesantren,0.0,Ya,Ya,Ya,Ya,Ya,Ya,1200000,https://mamikos.com/room/kost-kota-kediri-kost-campur-eksklusif-kost-lavio-boarding-house-vvip-pesantren-kediri-2
Kabupaten Kediri,Kost Lumen Living Exclusive,Campur,Mojoroto,0.0,Ya,Ya,Ya,Ya,Ya,Ya,1400000,https://mamikos.com/room/kost-kota-kediri-kost-campur-eksklusif-kost-lumen-living-exclusive-mojoroto-kediri-2
Kabupaten Kediri,Kost Risdianto Adi Pratomo,Putra,Mojoroto,0.0,Tidak,Ya,Ya,Tidak,Tidak,Ya,380000,https://mamikos.com/room/kost-kota-kediri-kost-putra-murah-kost-risdianto-adi-pratomo-mojoroto-kediri-2
Kabupaten Kediri,Kost Sakura Tipe A,Campur,Mojoroto,0.0,Ya,Tidak,Ya,Ya,Ya,Ya,850000,https://mamikos.com/room/kost-kediri-kost-campur-eksklusif-kost-sakura-tipe-a-mojoroto-kediri
Kabupaten Kediri,Kost Rumah S Dan S Tipe 1 Non Ac,Campur,Pesantren,4.8,Tidak,Ya,Ya,Tidak,Ya,Ya,600000,https://mamikos.com/room/kost-kota-kediri-kost-campur-eksklusif-kost-rumah-s-dan-s-tipe-1-non-ac-pesantren-kediri-2
Kabupaten Kediri,Kost Rumah Estu Tipe 4 Ac,Campur,Pesantren,0.0,Ya,Ya,Ya,Tidak,Ya,Ya,1200000,https://mamikos.com/room/kost-kota-kediri-kost-campur-eksklusif-kost-rumah-estu-tipe-4-ac-pesantren-kediri
Kabupaten Kediri,Kost Rumah S Dan S Tipe 2 Ac,Campur,Pesantren,0.0,Ya,Ya,Ya,Tidak,Ya,Ya,800000,https://mamikos.com/room/kost-kota-kediri-kost-campur-eksklusif-kost-rumah-s-dan-s-tipe-2-ac-pesantren-kediri
Kabupaten Kediri,Kost Muthia Tipe D,Putri,Kediri,0.0,Ya,Tidak,Ya,Ya,Ya,Ya,850000,https://mamikos.com/room/kost-kediri-kost-putri-murah-kost-muthia-tipe-d-kediri
Kabupaten Kediri,Kost Kolak Rejo Tipe B,Putra,Ngadiluwih,0.0,Tidak,Ya,Ya,Tidak,Ya,Ya,550000,https://mamikos.com/room/kost-kabupaten-kediri-kost-putra-murah-kost-kolak-rejo-tipe-b-ngadiluwih-kediri
Kabupaten Kediri,Kost Harumi Tipe A,Putri,Mojoroto,0.0,Tidak,Ya,Ya,Tidak,Tidak,Ya,350000,https://mamikos.com/room/kost-kota-kediri-kost-putri-murah-kost-harumi-tipe-a-mojoroto-kediri-2
Kabupaten Kediri,Kost Graha Sakinah Syariah 5 Tipe A,Campur,Kecamatan Mojoroto,0.0,Ya,Ya,Ya,Ya,Ya,Ya,1450000,https://mamikos.com/room/kost-kediri-kost-campur-eksklusif-kost-graha-sakinah-syariah-5-tipe-a-mojoroto-kediri-2
Kabupaten Kediri,Kost Muthia Tipe A,Putri,Kediri,0.0,Ya,Tidak,Ya,Ya,Ya,Ya,1350000,https://mamikos.com/room/kost-kediri-kost-putri-eksklusif-kost-muthia-tipe-a-kediri
Kabupaten Kediri,Kost Lumen Living Tipe Exclusive,Campur,Mojoroto,0.0,Ya,Ya,Ya,Ya,Ya,Ya,1400000,https://mamikos.com/room/kost-kota-kediri-kost-campur-eksklusif-kost-lumen-living-tipe-exclusive-mojoroto-kediri-2
Kabupaten Kediri,Kost Omah Raya 1 Tipe B Kota,Putri,Kota Kediri,0.0,Tidak,Tidak,Ya,Ya,Tidak,Ya,450000,https://mamikos.com/room/kost-kota-kediri-kost-campur-murah--127
Kabupaten Kediri,Kost Q Tipe Executive,Putri,Mojoroto,0.0,Ya,Ya,Ya,Ya,Ya,Ya,1050000,https://mamikos.com/room/kost-kota-kediri-kost-putri-eksklusif-kost-q-tipe-executive-mojoroto-kediri-2
Kabupaten Kediri,Kost Muthia Tipe C,Putri,Kediri,5.0,Ya,Tidak,Ya,Ya,Ya,Ya,1000000,https://mamikos.com/room/kost-kediri-kost-putri-murah-kost-muthia-tipe-c-kediri
Kabupaten Kediri,Kost Lumen Living Tipe Executive,Campur,Mojoroto,0.0,Ya,Ya,Ya,Ya,Ya,Ya,1600000,https://mamikos.com/room/kost-kota-kediri-kost-campur-murah--85
Kabupaten Kediri,Kost Rumah Estu Tipe 3 Non Ac,Campur,Pesantren,4.6,Tidak,Ya,Ya,Tidak,Ya,Ya,1000000,https://mamikos.com/room/kost-kota-kediri-kost-campur-eksklusif-kost-rumah-estu-tipe-3-non-ac-pesantren-kediri
Kabupaten Kediri,Kost Muthia Tipe B,Putri,Kediri,0.0,Ya,Tidak,Ya,Ya,Ya,Ya,1200000,https://mamikos.com/room/kost-kediri-kost-putri-eksklusif-kost-muthia-tipe-b-kediri-2
Kabupaten Kediri,Kost Syariah Tipe B,Putra,Mojoroto,0.0,Tidak,Ya,Ya,Tidak,Ya,Ya,425000,https://mamikos.com/room/kost-kota-kediri-kost-putra-murah-kost-syariah-tipe-b-mojoroto-kediri
Kabupaten Kediri,Kost Aryatama,Putra,Ngasem,0.0,Tidak,Ya,Ya,Ya,Ya,Ya,450000,https://mamikos.com/room/kost-kediri-kost-putra-murah-kost-aryatama-ngasem-kediri-2
Kabupaten Kediri,Kost Penanggungan Indah Tipe B,Putri,Mojoroto,0.0,Tidak,Ya,Ya,Ya,Tidak,Ya,350000,https://mamikos.com/room/kost-kota-kediri-kost-putri-murah-kost-penanggungan-indah-tipe-b-mojoroto-kediri
Kabupaten Kediri,Kost Kolak Rejo Tipe C,Putra,Ngadiluwih,0.0,Tidak,Ya,Ya,Tidak,Ya,Ya,475000,https://mamikos.com/room/kost-kabupaten-kediri-kost-putra-murah-kost-kolak-rejo-tipe-c-ngadiluwih-kediri
Kabupaten Kediri,Kost Mira Tipe C,Putra,Kecamatan Mojoroto,0.0,Tidak,Ya,Ya,Ya,Tidak,Ya,350000,https://mamikos.com/room/kost-kota-kediri-kost-putra-murah-kost-mira-tipe-c-mojoroto-kediri
Kabupaten Kediri,Kost Hijau Kota,Putri,Kota Kediri,0.0,Tidak,Ya,Ya,Tidak,Ya,Ya,500000,https://mamikos.com/room/kost-kota-kediri-kost-campur-murah--123
Kabupaten Kediri,Kost Ck O 19,Putri,Kecamatan Mojoroto,0.0,Ya,Tidak,Ya,Ya,Ya,Ya,1200000,https://mamikos.com/room/kost-kota-kediri-kost-putri-eksklusif-kost-ck-o-19-mojoroto-kediri
Kabupaten Kediri,Kost Eksklusif Full AC Bu Ririn,Campur,Mojoroto,0.0,Ya,Ya,Ya,Ya,Ya,Ya,650000,https://mamikos.com/room/kost-kota-kediri-kost-campur-eksklusif-kost-eksklusif-full-ac-bu-ririn-mojoroto-kediri-1
Kabupaten Kediri,Kost Al Azhar 2,Putra,Kota Kediri,0.0,Ya,Ya,Ya,Ya,Ya,Ya,1100000,https://mamikos.com/room/kost-kota-kediri-kost-putra-eksklusif-kost-al-azhar-2-kediri-kediri
Kabupaten Kediri,Kost Bu Umi Tipe A,Putri,Kecamatan Mojoroto,5.0,Tidak,Ya,Ya,Tidak,Tidak,Ya,350000,https://mamikos.com/room/kost-kabupaten-kediri-kost-putri-murah-kost-bu-umi-tipe-a-mojoroto-kediri
Kabupaten Kediri,Kost Hanania Regular Kota,Putri,Kecamatan Kota,0.0,Tidak,Tidak,Ya,Tidak,Tidak,Ya,350000,https://mamikos.com/room/kost-kota-kediri-kost-putri-murah-kost-hanania-regular-kota-kediri-2
Kabupaten Kediri,Kost Amaryzta Tipe A,Putri,Mojoroto,0.0,Tidak,Ya,Ya,Ya,Tidak,Ya,450000,https://mamikos.com/room/kost-kota-kediri-kost-putri-murah-kost-amaryzta-tipe-a-mojoroto-kediri
Kabupaten Kediri,Kost Griya Rosalia,Putra,Mojoroto,0.0,Ya,Tidak,Ya,Tidak,Ya,Ya,1300000,https://mamikos.com/room/kost-kota-kediri-kost-putra-eksklusif-kost-griya-rosalia-mojoroto-kediri
Kabupaten Kediri,Kost Mama Ika Tipe Standar,Putri,Mojoroto,0.0,Ya,Tidak,Ya,Ya,Tidak,Ya,750000,https://mamikos.com/room/kost-kediri-kost-putri-murah-kost-mama-ika-tipe-standar-mojoroto-kediri
Kabupaten Kediri,Kost Penanggungan Indah Tipe A,Putri,Mojoroto,0.0,Tidak,Ya,Ya,Ya,Tidak,Ya,450000,https://mamikos.com/room/kost-kota-kediri-kost-putri-murah-kost-penanggungan-indah-tipe-a-mojoroto-kediri-2
Kabupaten Kediri,Kost Hijau Barakallah Kota,Putri,Kota Kediri,0.0,Tidak,Ya,Ya,Tidak,Ya,Ya,400000,https://mamikos.com/room/kost-kota-kediri-kost-campur-murah--92
Kabupaten Kediri,Kost Mira Tipe A,Putra,Kecamatan Mojoroto,0.0,Tidak,Ya,Ya,Tidak,Tidak,Ya,360000,https://mamikos.com/room/kost-kota-kediri-kost-putra-murah-kost-mira-tipe-a-mojoroto-kediri
Kabupaten Kediri,Kost Griya Intan Ab 5 Tipe B,Putra,Mojoroto,0.0,Ya,Ya,Ya,Ya,Ya,Ya,1100000,https://mamikos.com/room/kost-kota-kediri-kost-putra-eksklusif-kost-griya-intan-ab-5-tipe-b-mojoroto-kediri
Kabupaten Kediri,Kost Barokah Tipe B,Putra,Mojoroto,0.0,Tidak,Ya,Ya,Tidak,Tidak,Ya,450000,https://mamikos.com/room/kost-kediri-kost-putra-murah-kost-barokah-tipe-b-mojoroto-kediri
Kabupaten Kediri,Kost Al Azhar 3 Kota,Putra,Mojoroto,0.0,Tidak,Ya,Ya,Ya,Ya,Ya,500000,https://mamikos.com/room/kost-kota-kediri-kost-campur-murah--70
Kabupaten Kediri,Kost Natalia Tipe A,Campur,Kediri,0.0,Tidak,Ya,Ya,Ya,Tidak,Ya,450000,https://mamikos.com/room/kost-kediri-kost-campur-murah-kost-natalia-tipe-a-kediri
Kabupaten Kediri,Kost Rumah Lancar Jaya Free Wifi,Putra,Kecamatan Mojoroto,0.0,Tidak,Ya,Ya,Ya,Tidak,Ya,375000,https://mamikos.com/room/kost-kediri-kost-putra-murah-kost-rumah-lancar-jaya-free-wifi-mojoroto-kediri
Kabupaten Kediri,Kost Kimmy,Putri,Kota Kediri,0.0,Tidak,Ya,Ya,Ya,Tidak,Ya,400000,https://mamikos.com/room/kost-kota-kediri-kost-campur-murah--43
Kabupaten Kediri,Kost Diva Tipe A,Campur,Pesantren,0.0,Ya,Ya,Ya,Ya,Ya,Ya,1300000,https://mamikos.com/room/kost-kota-kediri-kost-campur-eksklusif-kost-diva-tipe-a-pesantren-kediri
Kabupaten Kediri,Kost Eksklusif Karyawati,Putri,Kecamatan Pesantren,0.0,Ya,Ya,Ya,Ya,Ya,Ya,500000,https://mamikos.com/room/kost-kediri-kost-putri-murah-kost-eksklusif-karyawati-kediri
Kabupaten Kediri,Kost Bu Winarsih Tipe Standar,Putra,Mojoroto,0.0,Tidak,Tidak,Ya,Tidak,Tidak,Ya,400000,https://mamikos.com/room/kost-kediri-kost-putra-murah-kost-bu-winarsih-tipe-standar-mojoroto-kediri
Kabupaten Kediri,Kost Al Azhar 1,Campur,Kota Kediri,0.0,Ya,Ya,Ya,Ya,Ya,Ya,1100000,https://mamikos.com/room/kost-kota-kediri-kost-campur-eksklusif-kost-al-azhar-1-kediri
Kabupaten Kediri,Kost Mama Ika Tipe Mezanine,Putri,Mojoroto,0.0,Ya,Tidak,Ya,Ya,Tidak,Ya,700000,https://mamikos.com/room/kost-kediri-kost-putri-murah-kost-mama-ika-tipe-mezanine-mojoroto-kediri
Kabupaten Kediri,Kost Hanania Tipe A Kota,Putri,Kota Kediri,0.0,Tidak,Tidak,Ya,Tidak,Ya,Ya,600000,https://mamikos.com/room/kost-kota-kediri-kost-campur-murah--39
Kabupaten Kediri,Kost Exclusive Laja Tipe Standart,Putri,Kediri,0.0,Tidak,Tidak,Ya,Ya,Ya,Ya,650000,https://mamikos.com/room/kost-kediri-kost-putri-murah-kost-exclusive-laja-tipe-standart-kediri
Kabupaten Kediri,Kost Berkah Ceria Tipe A,Campur,Kecamatan Pesantren,0.0,Ya,Tidak,Ya,Ya,Ya,Ya,1100000,https://mamikos.com/room/kost-kota-kediri-kost-campur-eksklusif-kost-berkah-ceria-tipe-a-pesantren-kediri
Kabupaten Kediri,Kost Mira Tipe B,Putra,Kecamatan Mojoroto,5.0,Tidak,Ya,Ya,Tidak,Tidak,Ya,360000,https://mamikos.com/room/kost-kota-kediri-kost-putra-murah-kost-mira-tipe-b-mojoroto-kediri
Kabupaten Kediri,Kost Davio Tipe Mezaninne Tingkat,Campur,Pesantren,0.0,Ya,Ya,Ya,Ya,Ya,Ya,650000,https://mamikos.com/room/kost-kediri-kost-campur-murah-kost-davio-tipe-mezaninne-tingkat-pesantren-kediri
Kabupaten Kediri,Kost Berkah Ceria Tipe A1,Campur,Pesantren,0.0,Ya,Ya,Ya,Ya,Ya,Ya,1650000,https://mamikos.com/room/kost-kediri-kost-campur-eksklusif-kost-berkah-ceria-tipe-a1-pesantren-kediri-2
Kabupaten Kediri,Kost Valeri,Putri,Kediri,0.0,Tidak,Ya,Ya,Tidak,Ya,Tidak,600000,https://mamikos.com/room/kost-kediri-kost-putri-murah-kost-valeri-kediri
Kabupaten Kediri,Kost Kolak Rejo Tipe A,Putra,Ngadiluwih,0.0,Ya,Ya,Ya,Tidak,Ya,Ya,900000,https://mamikos.com/room/kost-kabupaten-kediri-kost-putra-murah-kost-kolak-rejo-tipe-a-ngadiluwih-kediri
Kabupaten Kediri,Kost Griya Intan Ab 5 Tipe A,Putri,Mojoroto,0.0,Ya,Ya,Ya,Ya,Ya,Ya,1400000,https://mamikos.com/room/kost-kediri-kost-putri-eksklusif-kost-griya-intan-ab-5-tipe-a-mojoroto-kediri
Kabupaten Kediri,Kost Grand Tipe Premium,Putra,Mojoroto,0.0,Tidak,Ya,Ya,Ya,Tidak,Ya,500000,https://mamikos.com/room/kost-kediri-kost-putra-murah-kost-grand-tipe-premium-mojoroto-kediri
Kabupaten Kediri,Kost Pak Amari,Campur,Ngasem,0.0,Tidak,Ya,Ya,Tidak,Tidak,Ya,350000,https://mamikos.com/room/kost-kabupaten-kediri-kost-campur-murah-kost-pak-amari-ngasem-kediri-3
Kabupaten Kediri,Kost Mama Ika Tipe Premium,Putri,Mojoroto,0.0,Ya,Ya,Ya,Ya,Ya,Ya,1100000,https://mamikos.com/room/kost-kota-kediri-kost-putri-eksklusif-kost-mama-ika-tipe-premium-mojoroto-kediri
Kabupaten Kediri,Kost Wisma Dermaga 4 Tipe Eksklusif,Campur,Pesantren,0.0,Ya,Tidak,Ya,Ya,Ya,Ya,1700000,https://mamikos.com/room/kost-kota-kediri-kost-campur-eksklusif-kost-wisma-dermaga-4-tipe-eksklusif-pesantren-kediri
Kabupaten Kediri,Kost CK O 21 Tipe Single Kamar Mandi Dalam,Putri,Mojoroto,0.0,Ya,Tidak,Ya,Ya,Tidak,Ya,1000000,https://mamikos.com/room/kost-kota-kediri-kost-putri-eksklusif-kost-ck-o-21-tipe-single-kamar-mandi-dalam-mojoroto-kediri
Kabupaten Kediri,Kost Barokah Tipe C,Putri,Kecamatan Mojoroto,0.0,Tidak,Ya,Ya,Ya,Ya,Ya,500000,https://mamikos.com/room/kost-kost-putri-murah-kost-barokah-tipe-hemat-kamar-mandi-dalam-mojoroto-kediri-2
Kabupaten Kediri,Kost Wisma Dermaga 3 VVIP,Campur,Pesantren,0.0,Ya,Ya,Ya,Ya,Ya,Ya,1500000,https://mamikos.com/room/kost-kota-kediri-kost-campur-murah--66
Kabupaten Kediri,Kost Sukorame 2 Tipe KM Dalam,Putra,Kecamatan Mojoroto,0.0,Tidak,Ya,Ya,Tidak,Ya,Ya,480000,https://mamikos.com/room/kost-kota-kediri-kost-putra-murah-kost-sukorame-2-tipe-km-dalam-mojoroto-kediri-1
Kabupaten Kediri,Kost Agfa,Putra,Kediri,0.0,Tidak,Tidak,Ya,Ya,Ya,Ya,760000,https://mamikos.com/room/kost-kediri-kost-putra-murah-kost-agfa-kediri-2
Kabupaten Kediri,Kost Hanania Tipe B Vip Kota,Putri,Kota Kediri,0.0,Ya,Tidak,Ya,Tidak,Ya,Ya,800000,https://mamikos.com/room/kost-kota-kediri-kost-campur-murah--40
Kabupaten Kediri,Kost CK O 21 Tipe Sharing,Putri,Mojoroto,0.0,Ya,Tidak,Ya,Ya,Tidak,Ya,1000000,https://mamikos.com/room/kost-kota-kediri-kost-putri-murah-kost-ck-o-21-tipe-sharing-mojoroto-kediri
Kabupaten Kediri,Kost Kolak Rejo Tipe D,Putra,Ngadiluwih,0.0,Tidak,Ya,Ya,Tidak,Tidak,Ya,350000,https://mamikos.com/room/kost-kabupaten-kediri-kost-putra-murah-kost-kolak-rejo-tipe-d-ngadiluwih-kediri-2
Kabupaten Kediri,Kost New Wisderkid 2 Vvip,Campur,Pesantren,0.0,Ya,Ya,Ya,Ya,Ya,Ya,1300000,https://mamikos.com/room/kost-kediri-kost-campur-eksklusif-kost-new-wisderkid-2-vvip-pesantren-kediri
Kabupaten Kediri,Kost Pak Cimik Tipe A,Putri,Mojoroto,0.0,Tidak,Ya,Ya,Ya,Ya,Ya,550000,https://mamikos.com/room/kost-kediri-kost-putri-murah-kost-pak-cimik-tipe-a-mojoroto-kediri-2
Kabupaten Kediri,Kost Sukorame 2 Tipe A,Putra,Kecamatan Mojoroto,0.0,Tidak,Ya,Tidak,Tidak,Tidak,Tidak,400000,https://mamikos.com/room/kost-kota-kediri-kost-putra-murah-kost-sukorame-2-tipe-a-mojoroto-kediri
Kabupaten Kediri,Kost Elegan,Campur,Kecamatan Pesantren,0.0,Tidak,Ya,Ya,Ya,Ya,Tidak,750000,https://mamikos.com/room/kost-kota-kediri-kost-campur-murah-kost-elegan-pesantren-kediri
Kabupaten Kediri,Kost IV Tipe Kamar Mandi Dalam,Putri,Mojoroto,0.0,Tidak,Ya,Ya,Tidak,Ya,Ya,400000,https://mamikos.com/room/kost-kediri-kost-putri-murah-kost-iv-tipe-kamar-mandi-dalam-mojoroto-kediri
Kabupaten Kediri,Kost Kenzie,Campur,Mojoroto,4.4,Tidak,Ya,Ya,Ya,Ya,Ya,650000,https://mamikos.com/room/kost-kediri-kost-campur-murah-kost-kenzie-mojoroto-kediri-1
Kabupaten Kediri,Kost Ayem Tentrem,Putri,Pesantren,0.0,Tidak,Ya,Tidak,Tidak,Ya,Ya,1000000,https://mamikos.com/room/kost-kota-kediri-kost-putri-eksklusif-kost-ayem-tentrem-pesantren-kediri-2
Kabupaten Kediri,Kost Asri Kaliombo Tipe Ac,Campur,Kediri,0.0,Ya,Tidak,Ya,Ya,Ya,Ya,900000,https://mamikos.com/room/kost-kediri-kost-campur-murah-kost-asri-kaliombo-tipe-ac-kediri
Kabupaten Kediri,Kost Kawi Sejahtera Tipe A1,Campur,Mojoroto,0.0,Ya,Tidak,Ya,Ya,Ya,Ya,1250000,https://mamikos.com/room/kost-kota-kediri-kost-campur-eksklusif-kost-kawi-sejahtera-tipe-a1-mojoroto-kediri
Kabupaten Kediri,Kost Aira Tosaren,Putri,Kecamatan Pesantren,0.0,Ya,Ya,Ya,Ya,Ya,Ya,1200000,https://mamikos.com/room/kost-kota-kediri-kost-putri-eksklusif-kost-aira-tosaren-pesantren-kediri
Kabupaten Kediri,Kost Kawi Sejahtera Tipe A,Campur,Mojoroto,0.0,Ya,Tidak,Ya,Ya,Tidak,Ya,1250000,https://mamikos.com/room/kost-kediri-kost-campur-eksklusif-kost-kawi-sejahtera-tipe-a-mojoroto-kediri
Kabupaten Kediri,Kost Griya Amanda Non AC,Putri,Mojoroto,0.0,Tidak,Tidak,Ya,Tidak,Ya,Ya,750000,https://mamikos.com/room/kost-kota-kediri-kost-putri-murah-kost-griya-amanda-non-ac-mojoroto-kediri
Kabupaten Kediri,Kost Bu Win Kota,Putra,Kecamatan Kota,4.9,Tidak,Ya,Ya,Tidak,Ya,Tidak,400000,https://mamikos.com/room/kost-kota-kediri-kost-putra-murah-kost-bu-win-kota-kediri
Kabupaten Kediri,Kost Tower Tipe Vvip,Campur,Pesantren,5.0,Ya,Ya,Ya,Tidak,Tidak,Tidak,1500000,https://mamikos.com/room/kost-kota-kediri-kost-campur-eksklusif-kost-tower-tipe-vvip-pesantren-kediri-2
Kabupaten Kediri,Kost Huen Tipe A,Putra,Mojoroto,4.9,Tidak,Ya,Ya,Tidak,Ya,Tidak,400000,https://mamikos.com/room/kost-kota-kediri-kost-putra-murah-kost-huen-tipe-a-mojoroto-kediri
Kabupaten Kediri,Kost M,Putri,Mojoroto,0.0,Tidak,Ya,Ya,Ya,Tidak,Ya,400000,https://mamikos.com/room/kost-kediri-kost-putri-murah-kost-m-mojoroto-kediri-2
Kabupaten Kediri,Kost Enrico Tipe A,Putra,Kota Kediri,0.0,Ya,Ya,Ya,Ya,Ya,Ya,1000000,https://mamikos.com/room/kost-kota-kediri-kost-putra-eksklusif-kost-enrico-tipe-a-kediri
Kabupaten Kediri,Kost Aksa Mrican,Putri,Mojoroto,0.0,Tidak,Tidak,Ya,Tidak,Ya,Ya,400000,https://mamikos.com/room/kost-kota-kediri-kost-putri-murah-kost-aksa-mrican-mojoroto-kediri
Kabupaten Kediri,Kost Ceria 1 Tipe A,Putri,Mojoroto,5.0,Tidak,Ya,Ya,Tidak,Tidak,Ya,600000,https://mamikos.com/room/kost-kota-kediri-kost-putri-murah-kost-ceria-1-tipe-a-mojoroto-kediri-2
Kabupaten Kediri,Kost Dyah,Putra,Kota Kediri,0.0,Tidak,Tidak,Ya,Tidak,Ya,Ya,500000,https://mamikos.com/room/kost-kota-kediri-kost-putra-murah-kost-dyah-kediri-2
Kabupaten Kediri,Kost Bee,Putri,Mojoroto,4.0,Ya,Ya,Ya,Ya,Tidak,Ya,1200000,https://mamikos.com/room/kost-kota-kediri-kost-putri-eksklusif-kost-bee-mojoroto-kediri
Kabupaten Kediri,Kost Biru Mezanine Style,Putri,Mojoroto,0.0,Tidak,Ya,Ya,Tidak,Ya,Ya,500000,https://mamikos.com/room/kost-kota-kediri-kost-putri-murah-kost-biru-mezanine-style-mojoroto-kediri
Kabupaten Kediri,Kost Dwi Vvip,Campur,Pesantren,0.0,Ya,Ya,Ya,Ya,Ya,Ya,1300000,https://mamikos.com/room/kost-kota-kediri-kost-campur-murah--136
Kabupaten Kediri,Kost Ibu Hj Anik,Putri,Mojoroto,0.0,Tidak,Ya,Ya,Tidak,Tidak,Ya,450000,https://mamikos.com/room/kost-kota-kediri-kost-putri-murah-kost-ibu-hj-anik-mojoroto-kediri
Kabupaten Kediri,Kost Bu Har IIK,Putri,Kecamatan Mojoroto,0.0,Tidak,Ya,Ya,Ya,Ya,Ya,550000,https://mamikos.com/room/kost-kabupaten-kediri-kost-putri-murah-kost-bu-har-iik-mojoroto-kediri
Kabupaten Kediri,Kost Watik Tipe A,Putri,Kota Kediri,0.0,Tidak,Tidak,Ya,Tidak,Tidak,Ya,400000,https://mamikos.com/room/kost-kota-kediri-kost-putri-murah-kost-watik-tipe-a-kediri
Kabupaten Kediri,Kost Al Husna 2 Tipe A,Putri,Kecamatan Mojoroto,0.0,Ya,Ya,Ya,Ya,Ya,Ya,1500000,https://mamikos.com/room/kost-kota-kediri-kost-putri-eksklusif-kost-al-husna-2-tipe-a-mojoroto-kediri
Kabupaten Kediri,Kost Barokah Ibu Atin Lantai 1,Putra,Mojoroto,0.0,Tidak,Ya,Ya,Tidak,Ya,Ya,550000,https://mamikos.com/room/kost-kota-kediri-kost-putra-murah-kost-barokah-ibu-atin-lantai-1-mojoroto-kediri-2
Kabupaten Kediri,Kost Al ahsan Executive,Campur,Kecamatan Pesantren,0.0,Ya,Ya,Ya,Ya,Ya,Ya,800000,https://mamikos.com/room/kost-kabupaten-kediri-kost-campur-eksklusif-kost-al-ahsan-executive-pesantren-kediri
Kabupaten Kediri,Kost Shoma Pro Tipe Standard,Putri,Mojoroto,0.0,Tidak,Tidak,Ya,Ya,Tidak,Ya,500000,https://mamikos.com/room/kost-kota-kediri-kost-putri-murah-shomapro-kost-tipe-standart-non-ac-mojoroto-kediri-2
Kabupaten Kediri,Kost Calista,Putri,Mojoroto,0.0,Tidak,Ya,Ya,Ya,Ya,Ya,580000,https://mamikos.com/room/kost-kota-kediri-kost-putri-eksklusif-kost-calista-mojoroto-kediri
Kabupaten Kediri,Kost Mutiara Rezeki Tipe A,Putri,Mojoroto,0.0,Tidak,Tidak,Ya,Tidak,Tidak,Ya,500000,https://mamikos.com/room/kost-kota-kediri-kost-putri-murah-kost-mutiara-rezeki-tipe-a-mojoroto-kediri
Kabupaten Kediri,Kost Karisma,Putri,Kecamatan Mojoroto,0.0,Tidak,Tidak,Ya,Tidak,Ya,Ya,500000,https://mamikos.com/room/kost-kota-kediri-kost-putri-murah-kost-karisma-mojoroto-kediri
Kabupaten Kediri,Kost Raitha Bandar Lor,Putri,Mojoroto,0.0,Tidak,Ya,Ya,Tidak,Tidak,Ya,550000,https://mamikos.com/room/kost-kota-kediri-kost-putri-murah-kost-raitha-bandar-lor-mojoroto-kediri
Kabupaten Kediri,Kost Choiri VIP,Putri,Kecamatan Pesantren,0.0,Ya,Tidak,Ya,Ya,Ya,Ya,1200000,https://mamikos.com/room/kost-kabupaten-kediri-kost-putri-eksklusif-kost-choiri-vip-pesantren-kediri-2
Kabupaten Kediri,Kost Isfanny,Putri,Mojoroto,0.0,Tidak,Tidak,Ya,Tidak,Ya,Ya,700000,https://mamikos.com/room/kost-kota-kediri-kost-putri-murah-kost-isfanny-mojoroto-kediri
Kabupaten Kediri,Kost Mrican Dekat UB,Putri,Kecamatan Mojoroto,0.0,Tidak,Ya,Tidak,Tidak,Ya,Tidak,550000,https://mamikos.com/room/kost-kabupaten-kediri-kost-putri-murah-kost-mrican-dekat-ub-mojoroto-kediri-2
Kabupaten Kediri,Kost Wisma Asri,Putri,Mojoroto,0.0,Tidak,Tidak,Ya,Tidak,Ya,Ya,550000,https://mamikos.com/room/kost-kota-kediri-kost-putri-murah-kost-wisma-asri-mojoroto-kediri
Kabupaten Kediri,Kost Woro Tipe A,Campur,Mojoroto,0.0,Tidak,Ya,Ya,Tidak,Ya,Ya,500000,https://mamikos.com/room/kost-kediri-kost-campur-murah-kost-woro-tipe-a-mojoroto-kediri
Kabupaten Kediri,Kost Aksa 24 Tipe B Kota,Campur,Kota Kediri,0.0,Tidak,Ya,Ya,Ya,Ya,Ya,550000,https://mamikos.com/room/kost-kota-kediri-kost-campur-murah--45
Kabupaten Kediri,Kost Amanah 2 Kota,Campur,Kecamatan Mojoroto,0.0,Tidak,Ya,Ya,Tidak,Tidak,Ya,400000,https://mamikos.com/room/kost-kota-kediri-kost-campur-murah-kost-amanah-2-mojoroto-kota-kediri
Kabupaten Kediri,Kost Shoma Pro Tipe AC,Putri,Mojoroto,0.0,Ya,Tidak,Ya,Ya,Ya,Ya,900000,https://mamikos.com/room/kost-kota-kediri-kost-putri-murah-kost-shoma-pro-tipe-ac-mojoroto-kediri
Kabupaten Kediri,Kost Griya Amanda AC,Putri,Mojoroto,0.0,Ya,Tidak,Ya,Tidak,Ya,Ya,1000000,https://mamikos.com/room/kost-kota-kediri-kost-putri-eksklusif-kost-griya-amanda-ac-mojoroto-kediri
Kabupaten Kediri,Kost Anisa 1,Putri,Mojoroto,0.0,Tidak,Tidak,Ya,Tidak,Tidak,Ya,375000,https://mamikos.com/room/kost-kota-kediri-kost-putri-murah-kost-anisa-1-mojoroto-kediri
Kabupaten Kediri,Kost Cendana 62,Putri,Kecamatan Pesantren,0.0,Ya,Tidak,Ya,Ya,Ya,Ya,1800000,https://mamikos.com/room/kost-kota-kediri-kost-putri-eksklusif-kost-cendana-62-pesantren-kediri
Kabupaten Kediri,Kost Paman Sam Tipe A Kota,Putra,Kota Kediri,4.9,Tidak,Ya,Ya,Ya,Ya,Ya,600000,https://mamikos.com/room/kost-kota-kediri-kost-campur-murah--63
Kabupaten Kediri,Kost Bu Ani Kota,Putra,Mojoroto,0.0,Tidak,Ya,Ya,Tidak,Tidak,Tidak,450000,https://mamikos.com/room/kost-kota-kediri-kost-campur-murah--52
Kabupaten Kediri,Kost Green Tipe A,Putri,Mojoroto,0.0,Tidak,Ya,Ya,Ya,Tidak,Ya,400000,https://mamikos.com/room/kost-kota-kediri-kost-putri-eksklusif-kost-green-tipe-a-mojoroto-kediri
Kabupaten Kediri,Kost Mastrip Tipe Standar,Putra,Mojoroto,0.0,Tidak,Ya,Ya,Tidak,Ya,Ya,500000,https://mamikos.com/room/kost-kota-kediri-kost-putra-murah-kost-mastrip-tipe-standar-mojoroto-kediri
Kabupaten Kediri,Kost Bu Meta Standard,Putri,Kecamatan Mojoroto,0.0,Tidak,Ya,Ya,Tidak,Tidak,Ya,575000,https://mamikos.com/room/kost-kabupaten-kediri-kost-putri-murah-kost-bu-meta-standard-mojoroto-kediri-2
Kabupaten Kediri,Kost Barokah Tipe Standard,Putra,Kecamatan Mojoroto,0.0,Tidak,Ya,Ya,Tidak,Ya,Ya,450000,https://mamikos.com/room/kost-kota-kediri-kost-putra-murah-kost-barokah-tipe-standard-mojoroto-kediri
Kabupaten Kediri,Kost Tira House Tipe A,Campur,Ngasem,0.0,Ya,Ya,Ya,Ya,Ya,Ya,1200000,https://mamikos.com/room/kost-kabupaten-kediri-kost-campur-murah-kost-tira-tipe-a-ngasem-kediri-2
Kabupaten Kediri,Kost Bu Romelah Tipe A,Campur,Mojoroto,0.0,Tidak,Ya,Ya,Tidak,Ya,Ya,480000,https://mamikos.com/room/kost-kediri-kost-campur-murah-kost-bu-romelah-tipe-a-mojoroto-kediri-2
Kabupaten Kediri,Kost Dhoho,Campur,Kota Kediri,4.3,Ya,Ya,Ya,Ya,Ya,Ya,1700000,https://mamikos.com/room/kost-kota-kediri-kost-campur-eksklusif-kost-dhoho-kediri-kediri-1
Kabupaten Kediri,Kost Ibu Heru,Putra,Mojoroto,5.0,Tidak,Ya,Ya,Tidak,Tidak,Tidak,400000,https://mamikos.com/room/kost-kota-kediri-kost-putra-murah-kost-ibu-heru-mojoroto-kediri-2
Kabupaten Kediri,Kost Mawar Tipe Executive,Putra,Mojoroto,0.0,Ya,Ya,Ya,Ya,Ya,Ya,850000,https://mamikos.com/room/kost-kediri-kost-putra-murah-kost-mawar-tipe-executive-mojoroto-kediri
Kabupaten Kediri,Kost Maya Tipe A,Putra,Mojoroto,0.0,Tidak,Ya,Ya,Tidak,Ya,Tidak,650000,https://mamikos.com/room/kost-kota-kediri-kost-putra-murah-kost-maya-tipe-a-mojoroto-kediri
Kabupaten Kediri,Kost Rindang Asri Tipe 2,Putri,Kecamatan Mojoroto,0.0,Tidak,Tidak,Ya,Ya,Tidak,Ya,400000,https://mamikos.com/room/kost-kota-kediri-kost-putri-murah-kost-rindang-asri-tipe-2-mojoroto-kediri
Kabupaten Kediri,Kost Airlangga,Putra,Mojoroto,0.0,Tidak,Ya,Ya,Tidak,Ya,Ya,500000,https://mamikos.com/room/kost-kota-kediri-kost-putra-murah-kost-airlangga-mojoroto-kediri-2
Kabupaten Kediri,Kost Enrico Semampir,Putra,Kota Kediri,0.0,Tidak,Ya,Ya,Ya,Ya,Ya,800000,https://mamikos.com/room/kost-kota-kediri-kost-putra-murah-kost-enrico-semampir-kediri
Kabupaten Kediri,Kost Wisma Aditya,Putri,Mojoroto,0.0,Tidak,Tidak,Ya,Tidak,Ya,Ya,650000,https://mamikos.com/room/kost-kota-kediri-kost-putri-murah-kost-wisma-aditya-mojoroto-kediri-2
Kabupaten Kediri,Kost Rasya Tipe A,Putri,Mojoroto,0.0,Tidak,Tidak,Ya,Tidak,Tidak,Ya,350000,https://mamikos.com/room/kost-kota-kediri-kost-putri-murah-kost-rasya-tipe-a-mojoroto-kediri-2
Kabupaten Kediri,Kost Bu Kanti Tipe A,Putra,Kecamatan Mojoroto,0.0,Tidak,Ya,Ya,Tidak,Tidak,Ya,400000,https://mamikos.com/room/kost-kota-kediri-kost-putra-murah-kost-bu-kanti-tipe-a-mojoroto-kediri
Kabupaten Kediri,Kost Pak Kusman Standart,Putra,Kecamatan Mojoroto,0.0,Tidak,Ya,Ya,Tidak,Ya,Ya,500000,https://mamikos.com/room/kost-kediri-kost-putra-murah-kost-pak-kusman-standart-mojoroto-kediri
Kabupaten Kediri,Kost Bandar,Campur,Mojoroto,0.0,Tidak,Tidak,Ya,Ya,Ya,Ya,520000,https://mamikos.com/room/kost-kota-kediri-kost-campur-eksklusif-kost-bandar-mojoroto-kediri
Kabupaten Kediri,Kost Amanda Sunan Ampel,Putri,Kediri,0.0,Tidak,Tidak,Ya,Tidak,Tidak,Ya,500000,https://mamikos.com/room/kost-kediri-kost-putri-murah-kost-amanda-sunan-ampel
Kabupaten Kediri,Kost B Yuli Biasa,Putra,Kecamatan Mojoroto,0.0,Tidak,Ya,Ya,Tidak,Ya,Ya,550000,https://mamikos.com/room/kost-kota-kediri-kost-putra-eksklusif-kost-b-yuli-biasa-mojoroto-kediri
Kabupaten Kediri,Kost Aqilla,Putri,Mojoroto,0.0,Tidak,Ya,Ya,Tidak,Ya,Ya,500000,https://mamikos.com/room/kost-kota-kediri-kost-putri-murah-kost-aqilla-mojoroto-kediri
Kabupaten Kediri,Kost Griya Asri Doko Tipe Executive,Putra,Kecamatan Ngasem,0.0,Ya,Ya,Ya,Ya,Ya,Ya,1100000,https://mamikos.com/room/kost-kediri-kost-putra-eksklusif-kost-griya-asri-doko-tipe-executive-ngasem-kediri-1
Kabupaten Kediri,Kost Griya Hidayah Tipe Kipas Angin,Putri,Pesantren,0.0,Ya,Ya,Ya,Ya,Ya,Ya,500000,https://mamikos.com/room/kost-kediri-kost-putri-murah-kost-griya-hidayah-tipe-kipas-angin-pesantren-kediri
Kabupaten Kediri,Kost Bu Mella,Putri,Kecamatan Mojoroto,0.0,Tidak,Ya,Ya,Tidak,Tidak,Ya,350000,https://mamikos.com/room/kost-kota-kediri-kost-putri-murah-kost-bu-mella-mojoroto-kediri-2
Kabupaten Kediri,Kost Az-Zahra,Putri,Mojoroto,0.0,Tidak,Tidak,Ya,Tidak,Tidak,Ya,500000,https://mamikos.com/room/kost-kediri-kost-putri-murah-kost-azzahra-mojoroto-kediri
Kabupaten Kediri,Kost Anugrah 1,Putri,Mojoroto,0.0,Tidak,Ya,Ya,Ya,Ya,Ya,650000,https://mamikos.com/room/kost-kediri-kost-putri-murah-kost-anugrah-1-mojoroto-kediri
Kabupaten Kediri,Kost Pratama Mrican,Putra,Kecamatan Mojoroto,0.0,Tidak,Tidak,Ya,Tidak,Ya,Ya,365000,https://mamikos.com/room/kost-kota-kediri-kost-putra-murah-kost-pratama-mrican-mojoroto-kediri-2
Kabupaten Kediri,Kost Bu Erna Tipe Standar,Campur,Kediri,0.0,Tidak,Tidak,Ya,Tidak,Ya,Ya,500000,https://mamikos.com/room/kost-kediri-kost-campur-murah-kost-bu-erna-tipe-standar-kediri
Kabupaten Kediri,Kost Afnan,Putri,Mojoroto,0.0,Tidak,Ya,Ya,Tidak,Ya,Ya,400000,https://mamikos.com/room/kost-kota-kediri-kost-putri-murah-kost-afnan-mojoroto-kediri
Kabupaten Kediri,Kost Aurra Syariah Tipe A,Putri,Mojoroto,0.0,Tidak,Ya,Ya,Ya,Tidak,Ya,400000,https://mamikos.com/room/kost-kota-kediri-kost-campur-murah--96
Kabupaten Kediri,Kost Ceria Kdr,Putri,Mojoroto,0.0,Tidak,Ya,Ya,Ya,Tidak,Ya,400000,https://mamikos.com/room/kost-kota-kediri-kost-putri-murah-kost-ceria-kdr-mojoroto-kediri
Kabupaten Kediri,Kost Mbah Mat Tipe A,Putra,Kecamatan Mojoroto,0.0,Tidak,Ya,Ya,Tidak,Tidak,Ya,550000,https://mamikos.com/room/kost-kota-kediri-kost-putra-murah-kost-mbah-mat-tipe-a-mojoroto-kediri
Kabupaten Kediri,Kost Ivana Tosaren,Putri,Pesantren,0.0,Ya,Ya,Ya,Ya,Ya,Ya,1200000,https://mamikos.com/room/kost-kota-kediri-kost-putri-eksklusif-kost-ivana-tosaren-pesantren-kediri
Kabupaten Kediri,Kost Gembira Tipe A,Putra,Kecamatan Mojoroto,0.0,Tidak,Ya,Ya,Tidak,Ya,Ya,600000,https://mamikos.com/room/kost-kota-kediri-kost-putra-eksklusif-kost-gembira-tipe-a-mojoroto-kediri
Kabupaten Kediri,Kost Ceria Barokah Tipe Standar,Putra,Mojoroto,0.0,Tidak,Tidak,Ya,Tidak,Tidak,Ya,400000,https://mamikos.com/room/kost-kediri-kost-putra-murah-kost-ceria-barokah-tipe-standar-mojoroto-kediri
Kabupaten Kediri,Kost Dandangan Kota,Campur,Kota Kediri,0.0,Tidak,Ya,Ya,Ya,Ya,Ya,500000,https://mamikos.com/room/kost-kota-kediri-kost-campur-murah--67
Kabupaten Kediri,Kost Istiqomah Bandar Kidul,Putri,Mojoroto,0.0,Tidak,Tidak,Ya,Tidak,Ya,Ya,600000,https://mamikos.com/room/kost-kediri-kost-putri-murah-kost-istiqomah-bandar-kidul-mojoroto-kediri
Kabupaten Kediri,Kost Nawasena Reguler Kota,Putri,Kota Kediri,0.0,Tidak,Ya,Ya,Ya,Tidak,Ya,550000,https://mamikos.com/room/kost-kota-kediri-kost-campur-murah--58
Kabupaten Kediri,Kost Manila Bangsal Tipe Standar,Campur,Pesantren,0.0,Tidak,Tidak,Ya,Ya,Ya,Ya,450000,https://mamikos.com/room/kost-kota-kediri-kost-campur-murah-kost-manila-bangsal-tipe-standar-pesantren-kediri-2
Kabupaten Kediri,Kost Fasa Kota,Campur,Kediri,0.0,Ya,Tidak,Ya,Ya,Ya,Ya,1200000,https://mamikos.com/room/kost-kediri-kost-campur-eksklusif-kost-fasa-kota-kediri-2
Kabupaten Kediri,Kost Al Zar Tipe A,Putri,Kecamatan Mojoroto,0.0,Tidak,Tidak,Ya,Tidak,Ya,Ya,650000,https://mamikos.com/room/kost-kota-kediri-kost-putri-murah-kost-al-zar-tipe-a-mojoroto-kediri-2
Kabupaten Kediri,Kost Bu Andrik Tipe A,Putra,Kecamatan Mojoroto,0.0,Tidak,Tidak,Ya,Tidak,Ya,Ya,550000,https://mamikos.com/room/kost-kabupaten-kediri-kost-putri-murah-kost-bu-andrik-tipe-a-mojoroto-kediri
Kabupaten Kediri,Kost Maya Lirboyo,Campur,Mojoroto,0.0,Tidak,Ya,Ya,Tidak,Ya,Ya,550000,https://mamikos.com/room/kost-kota-kediri-kost-campur-murah-kost-maya-lirboyo-mojoroto-kediri-2
Kabupaten Kediri,Kost Griya Rosalia Tipe A,Campur,Mojoroto,0.0,Ya,Ya,Ya,Ya,Ya,Ya,1400000,https://mamikos.com/room/kost-kota-kediri-kost-campur-eksklusif-kost-griya-rosalia-tipe-a-mojoroto-kediri
Kabupaten Kediri,Kost Assalavia 2,Putri,Mojoroto,0.0,Tidak,Tidak,Ya,Tidak,Ya,Ya,600000,https://mamikos.com/room/kost-kota-kediri-kost-putri-murah-kost-assalavia-2-mojoroto-kediri
Kabupaten Kediri,Kost Al Husna Tipe AC,Putri,Mojoroto,0.0,Ya,Ya,Ya,Ya,Ya,Ya,1300000,https://mamikos.com/room/kost-kota-kediri-kost-putri-eksklusif-kost-al-husna-tipe-ac-mojoroto-kediri
Kabupaten Kediri,Kost Mbak Minati,Putri,Mojoroto,0.0,Tidak,Ya,Ya,Tidak,Ya,Ya,375000,https://mamikos.com/room/kost-kota-kediri-kost-putri-murah-kost-mbak-minati-mojoroto-kediri
Kabupaten Kediri,Kost Nawasena Tipe Premium Kota,Putri,Kota Kediri,0.0,Tidak,Ya,Ya,Ya,Ya,Ya,650000,https://mamikos.com/room/kost-kota-kediri-kost-campur-murah--57
Kabupaten Kediri,Kost Dua Tipe Non AC,Campur,Kecamatan Pesantren,0.0,Tidak,Ya,Ya,Tidak,Ya,Ya,500000,https://mamikos.com/room/kost-kabupaten-kediri-kost-campur-murah-kost-dua-tipe-non-ac-pesantren-kediri
Kabupaten Kediri,Kost Syaqilla Tipe Executive,Putri,Kediri,0.0,Tidak,Tidak,Ya,Tidak,Tidak,Ya,500000,https://mamikos.com/room/kost-kediri-kost-putri-murah-kost-syaqilla-tipe-executive-kediri
Kabupaten Kediri,Kost Griya Salsabila Tipe A,Campur,Mojoroto,0.0,Tidak,Tidak,Ya,Tidak,Ya,Ya,1200000,https://mamikos.com/room/kost-kediri-kost-campur-eksklusif-kost-griya-salsabila-tipe-a-mojoroto-kediri
Kabupaten Kediri,Kost Assalavia 1,Putri,Mojoroto,0.0,Tidak,Tidak,Ya,Tidak,Ya,Ya,500000,https://mamikos.com/room/kost-kota-kediri-kost-putri-murah-kost-assalavia-1-mojoroto-kediri-2
Kabupaten Kediri,Kost Pak Arif,Putri,Kecamatan Mojoroto,0.0,Tidak,Ya,Ya,Ya,Ya,Ya,550000,https://mamikos.com/room/kost-kota-kediri-kost-putri-murah-kost-pak-arif-mojoroto-kediri-2
Kabupaten Kediri,Kost Bu Iin Tipe A,Putri,Mojoroto,0.0,Tidak,Tidak,Ya,Tidak,Ya,Ya,600000,https://mamikos.com/room/kost-kota-kediri-kost-campur-murah--89
Kabupaten Kediri,Kost Rio,Putri,Mojoroto,0.0,Tidak,Ya,Ya,Tidak,Ya,Ya,600000,https://mamikos.com/room/kost-kota-kediri-kost-putri-murah-kost-rio-mojoroto-kediri
Kabupaten Kediri,Kost Griya Laras Tipe Double A,Campur,Kecamatan Ngasem,0.0,Ya,Tidak,Ya,Ya,Ya,Ya,1500000,https://mamikos.com/room/kost-kabupaten-kediri-kost-campur-eksklusif-kost-griya-laras-tipe-double-a-ngasem-kediri-2
Kabupaten Kediri,Kost Adzk Tipe Standart,Putri,Kecamatan Mojoroto,0.0,Tidak,Ya,Ya,Ya,Tidak,Ya,600000,https://mamikos.com/room/kost-kota-kediri-kost-putri-murah-kost-adzk-tipe-standart-mojoroto-kediri-2
Kabupaten Kediri,Kost Ibu Suci,Putra,Mojoroto,0.0,Tidak,Ya,Ya,Tidak,Ya,Tidak,300000,https://mamikos.com/room/kost-kota-kediri-kost-putra-murah-kost-ibu-suci-mojoroto-kediri
Kabupaten Kediri,Kost Kanjeng Mami Non AC,Putri,Mojoroto,0.0,Tidak,Tidak,Ya,Ya,Ya,Ya,700000,https://mamikos.com/room/kost-kota-kediri-kost-putri-murah-kost-kanjeng-mami-non-ac-mojoroto-kediri-1
Kabupaten Kediri,Kost Firenaning,Putri,Kecamatan Ngasem,0.0,Tidak,Tidak,Ya,Ya,Tidak,Ya,430000,https://mamikos.com/room/kost-kabupaten-kediri-kost-putri-murah-kost-firenaning-ngasem-kediri
Kabupaten Kediri,Kost Bu Munawaroh Tipe A,Campur,Mojoroto,0.0,Tidak,Ya,Ya,Tidak,Tidak,Tidak,900000,https://mamikos.com/room/kost-kota-kediri-kost-campur-murah-kost-bu-munawaroh-tipe-a-mojoroto-kediri-2
Kabupaten Kediri,Kost Kawi 25,Putri,Mojoroto,0.0,Tidak,Tidak,Ya,Tidak,Ya,Ya,600000,https://mamikos.com/room/kost-kediri-kost-putri-murah-kost-kawi-25-mojoroto-kediri
Kabupaten Kediri,Kost Idaman Tipe A,Putri,Banyakan,0.0,Tidak,Tidak,Ya,Ya,Tidak,Tidak,600000,https://mamikos.com/room/kost-kabupaten-kediri-kost-putri-murah-kost-idaman-tipe-a-banyakan-kediri
Kabupaten Kediri,Kost Muna,Putri,Kecamatan Pesantren,0.0,Tidak,Ya,Ya,Ya,Ya,Tidak,750000,https://mamikos.com/room/kost-kota-kediri-kost-putri-murah-kost-muna-pesantren-kediri-1
Kabupaten Kediri,Kost Barokah Ibu Atin Tipe A,Putra,Mojoroto,0.0,Tidak,Ya,Ya,Tidak,Ya,Ya,630000,https://mamikos.com/room/kost-kota-kediri-kost-putra-murah-kost-barokah-ibu-atin-lantai-2-mojoroto-kediri-2
Kabupaten Kediri,Kost Pak Shokim Tipe A,Campur,Mojoroto,0.0,Tidak,Ya,Ya,Ya,Ya,Tidak,400000,https://mamikos.com/room/kost-kota-kediri-kost-campur-murah--83
Kabupaten Kediri,Kost Ibu Pertiwi Tipe A,Putri,Mojoroto,0.0,Tidak,Tidak,Ya,Tidak,Tidak,Ya,450000,https://mamikos.com/room/kost-kota-kediri-kost-putri-murah-kost-ibu-pertiwi-tipe-a-mojoroto-kediri
Kabupaten Kediri,Kost Melati I,Putra,Mojoroto,0.0,Tidak,Tidak,Ya,Ya,Ya,Ya,400000,https://mamikos.com/room/kost-kota-kediri-kost-putra-murah-kost-melati-i-mojoroto-kediri
Kabupaten Kediri,Kost Ariani Tipe B,Putri,Mojoroto,0.0,Ya,Ya,Ya,Ya,Tidak,Ya,1100000,https://mamikos.com/room/kost-kota-kediri-kost-putri-eksklusif-kost-ariani-tipe-b-mojoroto-kediri
Kabupaten Kediri,Kost Bu Yeni Tipe A,Putri,Kecamatan Mojoroto,0.0,Tidak,Tidak,Ya,Tidak,Ya,Ya,450000,https://mamikos.com/room/kost-kota-kediri-kost-putri-murah-kost-bu-yeni-tipe-a-mojoroto-kediri
Kabupaten Kediri,Kost Imawan Tipe B,Putri,Mojoroto,0.0,Tidak,Tidak,Ya,Tidak,Ya,Ya,625000,https://mamikos.com/room/kost-kota-kediri-kost-campur-murah--87
Kabupaten Kediri,Kost Sinarmas,Campur,Mojoroto,0.0,Ya,Ya,Ya,Ya,Ya,Ya,1250000,https://mamikos.com/room/kost-kota-kediri-kost-campur-eksklusif-kost-sinarmas-mojoroto-kediri
Kabupaten Kediri,Kost Griyo Paringan Kota,Campur,Kota Kediri,0.0,Tidak,Tidak,Ya,Ya,Tidak,Ya,550000,https://mamikos.com/room/kost-kediri-kost-campur-murah-kost-griyo-paringan-kota-kediri
Kabupaten Kediri,Kost Rumah Syariah Tipe Ordinary,Campur,Mojoroto,4.1,Tidak,Ya,Ya,Tidak,Tidak,Tidak,449900,https://mamikos.com/room/kost-kota-kediri-kost-campur-eksklusif-kost-rumah-kediri-syariah-tipe-ordinary-mojoroto-kediri
Kabupaten Kediri,Kost Adi Tipe B,Putra,Kecamatan Mojoroto,0.0,Tidak,Ya,Ya,Tidak,Tidak,Ya,450000,https://mamikos.com/room/kost-kota-kediri-kost-putra-murah-kost-adi-tipe-b-mojoroto-kediri
Kabupaten Kediri,Kost Mandiri,Putri,Kecamatan Mojoroto,0.0,Tidak,Ya,Ya,Tidak,Ya,Tidak,600000,https://mamikos.com/room/kost-kota-kediri-kost-putri-murah-kost-mandiri-mojoroto-kediri
Kabupaten Kediri,Kost Bu Tatag,Putri,Kecamatan Mojoroto,0.0,Tidak,Tidak,Ya,Ya,Tidak,Ya,425000,https://mamikos.com/room/kost-kota-kediri-kost-putri-murah-kost-bu-tatag-mojoroto-kediri-2
Kabupaten Kediri,Kost Bumi Asri,Putri,Kota Kediri,0.0,Tidak,Tidak,Ya,Tidak,Tidak,Tidak,425000,https://mamikos.com/room/kost-kota-kediri-kost-putri-murah-kost-bumi-asri-kediri
Kabupaten Kediri,Kost Asih,Campur,Mojoroto,0.0,Tidak,Ya,Ya,Tidak,Ya,Tidak,500000,https://mamikos.com/room/kost-kota-kediri-kost-campur-murah-kost-asih-mojoroto-kediri
Kabupaten Kediri,Kost Johana Tipe C,Campur,Mojoroto,0.0,Ya,Tidak,Ya,Ya,Ya,Tidak,950000,https://mamikos.com/room/kost-kediri-kost-campur-murah-kost-johana-tipe-c-mojoroto-kediri
Kabupaten Kediri,Kost Shoma Pro Tipe Kamar Ac Kamar Mandi dalam,Putri,Mojoroto,0.0,Ya,Tidak,Ya,Ya,Ya,Ya,1000000,https://mamikos.com/room/kost-kediri-kost-putri-eksklusif-kost-shoma-pro-tipe-kamar-ac-kamar-mandi-dalam-mojoroto-kediri
Kabupaten Kediri,Kost Iyut,Putra,Ngasem,0.0,Ya,Ya,Ya,Ya,Ya,Ya,1150000,https://mamikos.com/room/kost-kabupaten-kediri-kost-putri-eksklusif-kost-iyut-ngasem-kediri
Kabupaten Kediri,Kost Amerta Kota,Putra,Kota Kediri,0.0,Tidak,Ya,Ya,Ya,Tidak,Ya,500000,https://mamikos.com/room/kost-kota-kediri-kost-campur-murah--37
Kabupaten Kediri,Kosg De Rona Tipe A,Campur,Kota Kediri,0.0,Tidak,Ya,Ya,Tidak,Tidak,Ya,450000,https://mamikos.com/room/kost-kota-kediri-kost-campur-eksklusif-kosg-de-rona-tipe-a-kediri-kediri-2
Kabupaten Kediri,kost Gracia,Campur,Pesantren,0.0,Tidak,Ya,Ya,Tidak,Tidak,Tidak,1500000,https://mamikos.com/room/kost-kediri-kost-campur-eksklusif-kost-gracia-pesantren-kediri
Kabupaten Kediri,Kost Masrukin,Campur,Pesantren,0.0,Tidak,Ya,Ya,Tidak,Ya,Ya,500000,https://mamikos.com/room/kost-kediri-kost-campur-murah-kost-masrukin-pesantren-kediri
Kabupaten Lamongan,Kost Bu Isa Tipe A,Putri,Lamongan,0.0,Tidak,Tidak,Ya,Tidak,Tidak,Ya,445000,https://mamikos.com/room/kost-lamongan-kost-putri-murah-kost-bu-isa-tipe-a-lamongan-2
Kabupaten Lamongan,Kost Rumah Jlb Tipe A,Campur,Lamongan,0.0,Ya,Ya,Ya,Ya,Ya,Ya,1350000,https://mamikos.com/room/kost-kabupaten-lamongan-kost-campur-eksklusif-kost-rumah-jlb-tipe-a-lamongan
Kabupaten Lamongan,Kost Rumah Jlb Tipe D,Campur,Lamongan,0.0,Ya,Ya,Ya,Ya,Ya,Ya,1400000,https://mamikos.com/room/kost-kabupaten-lamongan-kost-campur-eksklusif-kost-rumah-jlb-tipe-d-lamongan
Kabupaten Lamongan,Kost Rumah Jlb Tipe C,Campur,Lamongan,0.0,Ya,Ya,Ya,Ya,Ya,Ya,1500000,https://mamikos.com/room/kost-kabupaten-lamongan-kost-campur-eksklusif-kost-rumah-jlb-tipe-c-lamongan
Kabupaten Lamongan,Kost Rumah Jlb Tipe B,Campur,Lamongan,0.0,Ya,Ya,Ya,Ya,Ya,Ya,1200000,https://mamikos.com/room/kost-kabupaten-lamongan-kost-campur-eksklusif-kost-rumah-jlb-tipe-b-lamongan
Kabupaten Lamongan,Kost Ar Tipe B,Putra,Kecamatan Lamongan,0.0,Tidak,Ya,Ya,Ya,Tidak,Ya,800000,https://mamikos.com/room/kost-kabupaten-lamongan-kost-putra-murah-kost-ar-tipe-b-lamongan
Kabupaten Lamongan,Kost AR Tipe C,Putra,Lamongan,0.0,Tidak,Ya,Ya,Ya,Tidak,Ya,400000,https://mamikos.com/room/kost-kabupaten-lamongan-kost-putra-murah-kost-ar-tipe-c-lamongan-lamongan
Kabupaten Lamongan,Kost Ar Tipe Vip,Putra,Lamongan,0.0,Ya,Ya,Ya,Ya,Ya,Ya,1400000,https://mamikos.com/room/kost-lamongan-kost-putra-eksklusif-kost-ar-tipe-vip-lamongan
Kabupaten Lamongan,Rumah Kontrakan BLR,Campur,Kecamatan Lamongan,0.0,Tidak,Ya,Tidak,Ya,Ya,Tidak,1350000,https://mamikos.com/room/kost-kabupaten-lamongan-kost-campur-eksklusif-rumah-kontrakan-blr-lamongan-lamongan
Kabupaten Lamongan,Kost Budi Utomo Vip,Putra,Lamongan,0.0,Ya,Tidak,Ya,Tidak,Ya,Ya,1100000,https://mamikos.com/room/kost-kabupaten-lamongan-kost-putra-eksklusif-kost-budi-utomo-vip-lamongan-lamongan
Kabupaten Lamongan,Kost Aliyah Tipe Ac,Putra,Lamongan,0.0,Ya,Ya,Ya,Ya,Ya,Ya,900000,https://mamikos.com/room/kost-lamongan-kost-putra-eksklusif-kost-aliyah-tipe-ac-lamongan
Kabupaten Lamongan,Kost Islamic Boarding House Tipe Deluxe,Putra,Lamongan,0.0,Ya,Ya,Ya,Ya,Ya,Ya,1000000,https://mamikos.com/room/kost-lamongan-kost-putra-eksklusif-kost-islamic-boarding-house-tipe-deluxe-lamongan
Kabupaten Lamongan,Kost Medika Tipe A,Putri,Kecamatan Lamongan,0.0,Ya,Ya,Ya,Tidak,Ya,Tidak,1200000,https://mamikos.com/room/kost-kabupaten-lamongan-kost-putri-eksklusif-kost-medika-tipe-a-lamongan
Kabupaten Lamongan,Kost Medika Tipe B,Putri,Kecamatan Lamongan,0.0,Ya,Ya,Ya,Tidak,Ya,Tidak,1000000,https://mamikos.com/room/kost-kabupaten-lamongan-kost-putri-eksklusif-kost-medika-tipe-b-lamongan
Kabupaten Lamongan,Kost Delima Perunggu Tipe Standard,Putri,Deket,0.0,Tidak,Ya,Ya,Ya,Tidak,Ya,450000,https://mamikos.com/room/kost-kabupaten-lamongan-kost-putra-murah-kost-delima-perunggu-tipe-standard-deket-lamongan
Kabupaten Lamongan,Kost Daarul Falah,Putra,Lamongan,0.0,Ya,Ya,Ya,Ya,Ya,Ya,950000,https://mamikos.com/room/kost-kabupaten-lamongan-kost-putra-eksklusif-kost-daarul-falah-lamongan-lamongan
Kabupaten Lamongan,Kost Delima 2 Tipe A,Putri,Deket,0.0,Tidak,Ya,Ya,Ya,Tidak,Ya,450000,https://mamikos.com/room/kost-lamongan-kost-putri-murah-kost-delima-2-tipe-a-deket-lamongan
Kabupaten Lamongan,Kost Aliyah Tipe Kipas,Putra,Kecamatan Lamongan,0.0,Tidak,Tidak,Ya,Ya,Ya,Ya,750000,https://mamikos.com/room/kost-kabupaten-lamongan-kost-putra-eksklusif-kost-aliyah-tipe-kipas-lamongan-2
Kabupaten Lamongan,Kost Delima Perunggu Tipe VIP,Putri,Deket,0.0,Tidak,Ya,Ya,Ya,Tidak,Ya,500000,https://mamikos.com/room/kost-kabupaten-lamongan-kost-putra-murah-kost-delima-perunggu-tipe-vip-deket-lamongan-1
Kabupaten Lamongan,Kost Budi Utomo Reguler,Putra,Lamongan,5.0,Tidak,Tidak,Ya,Tidak,Tidak,Ya,700000,https://mamikos.com/room/kost-lamongan-kost-putra-eksklusif-kost-budi-utomo-reguler-lamongan-
Kabupaten Lamongan,Kost Griya Andini,Campur,Kecamatan Lamongan,0.0,Ya,Ya,Ya,Ya,Ya,Ya,550000,https://mamikos.com/room/kost-kabupaten-lamongan-kost-campur-eksklusif-kost-griya-andini-lamongan-lamongan-2
Kabupaten Lamongan,Kost Brys House Eksklusif,Putri,Kecamatan Lamongan,0.0,Ya,Ya,Ya,Ya,Tidak,Ya,1150000,https://mamikos.com/room/kost-kabupaten-lamongan-kost-putri-eksklusif-kost-brys-house-eksklusif-lamongan-lamongan
Kabupaten Lamongan,Kost Andanwangi Tipe Small,Putri,Kecamatan Lamongan,0.0,Tidak,Tidak,Ya,Tidak,Tidak,Ya,450000,https://mamikos.com/room/kost-kabupaten-lamongan-kost-putri-murah-kost-andanwangi-tipe-small-lamongan
Kabupaten Lamongan,Kost Medis Syariah Tipe VVIP,Putri,Kecamatan Lamongan,0.0,Ya,Tidak,Ya,Ya,Tidak,Tidak,1000000,https://mamikos.com/room/kost-kabupaten-lamongan-kost-putri-eksklusif-kost-medis-syariah-tipe-vvip-lamongan-lamongan
Kabupaten Lamongan,Kost Medis Syariah 3 Tipe Executive,Putri,Lamongan,0.0,Ya,Ya,Ya,Ya,Tidak,Ya,1200000,https://mamikos.com/room/kost-kabupaten-lamongan-kost-putri-eksklusif-kost-medis-syariah-3-tipe-executive-lamongan
Kabupaten Lamongan,Kost Omah Kampung Tipe B,Campur,Karang Geneng,0.0,Ya,Tidak,Ya,Ya,Ya,Ya,800000,https://mamikos.com/room/kost-kabupaten-lamongan-kost-campur-murah-kost-omah-kampung-tipe-b-karang-geneng-lamongan
Kabupaten Lamongan,Kost Kauman,Putri,Kecamatan Lamongan,0.0,Tidak,Tidak,Ya,Tidak,Ya,Tidak,400000,https://mamikos.com/room/kost-kabupaten-lamongan-kost-putri-murah-kost-kauman-lamongan
Kabupaten Lamongan,Kost Medis Syariah 2,Putri,Kecamatan Lamongan,0.0,Ya,Tidak,Ya,Ya,Tidak,Ya,1000000,https://mamikos.com/room/kost-kabupaten-lamongan-kost-putri-eksklusif-kost-medis-syariah-2-lamongan-lamongan-2
Kabupaten Lamongan,Kost Rama Tipe A,Putra,Lamongan,0.0,Tidak,Ya,Ya,Tidak,Ya,Ya,400000,https://mamikos.com/room/kost-kabupaten-lamongan-kost-putra-murah-kost-rama-tipe-a-lamongan-2
Kabupaten Lamongan,Kost Rama Tipe C,Putra,Lamongan,0.0,Tidak,Ya,Ya,Tidak,Ya,Ya,300000,https://mamikos.com/room/kost-kabupaten-lamongan-kost-putra-murah-kost-rama-tipe-c-lamongan
Kabupaten Lamongan,Kost Pak Suparto,Campur,Lamongan,0.0,Tidak,Ya,Ya,Tidak,Ya,Ya,700000,https://mamikos.com/room/kost-kabupaten-lamongan-kost-campur-murah-kost-pak-suparto-lamongan-2
Kabupaten Lamongan,Kost Cemara Mba Tri Tipe A,Putri,Kecamatan Tikung,0.0,Tidak,Ya,Ya,Tidak,Ya,Tidak,550000,https://mamikos.com/room/kost-kabupaten-lamongan-kost-putri-murah-kost-cemara-mba-tri-tipe-a-tikung-lamongan-2
Kabupaten Lamongan,Kost Putra Puri Karomah,Putra,Deket,5.0,Ya,Tidak,Ya,Tidak,Ya,Ya,550000,https://mamikos.com/room/kost-lamongan-kost-putra-eksklusif-kost-putra-puri-karomah-deket-lamongan
Kabupaten Lamongan,Kost Guest House 21 Tipe C,Campur,Lamongan,4.6,Ya,Tidak,Ya,Ya,Ya,Ya,1100000,https://mamikos.com/room/kost-kabupaten-lamongan-kost-campur-eksklusif-kost-guest-house-21-tipe-c-lamongan
Kabupaten Lamongan,Kost An Home 1 Tipe C,Putri,Kecamatan Lamongan,0.0,Tidak,Ya,Ya,Tidak,Tidak,Ya,650000,https://mamikos.com/room/kost-kabupaten-lamongan-kost-putri-murah-kost-an-home-1-tipe-c-lamongan-
Kabupaten Lamongan,Kost Ibu Sumiati Tipe A,Putri,Sekaran,0.0,Tidak,Ya,Ya,Tidak,Tidak,Ya,400000,https://mamikos.com/room/kost-kabupaten-lamongan-kost-putri-murah-kost-ibu-sumiati-tipe-a-sekaran-lamongan
Kabupaten Lamongan,Kost Babe Jetis,Putra,Lamongan,0.0,Tidak,Ya,Ya,Tidak,Tidak,Tidak,400000,https://mamikos.com/room/kost-kabupaten-lamongan-kost-putra-murah-kost-babe-jetis-lamongan
Kabupaten Lamongan,Kost Rama Tipe B,Putra,Lamongan,0.0,Tidak,Ya,Ya,Tidak,Ya,Ya,350000,https://mamikos.com/room/kost-kabupaten-lamongan-kost-putra-murah-kost-rama-tipe-b-lamongan
Kabupaten Lamongan,Kost Hadi,Putri,Lamongan,0.0,Tidak,Tidak,Ya,Tidak,Ya,Tidak,600000,https://mamikos.com/room/kost-kabupaten-lamongan-kost-putri-murah-kost-hadi-lamongan
Kabupaten Lamongan,Kost Bapak Rofik Tipe A,Putri,Kecamatan Lamongan,0.0,Tidak,Tidak,Ya,Tidak,Tidak,Ya,700000,https://mamikos.com/room/kost-kabupaten-lamongan-kost-putri-murah-kost-bapak-rofik-tipe-a-lamongan
Kabupaten Lamongan,Kost Rumah Seruni Tipe A,Putri,Lamongan,0.0,Tidak,Tidak,Ya,Tidak,Tidak,Ya,500000,https://mamikos.com/room/kost-kabupaten-lamongan-kost-putri-murah-kost-rumah-seruni-tipe-a-lamongan
Kabupaten Lamongan,Kost Apriga,Campur,Kecamatan Lamongan,0.0,Ya,Tidak,Ya,Ya,Tidak,Tidak,1700000,https://mamikos.com/room/kost-kabupaten-lamongan-kost-campur-eksklusif-kost-apriga-lamongan-2
Kabupaten Lamongan,Kost Nowij Tipe B,Putra,Kecamatan Lamongan,0.0,Tidak,Ya,Ya,Ya,Ya,Ya,600000,https://mamikos.com/room/kost-kabupaten-lamongan-kost-putra-murah-kost-nowij-tipe-b-lamongan-lamongan-2
Kabupaten Lamongan,Kost Syafinna,Putri,Lamongan,0.0,Tidak,Tidak,Ya,Tidak,Tidak,Tidak,850000,https://mamikos.com/room/kost-lamongan-kost-putri-murah-kost-syafinna-lamongan
Kabupaten Lamongan,Kost Karmila,Putri,Kecamatan Lamongan,0.0,Tidak,Ya,Ya,Tidak,Tidak,Tidak,850000,https://mamikos.com/room/kost-kabupaten-lamongan-kost-putri-murah-kost-karmila-lamongan
Kabupaten Lamongan,Kost Bundaku Tipe B,Putri,Kecamatan Lamongan,0.0,Tidak,Ya,Ya,Ya,Tidak,Ya,900000,https://mamikos.com/room/kost-kabupaten-lamongan-kost-putri-murah-kost-bundaku-tipe-b-lamongan-lamongan-2
Kabupaten Lamongan,Kost Rumah Manies Silver Room,Putri,Lamongan,0.0,Ya,Tidak,Ya,Tidak,Ya,Ya,1000000,https://mamikos.com/room/kost-kabupaten-lamongan-kost-putri-eksklusif-kost-rumah-manies-silver-room-lamongan-lamongan-2
Kabupaten Lamongan,Kost Andanwangi Tipe Big,Putri,Lamongan,0.0,Tidak,Tidak,Ya,Tidak,Tidak,Ya,550000,https://mamikos.com/room/kost-kabupaten-lamongan-kost-putri-murah-kost-andanwangi-tipe-big-lamongan
Kabupaten Lamongan,Kost Bukti Tipe Standar,Putra,Lamongan,0.0,Tidak,Tidak,Ya,Tidak,Tidak,Ya,500000,https://mamikos.com/room/kost-lamongan-kost-putra-murah-kost-bukti-tipe-standar-lamongan
Kabupaten Lamongan,Kost Warna Sakinah,Campur,Kecamatan Sukodadi,0.0,Tidak,Ya,Ya,Ya,Ya,Ya,700000,https://mamikos.com/room/kost-kabupaten-lamongan-kost-campur-murah-kost-warna-sakinah-sukodadi-lamongan
Kabupaten Lamongan,Kost Sofia Double Bed,Putri,Kecamatan Lamongan,0.0,Tidak,Ya,Ya,Ya,Tidak,Ya,600000,https://mamikos.com/room/kost-kabupaten-lamongan-kost-putri-murah-kost-sofia-double-bed-lamongan
Kabupaten Lamongan,Kost Bundaku Tipe A,Putri,Lamongan,0.0,Ya,Tidak,Ya,Ya,Tidak,Ya,1000000,https://mamikos.com/room/kost-kabupaten-lamongan-kost-putri-eksklusif-kost-bundaku-tipe-a-lamongan
Kabupaten Lamongan,Kost Rumah Manies Standar Room,Putri,Lamongan,0.0,Tidak,Tidak,Ya,Tidak,Tidak,Ya,650000,https://mamikos.com/room/kost-kabupaten-lamongan-kost-putri-murah-kost-rumah-manies-standar-room-lamongan
Kabupaten Lamongan,Kost Ny Intan Mami Tipe A,Campur,Kecamatan Sukodadi,0.0,Tidak,Tidak,Ya,Tidak,Tidak,Tidak,500000,https://mamikos.com/room/kost-kabupaten-lamongan-kost-campur-murah-kost-ny-intan-mami-tipe-a-sukodadi-lamongan
Kabupaten Lamongan,Kost Uti Kung Tipe Eksklusif,Putri,Lamongan,0.0,Ya,Tidak,Ya,Ya,Ya,Ya,1100000,https://mamikos.com/room/kost-lamongan-kost-putri-eksklusif-kost-uti-kung-tipe-eksklusif-lamongan
Kabupaten Lamongan,Kost Sby Life 1 Tipe Biasa,Campur,Sukodadi,0.0,Tidak,Ya,Ya,Ya,Ya,Ya,500000,https://mamikos.com/room/kost-kabupaten-lamongan-kost-campur-murah-kost-sby-life-1tipe-biasa-sukodadi-lamongan
Kabupaten Lamongan,Kost Marsanda Tipe A,Putri,Kecamatan Lamongan,0.0,Ya,Ya,Ya,Tidak,Tidak,Tidak,1000000,https://mamikos.com/room/kost-kabupaten-lamongan-kost-putri-murah-kost-muslimah-tipe-a-lamongan-lamongan
Kabupaten Lamongan,Kost Mama Nida,Putri,Lamongan,0.0,Tidak,Tidak,Ya,Ya,Tidak,Tidak,1000000,https://mamikos.com/room/kost-lamongan-kost-putri-murah-kost-mama-nida-lamongan-2
Kabupaten Lamongan,Kost Hesti,Putri,Lamongan,0.0,Tidak,Tidak,Ya,Tidak,Tidak,Ya,450000,https://mamikos.com/room/kost-kabupaten-lamongan-kost-putri-murah-kost-hesti-lamongan-lamongan
Kabupaten Lamongan,Kost Kusuma Tipe A,Putra,Lamongan,0.0,Tidak,Ya,Ya,Ya,Ya,Tidak,700000,https://mamikos.com/room/kost-kabupaten-lamongan-kost-putra-murah-kost-kusuma-tipe-a-lamongan-lamongan
Kabupaten Lamongan,Kost Rumah Manies Bronze,Putri,Lamongan,0.0,Tidak,Tidak,Ya,Tidak,Ya,Ya,850000,https://mamikos.com/room/kost-kabupaten-lamongan-kost-putri-murah-kost-rumah-manies-bronze-lamongan
Kabupaten Lamongan,Kost Bu Isma,Putra,Kecamatan Lamongan,0.0,Tidak,Tidak,Ya,Ya,Tidak,Ya,300000,https://mamikos.com/room/kost-kabupaten-lamongan-kost-putra-murah-kost-bu-isma-lamongan
Kabupaten Lamongan,Kost Marsanda Tipe B,Putri,Kecamatan Lamongan,0.0,Tidak,Ya,Ya,Tidak,Tidak,Tidak,700000,https://mamikos.com/room/kost-kabupaten-lamongan-kost-putri-murah-kost-muslimah-tipe-b-lamongan-lamongan
Kabupaten Lamongan,Kost Andasari,Putra,Lamongan,0.0,Tidak,Tidak,Ya,Tidak,Ya,Tidak,1000000,https://mamikos.com/room/kost-lamongan-kost-putra-murah-kost-andasari-lamongan-1
Kabupaten Lamongan,Kost Khoir,Putri,Kecamatan Sugio,0.0,Tidak,Tidak,Ya,Ya,Tidak,Tidak,400000,https://mamikos.com/room/kost-kabupaten-lamongan-kost-putri-murah-kost-khoir-sugio-lamongan
Kabupaten Lamongan,Kost Yusi 169,Putri,Lamongan,0.0,Tidak,Ya,Ya,Ya,Tidak,Ya,550000,https://mamikos.com/room/kost-kabupaten-lamongan-kost-putri-murah-kost-yusi-169-lamongan
Kabupaten Lamongan,Kost Babe 2,Putra,Kecamatan Lamongan,0.0,Tidak,Ya,Ya,Tidak,Tidak,Tidak,450000,https://mamikos.com/room/kost-kabupaten-lamongan-kost-putra-murah-kost-babe-2-lamongan-lamongan
Kabupaten Lamongan,Kost Bugenvil Non Ac,Campur,Kecamatan Lamongan,0.0,Tidak,Tidak,Ya,Tidak,Tidak,Ya,600000,https://mamikos.com/room/kost-kabupaten-lamongan-kost-campur-eksklusif-kost-bugenvil-non-ac-lamongan
Kabupaten Lamongan,Kost D’Mart,Campur,Kecamatan Lamongan,0.0,Tidak,Ya,Ya,Tidak,Ya,Tidak,600000,https://mamikos.com/room/kost-kabupaten-lamongan-kost-campur-murah-kost-dmart-lamongan
Kabupaten Lamongan,Kost Syifa Salsabillah Executive,Campur,Lamongan,3.9,Ya,Tidak,Ya,Ya,Ya,Ya,1000000,https://mamikos.com/room/kost-kabupaten-lamongan-kost-campur-eksklusif-kost-syifa-salsabillah-executive-lamongan
Kabupaten Lamongan,Kost Griya Amanah,Campur,Lamongan,0.0,Ya,Tidak,Ya,Ya,Ya,Ya,800000,https://mamikos.com/room/kost-kabupaten-lamongan-kost-campur-eksklusif-kost-griya-amanah-lamongan
Kabupaten Lamongan,Kost Puri Nindya Tipe C,Putri,Kecamatan Lamongan,0.0,Tidak,Tidak,Ya,Tidak,Tidak,Ya,600000,https://mamikos.com/room/kost-kabupaten-lamongan-kost-putri-murah-kost-puri-nindya-tipe-c-lamongan-lamongan-1
Kabupaten Lamongan,Kost La,Putri,Kecamatan Lamongan,0.0,Ya,Ya,Ya,Ya,Ya,Ya,1150000,https://mamikos.com/room/kost-kabupaten-lamongan-kost-putri-eksklusif-kost-la-lamongan
Kabupaten Lamongan,Kost Rangge Putra,Putra,Lamongan,0.0,Tidak,Ya,Ya,Ya,Tidak,Ya,450000,https://mamikos.com/room/kost-lamongan-kost-putra-eksklusif-kost-rangge-putra-lamongan
Kabupaten Lamongan,Kost Cahaya Tipe Standar,Putra,Kecamatan Lamongan,0.0,Tidak,Ya,Ya,Ya,Tidak,Ya,550000,https://mamikos.com/room/kost-kabupaten-lamongan-kost-putra-eksklusif-kost-cahaya-tipe-standar-lamongan
Kabupaten Lamongan,Kost Bapak Malik I,Campur,Lamongan,0.0,Tidak,Tidak,Ya,Tidak,Tidak,Ya,500000,https://mamikos.com/room/kost-kabupaten-lamongan-kost-campur-murah-kost-bapak-malik-i-lamongan-lamongan-2
Kabupaten Lamongan,Kost House Of Ellma,Putri,Lamongan,0.0,Tidak,Tidak,Ya,Ya,Tidak,Ya,550000,https://mamikos.com/room/kost-kabupaten-lamongan-kost-putri-murah-kost-house-of-ellma-lamongan
Kabupaten Lamongan,Kost Genta Tipe A,Putri,Lamongan,0.0,Ya,Ya,Ya,Ya,Ya,Ya,500000,https://mamikos.com/room/kost-kabupaten-lamongan-kost-putri-murah-kost-genta-tipe-a-lamongan-lamongan
Kabupaten Lamongan,Kost Yusuf,Campur,Kecamatan Pucuk,0.0,Tidak,Tidak,Ya,Tidak,Tidak,Tidak,400000,https://mamikos.com/room/kost-kabupaten-lamongan-kost-campur-murah-kost-yusuf-pucuk-lamongan
Kabupaten Lamongan,Kost Biru Mlaten,Putri,Lamongan,0.0,Ya,Ya,Ya,Tidak,Ya,Ya,600000,https://mamikos.com/room/kost-lamongan-kost-putri-murah-kost-biru-mlaten-lamongan
Kabupaten Lamongan,Kost Reda Tipe 1,Campur,Lamongan,0.0,Tidak,Ya,Ya,Tidak,Ya,Ya,550000,https://mamikos.com/room/kost-kabupaten-lamongan-kost-campur-eksklusif-kost-reda-tipe-1-lamongan
Kabupaten Lamongan,Kost Hijrah,Putra,Lamongan,0.0,Tidak,Ya,Ya,Tidak,Tidak,Ya,380000,https://mamikos.com/room/kost-lamongan-kost-putra-murah-kost-hijrah-lamongan-1
Kabupaten Lamongan,Kost An Home 1 Tipe A,Campur,Kecamatan Lamongan,0.0,Tidak,Ya,Ya,Tidak,Ya,Tidak,600000,https://mamikos.com/room/kost-kabupaten-lamongan-kost-campur-murah-kost-an-home-1-lamongan
Kabupaten Lamongan,Kost Wijaya,Putra,Kecamatan Lamongan,0.0,Tidak,Ya,Ya,Tidak,Ya,Ya,600000,https://mamikos.com/room/kost-kabupaten-lamongan-kost-putra-murah-kost-wijaya-lamongan-
Kabupaten Lamongan,Kost Pak Pur,Putra,Kecamatan Lamongan,0.0,Tidak,Ya,Ya,Tidak,Tidak,Tidak,400000,https://mamikos.com/room/kost-kabupaten-lamongan-kost-putra-murah-kost-pak-pur-lamongan
Kabupaten Lamongan,Kost Alifah,Putri,Kecamatan Tikung,0.0,Tidak,Ya,Ya,Tidak,Ya,Tidak,500000,https://mamikos.com/room/kost-kabupaten-lamongan-kost-putri-murah-kost-alifah-tikung-lamongan-1
Kabupaten Lamongan,Kost Puri Nindya Tipe B,Putri,Kecamatan Lamongan,0.0,Ya,Tidak,Ya,Ya,Tidak,Ya,800000,https://mamikos.com/room/kost-kabupaten-lamongan-kost-putri-murah-kost-puri-nindya-tipe-b-lamongan-lamongan-1
Kabupaten Lamongan,Kost Bu Qotiah,Putri,Kecamatan Deket,0.0,Tidak,Ya,Ya,Tidak,Tidak,Ya,500000,https://mamikos.com/room/kost-kabupaten-lamongan-kost-putri-murah-kost-bu-qotiah-deket-lamongan-1
Kabupaten Lamongan,Kost Alesha House,Putri,Kecamatan Lamongan,0.0,Tidak,Tidak,Ya,Ya,Tidak,Tidak,450000,https://mamikos.com/room/kost-kabupaten-lamongan-kost-putri-murah-kost-alesha-house-lamongan-
Kabupaten Lamongan,Kost Sofia Tipe A,Putri,Kecamatan Lamongan,0.0,Tidak,Ya,Ya,Ya,Tidak,Ya,400000,https://mamikos.com/room/kost-kabupaten-lamongan-kost-putri-murah-kost-sofia-single-bed-lamongan
Kabupaten Lamongan,Kost Kemuning,Putri,Lamongan,0.0,Ya,Tidak,Ya,Ya,Ya,Tidak,900000,https://mamikos.com/room/kost-kabupaten-lamongan-kost-putri-murah-kost-kemuning-lamongan-lamongan-1
Kabupaten Lamongan,Kost Akbar 2,Putri,Kecamatan Lamongan,0.0,Ya,Ya,Ya,Ya,Ya,Ya,1100000,https://mamikos.com/room/kost-kabupaten-lamongan-kost-putri-eksklusif-kost-akbar-2-lamongan-lamongan
Kabupaten Lamongan,Kost Griya Mlaten Tipe A,Putri,Lamongan,5.0,Ya,Ya,Ya,Ya,Ya,Ya,900000,https://mamikos.com/room/kost-kabupaten-lamongan-kost-putri-murah-kost-griya-mlaten-tipe-a-lamongan-lamongan
Kabupaten Lamongan,Kost Bu Tutik,Campur,Kecamatan Lamongan,0.0,Ya,Ya,Ya,Ya,Ya,Ya,1000000,https://mamikos.com/room/kost-kabupaten-lamongan-kost-campur-eksklusif-kost-bu-tutik-lamongan
Kabupaten Lamongan,Rumah Kontrakan Perumahan Bumi Mutiara Raya,Campur,Kecamatan Lamongan,0.0,Tidak,Ya,Ya,Tidak,Ya,Tidak,600000,https://mamikos.com/room/kost-kabupaten-lamongan-kost-campur-murah-rumah-kontrakan-perumahan-bumi-mutiara-raya-lamongan-lamongan
Kabupaten Lamongan,Kost Nowij VIP,Putra,Lamongan,0.0,Ya,Ya,Ya,Ya,Ya,Ya,800000,https://mamikos.com/room/kost-kabupaten-lamongan-kost-putra-eksklusif-kost-nowij-vip-lamongan-lamongan-2
Kabupaten Lamongan,Kost Ciao Dormitory,Campur,Lamongan,0.0,Ya,Ya,Ya,Ya,Ya,Ya,1100000,https://mamikos.com/room/kost-kabupaten-lamongan-kost-campur-eksklusif-kost-ciao-dormitory-lamongan
Kabupaten Lamongan,Kost Griya Mlaten Tipe B,Putri,Kecamatan Lamongan,5.0,Tidak,Ya,Ya,Ya,Ya,Ya,700000,https://mamikos.com/room/kost-kabupaten-lamongan-kost-putri-murah-kost-griya-mlaten-tipe-b-lamongan-lamongan
Kabupaten Lamongan,Kost Biru Merpati Kota,Putri,Lamongan,0.0,Tidak,Ya,Ya,Tidak,Tidak,Ya,400000,https://mamikos.com/room/kost-lamongan-kost-putri-murah-kost-biru-merpati-lamongan-kota
Kabupaten Lamongan,Kost An Nissa 22 Tipe B,Putri,Lamongan,0.0,Tidak,Ya,Ya,Ya,Tidak,Ya,500000,https://mamikos.com/room/kost-kabupaten-lamongan-kost-putri-murah-kost-an-nissa-22-tipe-b-lamongan-lamongan-1
Kabupaten Lamongan,Kost Ibu Nina,Campur,Lamongan,0.0,Ya,Tidak,Ya,Ya,Ya,Ya,1000000,https://mamikos.com/room/kost-lamongan-kost-campur-eksklusif-kost-ibu-nina-lamongan-1
Kabupaten Lamongan,Kost 184 Tipe A,Putri,Kecamatan Deket,0.0,Tidak,Ya,Ya,Tidak,Tidak,Ya,250000,https://mamikos.com/room/kost-kabupaten-lamongan-kost-putri-murah-kost-184-tipe-a-deket-lamongan
Kabupaten Lamongan,Kost Puri Nindya Tipe A,Putri,Kecamatan Lamongan,0.0,Ya,Tidak,Tidak,Ya,Ya,Ya,1000000,https://mamikos.com/room/kost-kabupaten-lamongan-kost-putri-murah-kost-puri-nindya-tipe-a-lamongan-lamongan-1
Kabupaten Lamongan,Kost An Home 1 Tipe B,Campur,Kecamatan Lamongan,0.0,Tidak,Ya,Tidak,Tidak,Ya,Tidak,550000,https://mamikos.com/room/kost-kabupaten-lamongan-kost-campur-murah-kost-an-home-1-tipe-b-lamongan-
Kabupaten Lamongan,Kost Syenen,Putra,Kecamatan Lamongan,0.0,Tidak,Ya,Ya,Tidak,Tidak,Ya,550000,https://mamikos.com/room/kost-kabupaten-lamongan-kost-putra-murah-kost-syenen-lamongan
Kabupaten Lamongan,Kost Rumah Mama Icha Ac,Putri,Kecamatan Lamongan,0.0,Ya,Ya,Ya,Ya,Ya,Ya,1000000,https://mamikos.com/room/kost-kabupaten-lamongan-kost-campur-eksklusif-kost-rumah-mama-icha-ac-lamongan-lamongan
Kabupaten Lamongan,Kost Jo,Putra,Kecamatan Lamongan,0.0,Tidak,Ya,Ya,Tidak,Ya,Tidak,500000,https://mamikos.com/room/kost-kabupaten-lamongan-kost-putra-murah-kost-jo-lamongan-lamongan-2
Kabupaten Lamongan,Kost Puri Karomah,Putra,Deket,0.0,Ya,Ya,Ya,Ya,Ya,Ya,500000,https://mamikos.com/room/kost-kost-putra-eksklusif-kost-puri-karomah-lamongan
Kabupaten Lamongan,Kost An Home 2,Campur,Kecamatan Lamongan,0.0,Tidak,Ya,Ya,Tidak,Ya,Ya,650000,https://mamikos.com/room/kost-kabupaten-lamongan-kost-campur-murah-kost-an-home-2-lamongan
Kabupaten Lamongan,Kost Guest House 21 Tipe A,Campur,Lamongan,0.0,Tidak,Tidak,Ya,Ya,Ya,Ya,700000,https://mamikos.com/room/kost-kabupaten-lamongan-kost-campur-murah-kost-guest-house-21-tipe-a-lamongan-lamongan
Kabupaten Lamongan,Kost Puri Rangge,Putra,Kecamatan Lamongan,0.0,Tidak,Ya,Ya,Ya,Tidak,Ya,450000,https://mamikos.com/room/kost-kabupaten-lamongan-kost-putra-murah-kost-puri-rangge-lamongan
Kabupaten Lamongan,Kost Mama Eva,Campur,Tikung,0.0,Tidak,Ya,Ya,Tidak,Ya,Tidak,500000,https://mamikos.com/room/kost-lamongan-kost-campur-murah-kost-mama-eva-tikung-lamongan-1
Kabupaten Lamongan,Kost Dua,Campur,Sarirejo,0.0,Ya,Tidak,Ya,Ya,Ya,Ya,1200000,https://mamikos.com/room/kost-kabupaten-lamongan-kost-campur-eksklusif-kost-dua-sarirejo-lamongan
Kabupaten Lamongan,Kost Akbar Tipe A,Campur,Kecamatan Lamongan,0.0,Ya,Ya,Tidak,Ya,Ya,Ya,750000,https://mamikos.com/room/kost-kabupaten-lamongan-kost-putra-murah-kost-akbar-tipe-a-lamongan-lamongan
Kabupaten Lamongan,Kost Lakost,Putri,Kecamatan Lamongan,0.0,Ya,Ya,Ya,Ya,Ya,Ya,1100000,https://mamikos.com/room/kost-kabupaten-lamongan-kost-putri-eksklusif-lakost-s-m-l-xl-lamongan-lamongan
Kabupaten Lamongan,Kost Andansari 70 Tipe A,Putra,Kecamatan Lamongan,0.0,Tidak,Ya,Ya,Tidak,Tidak,Ya,375000,https://mamikos.com/room/kost-kabupaten-lamongan-kost-putra-murah-kost-andansari-70-tipe-a-lamongan
Kabupaten Lumajang,Kost Rumah Syariah Tipe A,Putra,Kecamatan Lumajang,0.0,Tidak,Ya,Ya,Tidak,Tidak,Tidak,400000,https://mamikos.com/room/kost-kabupaten-lumajang-kost-putra-murah-kost-rumah-syariah-tipe-a-lumajang
Kabupaten Lumajang,Kost Al Barokah,Putra,Kecamatan Lumajang,5.0,Tidak,Ya,Ya,Ya,Ya,Ya,600000,https://mamikos.com/room/kost-kabupaten-lumajang-kost-putra-murah-kost-al-barokah-lumajang-lumajang
Kabupaten Lumajang,Kost Ivila Tipe Eksklusif,Putri,Lumajang,0.0,Ya,Ya,Ya,Ya,Ya,Ya,1200000,https://mamikos.com/room/kost-lumajang-kost-putri-eksklusif-kost-ivila-tipe-eksklusif-lumajang
Kabupaten Lumajang,Kost Ceria Vvip,Putri,Lumajang,5.0,Ya,Ya,Ya,Tidak,Ya,Ya,500000,https://mamikos.com/room/kost-kabupaten-lumajang-kost-putri-murah-kost-ceria-vvip-lumajang
Kabupaten Lumajang,Kost Panca,Putri,Kecamatan Lumajang,0.0,Tidak,Ya,Ya,Tidak,Tidak,Ya,300000,https://mamikos.com/room/kost-kabupaten-lumajang-kost-putri-murah-kost-panca-lumajang
Kabupaten Lumajang,Kost Griya Bunda Anisa Tipe A Jawa Timur,Putri,Lumajang,0.0,Tidak,Ya,Ya,Ya,Ya,Ya,650000,https://mamikos.com/room/kost-lumajang-kost-putri-eksklusif-kost-griya-bunda-anisa-tipe-a-lumajang-jawa-timur
Kabupaten Lumajang,Kost Balqis,Putri,Lumajang,0.0,Tidak,Ya,Ya,Tidak,Ya,Ya,650000,https://mamikos.com/room/kost-kabupaten-lumajang-kost-putri-murah-kost-balqis-lumajang-lumajang
Kabupaten Lumajang,Kost Iful Panjaitan Tipe Standar,Campur,Lumajang,0.0,Tidak,Tidak,Ya,Tidak,Ya,Ya,600000,https://mamikos.com/room/kost-lumajang-kost-campur-murah-kost-iful-panjaitan-tipe-standar-lumajang-2
Kabupaten Lumajang,Kost Al-Barokah,Putra,Lumajang,0.0,Tidak,Tidak,Ya,Tidak,Ya,Ya,600000,https://mamikos.com/room/kost-lumajang-kost-putra-murah-kost-albarokah-lumajang-1
Kabupaten Lumajang,Kost Dyna Homestay VVIP,Campur,Lumajang,0.0,Ya,Ya,Ya,Ya,Ya,Ya,1300000,https://mamikos.com/room/kost-kabupaten-lumajang-kost-campur-eksklusif-kost-dyna-homestay-vvip-lumajang-lumajang-2
Kabupaten Lumajang,Kost Bu Wiwin Tipe A,Campur,Lumajang,0.0,Tidak,Ya,Ya,Tidak,Tidak,Ya,300000,https://mamikos.com/room/kost-kabupaten-lumajang-kost-campur-murah-kost-bu-wiwin-tipe-a-lumajang-lumajang
Kabupaten Lumajang,Kost Mungil Jaya Tipe A,Putri,Lumajang,0.0,Tidak,Ya,Ya,Ya,Ya,Ya,600000,https://mamikos.com/room/kost-lumajang-kost-putri-murah-kost-mungil-jaya-tipe-a-lumajang
Kabupaten Lumajang,Kost Hokky Family,Putri,Kecamatan Lumajang,0.0,Tidak,Ya,Ya,Tidak,Ya,Ya,700000,https://mamikos.com/room/kost-kabupaten-lumajang-kost-putri-murah-kost-hokky-family-lumajang
Kabupaten Lumajang,Kost Griya Salsabila Tipe Ac Vip 1,Putri,Lumajang,0.0,Ya,Tidak,Ya,Ya,Ya,Ya,1250000,https://mamikos.com/room/kost-lumajang-kost-putri-eksklusif-kost-griya-salsabila-tipe-ac-vip-1-lumajang
Kabupaten Lumajang,Kost Bu Wiwin Tipe B,Campur,Lumajang,0.0,Tidak,Ya,Ya,Tidak,Tidak,Ya,300000,https://mamikos.com/room/kost-kabupaten-lumajang-kost-campur-murah-kost-bu-wiwin-tipe-b-lumajang
Kabupaten Lumajang,Kost Amanda Regency Rowobujel,Putri,Kecamatan Lumajang,0.0,Tidak,Tidak,Ya,Ya,Ya,Ya,350000,https://mamikos.com/room/kost-kabupaten-lumajang-kost-putri-murah-kost-amanda-regency-rowobujel-lumajang
Kabupaten Lumajang,Kost Ghani Tipe A,Putri,Kecamatan Lumajang,0.0,Ya,Tidak,Ya,Ya,Ya,Ya,800000,https://mamikos.com/room/kost-kabupaten-lumajang-kost-putri-murah-kost-ghani-tipe-a-lumajang-2
Kabupaten Lumajang,Kost Akbar,Putri,Kecamatan Lumajang,0.0,Tidak,Ya,Ya,Tidak,Ya,Ya,500000,https://mamikos.com/room/kost-kabupaten-lumajang-kost-putri-murah-kost-akbar-lumajang
Kabupaten Lumajang,Kost Griya Bunda Anisa Tipe B Jawa Timur,Putri,Lumajang,0.0,Tidak,Ya,Ya,Ya,Ya,Ya,650000,https://mamikos.com/room/kost-lumajang-kost-putri-eksklusif-kost-griya-bunda-anisa-tipe-b-lumajang-jawa-timur
Kabupaten Lumajang,Kost Wisma Nofa Executive,Campur,Kecamatan Sukodono,0.0,Ya,Tidak,Ya,Ya,Tidak,Ya,1500000,https://mamikos.com/room/kost-kabupaten-lumajang-kost-campur-eksklusif-kost-wisma-nofa-executive-sukodono-lumajang
Kabupaten Lumajang,Kost Cendana,Putri,Lumajang,0.0,Tidak,Tidak,Ya,Tidak,Tidak,Ya,300000,https://mamikos.com/room/kost-kabupaten-lumajang-kost-putri-murah-kost-cendana-lumajang-
Kabupaten Lumajang,Kost Argopuro 90,Putra,Lumajang,0.0,Tidak,Ya,Ya,Tidak,Tidak,Ya,500000,https://mamikos.com/room/kost-lumajang-kost-putra-murah-kost-argopuro-90-lumajang
Kabupaten Lumajang,Kost Tanpa Bama Non Ac,Putri,Kecamatan Lumajang,0.0,Tidak,Ya,Ya,Ya,Tidak,Tidak,600000,https://mamikos.com/room/kost-kabupaten-lumajang-kost-putri-murah-kost-tanpa-bama-non-ac-lumajang-lumajang-2
Kabupaten Lumajang,Kost Griya Salsabila Tipe Standar Non Ac,Putri,Lumajang,0.0,Tidak,Tidak,Ya,Ya,Tidak,Ya,700000,https://mamikos.com/room/kost-lumajang-kost-putri-murah-kost-griya-salsabila-tipe-standar-non-ac-lumajang
Kabupaten Lumajang,Kost Ardell Lavender Tipe A,Putra,Kecamatan Lumajang,0.0,Ya,Ya,Ya,Tidak,Tidak,Tidak,800000,https://mamikos.com/room/kost-kabupaten-lumajang-kost-putra-eksklusif-kost-ardell-lavender-tipe-a-lumajang
Kabupaten Lumajang,Kost Pares 41 Jawa Timur,Putra,Lumajang,5.0,Tidak,Tidak,Ya,Tidak,Tidak,Tidak,550000,https://mamikos.com/room/kost-kabupaten-lumajang-kost-putra-murah-kost-pares-41-lumajang-jawa-timur
Kabupaten Lumajang,Kost Izi Tipe A,Putri,Lumajang,0.0,Ya,Tidak,Ya,Ya,Ya,Ya,1000000,https://mamikos.com/room/kost-kabupaten-lumajang-kost-putri-eksklusif-kost-izi-tipe-a-lumajang
Kabupaten Lumajang,Kost Bunda,Putri,Kecamatan Lumajang,0.0,Tidak,Ya,Ya,Tidak,Tidak,Ya,400000,https://mamikos.com/room/kost-kabupaten-lumajang-kost-putri-murah-kost-bunda-lumajang-lumajang-1
Kabupaten Lumajang,Kost Tanpa Bama Tipe AC,Putri,Kecamatan Lumajang,0.0,Ya,Ya,Ya,Ya,Ya,Tidak,1500000,https://mamikos.com/room/kost-kabupaten-lumajang-kost-putri-eksklusif-kost-tanpa-bama-tipe-ac-lumajang-lumajang
Kabupaten Lumajang,Kost Ardell Lavender Tipe B,Putra,Kecamatan Lumajang,0.0,Tidak,Ya,Ya,Tidak,Tidak,Tidak,450000,https://mamikos.com/room/kost-kabupaten-lumajang-kost-putra-eksklusif-kost-ardell-lavender-tipe-b-lumajang-lumajang-2
Kabupaten Lumajang,Kost Dyna Homestay Tipe Standart,Campur,Lumajang,0.0,Ya,Ya,Ya,Ya,Ya,Ya,1300000,https://mamikos.com/room/kost-kabupaten-lumajang-kost-campur-eksklusif-kost-dyna-homestay-tipe-standart-lumajang
Kabupaten Lumajang,Kost Kims 182 VVIP,Putri,Kecamatan Lumajang,0.0,Ya,Ya,Ya,Tidak,Ya,Ya,1200000,https://mamikos.com/room/kost-kabupaten-lumajang-kost-putri-eksklusif-kost-kims-182-vvip-lumajang-lumajang
Kabupaten Lumajang,Kost Singgasana Tipe A,Putri,Lumajang,0.0,Tidak,Tidak,Ya,Tidak,Ya,Ya,500000,https://mamikos.com/room/kost-kabupaten-lumajang-kost-putri-murah-kost-singgasana-tipe-a-lumajang
Kabupaten Lumajang,Kost Cempaka 2,Putri,Lumajang,0.0,Tidak,Ya,Ya,Tidak,Tidak,Ya,350000,https://mamikos.com/room/kost-kabupaten-lumajang-kost-putri-murah-kost-cempaka-2-lumajang-1
Kabupaten Lumajang,Kost Q,Putri,Kecamatan Lumajang,0.0,Ya,Tidak,Ya,Ya,Ya,Ya,1500000,https://mamikos.com/room/kost-kabupaten-lumajang-kost-putri-eksklusif-kost-q-lumajang
Kabupaten Lumajang,Kost Griya Suhad,Putri,Lumajang,0.0,Tidak,Tidak,Ya,Tidak,Tidak,Ya,375000,https://mamikos.com/room/kost-kabupaten-lumajang-kost-putri-murah-kost-griya-suhad-lumajang-lumajang-2
Kabupaten Lumajang,Kost Singgasana Tipe B,Putri,Lumajang,0.0,Tidak,Tidak,Ya,Tidak,Tidak,Ya,350000,https://mamikos.com/room/kost-kabupaten-lumajang-kost-putri-murah-kost-singgasana-tipe-b-lumajang-2
Kabupaten Lumajang,Kost Griya Flamboyan,Putri,Lumajang,0.0,Tidak,Tidak,Ya,Tidak,Tidak,Ya,400000,https://mamikos.com/room/kost-lumajang-kost-putri-murah-kost-griya-flamboyan-lumajang-1
Kabupaten Lumajang,Kost Noor Citrodiwangsan,Putri,Lumajang,0.0,Tidak,Tidak,Ya,Tidak,Tidak,Ya,450000,https://mamikos.com/room/kost-kabupaten-lumajang-kost-putri-murah-kost-noor-lumajang-citrodiwangsan-lumajang
Kabupaten Lumajang,Kost Flower Tompokersan,Putri,Kecamatan Lumajang,0.0,Tidak,Ya,Ya,Ya,Ya,Ya,750000,https://mamikos.com/room/kost-kabupaten-lumajang-kost-putri-eksklusif-kost-flower-tompokersan-lumajang
Kabupaten Lumajang,Kost Wisma Nofa Tipe A,Campur,Kecamatan Sukodono,0.0,Tidak,Tidak,Ya,Ya,Tidak,Ya,750000,https://mamikos.com/room/kost-kabupaten-lumajang-kost-campur-murah-kost-wisma-nofa-tipe-a-sukodono-lumajang-1
Kabupaten Lumajang,Kost Sulik Putri,Putri,Lumajang,0.0,Tidak,Ya,Ya,Tidak,Tidak,Tidak,350000,https://mamikos.com/room/kost-kabupaten-lumajang-kost-putri-murah-kost-sulik-putri-lumajang
Kabupaten Lumajang,Kost Putri Delima,Campur,Lumajang,0.0,Tidak,Ya,Ya,Tidak,Tidak,Tidak,350000,https://mamikos.com/room/kost-lumajang-kost-campur-murah-kost-putri-delima-lumajang
Kabupaten Lumajang,Kost Griya Sakinah Tipe VVIP,Putri,Kecamatan Lumajang,0.0,Ya,Tidak,Ya,Ya,Ya,Ya,1200000,https://mamikos.com/room/kost-kabupaten-lumajang-kost-putri-eksklusif-kost-griya-sakinah-tipe-vvip-lumajang
Kabupaten Lumajang,Kost Aurel,Putri,Lumajang,0.0,Tidak,Tidak,Ya,Tidak,Tidak,Ya,380000,https://mamikos.com/room/kost-kabupaten-lumajang-kost-putri-murah-kost-aurel-lumajang
Kabupaten Lumajang,Kost Bu Edi Jawa Timur,Putri,Lumajang,0.0,Tidak,Tidak,Ya,Tidak,Tidak,Ya,550000,https://mamikos.com/room/kost-lumajang-kost-putri-murah-kost-bu-edi-lumajang-jawa-timur
Kabupaten Lumajang,Kost Rini Haris Tipe A,Campur,Kecamatan Lumajang,0.0,Tidak,Tidak,Ya,Ya,Ya,Ya,550000,https://mamikos.com/room/kost-kabupaten-lumajang-kost-campur-murah-kost-rini-haris-tipe-a-lumajang
Kabupaten Lumajang,Kost Dan Homestay Asri,Campur,Lumajang,0.0,Tidak,Ya,Ya,Ya,Ya,Ya,400000,https://mamikos.com/room/kost-lumajang-kost-campur-murah-kost-dan-homestay-asri-lumajang-1
Kabupaten Lumajang,Kost Agus Akper Baru Executive,Campur,Lumajang,0.0,Tidak,Ya,Tidak,Ya,Ya,Tidak,850000,https://mamikos.com/room/kost-kabupaten-lumajang-kost-campur-murah-kost-agus-akper-baru-executive-lumajang
Kabupaten Lumajang,Kost Bu Eny Tipe A,Campur,Kecamatan Lumajang,0.0,Tidak,Tidak,Ya,Ya,Ya,Ya,300000,https://mamikos.com/room/kost-kabupaten-lumajang-kost-campur-murah-kost-bu-eny-tipe-a-lumajang-2
Kabupaten Lumajang,Kost Arton Jaya Tipe A,Campur,Kecamatan Lumajang,0.0,Ya,Ya,Ya,Ya,Ya,Ya,1000000,https://mamikos.com/room/kost-kabupaten-lumajang-kost-campur-eksklusif-kost-arton-jaya-tipe-a-lumajang
Kabupaten Lumajang,Kost Anugerah,Putra,Sukodono,0.0,Tidak,Ya,Ya,Ya,Tidak,Tidak,350000,https://mamikos.com/room/kost-lumajang-kost-putra-murah-kost-anugerah-sukodono-lumajang-1
Kabupaten Lumajang,Kost Agus Akper Tipe A,Campur,Kecamatan Lumajang,0.0,Tidak,Tidak,Ya,Tidak,Ya,Ya,600000,https://mamikos.com/room/kost-kabupaten-lumajang-kost-campur-murah-kost-agus-akper-tipe-a-lumajang-2
Kabupaten Lumajang,Kost Mustakim Tipe A,Putra,Kecamatan Lumajang,0.0,Tidak,Ya,Ya,Tidak,Tidak,Tidak,450000,https://mamikos.com/room/kost-kabupaten-lumajang-kost-putra-murah-kost-mustakim-tipe-a-lumajang-lumajang
Kabupaten Lumajang,Kost Griya Ariin Tipe A,Putri,Lumajang,0.0,Tidak,Ya,Ya,Ya,Ya,Ya,500000,https://mamikos.com/room/kost-lumajang-kost-putri-murah-kost-griya-ariin-tipe-a-lumajang-
Kabupaten Lumajang,Kost Gazbim,Putri,Lumajang,0.0,Tidak,Tidak,Tidak,Tidak,Ya,Ya,550000,https://mamikos.com/room/kost-lumajang-kost-putri-eksklusif-kost-gazbim-lumajang
Kabupaten Lumajang,Kost Pak Sujat,Campur,Lumajang,0.0,Tidak,Ya,Ya,Tidak,Tidak,Tidak,500000,https://mamikos.com/room/kost-kabupaten-lumajang-kost-campur-murah-kost-pak-sujat-lumajang-lumajang-1
Kabupaten Lumajang,Kost H181 A,Putri,Lumajang,0.0,Tidak,Ya,Ya,Tidak,Ya,Tidak,600000,https://mamikos.com/room/kost-lumajang-kost-putri-eksklusif-kost-h181-a-lumajang
Kabupaten Lumajang,Kost Arton Jaya Tipe B,Campur,Kecamatan Lumajang,0.0,Ya,Ya,Ya,Ya,Ya,Ya,1000000,https://mamikos.com/room/kost-kabupaten-lumajang-kost-campur-eksklusif-kost-arton-jaya-tipe-b-lumajang
Kabupaten Lumajang,Kost H181 B1,Putri,Lumajang,0.0,Tidak,Ya,Ya,Ya,Ya,Tidak,675000,https://mamikos.com/room/kost-kabupaten-lumajang-kost-putri-murah-kost-h181-b1-lumajang
Kabupaten Lumajang,Kost Dimora,Putri,Kecamatan Lumajang,0.0,Tidak,Ya,Ya,Tidak,Tidak,Ya,400000,https://mamikos.com/room/kost-kabupaten-lumajang-kost-putri-murah-kost-dimora-lumajang
Kabupaten Lumajang,Kost Griya Ariin Tipe B,Putri,Lumajang,0.0,Tidak,Ya,Tidak,Ya,Ya,Ya,630000,https://mamikos.com/room/kost-lumajang-kost-putri-murah-kost-griya-ariin-tipe-b-lumajang-
Kabupaten Lumajang,Kost Wisma Umi 8,Putri,Kecamatan Lumajang,0.0,Tidak,Tidak,Ya,Tidak,Tidak,Ya,450000,https://mamikos.com/room/kost-kabupaten-lumajang-kost-putri-murah-kost-wisma-umi-8-lumajang-lumajang
Kabupaten Lumajang,Kost Yulistiana,Putri,Lumajang,0.0,Tidak,Tidak,Ya,Tidak,Ya,Tidak,500000,https://mamikos.com/room/kost-kabupaten-lumajang-kost-putri-murah-kost-yulistiana-lumajang
Kabupaten Lumajang,Kost Rumah Asri,Putri,Kecamatan Lumajang,0.0,Ya,Ya,Tidak,Tidak,Ya,Ya,700000,https://mamikos.com/room/kost-kabupaten-lumajang-kost-putri-murah-kost-rumah-asri-lumajang
Kabupaten Madiun,Kost Graha Non AC,Putri,Kecamatan Manguharjo,0.0,Tidak,Ya,Ya,Tidak,Ya,Ya,750000,https://mamikos.com/room/kost-kota-madiun-kost-campur-murah--52
Kabupaten Madiun,Kost Mbah Moni Executive,Campur,Kecamatan Manguharjo,0.0,Ya,Ya,Ya,Ya,Ya,Ya,1000000,https://mamikos.com/room/kost-kota-madiun-kost-campur-murah--48
Kabupaten Madiun,Kost Azana,Putri,Kartoharjo,0.0,Tidak,Tidak,Ya,Tidak,Ya,Ya,700000,https://mamikos.com/room/kost-madiun-kost-putri-murah-kost-azana-kartoharjo-madiun
Kabupaten Madiun,Kost Tivania Vip,Putra,Jiwan,0.0,Tidak,Tidak,Ya,Ya,Ya,Ya,600000,https://mamikos.com/room/kost-madiun-kost-putra-eksklusif-kost-tivania-vip-jiwan-madiun
Kabupaten Madiun,Kost Omah Faretho,Campur,Kecamatan Taman,0.0,Ya,Ya,Ya,Ya,Ya,Ya,1250000,https://mamikos.com/room/kost-kota-madiun-kost-campur-eksklusif-kost-omah-faretho-taman-madiun
Kabupaten Madiun,Kost Fazza Superior,Putra,Kecamatan Taman,0.0,Ya,Ya,Ya,Ya,Ya,Ya,1800000,https://mamikos.com/room/kost-kota-madiun-kost-putra-eksklusif-kost-fazza-superior-taman-madiun-2
Kabupaten Madiun,Kost Juan Panorama Tipe A,Putra,Kecamatan Taman,0.0,Tidak,Tidak,Ya,Tidak,Ya,Ya,600000,https://mamikos.com/room/kost-kota-madiun-kost-putra-eksklusif-kost-juan-panorama-tipe-a-taman-madiun
Kabupaten Madiun,Kost Panorama Raya,Putra,Taman,0.0,Ya,Ya,Ya,Tidak,Ya,Ya,750000,https://mamikos.com/room/kost-kota-madiun-kost-putra-murah-kost-panorama-raya-taman-madiun-
Kabupaten Madiun,Kost Hadi,Putra,Kartoharjo,5.0,Ya,Ya,Ya,Ya,Ya,Ya,900000,https://mamikos.com/room/kost-kota-madiun-kost-putra-eksklusif-kost-hadi-kartoharjo-madiun
Kabupaten Madiun,Kost Oviten Non Ac,Putri,Kartoharjo,0.0,Tidak,Ya,Ya,Ya,Ya,Ya,600000,https://mamikos.com/room/kost-kota-madiun-kost-putri-murah-kost-oviten-non-ac-kartoharjo-madiun-2
Kabupaten Madiun,Kost Cendana Tipe Reguler,Putri,Taman,4.5,Tidak,Ya,Ya,Tidak,Tidak,Ya,450000,https://mamikos.com/room/kost-kota-madiun-kost-putri-murah-kost-cendana-tipe-reguler-taman-madiun
Kabupaten Madiun,Kost Cendana Griya Surya Tipe Exclusive,Campur,Taman,0.0,Ya,Ya,Ya,Ya,Ya,Ya,1100000,https://mamikos.com/room/kost-kota-madiun-kost-campur-eksklusif-kost-cendana-griya-surya-tipe-exclusive-taman-madiun
Kabupaten Madiun,Kost Dwi Jaya XI Tipe B,Putra,Kartoharjo,0.0,Ya,Ya,Ya,Ya,Ya,Ya,1300000,https://mamikos.com/room/kost-madiun-kost-putra-eksklusif-kost-dwi-jaya-xi-tipe-b-kartoharjo-madiun
Kabupaten Madiun,Kost Cendana Griya Pradipta Reguler,Putri,Kecamatan Taman,4.6,Tidak,Tidak,Ya,Ya,Tidak,Ya,450000,https://mamikos.com/room/kost-kota-madiun-kost-putri-murah-kost-cendana-griya-pradipta-reguler-taman-madiun
Kabupaten Madiun,Kost Cendana Griya Arsakha Reguler Plus,Putri,Kecamatan Manguharjo,0.0,Tidak,Ya,Ya,Tidak,Tidak,Ya,550000,https://mamikos.com/room/kost-kota-madiun-kost-putri-eksklusif-kost-cendana-griya-arsakha-reguler-plus-manguharjo-madiun
Kabupaten Madiun,Kost The Home 19,Campur,Kartoharjo,0.0,Ya,Ya,Ya,Ya,Ya,Ya,1349000,https://mamikos.com/room/kost-kota-madiun-kost-campur-eksklusif-kost-the-home-19-kartoharjo-madiun
Kabupaten Madiun,Kost Cendana Griya Pradipta Reguler Plus,Putri,Kecamatan Taman,0.0,Tidak,Tidak,Ya,Ya,Tidak,Ya,550000,https://mamikos.com/room/kost-kota-madiun-kost-putri-eksklusif-kost-cendana-griya-pradipta-reguler-plus-taman-madiun
Kabupaten Madiun,Kost Cendana Griya Surya Tipe Vip Plus,Campur,Taman,0.0,Tidak,Ya,Ya,Ya,Ya,Ya,800000,https://mamikos.com/room/kost-madiun-kost-campur-eksklusif-kost-cendana-griya-surya-tipe-vip-plus-taman-madiun
Kabupaten Madiun,Kost Like 1,Putri,Taman,0.0,Tidak,Tidak,Ya,Ya,Ya,Ya,550000,https://mamikos.com/room/kost-madiun-kost-putri-murah-kost-like-1-taman-madiun
Kabupaten Madiun,Kost Cendana Griya Arsakha Tipe Reguler,Putri,Kecamatan Manguharjo,0.0,Tidak,Tidak,Ya,Tidak,Tidak,Ya,449999,https://mamikos.com/room/kost-kota-madiun-kost-putri-murah-kost-cendana-griya-arsakha-tipe-reguler-manguharjo-madiun-2
Kabupaten Madiun,Kost Moira 2,Putri,Kecamatan Taman,0.0,Tidak,Tidak,Ya,Ya,Tidak,Ya,550000,https://mamikos.com/room/kost-kota-madiun-kost-putri-murah-kost-moira-2-taman-madiun-2
Kabupaten Madiun,Kost Cendana Tipe VVIP,Putri,Taman,0.0,Ya,Ya,Ya,Ya,Ya,Ya,999998,https://mamikos.com/room/kost-kota-madiun-kost-putri-eksklusif-kost-cendana-tipe-vvip-taman-madiun
Kabupaten Madiun,Kost Like 2,Putri,Kecamatan Kartoharjo,0.0,Tidak,Ya,Ya,Ya,Ya,Tidak,550000,https://mamikos.com/room/kost-kota-madiun-kost-putri-murah-kost-like-2-jl-putra-wijaya-klegen-kartoharjo-madiun
Kabupaten Madiun,Kost Pak Bee,Campur,Mangu Harjo,0.0,Tidak,Tidak,Ya,Tidak,Ya,Ya,600000,https://mamikos.com/room/kost-kota-madiun-kost-campur-murah-kost-pak-bee-mangu-harjo-madiun-2
Kabupaten Madiun,Kost Cendana Tipe VIP,Putri,Taman,0.0,Tidak,Ya,Ya,Ya,Ya,Ya,698000,https://mamikos.com/room/kost-kota-madiun-kost-putri-eksklusif-kost-cendana-tipe-vip-taman-madiun
Kabupaten Madiun,Kost Dwi Jaya XI Tipe A,Putra,Kecamatan Kartoharjo,0.0,Ya,Ya,Ya,Ya,Ya,Ya,1000000,https://mamikos.com/room/kost-kota-madiun-kost-putra-eksklusif-kost-dwi-jaya-xi-tipe-a-kartoharjo-madiun-1
Kabupaten Madiun,Kost Cendana Griya Pradipta Exclusive,Putri,Kecamatan Taman,0.0,Ya,Tidak,Ya,Ya,Tidak,Ya,1099998,https://mamikos.com/room/kost-kota-madiun-kost-putri-eksklusif-kost-cendana-griya-pradipta-exclusive-taman-madiun
Kabupaten Madiun,Kost Calliesta Tipe A Mangu Harjo,Putri,Kecamatan Manguharjo,0.0,Ya,Tidak,Ya,Ya,Ya,Ya,1000000,https://mamikos.com/room/kost-kota-madiun-kost-campur-murah--34
Kabupaten Madiun,Kost De Korner Sumber Karya Tipe Double,Campur,Kecamatan Taman,0.0,Ya,Ya,Ya,Ya,Ya,Ya,1500000,https://mamikos.com/room/kost-kota-madiun-kost-campur-eksklusif-kost-de-korner-sumber-karya-tipe-double-taman-madiun
Kabupaten Madiun,Kost Rumah Liska,Campur,Taman,0.0,Ya,Ya,Ya,Ya,Ya,Ya,950000,https://mamikos.com/room/kost-kota-madiun-kost-campur-murah-kost-rumah-liska-taman-madiun
Kabupaten Madiun,Kost Margayasa,Putra,Taman,0.0,Tidak,Ya,Ya,Tidak,Tidak,Ya,400000,https://mamikos.com/room/kost-kota-madiun-kost-putra-murah-kost-margayasa-taman-madiun
Kabupaten Madiun,Kost Cendana Reguler Plus,Putri,Taman,0.0,Tidak,Ya,Ya,Tidak,Tidak,Ya,550000,https://mamikos.com/room/kost-kota-madiun-kost-putri-eksklusif-kost-cendana-reguler-plus-taman-madiun
Kabupaten Madiun,Kost Bougenville Tipe A,Campur,Taman,0.0,Ya,Ya,Ya,Tidak,Ya,Ya,1300000,https://mamikos.com/room/kost-kota-madiun-kost-campur-eksklusif-kost-bougenville-tipe-a-taman-madiun-2
Kabupaten Madiun,Kost Cendana Tipe Reguler Budget,Putri,Taman,0.0,Tidak,Ya,Ya,Tidak,Tidak,Ya,399998,https://mamikos.com/room/kost-kota-madiun-kost-putri-murah-kost-cendana-tipe-reguler-budget-taman-madiun-2
Kabupaten Madiun,Kost Roy Tipe Menengah,Putri,Mangu Harjo,0.0,Tidak,Tidak,Ya,Tidak,Ya,Ya,650000,https://mamikos.com/room/kost-madiun-kost-putri-murah-kost-roy-tipe-menengah-mangu-harjo-madiun-2
Kabupaten Madiun,Kost De Corner,Campur,Kecamatan Taman,0.0,Ya,Ya,Ya,Ya,Ya,Ya,1400000,https://mamikos.com/room/kost-kota-madiun-kost-campur-eksklusif-kost-de-corner-taman-madiun
Kabupaten Madiun,Kost Aaa3 Tipe Standart,Putra,Taman,0.0,Tidak,Ya,Ya,Ya,Ya,Ya,600000,https://mamikos.com/room/kost-kota-madiun-kost-putra-murah-kost-aaa3-tipe-standart-taman-madiun-2
Kabupaten Madiun,Kost Griya Kalimantan,Putri,Kartoharjo,0.0,Tidak,Ya,Ya,Ya,Tidak,Ya,650000,https://mamikos.com/room/kost-kota-madiun-kost-putri-eksklusif-kost-griya-kalimantan-kartoharjo-madiun-2
Kabupaten Madiun,Kost Griya Tentram Sehati Tipe A,Putri,Kartoharjo,0.0,Tidak,Tidak,Ya,Ya,Tidak,Ya,550000,https://mamikos.com/room/kost-kota-madiun-kost-campur-murah-kost-griya-tentram-sehati-type-a-standarklas-ekonomi-kartoharjo-madiun-2
Kabupaten Madiun,Kost Griya Kencana Ungu Tipe A,Putra,Kecamatan Taman,5.0,Ya,Ya,Ya,Tidak,Ya,Tidak,1000000,https://mamikos.com/room/kost-kota-madiun-kost-putra-eksklusif-kost-griya-kencana-ungu-tipe-a-taman-madiun
Kabupaten Madiun,Kost Iso Tipe Standar,Putra,Kartoharjo,0.0,Tidak,Ya,Ya,Tidak,Tidak,Ya,600000,https://mamikos.com/room/kost-madiun-kost-putra-murah-kost-iso-tipe-standar-kartoharjo-madiun-2
Kabupaten Madiun,Kost Biru,Putri,Kecamatan Taman,0.0,Tidak,Ya,Ya,Tidak,Tidak,Ya,365000,https://mamikos.com/room/kost-kota-madiun-kost-putri-murah-kost-biru-taman-madiun-2
Kabupaten Madiun,Kost Ibu Fitri Tipe Vip,Campur,Kartoharjo,0.0,Tidak,Ya,Ya,Tidak,Ya,Ya,1200000,https://mamikos.com/room/kost-madiun-kost-campur-eksklusif-kost-ibu-fitri-tipe-vip-kartoharjo-madiun
Kabupaten Madiun,Kost Griya Baroka Tipe A,Putra,Taman,0.0,Tidak,Ya,Ya,Ya,Ya,Ya,650000,https://mamikos.com/room/kost-kota-madiun-kost-putra-murah-kost-griya-baroka-tipe-a-taman-madiun
Kabupaten Madiun,Kost De Corner Tipe Double Sorong,Campur,Kecamatan Taman,0.0,Ya,Ya,Ya,Ya,Ya,Ya,1600000,https://mamikos.com/room/kost-kota-madiun-kost-campur-eksklusif-kost-de-corner-tipe-double-sorong-taman-madiun-2
Kabupaten Madiun,Kost Griya Kencana Ungu Tipe F,Putra,Kecamatan Taman,0.0,Tidak,Ya,Ya,Tidak,Tidak,Ya,400000,https://mamikos.com/room/kost-kota-madiun-kost-putra-murah-kost-griya-kencana-ungu-tipe-f-taman-madiun-2
Kabupaten Madiun,Kost Kencana,Putri,Taman,0.0,Tidak,Ya,Ya,Ya,Ya,Ya,450000,https://mamikos.com/room/kost-madiun-kost-putri-murah-kost-kencana-taman-madiun
Kabupaten Madiun,Kost The Warno Tipe A,Campur,Kecamatan Kartoharjo,0.0,Tidak,Ya,Ya,Tidak,Ya,Ya,700000,https://mamikos.com/room/kost-kota-madiun-kost-campur-murah-kost-the-warno-tipe-a-kartoharjo-madiun
Kabupaten Madiun,Kost De Korner Sumber Karya Tipe Single,Campur,Kecamatan Taman,0.0,Ya,Ya,Ya,Ya,Ya,Ya,1300000,https://mamikos.com/room/kost-kota-madiun-kost-campur-eksklusif-kost-de-korner-sumber-karya-tipe-single-taman-madiun-2
Kabupaten Madiun,Kost Soeta Tipe A,Putri,Kecamatan Taman,0.0,Tidak,Ya,Ya,Ya,Ya,Ya,650000,https://mamikos.com/room/kost-kota-madiun-kost-putri-eksklusif-kost-soeta-tipe-a-taman-madiun
Kabupaten Madiun,Kost Eko ST,Putri,Kartoharjo,0.0,Ya,Ya,Ya,Ya,Ya,Ya,600000,https://mamikos.com/room/kost-kota-madiun-kost-putri-eksklusif-kost-eko-st-kartoharjo-madiun
Kabupaten Madiun,Kost Griya Baroka Tipe B,Putra,Taman,5.0,Tidak,Tidak,Ya,Tidak,Tidak,Ya,500000,https://mamikos.com/room/kost-madiun-kost-putra-murah-kost-griya-baroka-tipe-b-taman-madiun
Kabupaten Madiun,Kost Koe Tipe Ac,Campur,Taman,0.0,Ya,Ya,Ya,Ya,Ya,Ya,1400000,https://mamikos.com/room/kost-kota-madiun-kost-campur-eksklusif-kost-koe-tipe-ac-taman-madiun-1
Kabupaten Madiun,Kost R6,Putri,Kartoharjo,0.0,Tidak,Ya,Ya,Ya,Tidak,Ya,500000,https://mamikos.com/room/kost-madiun-kost-putri-murah-kost-r6-kartoharjo-madiun
Kabupaten Madiun,Kost Griya Kencana Ungu Tipe B,Putra,Kecamatan Taman,0.0,Tidak,Ya,Ya,Tidak,Ya,Tidak,700000,https://mamikos.com/room/kost-kota-madiun-kost-putra-murah-kost-griya-kencana-ungu-tipe-b-taman-madiun
Kabupaten Madiun,Kost Brown Tipe A,Campur,Kecamatan Taman,0.0,Tidak,Ya,Ya,Ya,Ya,Ya,750000,https://mamikos.com/room/kost-kota-madiun-kost-campur-murah-kost-brown-tipe-a-taman-madiun-2
Kabupaten Madiun,Kost Griya Tentram Sehati Tipe Ekonomi,Putri,Kartoharjo,0.0,Tidak,Ya,Ya,Ya,Tidak,Ya,550000,https://mamikos.com/room/kost-kota-madiun-kost-putri-murah-kost-griya-tentram-sehati-tipe-ekonomi-kartoharjo-madiun
Kabupaten Madiun,Kost Fazza Deluxe Plus,Putra,Kecamatan Taman,0.0,Ya,Ya,Ya,Ya,Ya,Ya,1600000,https://mamikos.com/room/kost-kota-madiun-kost-putra-eksklusif-kost-fazza-deluxe-plus-taman-madiun
Kabupaten Madiun,Kost Fazza Standart,Putra,Kecamatan Taman,0.0,Ya,Ya,Ya,Ya,Ya,Ya,1200000,https://mamikos.com/room/kost-kota-madiun-kost-putra-eksklusif-kost-fazza-standart-taman-madiun-2
Kabupaten Madiun,Kost Griya Kencana Ungu Tipe C,Putra,Kecamatan Taman,0.0,Tidak,Ya,Ya,Tidak,Ya,Ya,500000,https://mamikos.com/room/kost-kota-madiun-kost-putra-murah-kost-griya-kencana-ungu-tipe-c-taman-madiun
Kabupaten Madiun,Kost Rambutan,Putri,Taman,0.0,Tidak,Ya,Ya,Tidak,Ya,Ya,600000,https://mamikos.com/room/kost-madiun-kost-putri-murah-kost-rambutan-taman-madiun
Kabupaten Madiun,Kost Mbah Moni Tipe A,Campur,Kecamatan Manguharjo,0.0,Tidak,Ya,Ya,Ya,Ya,Ya,550000,https://mamikos.com/room/kost-kota-madiun-kost-campur-murah--47
Kabupaten Madiun,Kost Fazza Tipe Deluxe,Putra,Kecamatan Taman,0.0,Ya,Ya,Ya,Ya,Ya,Ya,1500000,https://mamikos.com/room/kost-kota-madiun-kost-putra-eksklusif-kost-fazza-tipe-deluxe-taman-madiun-2
Kabupaten Madiun,Kost Koe Tipe Standard,Campur,Taman,0.0,Tidak,Ya,Ya,Ya,Ya,Ya,800000,https://mamikos.com/room/kost-kota-madiun-kost-campur-eksklusif-kost-koe-tipe-standard-taman-madiun
Kabupaten Madiun,Kost Jalan Bali 81 Tipe B,Campur,Kartoharjo,5.0,Ya,Ya,Ya,Ya,Ya,Ya,1000000,https://mamikos.com/room/kost-madiun-kost-campur-eksklusif-kost-jalan-bali-81-tipe-d-kartoharjo-madiun-1
Kabupaten Madiun,Kost Buana Tipe A,Campur,Kartoharjo,0.0,Ya,Ya,Ya,Tidak,Ya,Ya,1075000,https://mamikos.com/room/kost-madiun-kost-campur-eksklusif-kost-buana-tipe-a-kartoharjo-madiun
Kabupaten Madiun,Kost Amanah Dormitory Tipe Vvip,Putri,Mangu Harjo,0.0,Ya,Ya,Ya,Ya,Ya,Ya,1100000,https://mamikos.com/room/kost-madiun-kost-putri-eksklusif-kost-amanah-dormitory-tipe-vvip-mangu-harjo-madiun
Kabupaten Madiun,Kost Bu Indah Tipe A,Putri,Kecamatan Taman,5.0,Tidak,Ya,Ya,Tidak,Tidak,Ya,500000,https://mamikos.com/room/kost-kota-madiun-kost-putri-murah-kost-bu-indah-tipe-a-taman-madiun-1
Kabupaten Madiun,Kost Padi,Putri,Kecamatan Taman,0.0,Tidak,Tidak,Ya,Tidak,Ya,Ya,500000,https://mamikos.com/room/kost-kota-madiun-kost-putri-murah-kost-padi-taman-madiun-2
Kabupaten Madiun,Kost Bu Indah Type B,Putri,Kecamatan Taman,0.0,Tidak,Ya,Ya,Tidak,Tidak,Tidak,500000,https://mamikos.com/room/kost-kota-madiun-kost-putri-murah-kost-bu-indah-type-b-taman-madiun
Kabupaten Madiun,Kost Kencana Sari VIP,Putri,Taman,5.0,Tidak,Ya,Ya,Ya,Tidak,Ya,600000,https://mamikos.com/room/kost-kota-madiun-kost-putri-eksklusif-kost-kencana-sari-vip-taman-madiun-2
Kabupaten Madiun,Kost Tiaroz Sakinah,Putri,Taman,0.0,Tidak,Ya,Ya,Tidak,Ya,Ya,600000,https://mamikos.com/room/kost-madiun-kost-putri-murah-kost-tiaroz-sakinah-taman-madiun
Kabupaten Madiun,Kost Djaiman Tipe Large,Putri,Kartoharjo,0.0,Tidak,Ya,Ya,Tidak,Tidak,Ya,250000,https://mamikos.com/room/kost-kota-madiun-kost-putri-murah-kost-djaiman-tipe-large-kartoharjo-madiun
Kabupaten Madiun,Kost Shanggradia,Putri,Kecamatan Taman,0.0,Tidak,Tidak,Ya,Tidak,Ya,Tidak,900000,https://mamikos.com/room/kost-kota-madiun-kost-putri-murah-kost-shanggradia-taman-madiun
Kabupaten Madiun,Kost Anisuko Tipe A,Putra,Taman,0.0,Tidak,Ya,Ya,Tidak,Ya,Ya,600000,https://mamikos.com/room/kost-madiun-kost-putra-murah-kost-anisuko-tipe-a-taman-madiun
Kabupaten Madiun,Kost Bu Naya Tipe Standart,Putri,Mangu Harjo,0.0,Tidak,Tidak,Ya,Tidak,Tidak,Ya,550000,https://mamikos.com/room/kost-madiun-kost-putri-murah-kost-bu-naya-tipe-standart-mangu-harjo-madiun-2
Kabupaten Madiun,Kost Kamuya,Putri,Kecamatan Manguharjo,0.0,Ya,Tidak,Ya,Ya,Ya,Ya,1200000,https://mamikos.com/room/kost-kota-madiun-kost-campur-murah--43
Kabupaten Madiun,Kost Ekslusif Griya Seruni,Campur,Kecamatan Kartoharjo,0.0,Ya,Ya,Ya,Ya,Ya,Ya,1300000,https://mamikos.com/room/kost-kota-madiun-kost-campur-eksklusif-kost-ekslusif-griya-seruni-kartoharjo-madiun
Kabupaten Madiun,Kost Wisma Marga Karya Tipe B,Putra,Taman,0.0,Ya,Ya,Ya,Tidak,Ya,Ya,900000,https://mamikos.com/room/kost-kota-madiun-kost-putra-murah-kost-wisma-marga-karya-tipe-b-taman-madiun-2
Kabupaten Madiun,Kost Ryuga,Campur,Kecamatan Manguharjo,0.0,Tidak,Ya,Ya,Tidak,Ya,Tidak,790000,https://mamikos.com/room/kost-kota-madiun-kost-campur-murah--58
Kabupaten Madiun,Kost Warna Warni,Campur,Mangu Harjo,0.0,Tidak,Ya,Ya,Tidak,Ya,Tidak,650000,https://mamikos.com/room/kost-kota-madiun-kost-campur-murah-kost-warna-warni-mangu-harjo-madiun-2
Kabupaten Madiun,Kost Jalan Bali 81 Tipe D,Putra,Kartoharjo,0.0,Ya,Ya,Ya,Ya,Ya,Tidak,1400000,https://mamikos.com/room/kost-madiun-kost-putra-eksklusif-kost-jalan-bali-81-tipe-c-kartoharjo-madiun
Kabupaten Madiun,Kost Panorama Wilis 33,Putra,Kecamatan Taman,0.0,Tidak,Ya,Ya,Tidak,Tidak,Ya,450000,https://mamikos.com/room/kost-kota-madiun-kost-putra-murah-kost-panorama-wilis-33-taman-madiun
Kabupaten Madiun,Kost D Wki Tipe A,Putri,Taman,0.0,Tidak,Ya,Ya,Ya,Tidak,Ya,450000,https://mamikos.com/room/kost-madiun-kost-putri-murah-kost-d-wki-tipe-a-taman-madiun-2
Kabupaten Madiun,Kost Dwi,Putra,Kecamatan Manguharjo,0.0,Tidak,Ya,Ya,Tidak,Ya,Tidak,500000,https://mamikos.com/room/kost-kota-madiun-kost-putra-murah-kost-dwi-manguharjo-madiun-1
Kabupaten Madiun,Kost Serayu Tentrem Tipe A,Putra,Kecamatan Taman,0.0,Tidak,Ya,Ya,Tidak,Tidak,Ya,500000,https://mamikos.com/room/kost-kota-madiun-kost-putra-murah-kost-serayu-tentrem-tipe-a-taman-madiun-2
Kabupaten Madiun,Kost Delta Karyawan,Putra,Kecamatan Kartoharjo,5.0,Tidak,Ya,Ya,Tidak,Ya,Ya,600000,https://mamikos.com/room/kost-kota-madiun-kost-putra-murah-kost-delta-karyawan-kartoharjo-madiun
Kabupaten Madiun,Kost Griya Hasanah Tipe A,Putra,Kecamatan Taman,0.0,Ya,Tidak,Ya,Ya,Ya,Ya,1250000,https://mamikos.com/room/kost-kota-madiun-kost-putra-eksklusif-kost-griya-hasanah-tipe-a-taman-madiun-2
Kabupaten Madiun,Kost Mk House,Putri,Kecamatan Taman,0.0,Ya,Ya,Ya,Ya,Ya,Ya,1500000,https://mamikos.com/room/kost-kota-madiun-kost-putri-eksklusif-kost-mk-house-taman-madiun-2
Kabupaten Madiun,Kost Bu Dwi,Putra,Kecamatan Manguharjo,0.0,Tidak,Ya,Ya,Tidak,Tidak,Tidak,450000,https://mamikos.com/room/kost-kota-madiun-kost-putra-murah-kost-bu-dwi-manguharjo-madiun-2
Kabupaten Madiun,Kost Abimanyu 1,Putra,Kecamatan Kartoharjo,0.0,Tidak,Ya,Ya,Ya,Ya,Ya,650000,https://mamikos.com/room/kost-kota-madiun-kost-putra-murah-kost-abimanyu-1-kartoharjo-madiun
Kabupaten Madiun,Kost Setiabudi Tipe A,Putri,Taman,0.0,Tidak,Tidak,Ya,Ya,Ya,Ya,625000,https://mamikos.com/room/kost-madiun-kost-putra-murah-kost-setiabudi-tipe-a-taman-madiun-2
Kabupaten Madiun,Kost Biru,Putra,Jiwan,0.0,Tidak,Ya,Ya,Ya,Tidak,Ya,400000,https://mamikos.com/room/kost-kabupaten-madiun-kost-putra-murah-kost-biru-jiwan-madiun-1
Kabupaten Madiun,Kost Serayu Tipe A,Campur,Taman,0.0,Ya,Ya,Ya,Ya,Ya,Ya,1350000,https://mamikos.com/room/kost-kota-madiun-kost-campur-eksklusif-kost-serayu-tipe-a-taman-madiun-2
Kabupaten Madiun,Kost Dinatta Tipe VIP,Putra,Kecamatan Kartoharjo,0.0,Ya,Ya,Ya,Ya,Ya,Ya,1000000,https://mamikos.com/room/kost-kota-madiun-kost-putra-eksklusif-kost-dinatta-tipe-vip-kartoharjo-madiun-2
Kabupaten Madiun,Kost Jalan Gegono Manis,Putra,Taman,0.0,Tidak,Ya,Ya,Tidak,Tidak,Tidak,350000,https://mamikos.com/room/kost-madiun-kost-putra-murah-kost-jalan-gegono-manis-taman-madiun-2
Kabupaten Madiun,Kost Hb 1 Tipe 1,Putri,Kecamatan Taman,0.0,Tidak,Tidak,Ya,Ya,Ya,Tidak,400000,https://mamikos.com/room/kost-kota-madiun-kost-putri-murah-kost-hb-1-tipe-1-taman-madiun-2
Kabupaten Madiun,Kost Taman Mendut Patihan,Campur,Mangu Harjo,0.0,Tidak,Ya,Ya,Ya,Ya,Tidak,600000,https://mamikos.com/room/kost-kota-madiun-kost-campur-eksklusif-kost-taman-mendut-patihan-mangu-harjo-madiun
Kabupaten Madiun,Kost Kostori Tipe VVIP,Putra,Taman,0.0,Ya,Ya,Ya,Tidak,Ya,Ya,1000000,https://mamikos.com/room/kost-kota-madiun-kost-putra-murah-kost-kostori-tipe-vvip-taman-madiun-2
Kabupaten Madiun,Kost Teduh,Putri,Kartoharjo,0.0,Tidak,Ya,Ya,Tidak,Tidak,Ya,350000,https://mamikos.com/room/kost-kota-madiun-kost-putri-murah-kost-teduh-kartoharjo-madiun-1
Kabupaten Madiun,Kost Menik Jaya Margobawero Tipe C,Campur,Taman,0.0,Ya,Ya,Ya,Ya,Ya,Ya,1200000,https://mamikos.com/room/kost-madiun-kost-campur-eksklusif-kost-menik-jaya-margobawero20-tipe-c-taman-madiun-1
Kabupaten Madiun,Kost Green 2,Putri,Kecamatan Kartoharjo,0.0,Tidak,Tidak,Ya,Ya,Ya,Ya,700000,https://mamikos.com/room/kost-kota-madiun-kost-putri-murah-kost-green-2-kartoharjo-madiun-1
Kabupaten Madiun,Kost Arzelhouse Executive,Putra,Kecamatan Taman,0.0,Ya,Ya,Tidak,Ya,Ya,Ya,1200000,https://mamikos.com/room/kost-kota-madiun-kost-putra-eksklusif-kost-arzelhouse-executive-taman-madiun
Kabupaten Madiun,Kost Pojok Tipe A,Putri,Taman,0.0,Tidak,Tidak,Ya,Tidak,Tidak,Ya,400000,https://mamikos.com/room/kost-kota-madiun-kost-putri-murah-kost-pojok-tipe-a-taman-madiun
Kabupaten Madiun,Kost Jalan Bali 81 Tipe C,Putra,Kartoharjo,0.0,Ya,Ya,Ya,Ya,Ya,Tidak,1200000,https://mamikos.com/room/kost-madiun-kost-putra-murah-kost-jalan-bali-81-tipe-a-kartoharjo-madiun
Kabupaten Madiun,Kost Sukosari Tipe A,Putri,Kecamatan Kartoharjo,0.0,Tidak,Tidak,Ya,Tidak,Tidak,Ya,350000,https://mamikos.com/room/kost-kota-madiun-kost-putri-murah-kost-sukosari-tipe-a-kartoharjo-madiun
Kabupaten Madiun,Kost Samawa Tipe B,Putri,Kecamatan Manguharjo,0.0,Ya,Ya,Ya,Ya,Ya,Ya,900000,https://mamikos.com/room/kost-kota-madiun-kost-putra-murah-kost-samawa-tipe-b-manguharjo-madiun
Kabupaten Madiun,Kost Olla 1 Executive,Putri,Taman,0.0,Ya,Ya,Ya,Ya,Ya,Ya,1000000,https://mamikos.com/room/kost-kota-madiun-kost-putri-eksklusif-kost-olla-1-executive-taman-madiun-2
Kabupaten Madiun,Kost Luwes Tipe A,Campur,Kartoharjo,0.0,Tidak,Ya,Ya,Tidak,Ya,Ya,600000,https://mamikos.com/room/kost-kota-madiun-kost-campur-murah-kost-luwes-tipe-a-kartoharjo-madiun
Kabupaten Madiun,Kost Daarul Falaah,Putri,Kecamatan Kartoharjo,0.0,Tidak,Ya,Ya,Tidak,Ya,Ya,675000,https://mamikos.com/room/kost-kota-madiun-kost-putri-murah-kost-daarul-falaah-kartoharjo-madiun
Kabupaten Madiun,Kost Griya Rame Tipe A Mangu Harjo,Campur,Kecamatan Manguharjo,4.0,Tidak,Tidak,Ya,Tidak,Ya,Ya,600000,https://mamikos.com/room/kost-kota-madiun-kost-campur-murah-kost-griya-rame-tipe-a-mangu-harjo-madiun-2
Kabupaten Madiun,Kost Jalan Bali 81 Tipe A,Campur,Kartoharjo,0.0,Tidak,Ya,Ya,Ya,Ya,Tidak,900000,https://mamikos.com/room/kost-madiun-kost-campur-eksklusif-kost-jalan-bali-81-tipe-b-kartoharjo-madiun
Kabupaten Madiun,Kost Annisa Tipe A,Putri,Kecamatan Kartoharjo,0.0,Ya,Ya,Ya,Ya,Ya,Ya,1000000,https://mamikos.com/room/kost-kota-madiun-kost-putri-eksklusif-kost-annisa-tipe-a-kartoharjo-madiun-3
Kabupaten Madiun,Kost Putih Tipe B,Putra,Mangu Harjo,2.0,Tidak,Ya,Ya,Tidak,Ya,Ya,700000,https://mamikos.com/room/kost-madiun-kost-putra-eksklusif-kost-putih-tipe-b-mangu-harjo-madiun-2
Kabupaten Madiun,Kost Griya Mukti Tipe Non Ac,Putri,Taman,0.0,Tidak,Tidak,Ya,Ya,Ya,Ya,750000,https://mamikos.com/room/kost-madiun-kost-putri-murah-kost-griya-mukti-tipe-non-ac-taman-madiun
Kabupaten Madiun,Kost Domiresa,Putri,Kecamatan Taman,0.0,Tidak,Ya,Ya,Tidak,Tidak,Ya,500000,https://mamikos.com/room/kost-kota-madiun-kost-putri-murah-kost-domiresa-taman-madiun
Kabupaten Madiun,Kost Patihan Manguharjo,Campur,Mangu Harjo,0.0,Tidak,Ya,Ya,Ya,Ya,Tidak,600000,https://mamikos.com/room/kost-madiun-kost-campur-eksklusif-kost-patihan-madiun-1
Kabupaten Madiun,Kost Setiabudi Tipe B,Putri,Taman,0.0,Tidak,Tidak,Ya,Ya,Ya,Ya,675000,https://mamikos.com/room/kost-madiun-kost-putra-murah-kost-setiabudi-tipe-b-taman-madiun-2
Kabupaten Madiun,Kost Zyndi,Putri,Kecamatan Kartoharjo,0.0,Tidak,Tidak,Ya,Tidak,Tidak,Ya,350000,https://mamikos.com/room/kost-kota-madiun-kost-putri-murah-kost-zyndi-kartoharjo-madiun
Kabupaten Madiun,Kost N3 House Tipe A1,Putra,Kecamatan Kartoharjo,0.0,Tidak,Ya,Ya,Ya,Tidak,Ya,500000,https://mamikos.com/room/kost-kota-madiun-kost-putra-murah-kost-n3-house-tipe-a1-kartoharjo-madiun
Kabupaten Madiun,Kost Nayra,Campur,Kecamatan Manguharjo,0.0,Tidak,Tidak,Ya,Tidak,Ya,Tidak,650000,https://mamikos.com/room/kost-kota-madiun-kost-campur-murah--53
Kabupaten Madiun,Kost Yuli,Campur,Jiwan,0.0,Tidak,Ya,Ya,Ya,Tidak,Ya,500000,https://mamikos.com/room/kost-kabupaten-madiun-kost-campur-murah-kost-yuli-jiwan-madiun
Kabupaten Madiun,Kost Srikandi Tipe A,Putri,Kecamatan Taman,5.0,Tidak,Ya,Ya,Tidak,Ya,Ya,465000,https://mamikos.com/room/kost-kota-madiun-kost-putri-murah-kost-srikandi-tipe-a-taman-madiun-2
Kabupaten Madiun,Kost Shinta,Putra,Kecamatan Kartoharjo,0.0,Tidak,Ya,Tidak,Tidak,Tidak,Tidak,500000,https://mamikos.com/room/kost-kota-madiun-kost-putra-murah-kost-shinta-kartoharjo-madiun
Kabupaten Madiun,Kost Griya Sumatra Tipe A,Campur,Mangu Harjo,0.0,Ya,Ya,Ya,Ya,Ya,Ya,1500000,https://mamikos.com/room/kost-kota-madiun-kost-campur-eksklusif-kost-griya-sumatra-tipe-a-mangu-harjo-madiun
Kabupaten Madiun,Kost Rumah Mentari I Tipe Ac,Campur,Mangu Harjo,5.0,Ya,Ya,Ya,Tidak,Ya,Ya,550000,https://mamikos.com/room/kost-madiun-kost-campur-eksklusif-kost-rumah-mentari-i-tipe-ac-mangu-harjo-madiun
Kabupaten Madiun,Kost Bibriri Tipe A,Putri,Kecamatan Kartoharjo,0.0,Ya,Ya,Ya,Ya,Ya,Ya,1200000,https://mamikos.com/room/kost-kota-madiun-kost-putri-eksklusif-kost-bibriri-tipe-a-kartoharjo-madiun
Kabupaten Madiun,Kost Griya Banjar Asri,Putri,Kecamatan Taman,0.0,Tidak,Tidak,Ya,Tidak,Ya,Ya,800000,https://mamikos.com/room/kost-kota-madiun-kost-putri-murah-kost-griya-banjar-asri-taman-madiun
Kabupaten Madiun,Kost Srikandi Vvip,Putri,Kecamatan Taman,0.0,Tidak,Ya,Ya,Tidak,Ya,Ya,800000,https://mamikos.com/room/kost-kota-madiun-kost-putri-murah-kost-srikandi-vvip-taman-madiun-2
Kabupaten Madiun,Kost Samawa Tipe A,Putri,Kecamatan Manguharjo,0.0,Tidak,Ya,Ya,Ya,Ya,Ya,650000,https://mamikos.com/room/kost-kota-madiun-kost-putri-murah-kost-samawa-tipe-a-manguharjo-madiun
Kabupaten Madiun,Kost Devina Chan,Putri,Kecamatan Taman,0.0,Tidak,Tidak,Tidak,Tidak,Tidak,Tidak,500000,https://mamikos.com/room/kost-kota-madiun-kost-putri-murah-kost-devina-chan-taman-madiun
Kabupaten Madiun,Kost The Royal Standart Room Mangu Harjo,Putri,Kecamatan Manguharjo,0.0,Tidak,Tidak,Ya,Ya,Ya,Ya,750000,https://mamikos.com/room/kost-kota-madiun-kost-putri-murah-kost-the-royal-standart-room-mangu-harjo-madiun-2
Kabupaten Madiun,Kost Pudak Asri Tipe A,Putri,Kecamatan Kartoharjo,0.0,Ya,Ya,Ya,Tidak,Tidak,Ya,1000000,https://mamikos.com/room/kost-kota-madiun-kost-putri-eksklusif-kost-pudak-asri-tipe-a-kartoharjo-madiun
Kabupaten Madiun,Kost Griya Oranye Tipe A,Campur,Kecamatan Manguharjo,0.0,Tidak,Ya,Ya,Tidak,Ya,Ya,600000,https://mamikos.com/room/kost-kota-madiun-kost-campur-murah-kost-griya-oranye-tipe-a-manguharjo-madiun
Kabupaten Madiun,Kost Wijaya Like,Putri,Kartoharjo,0.0,Tidak,Tidak,Ya,Ya,Ya,Ya,650000,https://mamikos.com/room/kost-madiun-kost-putri-murah-kost-wijaya-like-kartoharjo-madiun
Kabupaten Madiun,Kost Al Amien Tipe A,Campur,Kecamatan Taman,0.0,Ya,Ya,Ya,Ya,Ya,Tidak,1200000,https://mamikos.com/room/kost-kota-madiun-kost-campur-eksklusif-kost-al-amien-tipe-a-taman-madiun-1
Kabupaten Madiun,Kost Aska Tipe A,Putri,Kecamatan Taman,0.0,Tidak,Ya,Ya,Tidak,Ya,Tidak,400000,https://mamikos.com/room/kost-kota-madiun-kost-putri-murah-kost-aska-tipe-a-taman-madiun
Kabupaten Madiun,Kost Gosyen Tipe AC,Campur,Taman,0.0,Ya,Tidak,Ya,Ya,Ya,Ya,1000000,https://mamikos.com/room/kost-kota-madiun-kost-campur-eksklusif-kost-gosyen-tipe-ac-taman-madiun-2
Kabupaten Madiun,Kost Karunia Tipe Ac,Putri,Kecamatan Taman,0.0,Ya,Tidak,Ya,Ya,Tidak,Ya,950000,https://mamikos.com/room/kost-kota-madiun-kost-putri-murah-kost-karunia-tipe-ac-taman-madiun
Kabupaten Madiun,Kost Cendana,Putri,Kecamatan Taman,0.0,Tidak,Tidak,Ya,Tidak,Tidak,Ya,400000,https://mamikos.com/room/kost-kota-madiun-kost-putri-murah-kost-cendana-taman-madiun
Kabupaten Madiun,Kost Ell,Putri,Kartoharjo,0.0,Tidak,Ya,Ya,Tidak,Ya,Tidak,499999,https://mamikos.com/room/kost-kota-madiun-kost-putri-murah-kost-ell-kartoharjo-madiun
Kabupaten Madiun,Kost Kalimantan Pak Ucok Tipe A,Putri,Kartoharjo,0.0,Tidak,Ya,Ya,Tidak,Tidak,Ya,500000,https://mamikos.com/room/kost-kota-madiun-kost-putri-murah-kost-kalimantan-pak-ucok-tipe-a-kartoharjo-madiun-2
Kabupaten Madiun,Kost Threenaf,Putra,Taman,0.0,Ya,Tidak,Ya,Tidak,Ya,Ya,1100000,https://mamikos.com/room/kost-kota-madiun-kost-putra-eksklusif-kost-threenaf-taman-madiun
Kabupaten Madiun,Kost Firdaus,Putra,Taman,5.0,Ya,Ya,Ya,Ya,Ya,Ya,1100000,https://mamikos.com/room/kost-kota-madiun-kost-putra-murah-kost-taman-firdaus-taman-madiun
Kabupaten Madiun,Kost Sulawesi Tipe C,Campur,Kartoharjo,0.0,Tidak,Ya,Ya,Ya,Tidak,Tidak,550000,https://mamikos.com/room/kost-kota-madiun-kost-campur-murah-kost-sulawesi-tipe-c-kartoharjo-madiun-2
Kabupaten Madiun,Kost Tentrem 1 Tipe Non Premium,Putri,Taman,0.0,Tidak,Ya,Ya,Tidak,Tidak,Ya,400000,https://mamikos.com/room/kost-madiun-kost-putri-murah-kost-tentrem-1-tipe-non-premium-taman-madiun-2
Kabupaten Madiun,Kost Tuntang ABC Tipe A,Putri,Kecamatan Taman,0.0,Ya,Tidak,Ya,Ya,Ya,Tidak,1000000,https://mamikos.com/room/kost-kota-madiun-kost-putri-eksklusif-kost-tuntang-abc-tipe-a-taman-madiun
Kabupaten Madiun,Kost Dina Tipe A,Campur,Kecamatan Taman,0.0,Tidak,Tidak,Ya,Tidak,Ya,Tidak,550000,https://mamikos.com/room/kost-kota-madiun-kost-campur-murah-kos-dina-tipe-a-taman-madiun-1
Kabupaten Madiun,Kost Cemara Tipe B,Putri,Taman,0.0,Tidak,Ya,Ya,Tidak,Tidak,Ya,400000,https://mamikos.com/room/kost-kota-madiun-kost-putri-murah-kost-cemara-tipe-b-taman-madiun
Kabupaten Madiun,Kost Bu Ana Tipe C,Putra,Kecamatan Manguharjo,0.0,Tidak,Tidak,Ya,Tidak,Tidak,Ya,475000,https://mamikos.com/room/kost-kota-madiun-kost-campur-murah--41
Kabupaten Madiun,Kost Rumah Surya Fajar Exclusive,Putra,Kecamatan Taman,0.0,Ya,Ya,Ya,Ya,Ya,Ya,1000000,https://mamikos.com/room/kost-kota-madiun-kost-putra-eksklusif-kost-rumah-surya-fajar-exclusive-taman-madiun-2
Kabupaten Madiun,Kost Bu Ana Tipe B,Putra,Kecamatan Manguharjo,0.0,Tidak,Tidak,Ya,Tidak,Tidak,Ya,475000,https://mamikos.com/room/kost-kota-madiun-kost-campur-murah--33
Kabupaten Madiun,Kost Karunia Tipe Non Ac,Putri,Taman,0.0,Tidak,Tidak,Ya,Ya,Tidak,Ya,550000,https://mamikos.com/room/kost-kota-madiun-kost-putri-murah-kost-karunia-tipe-non-ac-taman-madiun-2
Kabupaten Madiun,Kost Rumah Zarief,Putra,Kecamatan Taman,0.0,Ya,Tidak,Ya,Ya,Ya,Ya,1250000,https://mamikos.com/room/kost-kota-madiun-kost-putra-eksklusif-kost-rumah-zarief-taman-madiun
Kabupaten Madiun,Kost Pak Gin,Putri,Kartoharjo,0.0,Tidak,Ya,Ya,Ya,Tidak,Ya,550000,https://mamikos.com/room/kost-kota-madiun-kost-putri-murah-kost-pak-gin-kartoharjo-madiun
Kabupaten Madiun,Kost Sehat Wirastri Tipe A,Putri,Taman,0.0,Tidak,Ya,Ya,Ya,Tidak,Ya,500000,https://mamikos.com/room/kost-kota-madiun-kost-putri-murah-kost-sehat-wirastri-tipe-a-taman-madiun-2
Kabupaten Madiun,Kost Nirwana Tipe A,Putri,Kartoharjo,0.0,Tidak,Ya,Ya,Tidak,Ya,Ya,580000,https://mamikos.com/room/kost-kota-madiun-kost-putri-murah-kost-nirwana-tipe-a-kartoharjo-madiun
Kabupaten Madiun,Kost Griya Endys Klappy,Putri,Kecamatan Taman,0.0,Tidak,Tidak,Ya,Tidak,Tidak,Ya,300000,https://mamikos.com/room/kost-kota-madiun-kost-putri-murah-kost-griya-endys-klappy-taman-madiun-2
Kabupaten Madiun,Kost Cemara Tipe A,Putri,Taman,0.0,Tidak,Ya,Ya,Tidak,Tidak,Ya,400000,https://mamikos.com/room/kost-kota-madiun-kost-putri-murah-kost-cemara-tipe-a-taman-madiun
Kabupaten Madiun,Kost Ibu Siti Maimunah Tipe A Manguharjo,Putri,Mangu Harjo,0.0,Tidak,Tidak,Ya,Tidak,Ya,Ya,400000,https://mamikos.com/room/kost-madiun-kost-putri-murah-kost-ibu-siti-maimunah-tipe-a-manguharjo-madiun
Kabupaten Madiun,Kost Elang Biru,Putra,Kecamatan Taman,0.0,Tidak,Ya,Ya,Tidak,Tidak,Tidak,500000,https://mamikos.com/room/kost-kota-madiun-kost-putra-murah-kost-elang-biru-taman-madiun-1
Kabupaten Madiun,Kost Putri Suhartati,Putri,Kartoharjo,4.8,Tidak,Tidak,Ya,Tidak,Tidak,Tidak,400000,https://mamikos.com/room/kost-madiun-kost-putri-murah-kost-putri-suhartati-madiun
Kabupaten Madiun,Kost Putih Tipe A,Putra,Mangu Harjo,0.0,Tidak,Ya,Ya,Tidak,Ya,Ya,725000,https://mamikos.com/room/kost-kota-madiun-kost-putra-eksklusif-kost-putih-tipe-a-mangu-harjo-madiun
Kabupaten Madiun,Kost N3 House Tipe C,Putra,Kecamatan Taman,0.0,Tidak,Ya,Ya,Ya,Tidak,Ya,900000,https://mamikos.com/room/kost-kota-madiun-kost-putra-murah-kost-n3-house-tipe-c-taman-madiun
Kabupaten Madiun,Kost Aquila Living Ac,Putri,Kecamatan Kartoharjo,0.0,Ya,Ya,Ya,Ya,Ya,Ya,1000000,https://mamikos.com/room/kost-kota-madiun-kost-putri-eksklusif-kost-aquila-living-ac-kartoharjo-madiun-2
Kabupaten Madiun,Kost Griya Efrata Tipe B,Putri,Kecamatan Manguharjo,0.0,Ya,Tidak,Ya,Ya,Ya,Ya,1000000,https://mamikos.com/room/kost-kota-madiun-kost-putri-eksklusif-kost-griya-efrata-tipe-b-manguharjo-madiun
Kabupaten Madiun,Kost Aa,Putra,Taman,5.0,Tidak,Ya,Ya,Tidak,Ya,Ya,500000,https://mamikos.com/room/kost-kota-madiun-kost-putra-eksklusif-kost-aa-taman-madiun-2
Kabupaten Madiun,Kost Griya 42 Tipe VVIP,Campur,Kartoharjo,0.0,Ya,Ya,Ya,Ya,Ya,Ya,1500000,https://mamikos.com/room/kost-madiun-kost-campur-eksklusif-kost-griya-42-tipe-vvip-kartoharjo-madiun
Kabupaten Madiun,Kost Kelapa Sari 41 Tipe A,Putri,Taman,0.0,Tidak,Tidak,Ya,Ya,Tidak,Tidak,500000,https://mamikos.com/room/kost-kota-madiun-kost-putri-murah-kost-kelapa-sari-41-tipe-a-taman-madiun-1
Kabupaten Madiun,Kost Pojok Tipe C,Putri,Taman,0.0,Tidak,Ya,Ya,Tidak,Tidak,Ya,500000,https://mamikos.com/room/kost-kota-madiun-kost-putri-eksklusif-kost-pojok-tipe-c-taman-madiun
Kabupaten Madiun,Kost Jasmine Tipe A,Putri,Kartoharjo,0.0,Tidak,Ya,Ya,Ya,Ya,Ya,600000,https://mamikos.com/room/kost-kota-madiun-kost-putri-murah-kost-jasmine-tipe-a-kartoharjo-madiun-2
Kabupaten Madiun,Kost Rumah Daisy Standard,Putri,Taman,0.0,Tidak,Ya,Ya,Tidak,Tidak,Ya,450000,https://mamikos.com/room/kost-kota-madiun-kost-putri-murah-kost-rumah-daisy-standard-taman-madiun-2
Kabupaten Madiun,Kost Towangsan Tipe B1,Putra,Kecamatan Taman,0.0,Tidak,Ya,Ya,Tidak,Tidak,Tidak,300000,https://mamikos.com/room/kost-kota-madiun-kost-putra-murah-kost-towangsan-tipe-b1-taman-madiun
Kabupaten Madiun,Kost Bibriri Tipe D,Putri,Kecamatan Kartoharjo,0.0,Ya,Ya,Ya,Tidak,Ya,Ya,1300000,https://mamikos.com/room/kost-kota-madiun-kost-putri-eksklusif-kost-bibriri-tipe-d-kartoharjo-madiun-2
Kabupaten Madiun,Kost Bibriri Tipe B,Putri,Kecamatan Taman,0.0,Ya,Ya,Ya,Tidak,Ya,Ya,1300000,https://mamikos.com/room/kost-kota-madiun-kost-putri-eksklusif-kost-bibriri-tipe-b-taman-madiun
Kabupaten Madiun,Kost Green 1,Putri,Kartoharjo,5.0,Tidak,Ya,Ya,Ya,Tidak,Ya,500000,https://mamikos.com/room/kost-kota-madiun-kost-putri-murah-kost-green-1-kartoharjo-madiun
Kabupaten Madiun,Kost Griya Merpati Tipe A,Putri,Kecamatan Manguharjo,0.0,Tidak,Ya,Ya,Ya,Tidak,Tidak,450000,https://mamikos.com/room/kost-kota-madiun-kost-putri-murah-kost-griya-merpati-tipe-a-manguharjo-madiun
Kabupaten Madiun,Kost Griya Bu Miya Tipe A,Putri,Kecamatan Taman,0.0,Tidak,Tidak,Ya,Tidak,Ya,Ya,650000,https://mamikos.com/room/kost-kota-madiun-kost-putri-murah-kost-griya-bu-miya-tipe-a-taman-madiun-2
Kabupaten Madiun,Kost Budi Daya 2B,Putri,Kartoharjo,0.0,Tidak,Ya,Ya,Tidak,Ya,Ya,700000,https://mamikos.com/room/kost-kota-madiun-kost-putri-murah-kost-budi-daya-2b-kartoharjo-madiun
Kabupaten Madiun,Kost Griya Efrata Tipe A,Putri,Kecamatan Manguharjo,0.0,Ya,Tidak,Ya,Ya,Ya,Ya,1100000,https://mamikos.com/room/kost-kota-madiun-kost-putri-eksklusif-kost-griya-efrata-tipe-a-manguharjo-madiun
Kabupaten Madiun,Kost Astoria I Tipe B,Putra,Kartoharjo,4.9,Tidak,Tidak,Ya,Tidak,Tidak,Ya,600000,https://mamikos.com/room/kost-kota-madiun-kost-putra-murah-kost-astoria-i-tipe-b-kartoharjo-madiun
Kabupaten Madiun,Kost Griya 99,Putri,Kecamatan Kartoharjo,0.0,Ya,Tidak,Ya,Ya,Ya,Ya,1350000,https://mamikos.com/room/kost-kota-madiun-kost-putri-eksklusif-kost-griya-99-kartoharjo-madiun
Kabupaten Madiun,Kost T Bantengan Tipe A,Campur,Wungu,0.0,Ya,Ya,Ya,Tidak,Ya,Tidak,800000,https://mamikos.com/room/kost-madiun-kost-campur-murah-kost-t-bantengan-tipe-a-wungu-madiun-1
Kabupaten Madiun,Kost Al Amien Tipe B,Campur,Kecamatan Taman,0.0,Ya,Ya,Ya,Ya,Ya,Tidak,1500000,https://mamikos.com/room/kost-kota-madiun-kost-campur-eksklusif-kost-al-amien-tipe-b-taman-madiun
Kabupaten Madiun,Kost Aizah Tipe A,Putri,Kartoharjo,0.0,Tidak,Tidak,Ya,Tidak,Ya,Ya,500000,https://mamikos.com/room/kost-madiun-kost-putri-murah-kost-aizah-tipe-a-kartoharjo-madiun
Kabupaten Madiun,Kost Antok,Campur,Kecamatan Taman,0.0,Tidak,Ya,Ya,Tidak,Ya,Ya,450000,https://mamikos.com/room/kost-kota-madiun-kost-campur-murah-kost-antok-taman-madiun
Kabupaten Madiun,Kost Mulia Samping Masjid Al Usman Tipe Standart,Campur,Kecamatan Jiwan,0.0,Tidak,Tidak,Ya,Tidak,Tidak,Ya,350000,https://mamikos.com/room/kost-kabupaten-madiun-kost-campur-murah-kost-mulia-samping-masjid-al-usman-tipe-standart-jiwan-madiun
Kabupaten Madiun,Kost Rumah Usadasari Vip,Campur,Kecamatan Kartoharjo,0.0,Ya,Ya,Ya,Ya,Ya,Ya,1200000,https://mamikos.com/room/kost-kota-madiun-kost-campur-eksklusif-kost-rumah-usadasari-vip-kartoharjo-madiun
Kabupaten Madiun,Kost Johana,Putri,Kecamatan Kartoharjo,0.0,Tidak,Ya,Ya,Tidak,Tidak,Tidak,350000,https://mamikos.com/room/kost-kota-madiun-kost-putri-murah-kost-johana-kartoharjo-madiun-2
Kabupaten Madiun,Kost Griya Bahagya,Campur,Wungu,0.0,Tidak,Ya,Tidak,Tidak,Ya,Ya,800000,https://mamikos.com/room/kost-kabupaten-madiun-kost-campur-murah-kost-griya-bahagya-wungu-madiun
Kabupaten Madiun,Kost Griya Renzy,Putri,Kartoharjo,0.0,Tidak,Tidak,Ya,Tidak,Tidak,Ya,400000,https://mamikos.com/room/kost-kota-madiun-kost-putri-murah-kost-griya-renzy-kartoharjo-madiun-2
Kabupaten Madiun,Kost Kelapa Sari 41 Tipe C,Putri,Taman,0.0,Tidak,Tidak,Ya,Ya,Tidak,Tidak,700000,https://mamikos.com/room/kost-kota-madiun-kost-putri-murah-kost-kelapa-sari-41-tipe-c-taman-madiun-1
Kabupaten Madiun,Kost Rumah Ira,Putri,Taman,0.0,Tidak,Ya,Ya,Ya,Tidak,Tidak,350000,https://mamikos.com/room/kost-madiun-kost-putri-murah-kost-rumah-ira-taman-madiun-1
Kabupaten Madiun,Kost Mewah Tipe A,Putra,Kecamatan Manguharjo,0.0,Ya,Ya,Ya,Ya,Ya,Ya,1000000,https://mamikos.com/room/kost-kota-madiun-kost-campur-murah--40
Kabupaten Madiun,Kost Griya Fadamas Syariah Standard,Putri,Taman,0.0,Ya,Ya,Ya,Ya,Ya,Ya,1000000,https://mamikos.com/room/kost-kota-madiun-kost-putri-eksklusif-kost-griya-fadamas-syariah-standard-taman-madiun-2
Kabupaten Madiun,Kost The Royal Executive Mangu Harjo,Putri,Kecamatan Manguharjo,0.0,Ya,Tidak,Ya,Ya,Ya,Ya,1500000,https://mamikos.com/room/kost-kota-madiun-kost-putri-eksklusif-kost-the-royal-executive-mangu-harjo-madiun-2
Kabupaten Madiun,Kost Astoria I Tipe A,Putra,Kartoharjo,0.0,Tidak,Tidak,Ya,Tidak,Tidak,Tidak,600000,https://mamikos.com/room/kost-madiun-kost-putra-murah-kost-astoria-i-tipe-a-kartoharjo-madiun-1
Kabupaten Madiun,Kost BWI 2 B23,Putri,Kecamatan Manguharjo,0.0,Tidak,Tidak,Ya,Ya,Tidak,Ya,600000,https://mamikos.com/room/kost-kota-madiun-kost-campur-murah--38
Kabupaten Madiun,Kost Towangsan Tipe A,Putra,Kecamatan Taman,0.0,Tidak,Ya,Ya,Tidak,Tidak,Tidak,500000,https://mamikos.com/room/kost-kota-madiun-kost-putra-murah-kost-towangsan-tipe-a-taman-madiun-2
Kabupaten Madiun,Kost Bu Harso Reguler,Putra,Kecamatan Manguharjo,0.0,Tidak,Tidak,Ya,Ya,Tidak,Ya,500000,https://mamikos.com/room/kost-kota-madiun-kost-putra-murah-kost-bu-harso-reguler-manguharjo-madiun-1
Kabupaten Madiun,Kost Wisma Marga Karya Tipe A,Putra,Kecamatan Taman,0.0,Tidak,Ya,Ya,Tidak,Ya,Ya,700000,https://mamikos.com/room/kost-kota-madiun-kost-putra-murah-kost-wisma-marga-karya-tipe-a-taman-madiun-2
Kabupaten Madiun,Kost Pisang,Putri,Kecamatan Taman,0.0,Tidak,Ya,Ya,Tidak,Ya,Ya,550000,https://mamikos.com/room/kost-kota-madiun-kost-putri-murah-kost-pisang-taman-madiun
Kabupaten Madiun,Kost N3 House Tipe D,Putra,Kecamatan Taman,0.0,Tidak,Ya,Ya,Ya,Tidak,Ya,650000,https://mamikos.com/room/kost-kota-madiun-kost-putra-murah-kost-n3-house-tipe-d-taman-madiun
Kabupaten Madiun,Kost Hafizh A1,Putri,Kecamatan Kartoharjo,0.0,Tidak,Tidak,Ya,Ya,Ya,Ya,800000,https://mamikos.com/room/kost-kota-madiun-kost-putri-murah-kost-hafizh-a1-kartoharjo-madiun-2
Kabupaten Madiun,Kost Bibriri Tipe C,Putri,Kartoharjo,0.0,Tidak,Ya,Ya,Tidak,Ya,Ya,800000,https://mamikos.com/room/kost-kota-madiun-kost-putri-murah-kost-bibriri-tipe-c-kartoharjo-madiun
Kabupaten Madiun,Kost Bu Abadi Tipe A,Putri,Kecamatan Kartoharjo,0.0,Tidak,Ya,Ya,Tidak,Tidak,Tidak,350000,https://mamikos.com/room/kost-kota-madiun-kost-putri-murah-kost-bu-abadi-kamar-kos-1-org-2-org-dan-3-org-kartoharjo-madiun-1
Kabupaten Madiun,Kost Bu Yulis,Campur,Kecamatan Jiwan,0.0,Tidak,Ya,Ya,Tidak,Tidak,Tidak,500000,https://mamikos.com/room/kost-kabupaten-madiun-kost-campur-murah-kost-bu-yulis-jiwan-madiun
Kabupaten Madiun,Kost Tipe A,Putri,Kecamatan Taman,0.0,Tidak,Tidak,Ya,Tidak,Tidak,Ya,450000,https://mamikos.com/room/kost-kota-madiun-kost-putri-murah-kost-taman-tipe-a-taman-madiun
Kabupaten Madiun,Kost Ummi House Manguharjo,Putri,Mangu Harjo,0.0,Ya,Tidak,Ya,Ya,Ya,Ya,1000000,https://mamikos.com/room/kost-madiun-kost-putri-eksklusif-kost-ummi-house-manguharjo-madiun
Kabupaten Madiun,Kost Bu Ana Tipe A,Putra,Kecamatan Manguharjo,0.0,Tidak,Tidak,Ya,Tidak,Tidak,Ya,400000,https://mamikos.com/room/kost-kota-madiun-kost-campur-murah--31
Kabupaten Madiun,Kost Gelatik Tipe A,Putra,Manguharjo,0.0,Tidak,Ya,Ya,Tidak,Ya,Tidak,650000,https://mamikos.com/room/kost-kota-madiun-kost-campur-murah--50
Kabupaten Madiun,Kost Sogaten,Campur,Kecamatan Manguharjo,0.0,Tidak,Ya,Tidak,Tidak,Ya,Tidak,500000,https://mamikos.com/room/kost-kota-madiun-kost-campur-murah--54
Kabupaten Madiun,Kost Betah Tipe A,Putri,Kecamatan Jiwan,0.0,Tidak,Ya,Ya,Tidak,Ya,Ya,600000,https://mamikos.com/room/kost-kabupaten-madiun-kost-putri-murah-kost-betah-tipe-a-jiwan-madiun
Kabupaten Madiun,Kost Bu Bambang Tipe 2,Campur,Kecamatan Jiwan,0.0,Tidak,Ya,Ya,Ya,Tidak,Ya,500000,https://mamikos.com/room/kost-kabupaten-madiun-kost-campur-murah-kost-bu-bambang-tipe-2-jiwan-madiun-1
Kabupaten Madiun,Kost Hida,Putri,Kecamatan Manguharjo,0.0,Tidak,Tidak,Ya,Tidak,Ya,Ya,625000,https://mamikos.com/room/kost-kota-madiun-kost-campur-murah--68
Kabupaten Madiun,Kost Sehat Wirastri,Putri,Kecamatan Taman,0.0,Ya,Ya,Ya,Tidak,Tidak,Ya,1000000,https://mamikos.com/room/kost-kota-madiun-kost-putri-eksklusif-kost-sehat-wirastri-taman-madiun
Kabupaten Madiun,Kost Poris Tipe B,Putri,Taman,5.0,Ya,Ya,Ya,Tidak,Ya,Ya,1000000,https://mamikos.com/room/kost-madiun-kost-putri-eksklusif-kost-poris-tipe-b-taman-madiun-1
Kabupaten Madiun,Kost Atharra,Putri,Kecamatan Geger,0.0,Tidak,Ya,Ya,Tidak,Ya,Tidak,550000,https://mamikos.com/room/kost-kabupaten-madiun-kost-putri-murah-atharra-kamar-isi-siap-huni-geger-madiun-2
Kabupaten Madiun,Kost Rumah Pink I Tipe A,Putri,Taman,0.0,Tidak,Tidak,Ya,Ya,Tidak,Tidak,450000,https://mamikos.com/room/kost-kota-madiun-kost-putri-murah-kost-rumah-pink-i-tipe-a-taman-madiun-2
Kabupaten Madiun,Kost Kelapa Sari 41 Tipe B,Putri,Taman,5.0,Tidak,Tidak,Ya,Ya,Tidak,Tidak,500000,https://mamikos.com/room/kost-kota-madiun-kost-putri-murah-kost-kelapa-sari-41-tipe-b-taman-madiun-1
Kabupaten Madiun,Kost Fathur,Putra,Kecamatan Taman,0.0,Tidak,Ya,Ya,Ya,Ya,Ya,400000,https://mamikos.com/room/kost-kota-madiun-kost-putra-murah-kost-fathur-taman-madiun-2
Kabupaten Madiun,Kost Shanggradia 2 Tipe A,Putri,Kartoharjo,0.0,Tidak,Tidak,Ya,Ya,Ya,Ya,600000,https://mamikos.com/room/kost-kota-madiun-kost-putri-murah-kost-shanggradia-2-tipe-a-kartoharjo-madiun
Kabupaten Madiun,Kost Jati Utama,Putri,Kartoharjo,0.0,Tidak,Ya,Ya,Ya,Ya,Ya,500000,https://mamikos.com/room/kost-kota-madiun-kost-putri-murah-kost-jati-utama-kartoharjo-madiun-2
Kabupaten Madiun,Kost Griya Utama Tipe Standart,Putri,Taman,0.0,Tidak,Tidak,Ya,Tidak,Ya,Ya,600000,https://mamikos.com/room/kost-kota-madiun-kost-putri-murah-kost-griya-utama-tipe-standart-taman-madiun-2
Kabupaten Madiun,Kost 28 C,Putri,Kartoharjo,0.0,Tidak,Tidak,Ya,Tidak,Tidak,Ya,250000,https://mamikos.com/room/kost-kota-madiun-kost-putri-murah-kost-28-c-kartoharjo-madiun
Kabupaten Madiun,Kost Swan Homestay Tipe B,Putri,Taman,0.0,Tidak,Tidak,Ya,Ya,Tidak,Tidak,500000,https://mamikos.com/room/kost-kota-madiun-kost-putri-murah-kost-swan-homestay-tipe-b-taman-madiun-2
Kabupaten Madiun,Kost Pak Man Tipe A,Putri,Kecamatan Kartoharjo,0.0,Tidak,Tidak,Ya,Tidak,Tidak,Ya,400000,https://mamikos.com/room/kost-kota-madiun-kost-putri-murah-kost-pak-man-tipe-a-kartoharjo-madiun-2
Kabupaten Madiun,Kost Wijaya Like,Putri,Taman,5.0,Tidak,Tidak,Ya,Ya,Ya,Ya,550000,https://mamikos.com/room/kost-kota-madiun-kost-putri-murah-kost-wijaya-like-taman-madiun
Kabupaten Madiun,Kost Halimah,Putri,Taman,0.0,Ya,Tidak,Ya,Ya,Ya,Ya,950000,https://mamikos.com/room/kost-kota-madiun-kost-putri-eksklusif-kost-halimah-taman-madiun-2
Kabupaten Madiun,Kost Ritenda Tipe A,Putri,Kartoharjo,0.0,Ya,Ya,Ya,Tidak,Ya,Ya,800000,https://mamikos.com/room/kost-kota-madiun-kost-putri-murah-kost-ritenda-tipe-a-kartoharjo-madiun
Kabupaten Madiun,Kost Mizza Tipe A,Putri,Kecamatan Kartoharjo,0.0,Tidak,Ya,Ya,Ya,Ya,Ya,760000,https://mamikos.com/room/kost-kota-madiun-kost-putri-murah-kost-mizza-tipe-a-kartoharjo-madiun
Kabupaten Madiun,Kost Hafizh Tipe A,Putri,Kecamatan Kartoharjo,0.0,Tidak,Ya,Ya,Tidak,Tidak,Ya,450000,https://mamikos.com/room/kost-kota-madiun-kost-putri-murah-kost-hafizh-tipe-a-kartoharjo-madiun-2
Kabupaten Madiun,Kost Jati Alam,Putri,Kartoharjo,0.0,Tidak,Ya,Ya,Ya,Tidak,Tidak,400000,https://mamikos.com/room/kost-madiun-kost-putri-murah-kost-jati-alam-kartoharjo-madiun-1
Kabupaten Madiun,Kost Orenji Tipe A,Campur,Kecamatan Taman,0.0,Ya,Ya,Ya,Tidak,Ya,Ya,850000,https://mamikos.com/room/kost-kota-madiun-kost-campur-murah-kost-orenji-tipe-a-taman-madiun
Kabupaten Madiun,Kost Tiara Tipe VIP,Campur,Kartoharjo,0.0,Ya,Ya,Ya,Ya,Ya,Tidak,1100000,https://mamikos.com/room/kost-kota-madiun-kost-campur-eksklusif-kost-tiara-tipe-vip-kartoharjo-madiun-2
Kabupaten Madiun,Kost Keday Mbah Gino Vespa Pom Mini Tipe A,Campur,Mangu Harjo,0.0,Tidak,Tidak,Ya,Tidak,Tidak,Ya,350000,https://mamikos.com/room/kost-kota-madiun-kost-campur-murah-kost-keday-mbah-gino-vespa-pom-mini-tipe-a-mangu-harjo-madiun-2
Kabupaten Magetan,Kost Bu Erlin Tipe Standar,Putri,Magetan,0.0,Tidak,Tidak,Ya,Ya,Tidak,Tidak,300000,https://mamikos.com/room/kost-magetan-kost-putri-murah-kost-bu-erlin-tipe-standar-magetan-2
Kabupaten Magetan,Kost Griya Amares VVIP,Putri,Magetan,0.0,Tidak,Ya,Ya,Tidak,Ya,Ya,700000,https://mamikos.com/room/kost-kabupaten-magetan-kost-putri-eksklusif-kost-griya-amares-vvip-magetan
Kabupaten Magetan,Kost Mgt Tipe A,Putra,Magetan,0.0,Tidak,Ya,Ya,Tidak,Ya,Ya,550000,https://mamikos.com/room/kost-kabupaten-magetan-kost-putra-murah-kost-mgt-tipe-a-magetan
Kabupaten Magetan,Kost Exclusive Griya Mr,Putri,Kecamatan Magetan,0.0,Ya,Tidak,Ya,Ya,Ya,Ya,1000000,https://mamikos.com/room/kost-kabupaten-magetan-kost-putri-eksklusif-kost-exclusive-griya-mr-magetan-2
Kabupaten Mojokerto,Kost Verona Homestay Executive,Campur,Magersari,4.9,Ya,Ya,Ya,Ya,Ya,Ya,1250000,https://mamikos.com/room/kost-mojokerto-kost-campur-eksklusif-kost-verona-homestay-executive-magersari-mojokerto
Kabupaten Mojokerto,Kost Berkah Tipe Suite,Putri,Kecamatan Sooko,0.0,Tidak,Ya,Ya,Tidak,Ya,Ya,675000,https://mamikos.com/room/kost-kabupaten-mojokerto-kost-putri-murah-kost-berkah-tipe-suite-sooko-mojokerto
Kabupaten Mojokerto,Kost Wisma Jaya Hartono I,Campur,Kecamatan Magersari,0.0,Ya,Ya,Ya,Ya,Ya,Ya,1000000,https://mamikos.com/room/kost-kota-mojokerto-kost-campur-eksklusif-kost-wisma-jaya-hartono-i-magersari-mojokerto
Kabupaten Mojokerto,Kost Triendah Tipe A,Campur,Kecamatan Mojoanyar,0.0,Tidak,Tidak,Ya,Tidak,Ya,Ya,700000,https://mamikos.com/room/kost-kabupaten-mojokerto-kost-campur-murah-kost-triendah-tipe-a-mojoanyar-mojokerto
Kabupaten Mojokerto,Kost Berkah Pitaloka Tipe A,Putri,Kecamatan Sooko,0.0,Tidak,Ya,Ya,Tidak,Ya,Ya,650000,https://mamikos.com/room/kost-kabupaten-mojokerto-kost-putri-murah-kost-berkah-pitaloka-tipe-a-sooko-mojokerto-2
Kabupaten Mojokerto,Kost Graha Kirana,Putri,Mojosari,0.0,Ya,Ya,Ya,Ya,Ya,Ya,1300000,https://mamikos.com/room/kost-mojokerto-kost-putri-eksklusif-kost-graha-kirana-mojosari-mojokerto
Kabupaten Mojokerto,Kost Griya NiNo Cinde Tipe A,Putra,Kecamatan Prajurit Kulon,0.0,Ya,Ya,Ya,Tidak,Ya,Ya,980000,https://mamikos.com/room/kost-kota-mojokerto-kost-putra-murah-kost-griya-nino-cinde-prajurit-kulon-mojokerto
Kabupaten Mojokerto,Kost Femdika I,Campur,Mojosari,0.0,Tidak,Tidak,Ya,Tidak,Ya,Ya,450000,https://mamikos.com/room/kost-mojokerto-kost-campur-murah-kost-femdika-i-mojosari-mojokerto
Kabupaten Mojokerto,Kost Pak Suhaji Surodinawan Tipe Superior,Putri,Prajurit Kulon,0.0,Tidak,Tidak,Ya,Ya,Tidak,Ya,500000,https://mamikos.com/room/kost-mojokerto-kost-putri-murah-kost-pak-suhaji-surodinawan-tipe-superior-prajurit-kulon-mojokerto-2
Kabupaten Mojokerto,Kost Syariah Griya Permata Meri Tipe A,Putri,Magersari,0.0,Tidak,Tidak,Ya,Ya,Ya,Ya,650000,https://mamikos.com/room/kost-mojokerto-kost-putri-murah-kost-syariah-griya-permata-meri-tipe-a-magersari-mojokerto
Kabupaten Mojokerto,Kost Litha Tipe A,Campur,Kecamatan Jetis,0.0,Tidak,Ya,Ya,Tidak,Tidak,Ya,550000,https://mamikos.com/room/kost-kabupaten-mojokerto-kost-campur-murah-kost-litha-tipe-a-jetis-mojokerto
Kabupaten Mojokerto,Kost Dewanti Tipe C,Putri,Pungging,0.0,Tidak,Tidak,Ya,Tidak,Ya,Ya,600000,https://mamikos.com/room/kost-mojokerto-kost-putri-murah-kost-dewanti-tipe-c-pungging-mojokerto-2
Kabupaten Mojokerto,Kost Satrio,Campur,Prajurit Kulon,0.0,Ya,Ya,Ya,Ya,Ya,Ya,1000000,https://mamikos.com/room/kost-mojokerto-kost-campur-eksklusif-kost-satrio-prajurit-kulon-mojokerto-2
Kabupaten Mojokerto,Kost Dewanti Tipe B,Putri,Kecamatan Pungging,0.0,Tidak,Tidak,Ya,Tidak,Tidak,Ya,400000,https://mamikos.com/room/kost-kabupaten-mojokerto-kost-putri-murah-kost-dewanti-tipe-b-pungging-mojokerto
Kabupaten Mojokerto,Kost Dindania Tipe A,Putri,Kecamatan Magersari,5.0,Tidak,Ya,Ya,Tidak,Tidak,Ya,400000,https://mamikos.com/room/kost-kota-mojokerto-kost-putri-murah-kost-dindania-tipe-a-magersari-mojokerto-2
Kabupaten Mojokerto,Kost Oma Siti Syariah Tipe A,Campur,Sooko,0.0,Ya,Ya,Ya,Ya,Ya,Ya,1000000,https://mamikos.com/room/kost-kabupaten-mojokerto-kost-campur-eksklusif-kost-oma-siti-syariah-tipe-a-sooko-mojokerto
Kabupaten Mojokerto,Kost Surodinawan Tipe Eksklusif,Putri,Prajurit Kulon,0.0,Ya,Ya,Ya,Ya,Ya,Ya,800000,https://mamikos.com/room/kost-mojokerto-kost-putri-eksklusif-kost-surodinawan-tipe-eksklusif-prajurit-kulon-mojokerto
Kabupaten Mojokerto,Kost Raya 1 Executive 1,Putra,Mojosari,0.0,Ya,Ya,Ya,Ya,Ya,Ya,1500000,https://mamikos.com/room/kost-kabupaten-mojokerto-kost-putra-eksklusif-kost-raya-mojosari-1-executive-1-mojosari-mojokerto-2
Kabupaten Mojokerto,Kost Raya 1 Executive 2,Putra,Mojosari,0.0,Ya,Ya,Ya,Ya,Ya,Ya,1500000,https://mamikos.com/room/kost-kabupaten-mojokerto-kost-putra-eksklusif-kost-raya-mojosari-1-executive-2-mojosari-mojokerto-2
Kabupaten Mojokerto,Kost 19 Cse Surodinawan,Putri,Prajurit Kulon,5.0,Ya,Ya,Ya,Ya,Ya,Ya,920000,https://mamikos.com/room/kost-mojokerto-kost-putri-murah-kost-19-cse-surodinawan-prajurit-kulon-mojokerto
Kabupaten Mojokerto,Rumah Kontrakan Pak Agus,Campur,Mojosari,0.0,Tidak,Ya,Tidak,Tidak,Ya,Tidak,800000,https://mamikos.com/room/kost-kabupaten-mojokerto-kost-campur-murah-rumah-kontrakan-pak-agus-mojosari-mojokerto
Kabupaten Mojokerto,Kost Jaya Tipe Standar,Campur,Puri,0.0,Tidak,Ya,Ya,Tidak,Tidak,Ya,500000,https://mamikos.com/room/kost-mojokerto-kost-campur-murah-kost-jaya-tipe-standar-puri-mojokerto
Kabupaten Mojokerto,Kost Rizky,Campur,Kranggan,0.0,Tidak,Ya,Ya,Ya,Ya,Tidak,600000,https://mamikos.com/room/kost-kota-mojokerto-kost-campur-murah-kost-rizky-kranggan-mojokerto
Kabupaten Mojokerto,Kost Utomo Tipe Standar,Putri,Prajurit Kulon,0.0,Tidak,Ya,Ya,Tidak,Tidak,Ya,400000,https://mamikos.com/room/kost-mojokerto-kost-putri-murah-kost-utomo-tipe-standar-prajurit-kulon-mojokerto-2
Kabupaten Mojokerto,Kost Dewa Rooms Tipe Vip,Campur,Mojosari,5.0,Ya,Ya,Ya,Ya,Ya,Tidak,1500000,https://mamikos.com/room/kost-kabupaten-mojokerto-kost-campur-eksklusif-kost-dewa-rooms-tipe-vip-mojosari-mojokerto
Kabupaten Mojokerto,Kost Nino Tipe A,Putra,Magersari,0.0,Tidak,Tidak,Ya,Tidak,Ya,Ya,980000,https://mamikos.com/room/kost-kota-mojokerto-kost-putra-murah-kost-nino-tipe-a-magersari-mojokerto
Kabupaten Mojokerto,Kost Dapur Hawa Tipe A,Putri,Puri,0.0,Tidak,Ya,Ya,Tidak,Ya,Ya,450000,https://mamikos.com/room/kost-kabupaten-mojokerto-kost-putri-murah-kost-dapur-hawa-tipe-a-puri-mojokerto-2
Kabupaten Mojokerto,Kost Griya NiNo Cinde Tipe B,Putra,Kecamatan Prajurit Kulon,0.0,Tidak,Ya,Ya,Tidak,Ya,Ya,780000,https://mamikos.com/room/kost-kota-mojokerto-kost-putra-murah-kost-griya-nino-cinde-tipe-b-prajurit-kulon-mojokerto
Kabupaten Mojokerto,Kost Ayu Tipe A,Campur,Mojosari,0.0,Tidak,Ya,Ya,Ya,Ya,Ya,400000,https://mamikos.com/room/kost-kabupaten-mojokerto-kost-campur-murah-kost-ayu-tipe-a-mojosari-mojokerto
Kabupaten Mojokerto,Kost Gading Permai Tipe B,Campur,Mojosari,5.0,Ya,Ya,Ya,Ya,Ya,Ya,1000000,https://mamikos.com/room/kost-mojokerto-kost-campur-eksklusif-kost-gading-permai-tipe-b-mojosari-mojokerto-2
Kabupaten Mojokerto,Kost Alphine Home Sumbertanggul Tipe Eksklusif,Campur,Kecamatan Mojosari,0.0,Ya,Ya,Ya,Ya,Ya,Ya,1250000,https://mamikos.com/room/kost-kabupaten-mojokerto-kost-campur-eksklusif-kost-alphine-home-sumbertanggul-tipe-eksklusif-mojosari-mojokerto-2
Kabupaten Mojokerto,Kost Surya Abadi 30A,Putri,Kecamatan Magersari,0.0,Tidak,Ya,Ya,Tidak,Ya,Tidak,500000,https://mamikos.com/room/kost-kota-mojokerto-kost-putri-murah-kost-surya-abadi-30a-magersari-mojokerto
Kabupaten Mojokerto,Kost ArIza,Putra,Kecamatan Jetis,0.0,Tidak,Ya,Ya,Tidak,Ya,Ya,500000,https://mamikos.com/room/kost-kabupaten-mojokerto-kost-putra-murah-kost-ariza-jetis-mojokerto
Kabupaten Mojokerto,Kost Griya Lestari Tipe A,Putri,Mojosari,0.0,Tidak,Ya,Ya,Tidak,Ya,Ya,600000,https://mamikos.com/room/kost-kabupaten-mojokerto-kost-putri-murah-kost-griya-lestari-tipe-a-mojosari-mojokerto-2
Kabupaten Mojokerto,Kost Jaya Negara Tipe A,Campur,Puri,0.0,Tidak,Ya,Ya,Ya,Tidak,Ya,350000,https://mamikos.com/room/kost-kabupaten-mojokerto-kost-campur-murah-kost-jaya-negara-tipe-a-puri-mojokerto
Kabupaten Mojokerto,Kost Griya 1 Tipe A,Campur,Jetis,0.0,Tidak,Ya,Tidak,Tidak,Tidak,Tidak,400000,https://mamikos.com/room/kost-kabupaten-mojokerto-kost-campur-murah-kost-griya-jetis-1-tipe-a-jetis-mojokerto-2
Kabupaten Mojokerto,Kost Samawa Tipe A,Campur,Mojosari,0.0,Ya,Ya,Ya,Tidak,Ya,Ya,700000,https://mamikos.com/room/kost-mojokerto-kost-campur-murah-kost-samawa-tipe-a-mojosari-mojokerto
Kabupaten Mojokerto,Kost Elmira,Campur,Magersari,0.0,Ya,Tidak,Ya,Tidak,Ya,Ya,1200000,https://mamikos.com/room/kost-kota-mojokerto-kost-campur-eksklusif-kost-elmira-magersari-mojokerto-2
Kabupaten Mojokerto,Kost Samawa,Campur,Mojosari,0.0,Tidak,Ya,Ya,Tidak,Ya,Ya,700000,https://mamikos.com/room/kost-kabupaten-mojokerto-kost-campur-murah-kost-samawa-mojosari-mojokerto-2
Kabupaten Mojokerto,Kost Pria Suronatan,Putra,Magersari,5.0,Tidak,Tidak,Ya,Tidak,Ya,Ya,500000,https://mamikos.com/room/kost-mojokerto-kost-putra-murah-kost-pria-suronatan-magersari-mojokerto-1
Kabupaten Mojokerto,Kost Bintang Tipe A,Putra,Kranggan,5.0,Ya,Ya,Ya,Tidak,Ya,Ya,900000,https://mamikos.com/room/kost-kota-mojokerto-kost-putra-murah-kost-bintang-tipe-a-kranggan-mojokerto
Kabupaten Mojokerto,Kost Dahlia 1 Tipe Standar,Campur,Sooko,0.0,Tidak,Ya,Ya,Ya,Ya,Ya,350000,https://mamikos.com/room/kost-kabupaten-mojokerto-kost-campur-murah-kost-dahlia-1-tipe-standar-sooko-mojokerto
Kabupaten Mojokerto,Kost BLA,Campur,Kecamatan Prajurit Kulon,5.0,Tidak,Ya,Ya,Ya,Ya,Ya,600000,https://mamikos.com/room/kost-kota-mojokerto-kost-campur-murah-kost-bla-prajurit-kulon-mojokerto
Kabupaten Mojokerto,Kost Jl Candirejo,Campur,Kecamatan Mojosari,0.0,Tidak,Tidak,Ya,Ya,Ya,Ya,500000,https://mamikos.com/room/kost-mojokerto-kost-campur-murah-kost-jl-candirejo-mojosari-mojokerto-1
Kabupaten Mojokerto,Kost Alula,Putri,Kranggan,0.0,Ya,Ya,Ya,Ya,Ya,Ya,650000,https://mamikos.com/room/kost-kota-mojokerto-kost-putri-murah-kost-alula-kranggan-mojokerto
Kabupaten Mojokerto,Kost Bintang 2 Tipe A,Putri,Kranggan,0.0,Ya,Ya,Ya,Tidak,Ya,Ya,900000,https://mamikos.com/room/kost-kota-mojokerto-kost-putri-eksklusif-kost-bintang-2-tipe-a-kranggan-mojokerto-2
Kabupaten Mojokerto,Kost New Normal Wilis Tipe A,Putra,Magersari,5.0,Ya,Ya,Ya,Tidak,Ya,Ya,750000,https://mamikos.com/room/kost-kota-mojokerto-kost-putra-murah-kost-new-normal-wilis-tipe-a-magersari-mojokerto
Kabupaten Mojokerto,Kost Alphine Home Sumbertanggul Tipe Premium,Campur,Kecamatan Mojosari,0.0,Tidak,Ya,Ya,Ya,Ya,Ya,950000,https://mamikos.com/room/kost-kabupaten-mojokerto-kost-campur-murah-kost-alphine-home-sumbertanggul-tipe-premium-mojosari-mojokerto-2
Kabupaten Mojokerto,Kost Ayu Tipe B,Campur,Mojosari,0.0,Tidak,Ya,Tidak,Tidak,Ya,Ya,500000,https://mamikos.com/room/kost-kabupaten-mojokerto-kost-campur-murah-kost-ayu-tipe-b-mojosari-mojokerto
Kabupaten Mojokerto,Kost Syariah Griya Permata Meri Tipe B,Putri,Magersari,0.0,Tidak,Tidak,Ya,Ya,Tidak,Ya,550000,https://mamikos.com/room/kost-mojokerto-kost-putri-murah-kost-syariah-griya-permata-meri-tipe-b-magersari-mojokerto
Kabupaten Mojokerto,Kost Gading Permai Executive,Campur,Kecamatan Mojosari,0.0,Ya,Ya,Ya,Ya,Ya,Ya,1500000,https://mamikos.com/room/kost-kabupaten-mojokerto-kost-campur-eksklusif-kost-gading-permai-executive-mojosari-mojokerto
Kabupaten Mojokerto,Rumah Kontrakan Femdika,Campur,Kecamatan Mojosari,0.0,Tidak,Tidak,Tidak,Tidak,Tidak,Tidak,750000,https://mamikos.com/room/kost-kabupaten-mojokerto-kost-campur-murah-rumah-kontrakan-femdika-mojosari-mojokerto-2
Kabupaten Mojokerto,Kost Perum Canggu Permai Tipe A,Putra,Kecamatan Jetis,0.0,Ya,Ya,Ya,Ya,Ya,Tidak,600000,https://mamikos.com/room/kost-mojokerto-kost-campur-murah-kost-perum-canggu-permai-tipe-a-jetis-mojokerto
Kabupaten Mojokerto,Kost Griya Lestari Tipe B,Putra,Mojosari,0.0,Tidak,Ya,Ya,Tidak,Ya,Ya,650000,https://mamikos.com/room/kost-kabupaten-mojokerto-kost-putra-murah-kost-griya-lestari-tipe-b-mojosari-mojokerto
Kabupaten Mojokerto,Kost Griya Lestari Tipe AC,Campur,Mojosari,0.0,Ya,Ya,Ya,Tidak,Ya,Ya,1000000,https://mamikos.com/room/kost-kabupaten-mojokerto-kost-campur-eksklusif-kost-griya-lestari-tipe-ac-mojosari-mojokerto
Kabupaten Mojokerto,Kost Kacapiring,Campur,Sooko,0.0,Ya,Ya,Ya,Ya,Ya,Ya,850000,https://mamikos.com/room/kost-mojokerto-kost-campur-murah-kost-kacapiring-sooko-mojokerto
Kabupaten Mojokerto,Kost Amanah,Campur,Magersari,0.0,Tidak,Ya,Ya,Tidak,Ya,Tidak,450000,https://mamikos.com/room/kost-kota-mojokerto-kost-campur-murah-kost-amanah-magersari-mojokerto-2
Kabupaten Mojokerto,Kost Resmi Jotangan,Campur,Mojosari,0.0,Tidak,Ya,Ya,Tidak,Ya,Ya,600000,https://mamikos.com/room/kost-kabupaten-mojokerto-kost-campur-murah-kost-resmi-jotangan-mojosari-mojokerto
Kabupaten Mojokerto,Kost Wisma Ananda Rizky VVIP,Putri,Mojoanyar,0.0,Tidak,Tidak,Ya,Tidak,Ya,Tidak,500000,https://mamikos.com/room/kost-kabupaten-mojokerto-kost-putri-murah-kost-wisma-ananda-rizky-vvip-mojoanyar-mojokerto
Kabupaten Mojokerto,Kost Miji Jaya 2 Tipe A,Campur,Kecamatan Prajurit Kulon,0.0,Ya,Ya,Ya,Tidak,Ya,Ya,1200000,https://mamikos.com/room/kost-kota-mojokerto-kost-campur-eksklusif-kost-miji-jaya-2-tipe-a-prajurit-kulon-mojokerto
Kabupaten Mojokerto,Kost Bsp Regency Tipe A,Campur,Puri,0.0,Tidak,Tidak,Ya,Ya,Ya,Tidak,750000,https://mamikos.com/room/kost-kabupaten-mojokerto-kost-campur-murah-kost-bsp-regency-tipe-a-puri-mojokerto--2
Kabupaten Mojokerto,Kost Merbabu Tipe A,Putri,Mojosari,0.0,Tidak,Ya,Ya,Ya,Ya,Ya,800000,https://mamikos.com/room/kost-kabupaten-mojokerto-kost-putri-murah-kost-merbabu-tipe-a-mojosari-mojokerto-2
Kabupaten Mojokerto,Kost Garuda Tipe A,Putri,Kecamatan Magersari,0.0,Tidak,Tidak,Ya,Tidak,Ya,Ya,600000,https://mamikos.com/room/kost-kota-mojokerto-kost-putri-murah-kost-garuda-tipe-a-magersari-mojokerto-2
Kabupaten Mojokerto,Kost Surodinawan,Putri,Kecamatan Prajurit Kulon,0.0,Tidak,Ya,Ya,Tidak,Ya,Ya,500000,https://mamikos.com/room/kost-kota-mojokerto-kost-putri-murah-kost-surodinawan-prajurit-kulon-mojokerto
Kabupaten Mojokerto,Kost Bapak Muin,Putra,Sooko,0.0,Tidak,Ya,Ya,Tidak,Ya,Ya,550000,https://mamikos.com/room/kost-mojokerto-kost-putra-murah-kost-bapak-muin-sooko-mojokerto
Kabupaten Mojokerto,Kost Roudatul Jannah VIP,Campur,Sooko,0.0,Ya,Ya,Ya,Ya,Ya,Ya,1000000,https://mamikos.com/room/kost-kabupaten-mojokerto-kost-campur-eksklusif-kost-roudatul-jannah-vip-sooko-mojokerto-2
Kabupaten Mojokerto,Kost Miji Jaya Tipe A,Campur,Kecamatan Prajurit Kulon,5.0,Ya,Tidak,Ya,Ya,Ya,Ya,950000,https://mamikos.com/room/kost-kota-mojokerto-kost-campur-murah-kost-miji-jaya-tipe-a-prajurit-kulon-mojokerto
Kabupaten Mojokerto,Kost Griya Firdaus Tipe B,Putri,Kecamatan Magersari,0.0,Ya,Ya,Ya,Ya,Ya,Ya,1100000,https://mamikos.com/room/kost-kota-mojokerto-kost-putri-eksklusif-kost-griya-firdaus-tipe-b-magersari-mojokerto
Kabupaten Mojokerto,Kost Griya Firdaus 2 Tipe A,Putri,Jetis,0.0,Ya,Ya,Ya,Ya,Ya,Ya,1000000,https://mamikos.com/room/kost-kabupaten-mojokerto-kost-campur-murah--13
Kabupaten Mojokerto,Kost Suratan Tipe B,Campur,Kecamatan Prajurit Kulon,5.0,Ya,Ya,Ya,Tidak,Ya,Ya,800000,https://mamikos.com/room/kost-kota-mojokerto-kost-campur-murah-kost-suratan-tipe-b-prajurit-kulon-mojokerto
Kabupaten Mojokerto,Kost Satriya 500 ribu rapur di luar untuk bersama 600 ribu dapur berada di dalam kamar,Putri,Sooko,0.0,Tidak,Tidak,Ya,Tidak,Ya,Tidak,500000,https://mamikos.com/room/kost-kabupaten-mojokerto-kost-putri-murah-kost-satriya-500-ribu-rapur-di-luar-untuk-bersama-600-ribu-dapur-berada-di-dalam-kamar-sooko-mojokerto-2
Kabupaten Mojokerto,Kost Miji Jaya 2 Tipe C,Campur,Kecamatan Prajurit Kulon,0.0,Ya,Ya,Ya,Tidak,Ya,Ya,1200000,https://mamikos.com/room/kost-kota-mojokerto-kost-campur-eksklusif-kost-miji-jaya-2-tipe-c-prajurit-kulon-mojokerto
Kabupaten Mojokerto,Kost Yoga Tipe 1,Putra,Mojoanyar,0.0,Tidak,Tidak,Ya,Tidak,Ya,Ya,500000,https://mamikos.com/room/kost-kabupaten-mojokerto-kost-putra-murah-kost-yoga-tipe-1-mojoanyar-mojokerto
Kabupaten Mojokerto,Kost Berkah Syariah Tipe A,Putra,Kranggan,5.0,Tidak,Ya,Ya,Tidak,Ya,Tidak,500000,https://mamikos.com/room/kost-kota-mojokerto-kost-campur-murah-kost-berkah-syariah-tipe-a-kranggan-mojokerto
Kabupaten Mojokerto,Kost 72 Tipe Standart,Putri,Kecamatan Sooko,0.0,Tidak,Tidak,Ya,Tidak,Tidak,Ya,350000,https://mamikos.com/room/kost-kabupaten-mojokerto-kost-putri-murah-kost-72-tipe-standart-sooko-mojokerto
Kabupaten Mojokerto,Kost Nugroho Tipe C,Campur,Kecamatan Magersari,0.0,Ya,Ya,Ya,Ya,Ya,Ya,1000000,https://mamikos.com/room/kost-kota-mojokerto-kost-putri-eksklusif-kost-nugroho-tipe-b-ac-magersari-mojokerto
Kabupaten Mojokerto,Kost Rizki Bje 1 Tipe Reguler Premium,Putra,Mojoanyar,0.0,Tidak,Ya,Ya,Tidak,Ya,Ya,450000,https://mamikos.com/room/kost-mojokerto-kost-putra-murah-kost-rizki-bje-1-tipe-reguler-premium-mojoanyar-mojokerto
Kabupaten Mojokerto,Kost Andara Kamar 04,Putri,Kecamatan Prajurit Kulon,0.0,Tidak,Tidak,Ya,Ya,Ya,Ya,800000,https://mamikos.com/room/kost-kota-mojokerto-kost-putri-murah-kost-andara-kamar-04-prajurit-kulon-mojokerto-2
Kabupaten Mojokerto,Kost Meri Tipe A,Campur,Kecamatan Magersari,5.0,Ya,Ya,Ya,Tidak,Ya,Ya,850000,https://mamikos.com/room/kost-kota-mojokerto-kost-campur-murah-kost-meri-tipe-a-magersari-mojokerto
Kabupaten Mojokerto,Kost Sunset Griya Vvip,Campur,Mojosari,0.0,Ya,Ya,Ya,Ya,Ya,Ya,1000000,https://mamikos.com/room/kost-kabupaten-mojokerto-kost-campur-eksklusif-kost-sunset-griya-vvip-mojosari-mojokerto
Kabupaten Mojokerto,Kost Villa Pulorejo,Campur,Prajurit Kulon,0.0,Tidak,Tidak,Ya,Tidak,Ya,Tidak,500000,https://mamikos.com/room/kost-mojokerto-kost-campur-murah-kost-villa-pulorejo-prajurit-kulon-mojokerto
Kabupaten Mojokerto,Kost Miji Jaya 2 Tipe H,Campur,Kecamatan Prajurit Kulon,0.0,Ya,Ya,Ya,Tidak,Ya,Ya,1100000,https://mamikos.com/room/kost-kota-mojokerto-kost-campur-eksklusif-kost-miji-jaya-2-tipe-h-prajurit-kulon-mojokerto
Kabupaten Mojokerto,Kost Airlangga 19 Tipe A,Campur,Kecamatan Mojosari,0.0,Tidak,Ya,Ya,Tidak,Ya,Tidak,400000,https://mamikos.com/room/kost-kabupaten-mojokerto-kost-campur-murah-kost-airlangga-19-tipe-a-mojosari-mojokerto
Kabupaten Mojokerto,Kost Miji Jaya 2 Tipe E,Campur,Kecamatan Prajurit Kulon,0.0,Ya,Ya,Ya,Tidak,Ya,Ya,900000,https://mamikos.com/room/kost-kota-mojokerto-kost-campur-murah-kost-miji-jaya-2-tipe-e-prajurit-kulon-mojokerto
Kabupaten Mojokerto,Kost Merbabu Tipe B,Putri,Kecamatan Mojosari,0.0,Tidak,Ya,Ya,Ya,Ya,Ya,800000,https://mamikos.com/room/kost-kabupaten-mojokerto-kost-putri-murah-kost-merbabu-tipe-b-mojosari-mojokerto
Kabupaten Mojokerto,Kost Brawijaya Exclusive,Putra,Prajurit Kulon,4.4,Ya,Ya,Ya,Ya,Ya,Ya,800000,https://mamikos.com/room/kost-mojokerto-kost-putra-eksklusif-kost-brawijaya-exclusive-prajurit-kulon-mojokerto-2
Kabupaten Mojokerto,Kost Meri Tipe C,Campur,Kecamatan Magersari,5.0,Ya,Ya,Ya,Tidak,Ya,Ya,1350000,https://mamikos.com/room/kost-kota-mojokerto-kost-campur-eksklusif-kost-meri-tipe-c-magersari-mojokerto
Kabupaten Mojokerto,Kost Ambience By Atthar Executive,Campur,Kecamatan Prajurit Kulon,0.0,Ya,Ya,Ya,Tidak,Ya,Ya,1300000,https://mamikos.com/room/kost-kota-mojokerto-kost-campur-eksklusif-kost-ambience-by-atthar-executive-prajurit-kulon-mojokerto-2
Kabupaten Mojokerto,Kost Bsp Regency Tipe B,Campur,Puri,0.0,Ya,Tidak,Ya,Ya,Ya,Ya,1000000,https://mamikos.com/room/kost-kabupaten-mojokerto-kost-campur-eksklusif-kost-bsp-regency-tipe-b-puri-mojokerto
Kabupaten Mojokerto,Kost Ibram,Putra,Magersari,0.0,Tidak,Ya,Ya,Tidak,Ya,Tidak,450000,https://mamikos.com/room/kost-kota-mojokerto-kost-putra-murah-kost-ibram-magersari-mojokerto-2
Kabupaten Mojokerto,Kost Putri Rahmat Jaya Tipe A,Putri,Prajurit Kulon,5.0,Tidak,Ya,Ya,Ya,Ya,Ya,600000,https://mamikos.com/room/kost-kota-mojokerto-kost-putri-eksklusif-kost-putri-rahmat-jaya-tipe-a-prajurit-kulon-mojokerto
Kabupaten Mojokerto,Kost Meri Tipe B,Campur,Kecamatan Magersari,0.0,Ya,Ya,Ya,Tidak,Ya,Ya,1250000,https://mamikos.com/room/kost-kota-mojokerto-kost-campur-eksklusif-kost-meri-tipe-b-magersari-mojokerto
Kabupaten Mojokerto,Kost Pak Edy,Campur,Kecamatan Mojoanyar,0.0,Tidak,Ya,Ya,Tidak,Tidak,Ya,350000,https://mamikos.com/room/kost-kabupaten-mojokerto-kost-campur-murah-kos-pak-edy-kamar-biasa-mojoanyar-mojokerto-2
Kabupaten Mojokerto,Kost Vitra 1 Tipe Standar,Campur,Sooko,0.0,Tidak,Ya,Ya,Tidak,Ya,Tidak,500000,https://mamikos.com/room/kost-mojokerto-kost-campur-murah-kost-vitra-1-tipe-standar-sooko-mojokerto
Kabupaten Mojokerto,Kost Suratan Tipe D Tanpa TV Non Ac,Campur,Kecamatan Prajurit Kulon,0.0,Tidak,Ya,Ya,Tidak,Ya,Ya,500000,https://mamikos.com/room/kost-kota-mojokerto-kost-campur-murah-kost-suratan-tipe-d-kipas-angin-khusus-tanpa-tv-dan-ac-prajurit-kulon-mojokerto-1
Kabupaten Mojokerto,Kost Suratan Tipe A,Campur,Kecamatan Prajurit Kulon,5.0,Ya,Ya,Ya,Tidak,Ya,Ya,700000,https://mamikos.com/room/kost-kota-mojokerto-kost-campur-murah-kost-suratan-tipe-a-prajurit-kulon-mojokerto
Kabupaten Mojokerto,Kost Rumah Pintar,Putri,Prajurit Kulon,0.0,Tidak,Tidak,Ya,Tidak,Ya,Ya,500000,https://mamikos.com/room/kost-mojokerto-kost-putri-murah-kost-rumah-pintar-prajurit-kulon-mojokerto
Kabupaten Mojokerto,Kost Cozy Benteng Pancasila Tipe A,Campur,Kecamatan Magersari,0.0,Ya,Ya,Ya,Ya,Ya,Ya,1100000,https://mamikos.com/room/kost-kota-mojokerto-kost-campur-eksklusif-kost-cozy-benteng-pancasila-tipe-a-magersari-mojokerto
Kabupaten Mojokerto,Kost Rumah Faizah,Campur,Mojosari,0.0,Tidak,Ya,Ya,Tidak,Ya,Tidak,450000,https://mamikos.com/room/kost-kabupaten-mojokerto-kost-campur-murah-kost-rumah-faizah-mojosari-mojokerto-2
Kabupaten Mojokerto,Kost Griya Deana Tipe A1,Putra,Kranggan,0.0,Ya,Ya,Ya,Ya,Ya,Ya,900000,https://mamikos.com/room/kost-kota-mojokerto-kost-putra-murah-kost-griya-deana-kranggan-mojokerto
Kabupaten Mojokerto,Kost Bapak Suwarno,Campur,Magersari,0.0,Tidak,Ya,Ya,Ya,Ya,Tidak,455000,https://mamikos.com/room/kost-kota-mojokerto-kost-campur-murah-kost-bapak-suwarno-magersari-mojokerto
Kabupaten Mojokerto,Kost Miji Jaya 2 Tipe B,Campur,Kecamatan Prajurit Kulon,0.0,Ya,Ya,Ya,Tidak,Ya,Ya,1300000,https://mamikos.com/room/kost-kota-mojokerto-kost-campur-eksklusif-kost-miji-jaya-2-tipe-b-prajurit-kulon-mojokerto
Kabupaten Mojokerto,Kost Sugiyo,Campur,Kecamatan Magersari,0.0,Tidak,Tidak,Tidak,Tidak,Ya,Tidak,600000,https://mamikos.com/room/kost-kota-mojokerto-kost-campur-murah-kost-sugiyo-magersari-mojokerto
Kabupaten Mojokerto,Kost Berkah 1 Tropodo,Campur,Magersari,0.0,Tidak,Tidak,Ya,Tidak,Ya,Ya,500000,https://mamikos.com/room/kost-mojokerto-kost-campur-murah-kost-berkah-1-tropodo-magersari-mojokerto-1
Kabupaten Mojokerto,Kost Meila Tipe C,Campur,Kecamatan Magersari,0.0,Ya,Ya,Ya,Tidak,Ya,Ya,1500000,https://mamikos.com/room/kost-kota-mojokerto-kost-campur-eksklusif-kost-meila-tipe-c-magersari-mojokerto-2
Kabupaten Mojokerto,Kost Mutiara Tipe A,Putra,Kecamatan Sooko,4.5,Ya,Ya,Ya,Ya,Ya,Ya,1000000,https://mamikos.com/room/kost-mojokerto-kost-putra-eksklusif-kost-mutiara-tipe-a-sooko-mojokerto-1
Kabupaten Mojokerto,Kost Permai,Putra,Jetis,0.0,Ya,Ya,Ya,Ya,Ya,Tidak,600000,https://mamikos.com/room/kost-kabupaten-mojokerto-kost-putra-murah-kost-permai-jetis-mojokerto
Kabupaten Mojokerto,Kost Roudatul Jannah Tipe VVIP,Campur,Sooko,0.0,Ya,Ya,Ya,Ya,Ya,Ya,1100000,https://mamikos.com/room/kost-kabupaten-mojokerto-kost-campur-eksklusif-kost-roudatul-jannah-tipe-vvip-sooko-mojokerto-2
Kabupaten Mojokerto,Kost Teratai Tipe Standar,Campur,Sooko,0.0,Ya,Tidak,Ya,Ya,Ya,Ya,950000,https://mamikos.com/room/kost-mojokerto-kost-campur-eksklusif-kost-teratai-tipe-standar-sooko-mojokerto
Kabupaten Mojokerto,Kost Shella Tipe A,Campur,Kecamatan Mojosari,0.0,Tidak,Tidak,Ya,Tidak,Ya,Tidak,300000,https://mamikos.com/room/kost-kabupaten-mojokerto-kost-campur-murah-kost-shella-tipe-a-mojosari-mojokerto
Kabupaten Mojokerto,Kost Chintya,Putri,Kecamatan Puri,0.0,Tidak,Ya,Ya,Tidak,Ya,Ya,500000,https://mamikos.com/room/kost-kabupaten-mojokerto-kost-putri-murah-kost-chintya-puri-mojokerto
Kabupaten Mojokerto,Kost Rahmat Jaya Tipe B,Putri,Prajurit Kulon,5.0,Ya,Ya,Ya,Ya,Ya,Ya,900000,https://mamikos.com/room/kost-kota-mojokerto-kost-putri-eksklusif-kost-rahmat-jaya-tipe-b-prajurit-kulon-mojokerto
Kabupaten Mojokerto,Kost Nugroho Tipe AC VIP,Campur,Magersari,0.0,Ya,Ya,Ya,Ya,Ya,Ya,1100000,https://mamikos.com/room/kost-kota-mojokerto-kost-putri-eksklusif-kost-nugroho-tipe-ac-vip-magersari-mojokerto
Kabupaten Mojokerto,Kost Mutiara Kamar Mandi Dalam,Putra,Kecamatan Mojoanyar,0.0,Tidak,Ya,Ya,Tidak,Ya,Ya,300000,https://mamikos.com/room/kost-kabupaten-mojokerto-kost-campur-murah-kost-mutiara-kamar-mandi-dalam-mojoanyar-mojokerto
Kabupaten Mojokerto,Kost Wonokusumo Tipe B,Campur,Mojosari,0.0,Tidak,Tidak,Ya,Tidak,Ya,Ya,450000,https://mamikos.com/room/kost-mojokerto-kost-campur-murah-kost-wonokusumo-tipe-b-mojosari-mojokerto
Kabupaten Mojokerto,Kost Buana Tipe A,Putri,Magersari,0.0,Ya,Ya,Ya,Tidak,Ya,Ya,1000000,https://mamikos.com/room/kost-kota-mojokerto-kost-putri-eksklusif-kost-buana-tipe-a-magersari-mojokerto
Kabupaten Mojokerto,Kost PT As Shofa,Putri,Sooko,0.0,Tidak,Ya,Ya,Ya,Ya,Ya,300000,https://mamikos.com/room/kost-kabupaten-mojokerto-kost-campur-murah-kost-pt-as-shofa-sooko-mojokerto-1
Kabupaten Mojokerto,Kost Bhumi Barokah,Putri,Kranggan,0.0,Tidak,Ya,Ya,Tidak,Ya,Ya,650000,https://mamikos.com/room/kost-kota-mojokerto-kost-putri-murah-kost-bhumi-barokah-kranggan-mojokerto
Kabupaten Mojokerto,Kost Halmahera Premium,Putri,Kecamatan Prajurit Kulon,0.0,Ya,Ya,Ya,Ya,Ya,Ya,1700000,https://mamikos.com/room/kost-kota-mojokerto-kost-putri-eksklusif-kost-halmahera-premium-prajurit-kulon-mojokerto
Kabupaten Mojokerto,Kost 563,Campur,Kecamatan Magersari,0.0,Ya,Tidak,Ya,Ya,Ya,Ya,1050000,https://mamikos.com/room/kost-kota-mojokerto-kost-campur-eksklusif-kost-563-magersari-mojokerto-2
Kabupaten Mojokerto,Kost Bu Endah,Campur,Magersari,0.0,Tidak,Ya,Ya,Tidak,Ya,Tidak,450000,https://mamikos.com/room/kost-kota-mojokerto-kost-campur-murah-kost-bu-endah-magersari-mojokerto-2
Kabupaten Mojokerto,Kost Pentris 04 Tipe A,Putra,Kecamatan Sooko,0.0,Ya,Ya,Ya,Ya,Ya,Ya,1000000,https://mamikos.com/room/kost-kabupaten-mojokerto-kost-putra-eksklusif-kost-pentris-04-tipe-a-sooko-mojokerto
Kabupaten Mojokerto,Kost Bang Jhons Tipe Golden,Campur,Kecamatan Prajurit Kulon,0.0,Tidak,Tidak,Ya,Tidak,Ya,Ya,675000,https://mamikos.com/room/kost-kota-mojokerto-kost-campur-murah-kost-bang-jhons-tipe-golden-prajurit-kulon-mojokerto-2
Kabupaten Mojokerto,Kost Miji Jaya 2 Tipe G,Campur,Kecamatan Prajurit Kulon,0.0,Tidak,Ya,Ya,Tidak,Ya,Ya,800000,https://mamikos.com/room/kost-kota-mojokerto-kost-campur-murah-kost-miji-jaya-2-tipe-g-prajurit-kulon-mojokerto
Kabupaten Mojokerto,Kost Wonokusumo 15 Tipe A,Campur,Mojosari,0.0,Tidak,Tidak,Ya,Tidak,Ya,Ya,500000,https://mamikos.com/room/kost-mojokerto-kost-campur-murah-kost-wonokusumo-15-tipe-a-mojosari-mojokerto
Kabupaten Mojokerto,Kost Roudatul Jannah Tipe quind,Putri,Kecamatan Sooko,0.0,Ya,Ya,Ya,Ya,Ya,Ya,1000000,https://mamikos.com/room/kost-kabupaten-mojokerto-kost-putri-murah-kost-roudatul-jannah-tipe-quind-sooko-mojokerto-2
Kabupaten Mojokerto,Kost Andara Tipe B,Putri,Kecamatan Prajurit Kulon,0.0,Ya,Tidak,Ya,Ya,Ya,Ya,1100000,https://mamikos.com/room/kost-kota-mojokerto-kost-putri-murah-kost-andara-tipe-b-prajurit-kulon-mojokerto
Kabupaten Mojokerto,Kost Andara Tipe A,Putri,Kecamatan Prajurit Kulon,0.0,Ya,Tidak,Ya,Ya,Ya,Ya,1200000,https://mamikos.com/room/kost-kota-mojokerto-kost-putri-eksklusif-kost-andara-tipe-a-prajurit-kulon-mojokerto
Kabupaten Mojokerto,Kost Shofa Marwah Executive,Campur,Kecamatan Pacet,0.0,Ya,Ya,Ya,Ya,Ya,Ya,700000,https://mamikos.com/room/kost-kabupaten-mojokerto-kost-campur-eksklusif-kost-shofa-marwah-executive-pacet-mojokerto
Kabupaten Mojokerto,Kost Meila Tipe A,Putra,Kecamatan Magersari,0.0,Tidak,Ya,Ya,Tidak,Ya,Ya,800000,https://mamikos.com/room/kost-kota-mojokerto-kost-putra-eksklusif-kost-meila-tipe-a-magersari-mojokerto
Kabupaten Mojokerto,Kost Brawijaya Tipe A,Putra,Prajurit Kulon,5.0,Tidak,Ya,Ya,Ya,Ya,Ya,600000,https://mamikos.com/room/kost-mojokerto-kost-putra-eksklusif-kost-brawijaya-tipe-a-prajurit-kulon-mojokerto
Kabupaten Mojokerto,Kost Widya,Putri,Prajurit Kulon,0.0,Tidak,Tidak,Ya,Tidak,Ya,Ya,500000,https://mamikos.com/room/kost-kota-mojokerto-kost-putri-murah-kost-widya-prajurit-kulon-mojokerto
Kabupaten Mojokerto,Kost Gandiwa Tipe A,Campur,Pungging,0.0,Tidak,Ya,Ya,Tidak,Ya,Ya,500000,https://mamikos.com/room/kost-kabupaten-mojokerto-kost-campur-murah-kost-gandiwa-tipe-a-pungging-mojokerto
Kabupaten Mojokerto,Kost Miji Jaya 2 Tipe D,Campur,Kecamatan Prajurit Kulon,0.0,Ya,Ya,Ya,Tidak,Ya,Ya,1300000,https://mamikos.com/room/kost-kota-mojokerto-kost-campur-eksklusif-kost-miji-jaya-2-tipe-d-prajurit-kulon-mojokerto
Kabupaten Mojokerto,Kost Berkah,Campur,Magersari,0.0,Ya,Ya,Ya,Ya,Ya,Tidak,850000,https://mamikos.com/room/kost-kota-mojokerto-kost-campur-eksklusif-kost-berkah-magersari-mojokerto-2
Kabupaten Mojokerto,Kost Nufaza,Campur,Mojosari,0.0,Tidak,Ya,Ya,Ya,Ya,Ya,600000,https://mamikos.com/room/kost-mojokerto-kost-campur-murah-kost-nufaza-mojosari-mojokerto
Kabupaten Mojokerto,Kost Cozy Benteng Pancasila Tipe Vip B,Campur,Kecamatan Magersari,0.0,Ya,Ya,Ya,Tidak,Ya,Ya,1000000,https://mamikos.com/room/kost-kota-mojokerto-kost-campur-eksklusif-kost-cozy-benteng-pancasila-tipe-vip-b-magersari-mojokerto-2
Kabupaten Mojokerto,Kost Greenecoste,Putri,Kecamatan Magersari,0.0,Tidak,Ya,Ya,Tidak,Ya,Ya,700000,https://mamikos.com/room/kost-kota-mojokerto-kost-putri-murah-kost-greenecoste-magersari-mojokerto-2
Kabupaten Mojokerto,Kost Miji Jaya 2 Tipe I,Campur,Kecamatan Prajurit Kulon,0.0,Ya,Ya,Ya,Tidak,Ya,Ya,1500000,https://mamikos.com/room/kost-kota-mojokerto-kost-campur-eksklusif-kost-miji-jaya-2-tipe-i-prajurit-kulon-mojokerto
Kabupaten Mojokerto,Kost Ibu Sukar Tipe A,Campur,Kecamatan Mojosari,0.0,Tidak,Ya,Ya,Tidak,Ya,Tidak,500001,https://mamikos.com/room/kost-kabupaten-mojokerto-kost-campur-murah-kos-wonokusumo-mojosari-tipe-a-mojosari-mojokerto-2
Kabupaten Mojokerto,Kost Clavins,Putri,Kecamatan Sooko,0.0,Ya,Ya,Ya,Tidak,Tidak,Ya,1000000,https://mamikos.com/room/kost-kabupaten-mojokerto-kost-putri-eksklusif-kost-clavins-sooko-mojokerto-2
Kabupaten Mojokerto,Kost Triendah Tipe B,Campur,Kecamatan Mojoanyar,0.0,Tidak,Tidak,Ya,Tidak,Ya,Ya,400000,https://mamikos.com/room/kost-kabupaten-mojokerto-kost-campur-murah-kost-triendah-tipe-b-mojoanyar-mojokerto-2
Kabupaten Mojokerto,Kost Jalan Wonokusumo Tipe A,Campur,Kecamatan Mojosari,0.0,Tidak,Ya,Ya,Tidak,Tidak,Ya,500000,https://mamikos.com/room/kost-kabupaten-mojokerto-kost-campur-murah-kost-jalan-wonokusumo-tipe-a-mojosari-mojokerto
Kabupaten Mojokerto,Kost Mia 113 Tipe A,Campur,Kecamatan Mojosari,0.0,Tidak,Ya,Tidak,Tidak,Ya,Tidak,500000,https://mamikos.com/room/kost-kabupaten-mojokerto-kost-campur-murah-kost-mia-113-tipe-a-mojosari-mojokerto
Kabupaten Mojokerto,Kost Niki Sae,Putra,Kecamatan Mojoanyar,0.0,Tidak,Ya,Ya,Tidak,Tidak,Ya,300000,https://mamikos.com/room/kost-kabupaten-mojokerto-kost-putra-murah-kost-niki-sae-mojoanyar-mojokerto
Kabupaten Mojokerto,Kost Nirwana Tipe B,Campur,Prajurit Kulon,0.0,Tidak,Tidak,Ya,Tidak,Ya,Tidak,700000,https://mamikos.com/room/kost-kota-mojokerto-kost-campur-murah-kost-nirwana-tipe-b-prajurit-kulon-mojokerto-2
Kabupaten Mojokerto,Kost Aksa Tipe A,Campur,Kecamatan Mojosari,0.0,Tidak,Ya,Ya,Ya,Ya,Tidak,600000,https://mamikos.com/room/kost-kabupaten-mojokerto-kost-campur-murah-kost-aksa-tipe-a-mojosari-mojokerto
Kabupaten Mojokerto,Kost Emanuel Asa,Putra,Dawar Blandong,0.0,Tidak,Ya,Ya,Ya,Tidak,Tidak,1500000,https://mamikos.com/room/kost-kabupaten-mojokerto-kost-putra-eksklusif-kost-emanuel-asa-dawar-blandong-mojokerto-1
Kabupaten Mojokerto,Kost Sativa Tipe VIP B,Campur,Kecamatan Magersari,0.0,Ya,Tidak,Ya,Ya,Ya,Ya,1400000,https://mamikos.com/room/kost-kota-mojokerto-kost-campur-eksklusif-kost-sativa-tipe-vip-b-magersari-mojokerto
Kabupaten Mojokerto,Kost Bagus Tipe Large,Putra,Sooko,0.0,Ya,Ya,Ya,Ya,Ya,Tidak,1000000,https://mamikos.com/room/kost-mojokerto-kost-putra-murah-kost-bagus-tipe-large-sooko-mojokerto
Kabupaten Mojokerto,Kost Ijen Homestay,Campur,Kecamatan Magersari,0.0,Ya,Tidak,Ya,Ya,Ya,Ya,1300000,https://mamikos.com/room/kost-kota-mojokerto-kost-campur-eksklusif-kost-ijen-homestay-magersari-mojokerto
Kabupaten Mojokerto,Kost Buana Tipe B,Putri,Magersari,0.0,Tidak,Ya,Ya,Tidak,Ya,Ya,700000,https://mamikos.com/room/kost-kota-mojokerto-kost-putri-eksklusif-kost-buana-tipe-b-magersari-mojokerto
Kabupaten Mojokerto,Kost Eriska,Campur,Mojosari,0.0,Tidak,Ya,Ya,Tidak,Ya,Ya,500000,https://mamikos.com/room/kost-kabupaten-mojokerto-kost-campur-murah-kost-eriska-mojosari-mojokerto-2
Kabupaten Mojokerto,Kost Biru Tipe A Purwotengah,Campur,Magersari,0.0,Tidak,Ya,Ya,Ya,Ya,Ya,700000,https://mamikos.com/room/kost-mojokerto-kost-campur-eksklusif-kost-biru-purwotengah-magersari-mojokerto
Kabupaten Mojokerto,Kost Bunda Ervina,Putri,Kecamatan Sooko,0.0,Tidak,Ya,Ya,Ya,Tidak,Ya,350000,https://mamikos.com/room/kost-kabupaten-mojokerto-kost-putri-murah-kost-bunda-ervina-sooko-mojokerto
Kabupaten Mojokerto,Kost Griya Lestari,Putri,Prajurit Kulon,0.0,Ya,Ya,Ya,Ya,Ya,Ya,1300000,https://mamikos.com/room/kost-kota-mojokerto-kost-putri-eksklusif-kost-griya-lestari-prajurit-kulon-mojokerto-2
Kabupaten Mojokerto,Kost Griya Qonita,Campur,Mojosari,0.0,Ya,Ya,Ya,Ya,Ya,Tidak,1100000,https://mamikos.com/room/kost-kabupaten-mojokerto-kost-campur-eksklusif-kost-griya-qonita-mojosari-mojokerto-2
Kabupaten Mojokerto,Kost Salmas Homestay,Campur,Kecamatan Magersari,0.0,Ya,Tidak,Ya,Ya,Ya,Ya,1800000,https://mamikos.com/room/kost-kota-mojokerto-kost-campur-eksklusif-kost-salmas-homestay-magersari-mojokerto
Kabupaten Mojokerto,Kost Pinkky Type A,Campur,Puri,0.0,Ya,Ya,Ya,Ya,Ya,Ya,850000,https://mamikos.com/room/kost-kabupaten-mojokerto-kost-campur-murah-kost-pinkky-type-a-puri-mojokerto
Kabupaten Mojokerto,Kost A3 Tipe A,Putri,Kecamatan Mojosari,0.0,Tidak,Tidak,Ya,Tidak,Tidak,Ya,550000,https://mamikos.com/room/kost-kabupaten-mojokerto-kost-putri-murah-kost-a3-tipe-a-mojosari-mojokerto-2
Kabupaten Mojokerto,Kost Omahe Pak Edi,Putri,Kecamatan Prajurit Kulon,0.0,Tidak,Ya,Ya,Tidak,Tidak,Tidak,750000,https://mamikos.com/room/kost-kota-mojokerto-kost-putri-murah-kost-omahe-pak-edi-prajurit-kulon-mojokerto
Kabupaten Mojokerto,Rumah Kontrakan Bu Ranti,Campur,Kecamatan Magersari,0.0,Tidak,Tidak,Tidak,Tidak,Tidak,Tidak,1166000,https://mamikos.com/room/kost-kota-mojokerto-kost-campur-eksklusif-rumah-kontrakan-bu-ranti-magersari-mojokerto
Kabupaten Mojokerto,Kost Aliyah Tipe A,Putri,Sooko,0.0,Ya,Tidak,Ya,Ya,Ya,Tidak,800000,https://mamikos.com/room/kost-kabupaten-mojokerto-kost-putri-murah-kost-aliyah-tipe-a-sooko-mojokerto-2
Kabupaten Mojokerto,Kost Nharhegha Tipe A,Putri,Sooko,0.0,Ya,Ya,Ya,Tidak,Ya,Ya,1200000,https://mamikos.com/room/kost-kabupaten-mojokerto-kost-putri-eksklusif-kost-nharhegha-tipe-a-sooko-mojokerto
Kabupaten Mojokerto,Kost Abah Amin,Campur,Kecamatan Dawar Blandong,0.0,Tidak,Ya,Ya,Ya,Tidak,Ya,375000,https://mamikos.com/room/kost-kabupaten-mojokerto-kost-campur-murah-kost-abah-amin-dawar-blandong-mojokerto
Kabupaten Mojokerto,Kost 578,Campur,Sooko,0.0,Tidak,Ya,Ya,Ya,Ya,Tidak,700000,https://mamikos.com/room/kost-kabupaten-mojokerto-kost-campur-murah-kost-578-sooko-mojokerto
Kabupaten Mojokerto,Kost Wijaya,Putra,Kecamatan Magersari,0.0,Tidak,Ya,Ya,Tidak,Tidak,Ya,500000,https://mamikos.com/room/kost-kota-mojokerto-kost-putra-murah-kost-wijaya-magersari-mojokerto-2
Kabupaten Mojokerto,Kost Filia Tipe Standard,Campur,Kecamatan Magersari,0.0,Tidak,Ya,Ya,Tidak,Tidak,Ya,600000,https://mamikos.com/room/kost-kota-mojokerto-kost-campur-murah-kost-filia-tipe-standard-magersari-mojokerto-2
Kabupaten Mojokerto,Kost Lotus Tipe A,Putra,Kecamatan Sooko,0.0,Ya,Tidak,Ya,Ya,Ya,Ya,1000000,https://mamikos.com/room/kost-kabupaten-mojokerto-kost-putra-eksklusif-kost-lotus-tipe-a-sooko-mojokerto
Kabupaten Mojokerto,Kost Wilujeng Rahayu Tipe VVIP,Campur,Mojosari,0.0,Tidak,Ya,Ya,Ya,Ya,Ya,800000,https://mamikos.com/room/kost-kabupaten-mojokerto-kost-putri-murah-kost-wilujeng-rahayu-tipe-vvip-mojosari-mojokerto
Kabupaten Mojokerto,Kost Pojok Tipe A,Campur,Kecamatan Magersari,0.0,Ya,Ya,Ya,Tidak,Ya,Ya,1300000,https://mamikos.com/room/kost-kota-mojokerto-kost-campur-eksklusif-kost-pojok-tipe-a-magersari-mojokerto
Kabupaten Mojokerto,Kost Jaya Abadi,Campur,Kecamatan Mojosari,0.0,Tidak,Ya,Tidak,Tidak,Ya,Tidak,500000,https://mamikos.com/room/kost-kabupaten-mojokerto-kost-campur-murah-kost-jaya-abadi-mojosari-mojokerto
Kabupaten Mojokerto,Kost Abah Tris Tipe A,Campur,Magersari,0.0,Tidak,Tidak,Tidak,Tidak,Tidak,Ya,500000,https://mamikos.com/room/kost-kota-mojokerto-kost-campur-murah-kost-abah-tris-tipe-a-magersari-mojokerto-2
Kabupaten Mojokerto,Kost Filia Tipe Ekonomis 1,Campur,Kecamatan Magersari,0.0,Tidak,Ya,Ya,Tidak,Tidak,Ya,450000,https://mamikos.com/room/kost-kota-mojokerto-kost-campur-murah-kost-filia-tipe-ekonomis-1-magersari-mojokerto-2
Kabupaten Mojokerto,Kost Salon Novi 1,Campur,Kecamatan Gedek,0.0,Tidak,Ya,Ya,Tidak,Ya,Tidak,450000,https://mamikos.com/room/kost-kabupaten-mojokerto-kost-campur-murah-kost-salon-novi-1-gedek-mojokerto-2
Kabupaten Mojokerto,Kost Griya Firdaus Tipe A,Putri,Kecamatan Magersari,0.0,Tidak,Ya,Ya,Ya,Ya,Ya,750000,https://mamikos.com/room/kost-kota-mojokerto-kost-putri-murah-kost-griya-firdaus-tipe-a-magersari-mojokerto
Kabupaten Mojokerto,Kost London,Campur,Kecamatan Mojosari,0.0,Tidak,Ya,Ya,Tidak,Ya,Tidak,400000,https://mamikos.com/room/kost-kabupaten-mojokerto-kost-campur-murah-kost-london-mojosari-mojokerto
Kabupaten Mojokerto,Kost Priti Tipe A,Campur,Prajurit Kulon,0.0,Tidak,Tidak,Ya,Ya,Ya,Ya,700000,https://mamikos.com/room/kost-kota-mojokerto-kost-campur-murah-kost-priti-tipe-a-prajurit-kulon-mojokerto
Kabupaten Mojokerto,Kost Mas Okik,Campur,Kecamatan Gedek,0.0,Tidak,Tidak,Tidak,Tidak,Ya,Tidak,600000,https://mamikos.com/room/kost-kabupaten-mojokerto-kost-campur-murah-kost-mas-okik-gedek-mojokerto
Kabupaten Mojokerto,Kost Bu Yati Tipe A,Putri,Kecamatan Puri,0.0,Tidak,Ya,Ya,Tidak,Tidak,Ya,300000,https://mamikos.com/room/kost-kabupaten-mojokerto-kost-putri-murah-kost-bu-yati-tipe-a-puri-mojokerto
Kabupaten Mojokerto,Kost Meila Tipe E,Campur,Kecamatan Magersari,0.0,Ya,Ya,Ya,Tidak,Ya,Ya,1700000,https://mamikos.com/room/kost-kota-mojokerto-kost-campur-eksklusif-kost-meila-tipe-e-magersari-mojokerto-2
Kabupaten Mojokerto,Kost Bu Yun Murukan,Campur,Prajurit Kulon,3.8,Ya,Ya,Ya,Tidak,Ya,Tidak,1000000,https://mamikos.com/room/kost-kota-mojokerto-kost-campur-eksklusif-kost-bu-yun-murukan-prajurit-kulon-mojokerto
Kabupaten Mojokerto,Kost Meila Tipe D,Campur,Kecamatan Magersari,0.0,Ya,Ya,Ya,Tidak,Ya,Ya,1700000,https://mamikos.com/room/kost-kota-mojokerto-kost-campur-eksklusif-kost-meila-tipe-d-magersari-mojokerto
Kabupaten Mojokerto,Kost Zayra,Campur,Kecamatan Sooko,0.0,Tidak,Ya,Ya,Tidak,Ya,Ya,450000,https://mamikos.com/room/kost-kabupaten-mojokerto-kost-campur-murah-kost-zayra-sooko-mojokerto-2
Kabupaten Mojokerto,Kost Novi,Campur,Gedek,0.0,Tidak,Ya,Ya,Tidak,Ya,Tidak,450000,https://mamikos.com/room/kost-kabupaten-mojokerto-kost-campur-murah-kost-novi-gedek-mojokerto-2
Kabupaten Mojokerto,Kost Yoga Tipe A,Putra,Mojoanyar,0.0,Tidak,Ya,Ya,Tidak,Tidak,Tidak,400000,https://mamikos.com/room/kost-kabupaten-mojokerto-kost-putra-murah-kost-yoga-tipe-a-mojoanyar-mojokerto
Kabupaten Mojokerto,Kost Pbs,Putri,Kecamatan Mojosari,0.0,Tidak,Tidak,Ya,Tidak,Ya,Tidak,550000,https://mamikos.com/room/kost-kabupaten-mojokerto-kost-putri-murah-kost-pbs-mojosari-mojokerto
Kabupaten Mojokerto,Kost The Hawa,Putri,Pungging,0.0,Tidak,Ya,Ya,Tidak,Ya,Ya,550000,https://mamikos.com/room/kost-mojokerto-kost-putri-murah-kost-the-hawa-pungging-mojokerto
Kabupaten Mojokerto,Kost Sulis Tipe A,Campur,Kecamatan Prajurit Kulon,0.0,Ya,Tidak,Ya,Tidak,Ya,Ya,1200000,https://mamikos.com/room/kost-kota-mojokerto-kost-campur-eksklusif-kost-sulis-tipe-a-prajurit-kulon-mojokerto
Kabupaten Mojokerto,Kost Pinkky Tipe B,Campur,Puri,0.0,Ya,Tidak,Ya,Tidak,Ya,Tidak,850000,https://mamikos.com/room/kost-mojokerto-kost-campur-murah-kost-pinkky-tipe-b-puri-mojokerto-1
Kabupaten Mojokerto,Rumah Kontrakan Abdul Khamid Awang Awang,Campur,Kecamatan Mojosari,0.0,Tidak,Ya,Tidak,Tidak,Ya,Tidak,600000,https://mamikos.com/room/kost-kabupaten-mojokerto-kost-campur-murah-rumah-kontrakan-abdul-khamid-awang-awang-mojosari-mojokerto
Kabupaten Mojokerto,Kost Gatul Tipe A,Putri,Kecamatan Puri,0.0,Tidak,Tidak,Ya,Ya,Tidak,Ya,350000,https://mamikos.com/room/kost-kabupaten-mojokerto-kost-putri-murah-kost-gatul-tipe-a-puri-mojokerto
Kabupaten Mojokerto,Kost 68 Tipe Non AC,Putri,Magersari,0.0,Tidak,Ya,Ya,Ya,Tidak,Tidak,700000,https://mamikos.com/room/kost-kota-mojokerto-kost-putri-murah-kost-68-tipe-non-ac-magersari-mojokerto
Kabupaten Mojokerto,Kost Mia Tipe A1,Campur,Kecamatan Mojosari,0.0,Tidak,Ya,Tidak,Tidak,Ya,Tidak,550000,https://mamikos.com/room/kost-kabupaten-mojokerto-kost-campur-murah-kost-mia-tipe-a-mojosari-mojokerto-2
Kabupaten Mojokerto,Kost Abah Didin,Campur,Magersari,0.0,Ya,Tidak,Ya,Ya,Tidak,Tidak,1100000,https://mamikos.com/room/kost-kota-mojokerto-kost-campur-eksklusif-kost-abah-didin-magersari-mojokerto-2
Kabupaten Mojokerto,Kost Rumah Bata Merah,Putri,Prajurit Kulon,0.0,Tidak,Ya,Tidak,Ya,Ya,Tidak,850000,https://mamikos.com/room/kost-kota-mojokerto-kost-putri-murah-kost-rumah-bata-merah-prajurit-kulon-mojokerto
Kabupaten Mojokerto,Kost Bu Allik Tipe Standart,Putri,Jatirejo,0.0,Tidak,Ya,Ya,Tidak,Tidak,Ya,500000,https://mamikos.com/room/kost-mojokerto-kost-putri-murah-kost-bu-allik-tipe-standart-jatirejo-mojokerto
Kabupaten Mojokerto,Kost Griya Cj Tipe A,Campur,Kecamatan Sooko,0.0,Tidak,Ya,Ya,Ya,Ya,Ya,750000,https://mamikos.com/room/kost-kabupaten-mojokerto-kost-campur-murah-kost-griya-cj-tipe-a-sooko-mojokerto
Kabupaten Mojokerto,Kost Wonokusumo 15,Campur,Mojosari,0.0,Tidak,Tidak,Ya,Tidak,Ya,Ya,550000,https://mamikos.com/room/kost-mojokerto-kost-campur-murah-kost-wonokusumo-15-mojosari-mojokerto
Kabupaten Mojokerto,Kost Banu,Putra,Sooko,0.0,Tidak,Ya,Ya,Ya,Ya,Tidak,650000,https://mamikos.com/room/kost-kabupaten-mojokerto-kost-putra-murah-kost-banu-sooko-mojokerto
Kabupaten Mojokerto,Kost Mr Khan De Tipe A,Campur,Jetis,0.0,Tidak,Ya,Ya,Tidak,Ya,Ya,700000,https://mamikos.com/room/kost-kabupaten-mojokerto-kost-campur-murah-kost-mr-khan-de-tipe-a-jetis-mojokerto
Kabupaten Mojokerto,Kost Hijau,Putri,Kecamatan Prajurit Kulon,0.0,Tidak,Ya,Ya,Tidak,Ya,Ya,550000,https://mamikos.com/room/kost-kota-mojokerto-kost-putri-murah-kost-hijau-putri-prajurit-kulon-mojokerto
Kabupaten Mojokerto,Kost Jaya Negara Tipe 1,Campur,Kecamatan Puri,0.0,Tidak,Tidak,Ya,Tidak,Ya,Ya,500000,https://mamikos.com/room/kost-kabupaten-mojokerto-kost-campur-murah-kost-jaya-negara-tipe-1-puri-mojokerto
Kabupaten Mojokerto,Kost Miji Jaya 2 Tipe F,Campur,Kecamatan Prajurit Kulon,0.0,Tidak,Ya,Ya,Tidak,Ya,Ya,750000,https://mamikos.com/room/kost-kota-mojokerto-kost-campur-murah-kost-miji-jaya-2-tipe-f-prajurit-kulon-mojokerto
Kabupaten Mojokerto,Kost Keluarga Bunda Yuli Tipe A,Putri,Mojosari,0.0,Tidak,Ya,Ya,Tidak,Tidak,Tidak,550000,https://mamikos.com/room/kost-kabupaten-mojokerto-kost-putri-murah-kost-keluarga-bunda-yuli-tipe-a-mojosari-mojokerto-2
Kabupaten Mojokerto,Kost Rumah Jelita,Campur,Kecamatan Jetis,0.0,Ya,Ya,Ya,Tidak,Ya,Tidak,1000000,https://mamikos.com/room/kost-kabupaten-mojokerto-kost-campur-eksklusif-kost-rumah-jelita-jetis-mojokerto-2
Kabupaten Mojokerto,Kost Airlangga Type A,Campur,Kecamatan Mojosari,0.0,Tidak,Tidak,Ya,Tidak,Tidak,Ya,500000,https://mamikos.com/room/kost-kabupaten-mojokerto-kost-campur-murah-kost-airlangga-type-a-mojosari-mojokerto
Kabupaten Mojokerto,Kost Emy,Campur,Magersari,0.0,Tidak,Ya,Ya,Ya,Ya,Tidak,450000,https://mamikos.com/room/kost-kota-mojokerto-kost-campur-murah-kost-emy-magersari-mojokerto
Kabupaten Mojokerto,Kost Anzhar,Putri,Mojoanyar,0.0,Tidak,Tidak,Ya,Tidak,Tidak,Tidak,500000,https://mamikos.com/room/kost-kabupaten-mojokerto-kost-putri-murah-kost-anzhar-mojoanyar-mojokerto
Kabupaten Mojokerto,Kost Meila Tipe B,Putra,Kecamatan Magersari,0.0,Tidak,Ya,Ya,Tidak,Ya,Ya,750000,https://mamikos.com/room/kost-kota-mojokerto-kost-campur-murah-kost-meila-tipe-b-magersari-mojokerto
Kabupaten Mojokerto,Kost Happy Homey Tipe Regular,Putri,Kecamatan Magersari,0.0,Tidak,Ya,Ya,Ya,Tidak,Tidak,550000,https://mamikos.com/room/kost-kota-mojokerto-kost-putri-murah-kost-ndalem-ibu-happy-fanoo-tipe-executive-homey-magersari-mojokerto-2
Kabupaten Mojokerto,Kost Nugroho Tipe A,Campur,Kecamatan Magersari,0.0,Tidak,Ya,Ya,Ya,Ya,Ya,700000,https://mamikos.com/room/kost-kota-mojokerto-kost-campur-murah-kost-nugroho-tipe-a-magersari-mojokerto
Kabupaten Mojokerto,Kost Priti Tipe VIP B,Putri,Prajurit Kulon,0.0,Tidak,Tidak,Ya,Tidak,Ya,Ya,600000,https://mamikos.com/room/kost-kota-mojokerto-kost-putri-murah-kost-priti-tipe-vip-b-prajurit-kulon-mojokerto
Kabupaten Nganjuk,Kost Bromo Tipe A,Campur,Kecamatan Nganjuk,0.0,Ya,Ya,Ya,Ya,Ya,Ya,500000,https://mamikos.com/room/kost-kabupaten-nganjuk-kost-campur-eksklusif-kost-bromo-tipe-a-nganjuk
Kabupaten Nganjuk,Kost Griya,Campur,Nganjuk,0.0,Ya,Ya,Ya,Ya,Ya,Ya,1000000,https://mamikos.com/room/kost-nganjuk-kost-campur-eksklusif-kost-griya-nganjuk
Kabupaten Nganjuk,Kost Bu Sulastri,Putra,Nganjuk,0.0,Tidak,Ya,Ya,Ya,Tidak,Ya,500000,https://mamikos.com/room/kost-nganjuk-kost-putra-murah-kost-bu-sulastri-nganjuk
Kabupaten Nganjuk,Kost Oren's House,Putri,Nganjuk,0.0,Tidak,Ya,Ya,Ya,Tidak,Ya,400000,https://mamikos.com/room/kost-nganjuk-kost-putri-murah-kost-orens-house-nganjuk
Kabupaten Nganjuk,Kost Permata Pinang Superior,Campur,Kecamatan Nganjuk,0.0,Ya,Ya,Ya,Tidak,Ya,Ya,1200000,https://mamikos.com/room/kost-kabupaten-nganjuk-kost-campur-eksklusif-kost-permata-pinang-superior-nganjuk
Kabupaten Nganjuk,Kost Gawanda,Putri,Kecamatan Nganjuk,0.0,Ya,Ya,Ya,Ya,Ya,Ya,1000000,https://mamikos.com/room/kost-kabupaten-nganjuk-kost-putri-eksklusif-kost-gawanda-nganjuk
Kabupaten Nganjuk,Kost Permata Tipe VIP,Campur,Kecamatan Nganjuk,0.0,Ya,Ya,Ya,Ya,Ya,Ya,1500000,https://mamikos.com/room/kost-kabupaten-nganjuk-kost-campur-eksklusif-kost-permata-tipe-vip-nganjuk
Kabupaten Nganjuk,Kost Istina,Putra,Nganjuk,4.6,Tidak,Tidak,Ya,Tidak,Tidak,Ya,400000,https://mamikos.com/room/kost-nganjuk-kost-putra-murah-kost-putra-istina-tipe-a-nganjuk-1
Kabupaten Nganjuk,Kost Teduh Tipe Vip,Putra,Nganjuk,4.8,Ya,Ya,Ya,Ya,Ya,Ya,1000000,https://mamikos.com/room/kost-kabupaten-nganjuk-kost-putra-eksklusif-kost-teduh-tipe-vip-nganjuk-nganjuk
Kabupaten Nganjuk,Kost Ak Tipe B,Putri,Nganjuk,5.0,Ya,Tidak,Ya,Ya,Ya,Ya,850000,https://mamikos.com/room/kost-kabupaten-nganjuk-kost-putri-murah-kost-ak-tipe-b-nganjuk-nganjuk-1
Kabupaten Nganjuk,Kost Elly Pagar Hijau Tipe A,Putra,Kecamatan Nganjuk,0.0,Tidak,Tidak,Ya,Ya,Ya,Ya,725000,https://mamikos.com/room/kost-kabupaten-nganjuk-kost-putra-murah-kost-elly-pagar-hijau-tipe-a-nganjuk-2
Kabupaten Nganjuk,Kost Sulthon,Campur,Kecamatan Nganjuk,0.0,Tidak,Tidak,Ya,Tidak,Ya,Ya,700000,https://mamikos.com/room/kost-kabupaten-nganjuk-kost-campur-murah-kost-sulthon-nganjuk-nganjuk
Kabupaten Nganjuk,Kost Ndalem Gawanda Tipe B,Putri,Kecamatan Nganjuk,0.0,Ya,Ya,Ya,Ya,Ya,Tidak,1000000,https://mamikos.com/room/kost-kabupaten-nganjuk-kost-putri-eksklusif-kost-ndalem-gawanda-type-b-nganjuk-nganjuk-1
Kabupaten Nganjuk,Kost Rumah Kita Tipe A1,Campur,Kecamatan Nganjuk,0.0,Ya,Ya,Ya,Ya,Tidak,Tidak,1000000,https://mamikos.com/room/kost-kabupaten-nganjuk-kost-campur-eksklusif-kost-rumah-kita-tipe-a1-nganjuk
Kabupaten Nganjuk,Kost Pak Barokah,Putra,Kecamatan Nganjuk,4.5,Tidak,Tidak,Ya,Ya,Tidak,Ya,410000,https://mamikos.com/room/kost-kabupaten-nganjuk-kost-putra-eksklusif-kost-pak-barokah-nganjuk
Kabupaten Nganjuk,Kost Jl Letjen,Putra,Kecamatan Nganjuk,0.0,Tidak,Tidak,Tidak,Tidak,Tidak,Tidak,400000,https://mamikos.com/room/kost-kabupaten-nganjuk-kost-putra-murah-kost-jl-letjen-nganjuk-nganjuk
Kabupaten Nganjuk,Kost Permata Tipe A,Campur,Kecamatan Nganjuk,0.0,Tidak,Ya,Ya,Ya,Ya,Ya,750000,https://mamikos.com/room/kost-kabupaten-nganjuk-kost-campur-murah-kost-permata-tipe-a-nganjuk
Kabupaten Nganjuk,Kost Willis,Campur,Kecamatan Nganjuk,0.0,Tidak,Ya,Ya,Ya,Ya,Tidak,700000,https://mamikos.com/room/kost-kabupaten-nganjuk-kost-campur-murah-kost-willis-nganjuk
Kabupaten Nganjuk,Kost Teduh Tipe A,Putra,Nganjuk,5.0,Tidak,Ya,Ya,Ya,Ya,Ya,650000,https://mamikos.com/room/kost-kabupaten-nganjuk-kost-putra-murah-kost-teduh-tipe-a-nganjuk-nganjuk-1
Kabupaten Nganjuk,Kost Griya Latara,Campur,Kecamatan Nganjuk,0.0,Ya,Ya,Ya,Ya,Ya,Ya,1100000,https://mamikos.com/room/kost-kabupaten-nganjuk-kost-campur-eksklusif-kost-griya-latara-nganjuk
Kabupaten Nganjuk,Kost Abc Winong,Campur,Kecamatan Nganjuk,0.0,Tidak,Ya,Ya,Ya,Ya,Ya,900000,https://mamikos.com/room/kost-kabupaten-nganjuk-kost-campur-murah-kost-abc-winong-nganjuk
Kabupaten Nganjuk,Kost Hakan Tipe A,Putri,Kecamatan Loceret,0.0,Tidak,Tidak,Ya,Ya,Ya,Ya,400000,https://mamikos.com/room/kost-kabupaten-nganjuk-kost-putri-murah-kost-hakan-tipe-a-loceret-nganjuk-2
Kabupaten Nganjuk,Kost M Chusnul Muntaqo,Putra,Nganjuk,0.0,Tidak,Ya,Ya,Tidak,Tidak,Tidak,350000,https://mamikos.com/room/kost-kabupaten-nganjuk-kost-putra-murah-kost-m-chusnul-muntaqo-nganjuk
Kabupaten Nganjuk,Kost Orange,Putri,Nganjuk,0.0,Tidak,Ya,Ya,Ya,Ya,Ya,700000,https://mamikos.com/room/kost-kabupaten-nganjuk-kost-putri-eksklusif-kost-orange-nganjuk
Kabupaten Nganjuk,Kost Green House,Putri,Kecamatan Nganjuk,0.0,Tidak,Tidak,Ya,Ya,Tidak,Ya,450000,https://mamikos.com/room/kost-kabupaten-nganjuk-kost-putri-murah-kost-green-house-nganjuk
Kabupaten Nganjuk,Kost Rumah Wilis Tipe A,Campur,Kecamatan Nganjuk,0.0,Tidak,Ya,Ya,Tidak,Ya,Tidak,800000,https://mamikos.com/room/kost-kabupaten-nganjuk-kost-campur-murah-kost-rumah-wilis-tipe-a-nganjuk
Kabupaten Nganjuk,Kost Elly Pagar Hijau Tipe B,Putri,Kecamatan Nganjuk,0.0,Ya,Tidak,Ya,Ya,Ya,Ya,1100000,https://mamikos.com/room/kost-kabupaten-nganjuk-kost-putri-eksklusif-kost-elly-pagar-hijau-tipe-b-nganjuk-2
Kabupaten Nganjuk,Kost Oemah Puri,Putra,Kecamatan Nganjuk,0.0,Ya,Ya,Ya,Ya,Ya,Ya,850000,https://mamikos.com/room/kost-kabupaten-nganjuk-kost-putra-murah-kost-oemah-puri-nganjuk
Kabupaten Nganjuk,Kost Bu Sony 1,Putri,Kecamatan Nganjuk,0.0,Tidak,Tidak,Ya,Ya,Tidak,Tidak,400000,https://mamikos.com/room/kost-kabupaten-nganjuk-kost-putri-murah-kost-bu-sony-1-nganjuk
Kabupaten Nganjuk,Kost Bapak Ainul,Putri,Kecamatan Nganjuk,0.0,Tidak,Ya,Ya,Tidak,Tidak,Ya,500000,https://mamikos.com/room/kost-kabupaten-nganjuk-kost-putri-murah-kost-bapak-ainul-nganjuk
Kabupaten Nganjuk,Kost Rizmel,Putri,Kecamatan Nganjuk,0.0,Tidak,Ya,Ya,Tidak,Ya,Ya,500000,https://mamikos.com/room/kost-kabupaten-nganjuk-kost-putri-murah-kost-rizmel-nganjuk-nganjuk
Kabupaten Nganjuk,Kost Endah House,Putra,Nganjuk,0.0,Tidak,Tidak,Ya,Ya,Ya,Ya,400000,https://mamikos.com/room/kost-kabupaten-nganjuk-kost-putra-murah-kost-endah-house-nganjuk
Kabupaten Nganjuk,Kost Tony Jaya Mebel,Campur,Nganjuk,0.0,Tidak,Ya,Ya,Tidak,Tidak,Tidak,400000,https://mamikos.com/room/kost-kabupaten-nganjuk-kost-campur-murah-kost-tony-jaya-mebel-nganjuk-nganjuk-2
Kabupaten Nganjuk,Kost Kartoharjo,Campur,Nganjuk,0.0,Tidak,Ya,Ya,Tidak,Tidak,Ya,400000,https://mamikos.com/room/kost-kabupaten-nganjuk-kost-campur-murah-kost-kartoharjo-nganjuk-nganjuk
Kabupaten Nganjuk,Kost Gawanda Tipe A,Putri,Nganjuk,0.0,Ya,Ya,Ya,Ya,Ya,Ya,1200000,https://mamikos.com/room/kost-kabupaten-nganjuk-kost-putri-eksklusif-kost-gawanda-tipe-a-nganjuk
Kabupaten Nganjuk,Kost Liora Tipe VIP,Putri,Kecamatan Loceret,0.0,Ya,Ya,Ya,Ya,Ya,Ya,1000000,https://mamikos.com/room/kost-kabupaten-nganjuk-kost-putri-eksklusif-kost-liora-tipe-vip-loceret-nganjuk
Kabupaten Nganjuk,Kost Homestay 36A,Campur,Bagor,0.0,Ya,Ya,Ya,Tidak,Ya,Ya,1100000,https://mamikos.com/room/kost-kabupaten-nganjuk-kost-campur-murah-kost-homestay-36a-bagor-nganjuk
Kabupaten Nganjuk,Kost Pelajar Syafi Tipe 1,Putra,Bagor,0.0,Tidak,Tidak,Ya,Tidak,Ya,Ya,375000,https://mamikos.com/room/kost-kabupaten-nganjuk-kost-putri-murah-kost-pelajar-syafi-tipe-1-bagor-nganjuk-2
Kabupaten Nganjuk,Kost Homy Tipe A,Putra,Kecamatan Loceret,0.0,Ya,Ya,Ya,Ya,Tidak,Ya,700000,https://mamikos.com/room/kost-kabupaten-nganjuk-kost-putra-murah-kost-homy-tipe-a-loceret-nganjuk
Kabupaten Nganjuk,Kost AK Tipe A,Putri,Kecamatan Nganjuk,0.0,Tidak,Tidak,Ya,Ya,Ya,Ya,800000,https://mamikos.com/room/kost-kabupaten-nganjuk-kost-putri-murah-kost-ak-nganjuk
Kabupaten Nganjuk,Kost Istana,Putri,Kecamatan Nganjuk,0.0,Tidak,Ya,Ya,Tidak,Tidak,Ya,350000,https://mamikos.com/room/kost-kabupaten-nganjuk-kost-putri-murah-kost-istana-nganjuk
Kabupaten Nganjuk,Kost Asri Tipe B,Campur,Nganjuk,0.0,Tidak,Tidak,Ya,Tidak,Tidak,Tidak,325000,https://mamikos.com/room/kost-kabupaten-nganjuk-kost-campur-murah-kost-asri-tipe-b-nganjuk-nganjuk
Kabupaten Nganjuk,Kost Ringinanom Asri Vip,Campur,Kecamatan Nganjuk,0.0,Tidak,Tidak,Ya,Ya,Ya,Tidak,700000,https://mamikos.com/room/kost-kabupaten-nganjuk-kost-campur-eksklusif-kost-ringinanom-asri-vip-nganjuk
Kabupaten Nganjuk,Kost Pradana,Campur,Kecamatan Bagor,0.0,Tidak,Ya,Ya,Tidak,Ya,Ya,450000,https://mamikos.com/room/kost-kabupaten-nganjuk-kost-campur-murah-kost-pradana-bagor-nganjuk
Kabupaten Nganjuk,Kost Salma 3 Standart Type A,Putra,Kecamatan Nganjuk,0.0,Tidak,Ya,Ya,Ya,Tidak,Ya,285000,https://mamikos.com/room/kost-kabupaten-nganjuk-kost-putra-murah-kost-salma-3-standart-type-a-nganjuk-nganjuk
Kabupaten Nganjuk,Kost Dwiki Tipe A,Putri,Kecamatan Nganjuk,0.0,Tidak,Ya,Ya,Ya,Tidak,Ya,300000,https://mamikos.com/room/kost-kabupaten-nganjuk-kost-putri-murah-kost-dwiki-tipe-a-nganjuk-nganjuk
Kabupaten Nganjuk,Kost Yos Sudarso I Tipe VVIP,Campur,Nganjuk,0.0,Ya,Tidak,Ya,Ya,Ya,Ya,1100000,https://mamikos.com/room/kost-kabupaten-nganjuk-kost-campur-eksklusif-kost-yos-sudarso-i-tipe-vvip-nganjuk-
Kabupaten Nganjuk,Kost Rumah Wilis,Campur,Nganjuk,0.0,Tidak,Ya,Ya,Ya,Ya,Ya,700000,https://mamikos.com/room/kost-nganjuk-kost-campur-murah-kost-rumah-wilis-nganjuk
Kabupaten Nganjuk,Kost Induk,Campur,Nganjuk,0.0,Ya,Ya,Ya,Ya,Ya,Ya,1000000,https://mamikos.com/room/kost-kabupaten-nganjuk-kost-campur-eksklusif-kost-induk-nganjuk-nganjuk-2
Kabupaten Nganjuk,Kost Bu Iin Tipe A,Putri,Kecamatan Nganjuk,5.0,Tidak,Tidak,Ya,Tidak,Tidak,Ya,250000,https://mamikos.com/room/kost-kabupaten-nganjuk-kost-putri-murah-kost-bu-iin-tipe-a-nganjuk-nganjuk-1
Kabupaten Nganjuk,Kost Qita,Putri,Kecamatan Nganjuk,0.0,Ya,Tidak,Ya,Ya,Ya,Ya,800000,https://mamikos.com/room/kost-kabupaten-nganjuk-kost-putri-eksklusif-kost-qita-nganjuk
Kabupaten Nganjuk,Kost Ifan,Campur,Kecamatan Nganjuk,0.0,Tidak,Tidak,Ya,Tidak,Ya,Tidak,500000,https://mamikos.com/room/kost-kabupaten-nganjuk-kost-campur-murah-kost-ifan-nganjuk-nganjuk
Kabupaten Nganjuk,Kost Roemah Puri Mangundikaran,Putra,Nganjuk,0.0,Ya,Ya,Ya,Ya,Ya,Ya,850000,https://mamikos.com/room/kost-nganjuk-kost-putra-murah-kost-roemah-puri-mangundikaran-nganjuk
Kabupaten Nganjuk,Kost Asri Tipe A,Campur,Nganjuk,0.0,Tidak,Tidak,Ya,Tidak,Tidak,Tidak,250000,https://mamikos.com/room/kost-nganjuk-kost-campur-murah-kost-asri-tipe-a-nganjuk-4
Kabupaten Nganjuk,Kost Irli,Campur,Kecamatan Nganjuk,0.0,Ya,Ya,Ya,Ya,Ya,Ya,800000,https://mamikos.com/room/kost-kabupaten-nganjuk-kost-campur-eksklusif-kost-irli-nganjuk-nganjuk-2
Kabupaten Nganjuk,Kost Cozy,Putri,Kecamatan Nganjuk,0.0,Tidak,Ya,Ya,Ya,Tidak,Ya,600000,https://mamikos.com/room/kost-kabupaten-nganjuk-kost-putri-eksklusif-cozy-kost-nganjuk-nganjuk
Kabupaten Nganjuk,Kost Aba Tipe A,Campur,Kecamatan Nganjuk,0.0,Tidak,Ya,Tidak,Tidak,Ya,Tidak,525000,https://mamikos.com/room/kost-kabupaten-nganjuk-kost-campur-murah-kost-aba-tipe-a-nganjuk-
Kabupaten Nganjuk,Kost Sampurna,Putri,Kecamatan Nganjuk,0.0,Tidak,Ya,Ya,Tidak,Tidak,Tidak,350000,https://mamikos.com/room/kost-kabupaten-nganjuk-kost-putri-murah-kost-sampurna-nganjuk
Kabupaten Nganjuk,Kost Star 88,Putri,Nganjuk,0.0,Tidak,Ya,Ya,Tidak,Tidak,Ya,450000,https://mamikos.com/room/kost-kabupaten-nganjuk-kost-putri-murah-kost-star-88-nganjuk-1
Kabupaten Nganjuk,Kost Asri Tipe C,Campur,Nganjuk,4.8,Tidak,Tidak,Ya,Ya,Ya,Tidak,425000,https://mamikos.com/room/kost-kabupaten-nganjuk-kost-campur-murah-kost-asri-tipe-c-nganjuk-nganjuk
Kabupaten Nganjuk,Kost DeWinong Jl Teuku Umar,Campur,Nganjuk,0.0,Ya,Ya,Ya,Ya,Ya,Ya,1800000,https://mamikos.com/room/kost-kabupaten-nganjuk-kost-campur-eksklusif-kost-dewinong-jl-teuku-umar-nganjuk
Kabupaten Nganjuk,Kost Widowati Ploso,Putri,Nganjuk,5.0,Tidak,Tidak,Ya,Ya,Tidak,Tidak,500000,https://mamikos.com/room/kost-nganjuk-kost-putri-murah-kost-widowati-ploso-nganjuk-1
Kabupaten Nganjuk,Kost Barokah 1,Campur,Kecamatan Nganjuk,0.0,Tidak,Ya,Ya,Tidak,Ya,Ya,600000,https://mamikos.com/room/kost-kabupaten-nganjuk-kost-campur-murah-kost-barokah-1-nganjuk-nganjuk-1
Kabupaten Nganjuk,Kost Salma 1 Tipe A,Putri,Nganjuk,4.6,Tidak,Ya,Ya,Tidak,Tidak,Ya,350000,https://mamikos.com/room/kost-kabupaten-nganjuk-kost-putri-murah-kost-salma-1-tipe-a-nganjuk
Kabupaten Ngawi,Kost Army II VIP,Putri,Ngawi,0.0,Ya,Tidak,Ya,Ya,Ya,Ya,850000,https://mamikos.com/room/kost-kabupaten-ngawi-kost-putri-murah-kost-army-ii-vip-ngawi-ngawi-2
Kabupaten Ngawi,Kost Thalamus Tipe Eksklusif,Campur,Ngawi,0.0,Ya,Tidak,Ya,Ya,Ya,Ya,1200000,https://mamikos.com/room/kost-ngawi-kost-campur-eksklusif-kost-thalamus-tipe-eksklusif-ngawi
Kabupaten Ngawi,Kost Handayani Syariah Tipe Ekslusif,Putri,Ngawi,0.0,Ya,Tidak,Ya,Ya,Ya,Ya,1500000,https://mamikos.com/room/kost-ngawi-kost-putri-eksklusif-kost-handayani-syariah-tipe-ekslusif-ngawi
Kabupaten Ngawi,Kost Samawa 2 Tipe AC,Putri,Ngawi,0.0,Ya,Tidak,Ya,Ya,Ya,Ya,900000,https://mamikos.com/room/kost-kabupaten-ngawi-kost-putri-murah-kost-samawa-2-tipe-ac-ngawi
Kabupaten Ngawi,Kost Ara Ekslusif,Putra,Kecamatan Ngawi,0.0,Ya,Ya,Ya,Ya,Ya,Ya,1000000,https://mamikos.com/room/kost-kabupaten-ngawi-kost-putra-eksklusif-kost-ara-ekslusif-ngawi
Kabupaten Ngawi,Kost Elegan,Campur,Ngawi,0.0,Tidak,Ya,Ya,Tidak,Ya,Tidak,600000,https://mamikos.com/room/kost-kabupaten-ngawi-kost-campur-murah-kost-elegan-ngawi-1
Kabupaten Ngawi,Kost Kusuma,Putri,Ngawi,0.0,Tidak,Ya,Ya,Ya,Ya,Ya,850000,https://mamikos.com/room/kost-kabupaten-ngawi-kost-putri-murah-kost-kusuma-ngawi
Kabupaten Ngawi,Kost Kusuma Tipe A,Putri,Kecamatan Ngawi,0.0,Ya,Ya,Ya,Ya,Ya,Tidak,1100000,https://mamikos.com/room/kost-kabupaten-ngawi-kost-putri-eksklusif-kos-kusuma-tipe-a-ngawi-ngawi
Kabupaten Ngawi,Kost Bu Nawa Tipe Standart,Putri,Kecamatan Ngawi,0.0,Tidak,Tidak,Ya,Tidak,Tidak,Ya,500000,https://mamikos.com/room/kost-kabupaten-ngawi-kost-putri-murah-kost-bu-nawa-tipe-standart-ngawi-ngawi
Kabupaten Ngawi,Kost Kartika Tipe A,Putri,Ngawi,0.0,Tidak,Tidak,Ya,Tidak,Ya,Ya,600000,https://mamikos.com/room/kost-kabupaten-ngawi-kost-putri-murah-kost-kartika-tipe-a-ngawi-ngawi-2
Kabupaten Ngawi,Kost H Samadikoen Tipe A,Campur,Ngawi,0.0,Ya,Ya,Ya,Ya,Ya,Ya,1200000,https://mamikos.com/room/kost-ngawi-kost-campur-eksklusif-kost-h-samadikoen-tipe-a-ngawi
Kabupaten Ngawi,Kost Winong,Putra,Ngawi,0.0,Tidak,Tidak,Ya,Tidak,Tidak,Ya,350000,https://mamikos.com/room/kost-kabupaten-ngawi-kost-putra-murah-kost-winong-ngawi-ngawi
Kabupaten Ngawi,Kost Rumah Helti,Putri,Kecamatan Ngawi,0.0,Ya,Ya,Ya,Ya,Ya,Ya,1000000,https://mamikos.com/room/kost-kabupaten-ngawi-kost-putri-eksklusif-kost-rumah-helti-ngawi
Kabupaten Ngawi,Kost Brainy Executive,Campur,Ngawi,0.0,Ya,Ya,Ya,Ya,Ya,Ya,1300001,https://mamikos.com/room/kost-kabupaten-ngawi-kost-campur-eksklusif-brainy-kost-executive-ngawi-ngawi
Kabupaten Ngawi,Kost Sindo Tipe B,Campur,Ngawi,0.0,Tidak,Tidak,Ya,Tidak,Ya,Ya,500000,https://mamikos.com/room/kost-kabupaten-ngawi-kost-campur-murah-kost-sindo-tipe-b-ngawi-ngawi
Kabupaten Ngawi,Kost Manyar Mart Standart,Campur,Kecamatan Ngawi,0.0,Tidak,Ya,Ya,Tidak,Ya,Tidak,500000,https://mamikos.com/room/kost-kabupaten-ngawi-kost-campur-murah-kost-manyar-mart-standart-ngawi
Kabupaten Ngawi,Kost Griya Bana Tipe Executive,Putri,Ngawi,0.0,Tidak,Tidak,Ya,Tidak,Ya,Tidak,800000,https://mamikos.com/room/kost-ngawi-kost-putri-murah-kost-griya-bana-tipe-executive-ngawi
Kabupaten Ngawi,Kost Eldrich Living,Campur,Ngawi,0.0,Ya,Tidak,Ya,Ya,Ya,Ya,1200000,https://mamikos.com/room/kost-kabupaten-ngawi-kost-campur-eksklusif-kost-eldrich-living-ngawi
Kabupaten Ngawi,Kost Almahyra,Putri,Kecamatan Ngawi,0.0,Ya,Tidak,Ya,Ya,Ya,Ya,950000,https://mamikos.com/room/kost-kabupaten-ngawi-kost-putri-murah-kost-almahyra-ngawi
Kabupaten Ngawi,Kost Jl Kyai Mojo,Campur,Ngawi,0.0,Ya,Ya,Ya,Tidak,Ya,Ya,950000,https://mamikos.com/room/kost-kabupaten-ngawi-kost-campur-murah-kost-jl-kyai-mojo-ngawi-1
Kabupaten Ngawi,Kost Londry Standart,Putri,Ngawi,0.0,Tidak,Ya,Tidak,Ya,Tidak,Tidak,300000,https://mamikos.com/room/kost-ngawi-kost-putri-murah-kost-londry-standart-ngawi-ngawi
Kabupaten Ngawi,Kost Green,Campur,Ngawi,0.0,Ya,Tidak,Ya,Ya,Ya,Ya,1100000,https://mamikos.com/room/kost-kabupaten-ngawi-kost-campur-eksklusif-kost-green-ngawi-ngawi-1
Kabupaten Ngawi,Kost Berkah,Putra,Kecamatan Ngawi,0.0,Tidak,Ya,Ya,Tidak,Tidak,Ya,600000,https://mamikos.com/room/kost-kabupaten-ngawi-kost-putra-murah-kost-berkah-ngawi
Kabupaten Ngawi,Kost Mihardi Hasanudin,Putra,Kecamatan Ngawi,0.0,Tidak,Tidak,Ya,Tidak,Tidak,Ya,300000,https://mamikos.com/room/kost-kabupaten-ngawi-kost-putra-murah-kost-mihardi-hasanudin-ngawi-ngawi
Kabupaten Ngawi,Kost Samawa 2 Tipe Non Ac,Putri,Ngawi,0.0,Tidak,Tidak,Ya,Ya,Ya,Ya,650000,https://mamikos.com/room/kost-kabupaten-ngawi-kost-putri-murah-kost-samawa-2-tipe-non-ac-ngawi
Kabupaten Pacitan,Kost Samanhudi 7 Tipe C,Putra,Pacitan,0.0,Tidak,Ya,Ya,Tidak,Tidak,Tidak,400000,https://mamikos.com/room/kost-kabupaten-pacitan-kost-putra-murah-kost-samanhudi-7-tipe-c-pacitan-
Kabupaten Pacitan,Kost Samanhudi 7 Tipe A,Putra,Pacitan,0.0,Ya,Ya,Ya,Ya,Ya,Tidak,750000,https://mamikos.com/room/kost-kabupaten-pacitan-kost-putra-murah-kost-samanhudi-7-tipe-a-pacitan-
Kabupaten Pacitan,Kost Samanhudi 7 Tipe B,Putra,Pacitan,0.0,Ya,Ya,Ya,Ya,Tidak,Tidak,600000,https://mamikos.com/room/kost-kabupaten-pacitan-kost-putra-murah-kost-samanhudi-7-tipe-b-pacitan-pacitan-2
Kabupaten Pacitan,Kost Griya Kencana Tipe Executive,Putra,Kecamatan Pacitan,0.0,Tidak,Ya,Ya,Ya,Ya,Tidak,500000,https://mamikos.com/room/kost-kabupaten-pacitan-kost-putra-murah-kost-griya-kencana-tipe-executive-pacitan-pacitan
Kabupaten Pacitan,Kost Griya Kencana Tipe Standart,Putra,Pacitan,0.0,Tidak,Ya,Ya,Ya,Ya,Tidak,400000,https://mamikos.com/room/kost-kabupaten-pacitan-kost-putra-murah-kost-griya-kencana-tipe-standart-pacitan-pacitan
Kabupaten Pasuruan,Kost Cassano Hasanudin Tipe Kipas,Campur,Kecamatan Panggungrejo,0.0,Tidak,Ya,Ya,Ya,Ya,Ya,800000,https://mamikos.com/room/kost-kota-pasuruan-kost-campur-murah-kost-cassano-hasanudin-tipe-kipas-panggungrejo-pasuruan
Kabupaten Pasuruan,Kost Sekarasri,Putri,Kecamatan Purworejo,0.0,Tidak,Ya,Ya,Tidak,Ya,Tidak,650000,https://mamikos.com/room/kost-kota-pasuruan-kost-putri-murah-kost-sekarasri-purworejo-pasuruan-2
Kabupaten Pasuruan,Kost Arafat Tipe B,Putri,Bugulkidul,5.0,Tidak,Ya,Ya,Tidak,Ya,Ya,485000,https://mamikos.com/room/kost-pasuruan-kost-putri-murah-kost-arafat-tipe-b-bugulkidul-pasuruan
Kabupaten Pasuruan,Kost D 78,Campur,Purworejo,5.0,Ya,Ya,Ya,Ya,Ya,Ya,1200000,https://mamikos.com/room/kost-pasuruan-kost-campur-eksklusif-kost-d-78-purworejo-pasuruan
Kabupaten Pasuruan,Kost Eksklusif Tipe A,Putri,Kecamatan Purworejo,0.0,Tidak,Ya,Ya,Tidak,Tidak,Ya,550000,https://mamikos.com/room/kost-kota-pasuruan-kost-putri-murah-kost-eksklusif-pasuruan-tipe-a-purworejo-pasuruan
Kabupaten Pasuruan,Kost Arafat Tipe A,Putri,Bugulkidul,0.0,Tidak,Ya,Ya,Tidak,Tidak,Ya,460000,https://mamikos.com/room/kost-pasuruan-kost-putri-murah-kost-arafat-tipe-a-bugulkidul-pasuruan
Kabupaten Pasuruan,Kost Citra Nr Eksklusif Kamar Mandi Dalam,Campur,Kecamatan Purworejo,0.0,Ya,Ya,Ya,Ya,Ya,Ya,1150000,https://mamikos.com/room/kost-kota-pasuruan-kost-campur-eksklusif-kost-citra-nr-eksklusif-kamar-mandi-dalam-purworejo-pasuruan
Kabupaten Pasuruan,Kost Cassano Hasanudin Tipe AC Waterheater,Campur,Kecamatan Panggungrejo,0.0,Ya,Ya,Ya,Ya,Ya,Ya,1200000,https://mamikos.com/room/kost-kota-pasuruan-kost-campur-eksklusif-kost-cassano-hasanudin-tipe-ac-dengan-air-panas-panggungrejo-pasuruan
Kabupaten Pasuruan,Kost Arafat Tipe C,Putra,Bugulkidul,0.0,Tidak,Tidak,Ya,Tidak,Tidak,Tidak,475000,https://mamikos.com/room/kost-pasuruan-kost-putra-murah-kost-arafat-tipe-c-bugulkidul-pasuruan-2
Kabupaten Pasuruan,Kost Cassano Hasanudin Tipe AC,Campur,Kecamatan Panggungrejo,0.0,Ya,Ya,Ya,Ya,Ya,Ya,1100000,https://mamikos.com/room/kost-kota-pasuruan-kost-campur-eksklusif-kost-cassano-hasanudin-tipe-ac-panggungrejo-pasuruan
Kabupaten Pasuruan,Kost Eksklusif Jl Raden Patah,Putri,Kecamatan Gadingrejo,0.0,Ya,Ya,Ya,Ya,Ya,Ya,1000000,https://mamikos.com/room/kost-kota-pasuruan-kost-putri-eksklusif-kost-eksklusif-jl-raden-patah-gadingrejo-pasuruan-1
Kabupaten Pasuruan,Kost Cassano Pondok Surya Kencana Tipe VIP,Campur,Kecamatan Gadingrejo,0.0,Ya,Ya,Ya,Ya,Tidak,Ya,1500000,https://mamikos.com/room/kost-kota-pasuruan-kost-campur-eksklusif-kost-cassano-pondok-surya-kencana-tipe-vip-gadingrejo-pasuruan
Kabupaten Pasuruan,Kost Achmadi Masrur,Putra,Bugulkidul,0.0,Tidak,Ya,Ya,Tidak,Tidak,Ya,550000,https://mamikos.com/room/kost-kota-pasuruan-kost-putra-murah-kost-achmadi-masrur-bugulkidul-pasuruan
Kabupaten Pasuruan,Kost Elite Tipe Standar,Putri,Purworejo,0.0,Tidak,Tidak,Ya,Ya,Tidak,Ya,550000,https://mamikos.com/room/kost-kota-pasuruan-kost-putri-murah-kost-elite-tipe-standar-purworejo-pasuruan
Kabupaten Pasuruan,Kost Pingkal Thohari Tipe B,Campur,Kecamatan Purworejo,0.0,Tidak,Ya,Ya,Tidak,Ya,Ya,700000,https://mamikos.com/room/kost-kota-pasuruan-kost-campur-eksklusif-kost-pingkal-thohari-tipe-b-purworejo-pasuruan
Kabupaten Pasuruan,Kost AFI Tipe A,Campur,Kecamatan Gadingrejo,0.0,Tidak,Ya,Ya,Tidak,Ya,Ya,650000,https://mamikos.com/room/kost-kota-pasuruan-kost-campur-murah-kost-afi-tipe-a-gadingrejo-pasuruan-2
Kabupaten Pasuruan,Kost D Area Living Space Tipe Premium,Campur,Purworejo,0.0,Ya,Tidak,Ya,Ya,Ya,Ya,1800000,https://mamikos.com/room/kost-pasuruan-kost-campur-eksklusif-kost-d-area-living-space-tipe-premium-purworejo-pasuruan
Kabupaten Pasuruan,Kost Al Huda Tipe Ab,Putri,Bugulkidul,0.0,Tidak,Ya,Ya,Ya,Tidak,Ya,600000,https://mamikos.com/room/kost-pasuruan-kost-putri-murah-kost-al-huda-tipe-ab-bugulkidul-pasuruan
Kabupaten Pasuruan,Kost Slagah Tipe A,Putri,Kecamatan Panggungrejo,0.0,Tidak,Tidak,Ya,Tidak,Tidak,Ya,400000,https://mamikos.com/room/kost-kota-pasuruan-kost-putri-murah-kost-slagah-tipe-a-panggungrejo-pasuruan-2
Kabupaten Pasuruan,Kost Airlangga Tipe A,Putra,Bugulkidul,0.0,Tidak,Ya,Ya,Tidak,Ya,Tidak,600000,https://mamikos.com/room/kost-pasuruan-kost-putri-murah-kost-airlangga-tipe-a-bugulkidul-pasuruan
Kabupaten Pasuruan,Kost Anjasmoro Tipe B,Putra,Panggungrejo,0.0,Tidak,Tidak,Ya,Ya,Ya,Tidak,700000,https://mamikos.com/room/kost-kota-pasuruan-kost-putra-murah-kost-anjasmoro-tipe-b-panggungrejo-pasuruan-2
Kabupaten Pasuruan,Kost Green Kanca Tipe Standart,Campur,Kecamatan Bugulkidul,0.0,Ya,Ya,Ya,Ya,Ya,Ya,1350000,https://mamikos.com/room/kost-kota-pasuruan-kost-campur-eksklusif-kost-green-kanca-tipe-standart-bugulkidul-pasuruan
Kabupaten Pasuruan,Kost Airlangga Tipe AC,Putra,Bugulkidul,0.0,Ya,Ya,Ya,Tidak,Ya,Tidak,1000000,https://mamikos.com/room/kost-pasuruan-kost-putri-eksklusif-kost-airlangga-tipe-ac-bugulkidul-pasuruan
Kabupaten Pasuruan,Kost Anggrek Darmoyudho Tipe Standar,Putri,Purworejo,0.0,Ya,Tidak,Ya,Ya,Tidak,Ya,850000,https://mamikos.com/room/kost-pasuruan-kost-putri-murah-kost-anggrek-darmoyudho-tipe-standar-purworejo-pasuruan-2
Kabupaten Pasuruan,Kost Anjasmoro Tipe A,Putra,Panggungrejo,0.0,Ya,Tidak,Ya,Ya,Ya,Tidak,900000,https://mamikos.com/room/kost-kota-pasuruan-kost-putra-murah-kost-anjasmoro-tipe-a-panggungrejo-pasuruan-2
Kabupaten Pasuruan,Kost Green Kanca Premier,Campur,Bugulkidul,0.0,Ya,Ya,Ya,Ya,Ya,Ya,1550000,https://mamikos.com/room/kost-kota-pasuruan-kost-campur-eksklusif-kost-green-kanca-premier-bugulkidul-pasuruan-1
Kabupaten Pasuruan,Kost Anugrah Tipe B,Putra,Bugulkidul,0.0,Tidak,Ya,Ya,Ya,Ya,Ya,600000,https://mamikos.com/room/kost-kota-pasuruan-kost-putra-murah-kost-anugrah-tipe-b-bugulkidul-pasuruan
Kabupaten Pasuruan,Kost Kebonsari,Putri,Panggungrejo,0.0,Tidak,Ya,Ya,Ya,Ya,Ya,450000,https://mamikos.com/room/kost-kota-pasuruan-kost-putri-murah-kost-kebonsari-panggungrejo-pasuruan
Kabupaten Pasuruan,Kost Anugrah Tipe A,Putra,Kecamatan Bugulkidul,0.0,Ya,Tidak,Ya,Ya,Ya,Ya,850000,https://mamikos.com/room/kost-kota-pasuruan-kost-putra-murah-kost-anugrah-tipe-a-bugulkidul-pasuruan
Kabupaten Pasuruan,Kost Mas Afi 1 Vvip,Campur,Kecamatan Gadingrejo,0.0,Ya,Ya,Ya,Tidak,Ya,Ya,800000,https://mamikos.com/room/kost-kota-pasuruan-kost-campur-eksklusif-kost-mas-afi-1-vvip-gadingrejo-pasuruan
Kabupaten Pasuruan,Kost Badengaso Panglima Sudirman,Campur,Purworejo,0.0,Ya,Tidak,Ya,Ya,Ya,Ya,1500000,https://mamikos.com/room/kost-pasuruan-kost-campur-eksklusif-kost-badengaso-panglima-sudirman-purworejo-pasuruan
Kabupaten Pasuruan,Kost Putri Semangka Asri Tipe A,Putri,Bugulkidul,0.0,Tidak,Tidak,Ya,Ya,Tidak,Tidak,500000,https://mamikos.com/room/kost-pasuruan-kost-putri-murah-kost-putri-semangka-asri-tipe-a-bugulkidul-pasuruan-2
Kabupaten Pasuruan,Kost HayamWuruk 7 Tipe A,Putri,Kecamatan Panggungrejo,0.0,Ya,Tidak,Ya,Ya,Ya,Ya,500000,https://mamikos.com/room/kost-kota-pasuruan-kost-putri-murah-kost-hayamwuruk-7-tipe-a-panggungrejo-pasuruan-2
Kabupaten Pasuruan,Kost Puri Candi,Putri,Kecamatan Purworejo,0.0,Tidak,Tidak,Tidak,Tidak,Ya,Tidak,600000,https://mamikos.com/room/kost-kota-pasuruan-kost-putri-murah-kost-puri-candi-purworejo-pasuruan-3
Kabupaten Pasuruan,Kost Rumah Rahayu,Putri,Panggungrejo,0.0,Tidak,Tidak,Ya,Ya,Tidak,Ya,500000,https://mamikos.com/room/kost-kota-pasuruan-kost-putri-murah-kost-rumah-rahayu-panggungrejo-pasuruan
Kabupaten Pasuruan,Kost Sida Bara,Putra,Kecamatan Purworejo,0.0,Ya,Tidak,Ya,Ya,Ya,Ya,1100000,https://mamikos.com/room/kost-kota-pasuruan-kost-putra-eksklusif-kost-sida-bara-purworejo-pasuruan
Kabupaten Pasuruan,Kost Damor Bugul Kidul,Putra,Kecamatan Panggungrejo,0.0,Tidak,Ya,Ya,Tidak,Tidak,Tidak,550000,https://mamikos.com/room/kost-kota-pasuruan-kost-putra-murah-kos-damor-bugul-kidul-pasuruan-2
Kabupaten Pasuruan,Kost Margo Utomo,Putra,Purworejo,0.0,Tidak,Ya,Tidak,Ya,Tidak,Tidak,600000,https://mamikos.com/room/kost-pasuruan-kost-putra-murah-kost-margo-utomo-purworejo-pasuruan
Kabupaten Pasuruan,Kost Sovia 3,Putra,Panggungrejo,0.0,Tidak,Ya,Ya,Tidak,Tidak,Tidak,350000,https://mamikos.com/room/kost-kota-pasuruan-kost-putra-murah-kost-sovia-3-panggungrejo-pasuruan
Kabupaten Pasuruan,Kost Sunan Ampel,Campur,Panggungrejo,0.0,Tidak,Ya,Ya,Tidak,Tidak,Ya,550000,https://mamikos.com/room/kost-kota-pasuruan-kost-campur-eksklusif-kost-sunan-ampel-pasuruan
Kabupaten Pasuruan,Kost Sultan Agung VVIP,Putri,Purworejo,0.0,Ya,Ya,Ya,Tidak,Ya,Ya,1500000,https://mamikos.com/room/kost-kota-pasuruan-kost-putri-eksklusif-kost-sultan-agung-vvip-purworejo-pasuruan
Kabupaten Pasuruan,Kost Rm Tipe A,Campur,Kecamatan Purworejo,0.0,Ya,Tidak,Ya,Tidak,Ya,Ya,1000000,https://mamikos.com/room/kost-kota-pasuruan-kost-campur-eksklusif-kost-rm-homestay-tipe-a-purworejo-pasuruan
Kabupaten Pasuruan,Kost Ibu Linawati 1,Putri,Gadingrejo,0.0,Tidak,Tidak,Ya,Tidak,Tidak,Tidak,400000,https://mamikos.com/room/kost-pasuruan-kost-putri-murah-kost-muslimah-perumahan-karya-bakti-gadingrejo-pasuruan
Kabupaten Pasuruan,Rumah Kontrakan Kharisma,Campur,Kecamatan Purworejo,0.0,Tidak,Ya,Ya,Ya,Ya,Tidak,500000,https://mamikos.com/room/kost-kota-pasuruan-kost-campur-murah-rumah-kontrakan-kharisma-purworejo-pasuruan-2
Kabupaten Pasuruan,Kost Anindita Tipe A,Putri,Kecamatan Bugul Kidul,0.0,Tidak,Tidak,Ya,Tidak,Ya,Ya,600000,https://mamikos.com/room/kost-kota-pasuruan-kost-campur-murah--19
Kabupaten Pasuruan,Kost Anugrah Tipe C,Putra,Kecamatan Bugulkidul,0.0,Tidak,Tidak,Ya,Ya,Ya,Ya,600000,https://mamikos.com/room/kost-kota-pasuruan-kost-putra-murah-kost-anugrah-tipe-c-bugulkidul-pasuruan-2
Kabupaten Pasuruan,Kost Cahaya,Putra,Purworejo,0.0,Tidak,Ya,Ya,Tidak,Tidak,Tidak,500000,https://mamikos.com/room/kost-pasuruan-kost-putra-murah-kost-cahaya-purworejo-pasuruan-1
Kabupaten Pasuruan,Kost Luhur Habibie,Putra,Kecamatan Purworejo,0.0,Tidak,Ya,Ya,Tidak,Tidak,Ya,330000,https://mamikos.com/room/kost-kota-pasuruan-kost-putra-murah-kost-luhur-habibie-purworejo-pasuruan-2
Kabupaten Pasuruan,Kost Bu Agus,Campur,Panggungrejo,0.0,Tidak,Ya,Ya,Tidak,Tidak,Ya,380000,https://mamikos.com/room/kost-pasuruan-kost-campur-murah-kost-bu-agus-panggungrejo-pasuruan-2
Kabupaten Pasuruan,Kost Kebon Agung Mas,Putri,Kecamatan Purworejo,0.0,Tidak,Ya,Ya,Ya,Tidak,Ya,600000,https://mamikos.com/room/kost-kota-pasuruan-kost-putri-murah-kost-kebon-agung-mas-purworejo-pasuruan-2
Kabupaten Pasuruan,Kost Sovia 4,Campur,Panggungrejo,0.0,Tidak,Tidak,Ya,Ya,Tidak,Tidak,500000,https://mamikos.com/room/kost-kota-pasuruan-kost-campur-murah-kost-sovia-4-panggungrejo-pasuruan
Kabupaten Pasuruan,Kost Anindita Tipe A,Putri,Panggungrejo,0.0,Tidak,Tidak,Ya,Tidak,Ya,Ya,600000,https://mamikos.com/room/kost-kota-pasuruan-kost-putri-murah-kost-anindita-tipe-a-panggungrejo-pasuruan-2
Kabupaten Pasuruan,Kost Comfy Living,Campur,Kecamatan Purworejo,0.0,Ya,Ya,Ya,Ya,Ya,Tidak,1500000,https://mamikos.com/room/kost-kota-pasuruan-kost-campur-eksklusif-kost-comfy-living-purworejo-pasuruan
Kabupaten Pasuruan,Kost Marlina Tipe A,Campur,Kecamatan Purworejo,0.0,Tidak,Ya,Ya,Tidak,Ya,Tidak,700000,https://mamikos.com/room/kost-kota-pasuruan-kost-campur-eksklusif-kost-marlina-tipe-a-purworejo-pasuruan
Kabupaten Pasuruan,Kost Bu Biba,Campur,Kecamatan Bugul Kidul,0.0,Tidak,Tidak,Tidak,Tidak,Ya,Tidak,750000,https://mamikos.com/room/kost-kota-pasuruan-kost-campur-murah-kost-bu-biba-bugul-kidul-pasuruan
Kabupaten Pasuruan,Kost Anindita Tipe 1,Putri,Panggungrejo,0.0,Tidak,Tidak,Ya,Tidak,Ya,Ya,600000,https://mamikos.com/room/kost-kota-pasuruan-kost-putri-murah-kost-anindita-tipe-1-panggungrejo-pasuruan-2
Kabupaten Pasuruan,Kost Kelapa Gading,Campur,Bugulkidul,0.0,Tidak,Ya,Ya,Tidak,Ya,Ya,600000,https://mamikos.com/room/kost-pasuruan-kost-campur-murah-kost-kelapa-gading-bugulkidul-pasuruan-2
Kabupaten Pasuruan,Kost Semangka Asri Tipe B,Putri,Bugulkidul,0.0,Tidak,Ya,Ya,Ya,Tidak,Tidak,475000,https://mamikos.com/room/kost-pasuruan-kost-putri-murah-kost-semangka-asri-tipe-b-bugulkidul-pasuruan-1
Kabupaten Pasuruan,Kost Afi Vvip,Campur,Kecamatan Gadingrejo,0.0,Ya,Ya,Ya,Tidak,Ya,Ya,800000,https://mamikos.com/room/kost-kota-pasuruan-kost-campur-eksklusif-kost-afi-vvip-gadingrejo-pasuruan
Kabupaten Pasuruan,Kost Pak Efendie,Campur,Purworejo,0.0,Tidak,Ya,Ya,Tidak,Ya,Tidak,500000,https://mamikos.com/room/kost-kota-pasuruan-kost-campur-murah-kost-pak-efendie-purworejo-pasuruan-2
Kabupaten Pasuruan,Kost Karya Bhakti,Campur,Gadingrejo,0.0,Tidak,Tidak,Ya,Tidak,Tidak,Tidak,400000,https://mamikos.com/room/kost-pasuruan-kost-campur-murah-kost-karya-bhakti-gadingrejo-pasuruan
Kabupaten Pasuruan,Kost Garoeda Tipe A Kota,Putra,Bugulkidul,0.0,Ya,Tidak,Ya,Ya,Ya,Tidak,700000,https://mamikos.com/room/kost-pasuruan-kost-putra-murah-kost-garoeda-a-kota-pasuruan
Kabupaten Pasuruan,Kost Sumatra Tipe A,Putra,Panggungrejo,0.0,Tidak,Ya,Ya,Ya,Tidak,Tidak,400000,https://mamikos.com/room/kost-kota-pasuruan-kost-putra-murah-kost-sumatra-tipe-a-panggungrejo-pasuruan
Kabupaten Pasuruan,Kost Habibie Panggungrejo,Putra,Purworejo,0.0,Tidak,Tidak,Ya,Tidak,Tidak,Tidak,280000,https://mamikos.com/room/kost-pasuruan-kost-putra-murah-kost-habibie-panggungrejo-pasuruan-1
Kabupaten Pasuruan,Kost Griya Manggis,Putri,Kecamatan Purworejo,0.0,Tidak,Tidak,Ya,Tidak,Ya,Ya,650000,https://mamikos.com/room/kost-kota-pasuruan-kost-putri-murah-kost-griya-manggis-purworejo-pasuruan-1
Kabupaten Pasuruan,Kost Barokkah,Campur,Purworejo,0.0,Tidak,Ya,Ya,Ya,Tidak,Tidak,300000,https://mamikos.com/room/kost-kota-pasuruan-kost-campur-murah-kost-barokkah-purworejo-pasuruan
Kabupaten Pasuruan,Kost Amel Panggungrejo,Putra,Gadingrejo,0.0,Tidak,Ya,Ya,Tidak,Tidak,Tidak,450000,https://mamikos.com/room/kost-pasuruan-kost-putra-eksklusif-kost-amel-panggungrejo-pasuruan
Kabupaten Pasuruan,Kost Vino Tipe A,Putri,Kecamatan Panggungrejo,0.0,Tidak,Tidak,Ya,Tidak,Ya,Ya,550000,https://mamikos.com/room/kost-kota-pasuruan-kost-putri-murah-kost-vino-tipe-a-panggungrejo-pasuruan
Kabupaten Pasuruan,Kost Rumah Handayani,Putri,Panggungrejo,0.0,Ya,Ya,Ya,Ya,Ya,Ya,1050000,https://mamikos.com/room/kost-kota-pasuruan-kost-putri-murah-kost-rumah-handayani-kost-putri-panggungrejo-pasuruan-2
Kabupaten Pasuruan,Kost MJBM Tipe B,Putra,Bugulkidul,0.0,Tidak,Tidak,Ya,Tidak,Tidak,Tidak,600000,https://mamikos.com/room/kost-pasuruan-kost-putra-murah-kost-mjbm-tipe-b-bugulkidul-pasuruan
Kabupaten Pasuruan,Kost Marsya,Campur,Panggungrejo,0.0,Ya,Ya,Ya,Ya,Ya,Ya,650000,https://mamikos.com/room/kost-kota-pasuruan-kost-campur-murah-kost-marsya-panggungrejo-pasuruan-2
Kabupaten Pasuruan,Kost Ibu Linawati 2,Putri,Gadingrejo,0.0,Ya,Tidak,Ya,Tidak,Tidak,Tidak,700000,https://mamikos.com/room/kost-kost-putri-murah-kost-muslimah-gadingrejo-pasuruan
Kabupaten Pasuruan,Kost Pak Tri Panggungrejo,Campur,Bugulkidul,5.0,Tidak,Ya,Ya,Tidak,Tidak,Ya,400000,https://mamikos.com/room/kost-pasuruan-kost-campur-murah-kost-pak-tri-panggungrejo-pasuruan-1
Kabupaten Pasuruan,Kost Athallah,Campur,Panggungrejo,0.0,Tidak,Tidak,Ya,Tidak,Ya,Ya,550000,https://mamikos.com/room/kost-kota-pasuruan-kost-campur-murah-kost-athallah-panggungrejo-pasuruan-1
Kabupaten Pasuruan,Kost Bu Wardoyo,Putra,Purworejo,0.0,Tidak,Tidak,Ya,Ya,Ya,Tidak,600000,https://mamikos.com/room/kost-pasuruan-kost-putra-murah-kost-bu-wardoyo-purworejo-pasuruan
Kabupaten Pasuruan,Kost Semangka Asri Tipe A,Putri,Bugulkidul,0.0,Tidak,Ya,Ya,Ya,Tidak,Tidak,400000,https://mamikos.com/room/kost-pasuruan-kost-putri-murah-kost-semangka-asri-tipe-a-bugulkidul-pasuruan-1
Kabupaten Pasuruan,Kost MJBM Tipe A,Putra,Bugulkidul,0.0,Tidak,Tidak,Ya,Tidak,Tidak,Tidak,500000,https://mamikos.com/room/kost-pasuruan-kost-putra-murah-kost-mjbm-tipe-a-bugulkidul-pasuruan-2
Kabupaten Pasuruan,Kost AE Tipe A,Putri,Kecamatan Bugul Kidul,0.0,Tidak,Ya,Ya,Ya,Tidak,Ya,600000,https://mamikos.com/room/kost-kota-pasuruan-kost-putri-murah-kost-ae-type-a-bugul-kidul-pasuruan-2
Kabupaten Pasuruan,Kost Bu Jayadi Sunan Ampel,Campur,Kecamatan Panggungrejo,0.0,Tidak,Tidak,Ya,Tidak,Tidak,Tidak,500000,https://mamikos.com/room/kost-kota-pasuruan-kost-campur-murah-kost-bu-jayadi-sunan-ampel-panggungrejo-pasuruan
Kabupaten Ponorogo,Kost Ar Rayyan Syariah Tipe Biasa,Campur,Kecamatan Ponorogo,0.0,Tidak,Tidak,Ya,Tidak,Ya,Ya,600000,https://mamikos.com/room/kost-kabupaten-ponorogo-kost-campur-murah-kost-ar-rayyan-syariah-tipe-biasa-ponorogo-2
Kabupaten Ponorogo,Kost Hafana Tipe VVIP,Campur,Kecamatan Ponorogo,0.0,Tidak,Tidak,Ya,Ya,Ya,Ya,950000,https://mamikos.com/room/kost-kabupaten-ponorogo-kost-campur-eksklusif-kost-hafana-tipe-vvip-ponorogo
Kabupaten Ponorogo,Kost Madina 1,Putri,Kecamatan Babadan,0.0,Tidak,Ya,Ya,Tidak,Ya,Ya,500000,https://mamikos.com/room/kost-kabupaten-ponorogo-kost-putri-murah-kost-madina-1-babadan-ponorogo-2
Kabupaten Ponorogo,Kost Madina Tipe A,Putri,Siman,0.0,Tidak,Tidak,Ya,Tidak,Ya,Ya,500000,https://mamikos.com/room/kost-kabupaten-ponorogo-kost-putri-murah-kost-madina-tipe-a-siman-ponorogo
Kabupaten Ponorogo,Kost Sahrila Standard AC,Campur,Ponorogo,0.0,Ya,Ya,Ya,Tidak,Tidak,Ya,1000000,https://mamikos.com/room/kost-kabupaten-ponorogo-kost-campur-eksklusif-kost-sahrila-standard-ac-ponorogo
Kabupaten Ponorogo,Kost Wijaya Kusuma Tipe A,Putri,Ponorogo,0.0,Tidak,Tidak,Ya,Tidak,Ya,Ya,380000,https://mamikos.com/room/kost-ponorogo-kost-putri-murah-kost-wijaya-kusuma-tipe-a-ponorogo
Kabupaten Ponorogo,Kost Sahrila VIP,Campur,Ponorogo,0.0,Ya,Ya,Ya,Tidak,Tidak,Ya,1350000,https://mamikos.com/room/kost-kabupaten-ponorogo-kost-campur-eksklusif-kost-sahrila-vip-ponorogo
Kabupaten Ponorogo,Kost Sahrila Ekonomi,Campur,Ponorogo,0.0,Tidak,Ya,Ya,Tidak,Tidak,Ya,600000,https://mamikos.com/room/kost-kabupaten-ponorogo-kost-campur-murah-kost-sahrila-ekonomi-ponorogo-2
Kabupaten Ponorogo,Kost Sahrila VVIP,Campur,Kauman,0.0,Ya,Ya,Ya,Ya,Ya,Ya,1500000,https://mamikos.com/room/kost-kabupaten-ponorogo-kost-campur-eksklusif-kost-sahrila-vvip-kauman-ponorogo
Kabupaten Ponorogo,Kost Bu Menir 1,Putri,Ponorogo,0.0,Tidak,Tidak,Ya,Ya,Ya,Ya,600000,https://mamikos.com/room/kost-kabupaten-ponorogo-kost-putri-eksklusif-kost-bu-menir-1-ponorogo-ponorogo
Kabupaten Ponorogo,Kost Amira Jaya,Putri,Ponorogo,0.0,Tidak,Ya,Ya,Ya,Ya,Ya,500000,https://mamikos.com/room/kost-ponorogo-kost-putri-murah-kost-amira-jaya-ponorogo
Kabupaten Ponorogo,Kost Berkah Bunda Tipe Ac,Campur,Kecamatan Ponorogo,0.0,Ya,Tidak,Ya,Ya,Ya,Ya,950000,https://mamikos.com/room/kost-kabupaten-ponorogo-kost-campur-murah-kost-berkah-bunda-tipe-ac-ponorogo-ponorogo-2
Kabupaten Ponorogo,Kost Cempaka Tipe Standar,Putra,Kecamatan Ponorogo,0.0,Tidak,Ya,Ya,Tidak,Ya,Tidak,550000,https://mamikos.com/room/kost-kabupaten-ponorogo-kost-putra-murah-kost-cempaka-tipe-standar-ponorogo
Kabupaten Ponorogo,Kost Lily Tipe A1,Campur,Kecamatan Ponorogo,0.0,Ya,Ya,Ya,Ya,Ya,Ya,1700000,https://mamikos.com/room/kost-kabupaten-ponorogo-kost-campur-eksklusif-kost-lily-tipe-a1-ponorogo
Kabupaten Ponorogo,Kost Artha,Putri,Kecamatan Babadan,0.0,Tidak,Ya,Ya,Tidak,Ya,Ya,449997,https://mamikos.com/room/kost-kabupaten-ponorogo-kost-putri-murah-kost-artha-babadan-ponorogo-2
Kabupaten Ponorogo,Kost Eksklusif Wibisono Tipe Standart,Campur,Ponorogo,0.0,Ya,Ya,Ya,Ya,Ya,Ya,1000000,https://mamikos.com/room/kost-kabupaten-ponorogo-kost-campur-eksklusif-kost-eksklusif-wibisono-tipe-standart-ponorogo-ponorogo-1
Kabupaten Ponorogo,Kost Shafa,Putri,Ponorogo,0.0,Tidak,Ya,Ya,Tidak,Ya,Ya,600000,https://mamikos.com/room/kost-kabupaten-ponorogo-kost-putri-murah-kost-shafa-ponorogo
Kabupaten Ponorogo,Kost Centro Id Tipe B,Putri,Ponorogo,0.0,Tidak,Tidak,Ya,Ya,Ya,Ya,600000,https://mamikos.com/room/kost-ponorogo-kost-putri-murah-kost-centro-id-tipe-b-ponorogo-2
Kabupaten Ponorogo,Kost Poncowolo,Putra,Ponorogo,0.0,Tidak,Tidak,Ya,Tidak,Tidak,Tidak,400000,https://mamikos.com/room/kost-kabupaten-ponorogo-kost-putra-murah-kost-poncowolo-ponorogo
Kabupaten Ponorogo,Kost De Ape Comfort,Putri,Babadan,0.0,Tidak,Ya,Ya,Tidak,Ya,Ya,600000,https://mamikos.com/room/kost-kabupaten-ponorogo-kost-putri-murah-kost-de-ape-comfort-babadan-ponorogo
Kabupaten Ponorogo,Kost White Orchid Vvip,Putri,Ponorogo,0.0,Ya,Tidak,Ya,Ya,Ya,Ya,1100000,https://mamikos.com/room/kost-kabupaten-ponorogo-kost-putri-eksklusif-kost-white-orchid-vvip-ponorogo
Kabupaten Ponorogo,Kost Falsya Menur,Putri,Babadan,0.0,Tidak,Ya,Ya,Tidak,Tidak,Ya,350000,https://mamikos.com/room/kost-kabupaten-ponorogo-kost-putri-murah-kost-falsya-menur-babadan-ponorogo
Kabupaten Ponorogo,Kost Lily Tipe B,Campur,Kecamatan Ponorogo,4.9,Ya,Ya,Ya,Ya,Ya,Ya,1450000,https://mamikos.com/room/kost-kabupaten-ponorogo-kost-campur-eksklusif-kost-lily-tipe-b-ponorogo
Kabupaten Ponorogo,Kost Griya Insani Tipe Standar,Campur,Kecamatan Ponorogo,0.0,Tidak,Ya,Ya,Ya,Ya,Ya,700000,https://mamikos.com/room/kost-kabupaten-ponorogo-kost-campur-murah-kost-griya-insani-tipe-standar-ponorogo
Kabupaten Ponorogo,Kost Nanda 30 Tipe A,Putra,Kecamatan Ponorogo,0.0,Tidak,Ya,Ya,Ya,Ya,Ya,500000,https://mamikos.com/room/kost-kabupaten-ponorogo-kost-putra-murah-kost-nanda-30-tipe-a-ponorogo-ponorogo
Kabupaten Ponorogo,Kost Fathiyya Tipe A,Putri,Babadan,0.0,Tidak,Tidak,Ya,Tidak,Ya,Ya,400000,https://mamikos.com/room/kost-kabupaten-ponorogo-kost-putri-murah-kost-fathiyya-tipe-a-babadan-ponorogo
Kabupaten Ponorogo,Kost Hasanudin Tipe Premium,Putri,Babadan,0.0,Tidak,Tidak,Ya,Ya,Ya,Ya,550000,https://mamikos.com/room/kost-ponorogo-kost-putri-murah-kost-hasanudin-tipe-premium-babadan-ponorogo
Kabupaten Ponorogo,Kost Elva,Putri,Siman,0.0,Tidak,Ya,Tidak,Tidak,Ya,Ya,375000,https://mamikos.com/room/kost-kabupaten-ponorogo-kost-putri-murah-kost-elva-siman-ponorogo
Kabupaten Ponorogo,Kost Bu Ros,Putri,Ponorogo,0.0,Tidak,Ya,Ya,Tidak,Tidak,Ya,325000,https://mamikos.com/room/kost-kabupaten-ponorogo-kost-putri-murah-kost-bu-ros-ponorogo
Kabupaten Ponorogo,Kos Jm Lombok,Putri,Ponorogo,0.0,Tidak,Ya,Ya,Ya,Tidak,Ya,450000,https://mamikos.com/room/kost-kabupaten-ponorogo-kost-putri-murah-kos-jm-lombok-ponorogo
Kabupaten Ponorogo,Kost Berkah Bunda Tipe Non Ac,Campur,Kecamatan Ponorogo,0.0,Tidak,Tidak,Ya,Tidak,Ya,Ya,600000,https://mamikos.com/room/kost-kabupaten-ponorogo-kost-campur-murah-kost-berkah-bunda-tipe-non-ac-ponorogo
Kabupaten Ponorogo,Kost Eksklusif Wibisono Tipe Premium,Campur,Ponorogo,0.0,Ya,Ya,Ya,Ya,Ya,Ya,1250000,https://mamikos.com/room/kost-kabupaten-ponorogo-kost-campur-eksklusif-kost-eksklusif-wibisono-tipe-premium-ponorogo
Kabupaten Ponorogo,Kost Griyakrisnanda,Putri,Kecamatan Babadan,0.0,Tidak,Ya,Ya,Ya,Tidak,Ya,350000,https://mamikos.com/room/kost-kabupaten-ponorogo-kost-putri-murah-kost-griyakrisnanda-babadan-ponorogo-2
Kabupaten Ponorogo,Kost Bu Hartono,Putri,Babadan,0.0,Tidak,Tidak,Tidak,Tidak,Ya,Tidak,300000,https://mamikos.com/room/kost-kabupaten-ponorogo-kost-putri-murah-kost-bu-hartono-babadan-ponorogo
Kabupaten Ponorogo,Kost Bu Imam,Putri,Babadan,0.0,Tidak,Tidak,Ya,Tidak,Ya,Tidak,500000,https://mamikos.com/room/kost-kabupaten-ponorogo-kost-putri-murah-kost-bu-imam-babadan-ponorogo
Kabupaten Ponorogo,Kost K Room Tipe Eksklusif,Putri,Ponorogo,0.0,Ya,Tidak,Ya,Ya,Ya,Ya,1500000,https://mamikos.com/room/kost-ponorogo-kost-putri-eksklusif-kost-k-room-tipe-eksklusif-ponorogo
Kabupaten Ponorogo,Kost Executive VVIP,Campur,Kecamatan Ponorogo,0.0,Ya,Ya,Tidak,Tidak,Tidak,Ya,1850000,https://mamikos.com/room/kost-kabupaten-ponorogo-kost-campur-eksklusif-kost-executive-vvip-ponorogo-
Kabupaten Ponorogo,Kost Corner Tipe A,Putri,Ponorogo,0.0,Tidak,Ya,Ya,Tidak,Ya,Ya,550000,https://mamikos.com/room/kost-ponorogo-kost-putri-murah-kost-corner-tipe-a-ponorogo
Kabupaten Ponorogo,Kost Anya,Putri,Kecamatan Siman,0.0,Tidak,Ya,Ya,Ya,Ya,Ya,600000,https://mamikos.com/room/kost-kabupaten-ponorogo-kost-putri-murah-kost-anya-siman-ponorogo-2
Kabupaten Ponorogo,Kost Ar Rayyan Syariah Tipe Ac,Campur,Kecamatan Ponorogo,0.0,Ya,Tidak,Ya,Tidak,Ya,Ya,900000,https://mamikos.com/room/kost-kabupaten-ponorogo-kost-campur-murah-kost-ar-rayyan-syariah-tipe-ac-ponorogo
Kabupaten Ponorogo,Kost Griya Safira B3 Tipe A1,Putri,Kecamatan Ponorogo,0.0,Tidak,Tidak,Ya,Tidak,Tidak,Ya,400000,https://mamikos.com/room/kost-kabupaten-ponorogo-kost-putri-murah-kost-griya-safira-b3-tipe-a-ponorogo-ponorogo-3
Kabupaten Ponorogo,Kost Fadhila Tipe A,Putri,Ponorogo,0.0,Tidak,Ya,Ya,Tidak,Ya,Ya,425000,https://mamikos.com/room/kost-kabupaten-ponorogo-kost-putri-murah-kost-fadhila-tipe-a-ponorogo
Kabupaten Ponorogo,Kost Omah Boto Reguler,Putri,Kecamatan Ponorogo,0.0,Tidak,Tidak,Ya,Tidak,Ya,Ya,650000,https://mamikos.com/room/kost-kabupaten-ponorogo-kost-putri-murah-kost-omah-boto-reguler-ponorogo-ponorogo
Kabupaten Ponorogo,Kost Sukowati,Putri,Ponorogo,0.0,Tidak,Tidak,Ya,Tidak,Ya,Ya,425000,https://mamikos.com/room/kost-kabupaten-ponorogo-kost-putri-murah-kost-sukowati-ponorogo
Kabupaten Ponorogo,Kost Wardana Tipe A,Putri,Kecamatan Ponorogo,0.0,Tidak,Tidak,Ya,Ya,Ya,Ya,1000000,https://mamikos.com/room/kost-kabupaten-ponorogo-kost-putri-eksklusif-kost-wardana-tipe-a-ponorogo-ponorogo-1
Kabupaten Ponorogo,Kost Griya Insani Tipe VIP,Campur,Kecamatan Ponorogo,0.0,Ya,Ya,Ya,Ya,Ya,Ya,1000000,https://mamikos.com/room/kost-kabupaten-ponorogo-kost-campur-eksklusif-kost-griya-insani-tipe-vip-ponorogo
Kabupaten Ponorogo,Kost Griya Safira B3 Tipe A,Putri,Kecamatan Ponorogo,0.0,Tidak,Tidak,Ya,Tidak,Tidak,Ya,400000,https://mamikos.com/room/kost-kabupaten-ponorogo-kost-putri-murah-kost-griya-safira-b3-tipe-a-ponorogo
Kabupaten Ponorogo,Kost Salsabila Tipe A,Putri,Kecamatan Ponorogo,0.0,Tidak,Tidak,Ya,Tidak,Ya,Ya,600000,https://mamikos.com/room/kost-kabupaten-ponorogo-kost-putri-murah-kost-salsabila-tipe-a-ponorogo
Kabupaten Ponorogo,Kost Yuli Tipe Ac,Putra,Ponorogo,0.0,Ya,Ya,Ya,Tidak,Ya,Ya,700000,https://mamikos.com/room/kost-kabupaten-ponorogo-kost-putra-murah-kost-yuli-tipe-ac-ponorogo
Kabupaten Ponorogo,Kost Risfiendha InDe,Campur,Kecamatan Ponorogo,0.0,Tidak,Tidak,Ya,Ya,Ya,Tidak,700000,https://mamikos.com/room/kost-kabupaten-ponorogo-kost-campur-murah-risfiendha-inde-kost-ponorogo-ponorogo-2
Kabupaten Ponorogo,Kost Wijaya,Putri,Kecamatan Ponorogo,0.0,Tidak,Tidak,Ya,Ya,Ya,Ya,600000,https://mamikos.com/room/kost-kabupaten-ponorogo-kost-putri-murah-kost-wijaya-ponorogo
Kabupaten Ponorogo,Kost Denallie Executive,Putri,Kecamatan Ponorogo,0.0,Ya,Ya,Ya,Ya,Ya,Ya,1305000,https://mamikos.com/room/kost-kabupaten-ponorogo-kost-putri-eksklusif-kost-denallie-executive-ponorogo-ponorogo
Kabupaten Ponorogo,Kost On Nur 1,Putri,Kecamatan Ponorogo,0.0,Tidak,Tidak,Ya,Tidak,Tidak,Ya,400000,https://mamikos.com/room/kost-kabupaten-ponorogo-kost-putri-murah-kost-on-nur-1-ponorogo
Kabupaten Ponorogo,Kost 3 A Tipe A,Putri,Siman,0.0,Tidak,Ya,Ya,Ya,Ya,Ya,500000,https://mamikos.com/room/kost-kabupaten-ponorogo-kost-putri-murah-kost-3-a-siman-ponorogo-2
Kabupaten Ponorogo,Kost Elva Salon Tipe A,Putri,Kecamatan Siman,0.0,Tidak,Ya,Ya,Ya,Ya,Ya,450000,https://mamikos.com/room/kost-kabupaten-ponorogo-kost-putri-murah-kost-elva-salon-tipe-a-siman-ponorogo
Kabupaten Ponorogo,Kost Felicia Tipe A,Putri,Kecamatan Ponorogo,0.0,Ya,Tidak,Ya,Ya,Ya,Ya,1100000,https://mamikos.com/room/kost-kabupaten-ponorogo-kost-putri-eksklusif-kost-felicia-tipe-a-ponorogo-ponorogo
Kabupaten Ponorogo,Kost Wardana Tipe B,Putri,Kecamatan Ponorogo,0.0,Tidak,Tidak,Ya,Ya,Ya,Ya,700000,https://mamikos.com/room/kost-kabupaten-ponorogo-kost-putri-murah-kost-wardana-tipe-b-ponorogo-ponorogo
Kabupaten Ponorogo,Kost Godang 18,Putri,Siman,0.0,Tidak,Tidak,Tidak,Tidak,Tidak,Tidak,350000,https://mamikos.com/room/kost-kabupaten-ponorogo-kost-putri-murah-kost-godang-18-siman-ponorogo
Kabupaten Ponorogo,Kost Bu Holly,Putri,Kecamatan Ponorogo,0.0,Tidak,Tidak,Ya,Tidak,Tidak,Ya,300000,https://mamikos.com/room/kost-kabupaten-ponorogo-kost-putri-murah-kost-bu-holly-ponorogo
Kabupaten Ponorogo,Kost Asri Tipe A,Campur,Babadan,0.0,Tidak,Ya,Ya,Tidak,Ya,Tidak,385000,https://mamikos.com/room/kost-kabupaten-ponorogo-kost-campur-murah-kost-asri-tipe-a-babadan-ponorogo
Kabupaten Ponorogo,Kost 79,Putri,Kecamatan Ponorogo,0.0,Tidak,Ya,Ya,Tidak,Ya,Ya,400000,https://mamikos.com/room/kost-kabupaten-ponorogo-kost-putri-murah-kost-79-ponorogo-ponorogo
Kabupaten Ponorogo,Kost Samudera,Putra,Kecamatan Ponorogo,0.0,Tidak,Tidak,Ya,Ya,Tidak,Ya,400000,https://mamikos.com/room/kost-kabupaten-ponorogo-kost-putra-murah-kost-samudera-ponorogo
Kabupaten Ponorogo,Kost Wahyu,Putri,Siman,0.0,Tidak,Tidak,Ya,Tidak,Tidak,Ya,500000,https://mamikos.com/room/kost-kabupaten-ponorogo-kost-putri-murah-kost-wahyu-siman-ponorogo
Kabupaten Ponorogo,Kost Yulia Tipe D,Putra,Kecamatan Ponorogo,0.0,Tidak,Ya,Ya,Tidak,Ya,Ya,350000,https://mamikos.com/room/kost-kabupaten-ponorogo-kost-putra-murah-kost-yulia-tipe-d-ponorogo
Kabupaten Ponorogo,Kost Fathiyya Tipe B,Putri,Kecamatan Babadan,0.0,Tidak,Tidak,Ya,Tidak,Ya,Ya,500000,https://mamikos.com/room/kost-kabupaten-ponorogo-kost-putri-murah-kost-fathiyya-tipe-b-babadan-ponorogo
Kabupaten Ponorogo,Kost Wava,Campur,Sukorejo,0.0,Ya,Ya,Ya,Tidak,Ya,Ya,800000,https://mamikos.com/room/kost-kabupaten-ponorogo-kost-campur-murah-kost-wava-sukorejo-ponorogo
Kabupaten Ponorogo,Kost Pondok Bali Indah Executive,Campur,Kecamatan Ponorogo,0.0,Ya,Ya,Ya,Ya,Ya,Ya,1100000,https://mamikos.com/room/kost-kabupaten-ponorogo-kost-campur-eksklusif-kost-pondok-bali-indah-executive-ponorogo
Kabupaten Ponorogo,Kost Relin,Putri,Kecamatan Ponorogo,0.0,Tidak,Tidak,Ya,Ya,Ya,Ya,450000,https://mamikos.com/room/kost-kabupaten-ponorogo-kost-putri-murah-kost-relin-ponorogo-2
Kabupaten Ponorogo,Kost Pak Purwanto,Campur,Ponorogo,0.0,Tidak,Ya,Ya,Tidak,Ya,Ya,500000,https://mamikos.com/room/kost-ponorogo-kost-campur-murah-kost-pak-purwanto-ponorogo
Kabupaten Ponorogo,Kost Kr 01,Putri,Babadan,0.0,Tidak,Ya,Ya,Tidak,Tidak,Ya,300000,https://mamikos.com/room/kost-kabupaten-ponorogo-kost-putri-murah-kost-kr-01-babadan-ponorogo-2
Kabupaten Ponorogo,Kost Mulya Jati 1 Medium,Campur,Babadan,0.0,Ya,Ya,Ya,Ya,Ya,Ya,1000000,https://mamikos.com/room/kost-kabupaten-ponorogo-kost-campur-eksklusif-kost-mulya-jati-1-medium-babadan-ponorogo
Kabupaten Ponorogo,Kost Marwah,Putri,Kecamatan Siman,0.0,Tidak,Ya,Ya,Tidak,Ya,Ya,500000,https://mamikos.com/room/kost-kabupaten-ponorogo-kost-putri-murah-kost-marwah-siman-ponorogo-2
Kabupaten Ponorogo,Kost Aura Tipe B,Campur,Ponorogo,0.0,Tidak,Tidak,Ya,Tidak,Ya,Ya,500000,https://mamikos.com/room/kost-ponorogo-kost-campur-murah-kost-aura-tipe-b-ponorogo
Kabupaten Ponorogo,Kost Bening,Putra,Siman,0.0,Tidak,Tidak,Ya,Tidak,Tidak,Tidak,365000,https://mamikos.com/room/kost-ponorogo-kost-putra-murah-kost-bening-siman-ponorogo-1
Kabupaten Ponorogo,Kost Fadhila Tipe B,Putri,Ponorogo,0.0,Tidak,Ya,Ya,Tidak,Tidak,Ya,350000,https://mamikos.com/room/kost-kabupaten-ponorogo-kost-putri-murah-kost-fadhila-tipe-b-ponorogo-2
Kabupaten Ponorogo,Kost Savana,Putri,Kecamatan Ponorogo,0.0,Ya,Ya,Ya,Ya,Ya,Ya,1200000,https://mamikos.com/room/kost-kabupaten-ponorogo-kost-putri-eksklusif-kost-savana-ponorogo-ponorogo-1
Kabupaten Ponorogo,Kost Barong,Putra,Kecamatan Babadan,0.0,Tidak,Ya,Ya,Tidak,Ya,Ya,500000,https://mamikos.com/room/kost-kabupaten-ponorogo-kost-putra-murah-kost-barong-babadan-ponorogo
Kabupaten Ponorogo,Kost Aura Tipe A,Campur,Ponorogo,0.0,Tidak,Tidak,Ya,Tidak,Tidak,Ya,650000,https://mamikos.com/room/kost-ponorogo-kost-campur-murah-kost-aura-tipe-a-ponorogo
Kabupaten Ponorogo,Kost Barokah,Putri,Babadan,0.0,Tidak,Tidak,Ya,Tidak,Tidak,Tidak,350000,https://mamikos.com/room/kost-ponorogo-kost-putri-murah-kost-barokah-babadan-ponorogo-1
Kabupaten Ponorogo,Kost Homestay Salsabila Jenangan,Putra,Siman,0.0,Tidak,Tidak,Ya,Tidak,Ya,Ya,525000,https://mamikos.com/room/kost-ponorogo-kost-putra-murah-kost-homestay-salsabila-jenangan-ponorogo
Kabupaten Ponorogo,Kost Singgah Mutiara,Putra,Siman,4.0,Tidak,Ya,Ya,Ya,Ya,Ya,500000,https://mamikos.com/room/kost-kabupaten-ponorogo-kost-putra-murah-kost-singgah-mutiara-siman-ponorogo
Kabupaten Ponorogo,Kost Pondok Bali Indah,Campur,Ponorogo,0.0,Ya,Ya,Ya,Ya,Ya,Ya,1000000,https://mamikos.com/room/kost-ponorogo-kost-campur-murah-kost-pondok-bali-indah-ponorogo-1
Kabupaten Ponorogo,Kost Buharini Tipe A,Putra,Kecamatan Siman,0.0,Tidak,Tidak,Ya,Tidak,Tidak,Ya,350000,https://mamikos.com/room/kost-kabupaten-ponorogo-kost-putra-murah-kost-buharini-tipe-a-siman-ponorogo
Kabupaten Ponorogo,Kost Wardana Tipe C,Putri,Kecamatan Ponorogo,0.0,Tidak,Tidak,Ya,Ya,Ya,Ya,350000,https://mamikos.com/room/kost-kabupaten-ponorogo-kost-putri-murah-kost-wardana-tipe-c-ponorogo-ponorogo-1
Kabupaten Ponorogo,Kost Corner,Putri,Kecamatan Ponorogo,0.0,Tidak,Tidak,Ya,Tidak,Ya,Ya,500000,https://mamikos.com/room/kost-kabupaten-ponorogo-kost-putri-murah-kost-corner-ponorogo
Kabupaten Ponorogo,Kost 3D,Putra,Kecamatan Ponorogo,0.0,Tidak,Ya,Ya,Tidak,Ya,Ya,500000,https://mamikos.com/room/kost-kabupaten-ponorogo-kost-putra-murah-kost-3d-ponorogo-ponorogo-2
Kabupaten Ponorogo,Kost Larasati Rahayu,Campur,Babadan,0.0,Tidak,Ya,Ya,Tidak,Ya,Ya,850000,https://mamikos.com/room/kost-kabupaten-ponorogo-kost-campur-murah-kost-larasati-rahayu-babadan-ponorogo
Kabupaten Ponorogo,Kost Rumah PBI,Putra,Kecamatan Ponorogo,0.0,Ya,Ya,Ya,Ya,Ya,Ya,1300000,https://mamikos.com/room/kost-kabupaten-ponorogo-kost-putra-eksklusif-kost-rumah-pbi-ponorogo
Kabupaten Ponorogo,Kost Mayak Homestay Tipe E,Putra,Ponorogo,0.0,Ya,Tidak,Ya,Ya,Ya,Tidak,700000,https://mamikos.com/room/kost-kabupaten-ponorogo-kost-putra-murah-kost-mayak-homestay-tipe-e-ponorogo-ponorogo
Kabupaten Ponorogo,Kost Afwa,Putra,Siman,0.0,Ya,Ya,Ya,Tidak,Ya,Ya,750000,https://mamikos.com/room/kost-ponorogo-kost-putra-murah-kost-afwa-siman-ponorogo
Kabupaten Ponorogo,Kost Mbak Liz Aza,Putri,Kecamatan Ponorogo,0.0,Tidak,Ya,Ya,Tidak,Ya,Ya,600000,https://mamikos.com/room/kost-kabupaten-ponorogo-kost-putri-murah-kost-mbak-liz-aza-ponorogo-ponorogo-1
Kabupaten Ponorogo,Kost Arifida,Campur,Siman,0.0,Tidak,Tidak,Tidak,Tidak,Ya,Tidak,600000,https://mamikos.com/room/kost-ponorogo-kost-campur-murah-kost-arifida-siman-ponorogo-1
Kabupaten Ponorogo,Kost Bu Harini Tipe Standart,Putra,Kecamatan Siman,0.0,Tidak,Ya,Ya,Tidak,Tidak,Tidak,350000,https://mamikos.com/room/kost-kabupaten-ponorogo-kost-putra-murah-kost-bu-harini-tipe-standart-siman-ponorogo
Kabupaten Ponorogo,Kost Pak Joko Tipe A,Putra,Babadan,0.0,Tidak,Ya,Ya,Tidak,Ya,Ya,600000,https://mamikos.com/room/kost-kabupaten-ponorogo-kost-putra-murah-kost-pak-joko-tipe-a-babadan-ponorogo-2
Kabupaten Ponorogo,Kost Yulia Tipe B,Putra,Kecamatan Ponorogo,0.0,Tidak,Ya,Ya,Tidak,Ya,Ya,400000,https://mamikos.com/room/kost-kabupaten-ponorogo-kost-putra-murah-kost-yulia-tipe-b-ponorogo
Kabupaten Ponorogo,Kost Mayak Homestay Tipe A,Putra,Ponorogo,0.0,Tidak,Tidak,Ya,Ya,Ya,Tidak,450000,https://mamikos.com/room/kost-ponorogo-kost-putra-murah-kost-mayak-homestay-tipe-a-ponorogo-1
Kabupaten Ponorogo,Kost Mayak Homestay Tipe C,Putra,Ponorogo,0.0,Tidak,Tidak,Ya,Ya,Ya,Tidak,1000000,https://mamikos.com/room/kost-kabupaten-ponorogo-kost-putra-eksklusif-kost-mayak-homestay-tipe-c-ponorogo-ponorogo
Kabupaten Ponorogo,Kost Yulia Tipe A,Putra,Ponorogo,0.0,Tidak,Ya,Ya,Tidak,Ya,Ya,600000,https://mamikos.com/room/kost-kabupaten-ponorogo-kost-putra-murah-kost-yulia-tipe-a-ponorogo-ponorogo
Kabupaten Ponorogo,Kost 77,Putra,Kecamatan Babadan,0.0,Tidak,Ya,Ya,Tidak,Tidak,Ya,300000,https://mamikos.com/room/kost-kabupaten-ponorogo-kost-putra-murah-kost-77-babadan-ponorogo
Kabupaten Ponorogo,Kost Naira,Putri,Ponorogo,0.0,Tidak,Ya,Ya,Tidak,Tidak,Ya,550000,https://mamikos.com/room/kost-kabupaten-ponorogo-kost-putri-eksklusif-kost-naira-ponorogo
Kabupaten Ponorogo,Kost Ndalem Surya New Executive,Campur,Kecamatan Ponorogo,0.0,Ya,Ya,Ya,Ya,Ya,Ya,1500000,https://mamikos.com/room/kost-kabupaten-ponorogo-kost-campur-eksklusif-kost-ndalem-surya-new-executive-ponorogo
Kabupaten Ponorogo,Kost Pelajar Utara STKIP PGRI,Putra,Kecamatan Babadan,4.1,Tidak,Ya,Ya,Tidak,Tidak,Tidak,330000,https://mamikos.com/room/kost-kabupaten-ponorogo-kost-putra-murah-kost-pelajar-utara-stkip-pgri-babadan-ponorogo-1
Kabupaten Probolinggo,Kost Pilang Permai,Campur,Kademangan,4.4,Ya,Ya,Ya,Ya,Ya,Ya,1000000,https://mamikos.com/room/kost-probolinggo-kost-campur-eksklusif-kost-pilang-permai-kademangan-probolinggo
Kabupaten Probolinggo,Kost Saddam Tipe B,Campur,Kanigaran,0.0,Tidak,Ya,Ya,Ya,Ya,Ya,600000,https://mamikos.com/room/kost-kota-probolinggo-kost-campur-murah-kost-saddam-tipe-b-kanigaran-probolinggo-2
Kabupaten Probolinggo,Kost Saddam Tipe A,Campur,Kanigaran,0.0,Ya,Ya,Ya,Ya,Ya,Ya,1200000,https://mamikos.com/room/kost-kota-probolinggo-kost-campur-eksklusif-kost-saddam-tipe-a-kanigaran-probolinggo-2
Kabupaten Probolinggo,Kost Mastrip Dr Ika Dewi Tipe A,Campur,Kecamatan Kanigaran,5.0,Ya,Ya,Ya,Ya,Ya,Ya,1000000,https://mamikos.com/room/kost-kota-probolinggo-kost-campur-eksklusif-kost-mastrip-dr-ika-dewi-tipe-a-kanigaran-probolinggo-2
Kabupaten Probolinggo,Kost Ristina Tipe Ac,Putri,Mayangan,0.0,Ya,Ya,Ya,Tidak,Ya,Ya,750000,https://mamikos.com/room/kost-probolinggo-kost-putri-murah-kost-ristina-tipe-ac-mayangan-probolinggo-2
Kabupaten Probolinggo,Kost Camelia,Campur,Kecamatan Mayangan,0.0,Ya,Ya,Ya,Ya,Ya,Ya,1300000,https://mamikos.com/room/kost-kota-probolinggo-kost-campur-eksklusif-kost-camelia-mayangan-probolinggo
Kabupaten Probolinggo,Kost Griya Asri Tipe Standar,Putri,Kanigaran,0.0,Tidak,Ya,Ya,Tidak,Ya,Ya,500000,https://mamikos.com/room/kost-probolinggo-kost-putri-murah-kost-griya-asri-tipe-standar-kanigaran-probolinggo
Kabupaten Probolinggo,Kost Ermin,Campur,Kecamatan Mayangan,0.0,Ya,Tidak,Ya,Ya,Ya,Ya,1100000,https://mamikos.com/room/kost-kota-probolinggo-kost-campur-eksklusif-kost-ermin-mayangan-probolinggo-1
Kabupaten Probolinggo,Kost Camelia Tipe Deluxe,Campur,Mayangan,0.0,Ya,Ya,Ya,Ya,Ya,Ya,1400000,https://mamikos.com/room/kost-probolinggo-kost-campur-eksklusif-kost-camelia-tipe-deluxe-mayangan-probolinggo
Kabupaten Probolinggo,Kost Fery Romidhoni Eprilianto,Campur,Kademangan,0.0,Ya,Ya,Ya,Ya,Ya,Ya,1200000,https://mamikos.com/room/kost-kota-probolinggo-kost-campur-eksklusif-kost-fery-romidhoni-eprilianto-kademangan-probolinggo-2
Kabupaten Probolinggo,Kost Blok G Istana Ar Rafif,Campur,Kecamatan Kanigaran,0.0,Tidak,Ya,Ya,Tidak,Tidak,Tidak,800000,https://mamikos.com/room/kost-kota-probolinggo-kost-campur-murah-kost-blok-g-istana-ar-rafif-kanigaran-probolinggo
Kabupaten Probolinggo,Kost Mastrip Dr Ika Dewi Tipe C,Campur,Kecamatan Kanigaran,0.0,Tidak,Ya,Ya,Tidak,Ya,Ya,600000,https://mamikos.com/room/kost-kota-probolinggo-kost-campur-eksklusif-kost-mastrip-dr-ika-dewi-tipe-c-kanigaran-probolinggo-2
Kabupaten Probolinggo,Kost Kusuma,Campur,Mayangan,0.0,Ya,Ya,Ya,Ya,Ya,Ya,1150000,https://mamikos.com/room/kost-kota-probolinggo-kost-campur-eksklusif-kost-kusuma-mayangan-probolinggo
Kabupaten Probolinggo,Kost Blok B Istana Arrafif,Campur,Kecamatan Kanigaran,0.0,Tidak,Ya,Ya,Tidak,Ya,Tidak,500000,https://mamikos.com/room/kost-kota-probolinggo-kost-campur-eksklusif-kost-blok-b-istana-arrafif-kanigaran-probolinggo
Kabupaten Probolinggo,Kost Mawar 26 Tipe A,Putra,Mayangan,0.0,Ya,Ya,Ya,Ya,Ya,Ya,1200000,https://mamikos.com/room/kost-kota-probolinggo-kost-putra-eksklusif-kost-mawar-26-tipe-a-mayangan-probolinggo
Kabupaten Probolinggo,Kost Dearvi Tipe Ekonomis 04,Putri,Kanigaran,0.0,Tidak,Tidak,Ya,Ya,Ya,Ya,500000,https://mamikos.com/room/kost-kota-probolinggo-kost-putri-eksklusif-kost-dearvi-tipe-ekonomis-04-kanigaran-probolinggo-2
Kabupaten Probolinggo,Kost Alfa Tipe B,Campur,Kademangan,0.0,Tidak,Ya,Tidak,Tidak,Ya,Tidak,600000,https://mamikos.com/room/kost-kota-probolinggo-kost-campur-murah-kost-alfa-tipe-b-kademangan-probolinggo
Kabupaten Probolinggo,Kost Evi,Putri,Mayangan,0.0,Tidak,Ya,Ya,Tidak,Tidak,Tidak,400000,https://mamikos.com/room/kost-kota-probolinggo-kost-putri-murah-kost-evi-mayangan-probolinggo
Kabupaten Probolinggo,Kost Nafara Tipe A,Putri,Kecamatan Mayangan,0.0,Tidak,Tidak,Ya,Tidak,Ya,Ya,500000,https://mamikos.com/room/kost-kota-probolinggo-kost-putri-murah-kost-nafara-tipe-a-mayangan-probolinggo
Kabupaten Probolinggo,Kost Incess Diana Tipe A,Campur,Kedopok,0.0,Ya,Ya,Ya,Ya,Ya,Ya,1300000,https://mamikos.com/room/kost-kota-probolinggo-kost-campur-eksklusif-kost-incess-diana-tipe-a-kedopok-probolinggo
Kabupaten Probolinggo,Kost Dearvi Vvip,Putri,Kanigaran,0.0,Ya,Ya,Ya,Ya,Tidak,Ya,1500000,https://mamikos.com/room/kost-kota-probolinggo-kost-putri-eksklusif-kost-dearvi-vvip-kanigaran-probolinggo
Kabupaten Probolinggo,Kost Inces Diana Executive,Campur,Kanigaran,0.0,Ya,Ya,Ya,Ya,Ya,Ya,1300000,https://mamikos.com/room/kost-kota-probolinggo-kost-campur-eksklusif-kost-inces-diana-executive-kanigaran-probolinggo
Kabupaten Probolinggo,Kost Dearvi Standar 02,Putri,Kanigaran,0.0,Ya,Tidak,Ya,Ya,Ya,Ya,1000000,https://mamikos.com/room/kost-kota-probolinggo-kost-putri-eksklusif-kost-dearvi-standar-02-kanigaran-probolinggo-2
Kabupaten Probolinggo,Kost Dearvi Standart 03,Putri,Kanigaran,0.0,Ya,Tidak,Ya,Ya,Ya,Ya,1000000,https://mamikos.com/room/kost-kota-probolinggo-kost-putri-eksklusif-kost-dearvi-standart-03-kanigaran-probolinggo-2
Kabupaten Probolinggo,Kost Griya Hawa,Putri,Kanigaran,0.0,Tidak,Ya,Ya,Ya,Ya,Ya,510000,https://mamikos.com/room/kost-probolinggo-kost-putri-murah-kost-griya-hawa-kanigaran-probolinggo
Kabupaten Probolinggo,Kost Phalawan,Putri,Kecamatan Kanigaran,0.0,Ya,Ya,Ya,Ya,Ya,Ya,1050000,https://mamikos.com/room/kost-kota-probolinggo-kost-putri-eksklusif-kost-phalawan-kanigaran-probolinggo
Kabupaten Probolinggo,Kost Walikota Gatot Tipe B,Putra,Kanigaran,0.0,Tidak,Tidak,Ya,Tidak,Ya,Ya,350000,https://mamikos.com/room/kost-kota-probolinggo-kost-putra-murah-kost-walikota-gatot-tipe-b-kanigaran-probolinggo
Kabupaten Probolinggo,Kost Griya,Putri,Kanigaran,0.0,Tidak,Ya,Ya,Ya,Ya,Ya,550000,https://mamikos.com/room/kost-probolinggo-kost-putri-eksklusif-kost-griya-kanigaran-probolinggo
Kabupaten Probolinggo,Kost Ca Tipe A,Putri,Kanigaran,0.0,Tidak,Ya,Ya,Ya,Ya,Ya,500000,https://mamikos.com/room/kost-kota-probolinggo-kost-putri-murah-kost-ca-tipe-a-kanigaran-probolinggo-2
Kabupaten Probolinggo,Kost Mamici,Putri,Kanigaran,0.0,Tidak,Tidak,Ya,Tidak,Tidak,Ya,500000,https://mamikos.com/room/kost-probolinggo-kost-putri-murah-kost-mamici-kanigaran-probolinggo-1
Kabupaten Probolinggo,Kost Diska Tipe Eksklusif,Campur,Kanigaran,0.0,Ya,Tidak,Ya,Ya,Ya,Ya,1100000,https://mamikos.com/room/kost-probolinggo-kost-campur-eksklusif-kost-diska-tipe-eksklusif-kanigaran-probolinggo
Kabupaten Probolinggo,Kost Rumah Barito,Campur,Kedopok,0.0,Tidak,Ya,Ya,Ya,Ya,Ya,300000,https://mamikos.com/room/kost-probolinggo-kost-campur-murah-kost-rumah-barito-kedopok-probolinggo
Kabupaten Probolinggo,Kost Ibu Dini Tipe A,Putra,Kecamatan Kanigaran,0.0,Tidak,Ya,Ya,Tidak,Tidak,Tidak,300000,https://mamikos.com/room/kost-kota-probolinggo-kost-putra-murah-kost-ibu-dini-tipe-a-kanigaran-probolinggo
Kabupaten Probolinggo,Kost Ibu Dini Tipe VVIP,Putra,Kecamatan Kanigaran,0.0,Tidak,Ya,Ya,Tidak,Ya,Tidak,420000,https://mamikos.com/room/kost-kota-probolinggo-kost-putra-murah-kost-ibu-dini-tipe-vvip-kanigaran-probolinggo-2
Kabupaten Probolinggo,Kost Alsha,Putra,Mayangan,0.0,Ya,Ya,Ya,Ya,Ya,Ya,1000000,https://mamikos.com/room/kost-kota-probolinggo-kost-putra-murah-kost-alsha-mayangan-probolinggo
Kabupaten Probolinggo,Kost Kartika Wijaya Kusuma,Campur,Kecamatan Mayangan,4.9,Ya,Ya,Ya,Ya,Ya,Ya,800000,https://mamikos.com/room/kost-probolinggo-kost-campur-murah-kost-kartika-wijaya-kusuma-mayangan-probolinggo
Kabupaten Probolinggo,Kost Nasution Eagle,Putri,Kecamatan Mayangan,0.0,Ya,Ya,Ya,Ya,Ya,Ya,1450000,https://mamikos.com/room/kost-kota-probolinggo-kost-putri-eksklusif-kost-nasution-eagle-mayangan-probolinggo-2
Kabupaten Probolinggo,Kost Dian Azizah Kaningaran,Putri,Kanigaran,0.0,Tidak,Tidak,Ya,Tidak,Ya,Ya,450000,https://mamikos.com/room/kost-kota-probolinggo-kost-putri-murah-kost-dian-azizah-kaningaran-probolinggo
Kabupaten Probolinggo,Kost Citarum Tipe A,Putri,Kanigaran,0.0,Tidak,Tidak,Ya,Tidak,Ya,Ya,450000,https://mamikos.com/room/kost-kota-probolinggo-kost-putri-murah-kost-citarum-tipe-a-kanigaran-probolinggo-2
Kabupaten Probolinggo,Kost Omah Green House,Campur,Kecamatan Mayangan,0.0,Ya,Ya,Ya,Ya,Ya,Ya,1100000,https://mamikos.com/room/kost-kota-probolinggo-kost-campur-eksklusif-kost-omah-green-house-mayangan-probolinggo-1
Kabupaten Probolinggo,Kost Asyari Tipe B,Putri,Kanigaran,0.0,Tidak,Tidak,Ya,Ya,Ya,Ya,450000,https://mamikos.com/room/kost-kota-probolinggo-kost-putri-murah-kost-asyari-tipe-b-kanigaran-probolinggo
Kabupaten Probolinggo,Kost Pelangi Executive,Campur,Kecamatan Kanigaran,0.0,Ya,Ya,Ya,Tidak,Ya,Ya,900000,https://mamikos.com/room/kost-kota-probolinggo-kost-campur-murah-kos-pelangi-executive-kanigaran-probolinggo-2
Kabupaten Probolinggo,Kost Yellow Doors,Putra,Kademangan,4.8,Ya,Ya,Ya,Tidak,Ya,Ya,850000,https://mamikos.com/room/kost-kota-probolinggo-kost-putra-eksklusif-kost-yellow-doors-kademangan-probolinggo
Kabupaten Probolinggo,Kost Asri Barokah 3,Putra,Kecamatan Kanigaran,0.0,Tidak,Ya,Ya,Ya,Tidak,Ya,500000,https://mamikos.com/room/kost-kota-probolinggo-kost-putra-murah-kost-asri-barokah-3-kanigaran-probolinggo-2
Kabupaten Probolinggo,Kost Jatim Tipe Exclusive,Campur,Mayangan,0.0,Ya,Tidak,Ya,Ya,Ya,Ya,1100000,https://mamikos.com/room/kost-probolinggo-kost-campur-eksklusif-kost-jatim-tipe-exclusive-mayangan-probolinggo-2
Kabupaten Probolinggo,Kost Rumah Kaloka Tipe AC,Putri,Kademangan,0.0,Ya,Ya,Ya,Tidak,Ya,Ya,900000,https://mamikos.com/room/kost-kota-probolinggo-kost-putri-eksklusif-kost-rumah-kaloka-tipe-ac-kademangan-probolinggo-2
Kabupaten Probolinggo,Kost Budi,Putri,Kanigaran,0.0,Tidak,Tidak,Ya,Tidak,Tidak,Tidak,350000,https://mamikos.com/room/kost-kota-probolinggo-kost-putri-murah-kost-budi-kanigaran-probolinggo
Kabupaten Probolinggo,Kost Ferdyans Tipe A,Campur,Mayangan,0.0,Tidak,Tidak,Ya,Tidak,Tidak,Tidak,350000,https://mamikos.com/room/kost-kota-probolinggo-kost-campur-murah-kost-ferdyans-tipe-a-mayangan-probolinggo
Kabupaten Probolinggo,Kost Juniwati,Campur,Mayangan,0.0,Tidak,Ya,Ya,Tidak,Tidak,Tidak,250000,https://mamikos.com/room/kost-probolinggo-kost-campur-murah-kost-juniwati-mayangan-probolinggo
Kabupaten Probolinggo,Kost Haryono Tipe B,Campur,Kecamatan Mayangan,0.0,Tidak,Tidak,Ya,Ya,Tidak,Ya,370000,https://mamikos.com/room/kost-kota-probolinggo-kost-campur-murah-kost-haryono-tipe-b-mayangan-probolinggo
Kabupaten Probolinggo,Kost Simple Stay 1,Campur,Mayangan,0.0,Ya,Ya,Ya,Ya,Ya,Ya,850000,https://mamikos.com/room/kost-probolinggo-kost-campur-murah-kost-simple-stay-1-mayangan-probolinggo
Kabupaten Probolinggo,Kost Walikota Gatot Tipe A,Putra,Kanigaran,0.0,Tidak,Tidak,Ya,Tidak,Tidak,Ya,350000,https://mamikos.com/room/kost-kota-probolinggo-kost-putra-murah-kost-walikota-gatot-tipe-a-kanigaran-probolinggo
Kabupaten Probolinggo,Kost Ema Nigeren,Putri,Kecamatan Kanigaran,0.0,Tidak,Tidak,Ya,Tidak,Ya,Ya,550000,https://mamikos.com/room/kost-kota-probolinggo-kost-putri-murah-kost-ema-nigeren-kanigaran-probolinggo
Kabupaten Probolinggo,Kost Wahidin Tipe B,Putra,Mayangan,0.0,Ya,Tidak,Ya,Ya,Tidak,Tidak,1100000,https://mamikos.com/room/kost-probolinggo-kost-putra-eksklusif-kost-wahidin-tipe-b-mayangan-probolinggo
Kabupaten Probolinggo,Kost Ibu Sofia I,Campur,Kecamatan Leces,0.0,Tidak,Ya,Ya,Tidak,Tidak,Ya,250000,https://mamikos.com/room/kost-kabupaten-probolinggo-kost-campur-murah-kost-ibu-sofia-i-probolinggo
Kabupaten Probolinggo,Kost Cantika Tipe Executive,Putri,Kecamatan Dringu,0.0,Ya,Ya,Ya,Ya,Ya,Ya,900000,https://mamikos.com/room/kost-kabupaten-probolinggo-kost-putri-murah-kost-cantika-tipe-executive-dringu-probolinggo
Kabupaten Probolinggo,Kost Rumah Kaca Piring,Putra,Mayangan,0.0,Ya,Ya,Ya,Ya,Tidak,Ya,700000,https://mamikos.com/room/kost-probolinggo-kost-putra-murah-kost-rumah-kaca-piring-mayangan-probolinggo
Kabupaten Probolinggo,Kost Asri Barokah,Putra,Kanigaran,0.0,Tidak,Ya,Ya,Tidak,Ya,Ya,500000,https://mamikos.com/room/kost-kota-probolinggo-kost-putra-murah-kost-asri-barokah-kanigaran-probolinggo
Kabupaten Probolinggo,Kost Nusa Indah Tipe Standar,Campur,Kecamatan Mayangan,0.0,Tidak,Tidak,Ya,Tidak,Tidak,Ya,450000,https://mamikos.com/room/kost-kota-probolinggo-kost-campur-murah-kost-nusa-indah-tipe-standar-mayangan-probolinggo
Kabupaten Probolinggo,Kost Rumah HMB Tipe C,Campur,Kecamatan Mayangan,0.0,Tidak,Ya,Ya,Tidak,Tidak,Ya,450000,https://mamikos.com/room/kost-kota-probolinggo-kost-campur-murah-kost-rumah-hmb-tipe-c-mayangan-probolinggo
Kabupaten Probolinggo,Kost Queen Tipe A,Putra,Kecamatan Mayangan,0.0,Ya,Ya,Ya,Ya,Ya,Ya,1000000,https://mamikos.com/room/kost-kota-probolinggo-kost-putra-eksklusif-kost-queen-tipe-a-mayangan-probolinggo
Kabupaten Probolinggo,Kost Rohmatul,Putri,Dringu,0.0,Tidak,Ya,Ya,Tidak,Tidak,Tidak,350000,https://mamikos.com/room/kost-kabupaten-probolinggo-kost-putri-murah-kost-rohmatul-dringu-probolinggo
Kabupaten Probolinggo,Kost Cempaka Sweet,Campur,Mayangan,0.0,Tidak,Tidak,Ya,Tidak,Tidak,Tidak,520000,https://mamikos.com/room/kost-probolinggo-kost-campur-murah-kost-cempaka-sweet-mayangan-probolinggo
Kabupaten Probolinggo,Kost Nusa Indah Baru Tipe B,Campur,Mayangan,0.0,Ya,Tidak,Ya,Tidak,Ya,Tidak,1000000,https://mamikos.com/room/kost-probolinggo-kost-campur-eksklusif-kost-nusa-indah-baru-tipe-b-mayangan-probolinggo
Kabupaten Probolinggo,Kost Diana Tipe A,Campur,Kecamatan Kedopok,0.0,Ya,Ya,Ya,Ya,Ya,Ya,800000,https://mamikos.com/room/kost-kota-probolinggo-kost-campur-murah-kost-diana-tipe-a-kedopok-probolinggo
Kabupaten Probolinggo,Kost Mutiara Tipe Standar,Putri,Mayangan,0.0,Tidak,Ya,Ya,Ya,Tidak,Ya,450000,https://mamikos.com/room/kost-probolinggo-kost-putri-murah-kost-mutiara-tipe-standar-mayangan-probolinggo-2
Kabupaten Probolinggo,Kost Budiarto,Putri,Kecamatan Leces,0.0,Tidak,Ya,Ya,Ya,Tidak,Ya,500000,https://mamikos.com/room/kost-kabupaten-probolinggo-kost-putri-murah-kost-budiarto-leces-probolinggo-2
Kabupaten Probolinggo,Kost Misha,Putri,Kecamatan Kademangan,0.0,Ya,Tidak,Ya,Ya,Ya,Ya,800000,https://mamikos.com/room/kost-kota-probolinggo-kost-putri-murah-kost-misha-kademangan-probolinggo-1
Kabupaten Probolinggo,Kost Rumah Anggrek Pilang AC,Putra,Kademangan,0.0,Ya,Tidak,Ya,Ya,Ya,Ya,1200000,https://mamikos.com/room/kost-kota-probolinggo-kost-putra-eksklusif-kost-rumah-anggrek-pilang-ac-kademangan-probolinggo
Kabupaten Probolinggo,Kost Hunter Tipe 1,Putri,Kanigaran,0.0,Tidak,Ya,Ya,Tidak,Ya,Ya,300000,https://mamikos.com/room/kost-kota-probolinggo-kost-putri-murah-kost-hunter-tipe-1-kanigaran-probolinggo
Kabupaten Probolinggo,Kost Melati 3 Tipe Kipas,Campur,Kanigaran,0.0,Tidak,Ya,Ya,Tidak,Ya,Ya,650000,https://mamikos.com/room/kost-probolinggo-kost-campur-murah-kost-melati-3-tipe-kipas-kanigaran-probolinggo-2
Kabupaten Probolinggo,Kost Serma Abd Tipe A,Putra,Mayangan,0.0,Tidak,Ya,Tidak,Ya,Ya,Ya,750000,https://mamikos.com/room/kost-kota-probolinggo-kost-putra-murah-kost-serma-abd-tipe-a-mayangan-probolinggo-2
Kabupaten Probolinggo,Kost Pahlawan,Putri,Kanigaran,0.0,Tidak,Ya,Ya,Ya,Ya,Ya,600000,https://mamikos.com/room/kost-kota-probolinggo-kost-putri-murah-kost-pahlawan-kanigaran-probolinggo
Kabupaten Probolinggo,Kost Kartika Tipe A,Campur,Mayangan,0.0,Tidak,Ya,Ya,Ya,Tidak,Ya,700000,https://mamikos.com/room/kost-probolinggo-kost-campur-murah-kost-kartika-tipe-a-mayangan-probolinggo-1
Kabupaten Probolinggo,Kost Kamila Tipe Standar,Putri,Mayangan,0.0,Tidak,Tidak,Ya,Ya,Ya,Ya,600000,https://mamikos.com/room/kost-probolinggo-kost-putri-murah-kost-kamila-tipe-standar-mayangan-probolinggo
Kabupaten Probolinggo,Kost Pahlawan 2,Campur,Kecamatan Kanigaran,0.0,Ya,Ya,Ya,Ya,Ya,Ya,700000,https://mamikos.com/room/kost-kota-probolinggo-kost-campur-eksklusif-kost-pahlawan-2-kanigaran-probolinggo-2
Kabupaten Probolinggo,Kost Anjasmoro Co Living Tipe Exclusive,Putri,Mayangan,0.0,Ya,Ya,Ya,Ya,Ya,Ya,1200000,https://mamikos.com/room/kost-probolinggo-kost-putri-eksklusif-kost-anjasmoro-co-living-tipe-exclusive-mayangan-probolinggo
Kabupaten Probolinggo,Kost Zafran,Campur,Kecamatan Kanigaran,0.0,Tidak,Tidak,Ya,Ya,Ya,Ya,450000,https://mamikos.com/room/kost-kota-probolinggo-kost-campur-murah-kost-zafran-kanigaran-probolinggo-2
Kabupaten Probolinggo,Kost Rumah Karina,Campur,Dringu,0.0,Tidak,Tidak,Ya,Tidak,Tidak,Tidak,400000,https://mamikos.com/room/kost-kabupaten-probolinggo-kost-campur-murah-kost-rumah-karina-dringu-probolinggo
Kabupaten Probolinggo,Kost Sion,Campur,Mayangan,5.0,Ya,Tidak,Ya,Ya,Ya,Tidak,1200000,https://mamikos.com/room/kost-probolinggo-kost-campur-eksklusif-kost-sion-mayangan-probolinggo-1
Kabupaten Probolinggo,Kost Bu Mol,Putra,Kecamatan Mayangan,0.0,Tidak,Ya,Ya,Tidak,Tidak,Tidak,350000,https://mamikos.com/room/kost-kota-probolinggo-kost-putra-murah-kost-bu-mol-mayangan-probolinggo
Kabupaten Probolinggo,Kost Camelia,Campur,Mayangan,0.0,Ya,Tidak,Ya,Ya,Ya,Ya,1400000,https://mamikos.com/room/kost-kota-probolinggo-kost-campur-eksklusif-kost-camelia-mayangan-probolinggo-4
Kabupaten Probolinggo,Kost Pesona Pattimura,Campur,Mayangan,0.0,Tidak,Ya,Ya,Tidak,Ya,Tidak,450000,https://mamikos.com/room/kost-kota-probolinggo-kost-campur-murah-kost-pesona-pattimura-mayangan-probolinggo
Kabupaten Probolinggo,Kost Asyari Tipe A,Campur,Kanigaran,0.0,Ya,Tidak,Ya,Ya,Ya,Ya,450000,https://mamikos.com/room/kost-kota-probolinggo-kost-campur-murah-kost-asyari-tipe-a-kanigaran-probolinggo-1
Kabupaten Probolinggo,Kost Bu Wulan,Putri,Kecamatan Kademangan,0.0,Tidak,Tidak,Ya,Ya,Ya,Ya,500000,https://mamikos.com/room/kost-kota-probolinggo-kost-putri-murah-kost-bu-wulan-kademangan-probolinggo
Kabupaten Probolinggo,Kost Teratai,Campur,Kecamatan Kanigaran,0.0,Ya,Ya,Ya,Ya,Ya,Ya,1500000,https://mamikos.com/room/kost-kota-probolinggo-kost-campur-eksklusif-kost-teratai-kanigaran-probolinggo-1
Kabupaten Probolinggo,Kost 88A Tipe A,Putra,Mayangan,0.0,Tidak,Tidak,Ya,Tidak,Ya,Ya,500000,https://mamikos.com/room/kost-probolinggo-kost-putra-murah-kost-88a-tipe-a-mayangan-probolinggo
Kabupaten Probolinggo,Kost Marindah Home,Campur,Kecamatan Mayangan,0.0,Ya,Ya,Ya,Ya,Ya,Tidak,1750000,https://mamikos.com/room/kost-kota-probolinggo-kost-campur-eksklusif-kost-marindah-home-mayangan-probolinggo
Kabupaten Probolinggo,Kost Serma Abd Rahman,Campur,Mayangan,0.0,Tidak,Tidak,Ya,Tidak,Ya,Ya,350000,https://mamikos.com/room/kost-probolinggo-kost-campur-murah-kost-serma-abd-rahman-mayangan-probolinggo
Kabupaten Probolinggo,Kost Rumah Wahidin,Campur,Kecamatan Mayangan,0.0,Ya,Ya,Ya,Ya,Ya,Ya,1500000,https://mamikos.com/room/kost-kota-probolinggo-kost-campur-eksklusif-kost-rumah-wahidin-mayangan-probolinggo
Kabupaten Probolinggo,Kost Asri Barokah 2,Putra,Kecamatan Kanigaran,0.0,Tidak,Ya,Ya,Ya,Ya,Ya,500000,https://mamikos.com/room/kost-kota-probolinggo-kost-putra-murah-kost-asri-barokah-2-kanigaran-probolinggo
Kabupaten Probolinggo,Kost Griya Azzahra,Putri,Kanigaran,0.0,Tidak,Tidak,Ya,Ya,Ya,Ya,650000,https://mamikos.com/room/kost-kota-probolinggo-kost-putri-murah-kost-griya-azzahra-kanigaran-probolinggo-2
Kabupaten Probolinggo,Kost Brak,Campur,Kecamatan Mayangan,0.0,Ya,Tidak,Ya,Ya,Ya,Ya,1300000,https://mamikos.com/room/kost-kota-probolinggo-kost-campur-eksklusif-kost-brak-mayangan-probolinggo-1
Kabupaten Probolinggo,Kost YS Indekost AC,Campur,Kademangan,0.0,Ya,Ya,Ya,Ya,Ya,Ya,700000,https://mamikos.com/room/kost-kota-probolinggo-kost-campur-murah-kost-ys-indekost-ac-kademangan-probolinggo-2
Kabupaten Probolinggo,Kost_Q,Campur,Kecamatan Kanigaran,0.0,Tidak,Ya,Ya,Ya,Ya,Ya,500000,https://mamikos.com/room/kost-kota-probolinggo-kost-campur-murah-kostq-kanigaran-probolinggo-2
Kabupaten Probolinggo,Kost Menara Mastrip,Campur,Kecamatan Wonoasih,0.0,Tidak,Ya,Ya,Tidak,Ya,Ya,700000,https://mamikos.com/room/kost-kota-probolinggo-kost-campur-eksklusif-kost-menara-mastrip-wonoasih-probolinggo-1
Kabupaten Probolinggo,Kost Ganjoe Tipe A,Putri,Kecamatan Mayangan,0.0,Tidak,Ya,Ya,Tidak,Tidak,Ya,375000,https://mamikos.com/room/kost-kota-probolinggo-kost-putri-murah-kost-ganjoe-tipe-a-mayangan-probolinggo-2
Kabupaten Probolinggo,Kost YS Indekost Non AC,Campur,Kademangan,0.0,Tidak,Ya,Ya,Ya,Ya,Ya,500000,https://mamikos.com/room/kost-kota-probolinggo-kost-campur-murah-kost-ys-indekost-non-ac-kademangan-probolinggo-2
Kabupaten Probolinggo,Kost Surya Citarum,Putra,Kanigaran,0.0,Tidak,Tidak,Ya,Tidak,Ya,Tidak,585000,https://mamikos.com/room/kost-probolinggo-kost-putra-murah-kost-surya-citarum-kanigaran-probolinggo-1
Kabupaten Probolinggo,Kost Oma Tipe B,Campur,Kademangan,0.0,Ya,Ya,Ya,Ya,Ya,Ya,900000,https://mamikos.com/room/kost-kota-probolinggo-kost-campur-murah-kost-oma-tipe-b-kademangan-probolinggo
Kabupaten Probolinggo,Kost Doni,Putra,Kecamatan Mayangan,0.0,Tidak,Ya,Ya,Ya,Tidak,Tidak,400000,https://mamikos.com/room/kost-kota-probolinggo-kost-putra-murah-kost-doni-mayangan-probolinggo-1
Kabupaten Probolinggo,Kost Brociel Tipe A,Campur,Kecamatan Mayangan,0.0,Tidak,Ya,Ya,Tidak,Tidak,Tidak,450000,https://mamikos.com/room/kost-kota-probolinggo-kost-putri-murah-kost-brociel-tipe-a-mayangan-probolinggo-1
Kabupaten Probolinggo,Kost Anasha,Campur,Kecamatan Kademangan,0.0,Tidak,Ya,Ya,Ya,Ya,Tidak,600000,https://mamikos.com/room/kost-kota-probolinggo-kost-campur-murah-kost-anasha-kademangan-probolinggo-2
Kabupaten Probolinggo,Kost Delima Tipe A,Putri,Kecamatan Kanigaran,0.0,Tidak,Ya,Ya,Tidak,Tidak,Ya,375000,https://mamikos.com/room/kost-kota-probolinggo-kost-putri-murah-kost-delima-tipe-a-kanigaran-probolinggo
Kabupaten Probolinggo,Kost Cendana House,Campur,Mayangan,0.0,Ya,Ya,Ya,Ya,Ya,Ya,1000000,https://mamikos.com/room/kost-kota-probolinggo-kost-campur-eksklusif-kost-cendana-house-mayangan-probolinggo
Kabupaten Probolinggo,Kost 88A Tipe B,Putra,Mayangan,0.0,Ya,Tidak,Ya,Tidak,Ya,Ya,800000,https://mamikos.com/room/kost-probolinggo-kost-putra-murah-kost-88a-tipe-b-mayangan-probolinggo--1
Kabupaten Probolinggo,Kost Syivania Tipe A,Putri,Kanigaran,0.0,Tidak,Ya,Ya,Ya,Ya,Ya,900000,https://mamikos.com/room/kost-probolinggo-kost-putri-murah-kost-syivania-tipe-a-kanigaran-probolinggo-2
Kabupaten Probolinggo,Kost Saddam Tipe C,Campur,Kanigaran,0.0,Ya,Tidak,Ya,Tidak,Ya,Ya,600000,https://mamikos.com/room/kost-probolinggo-kost-campur-eksklusif-kost-saddam-tipe-c-kanigaran-probolinggo
Kabupaten Probolinggo,Kost Cendana Tipe 1,Putra,Kanigaran,0.0,Ya,Tidak,Ya,Ya,Tidak,Ya,400000,https://mamikos.com/room/kost-probolinggo-kost-putra-murah-kost-cendana-tipe-1-kanigaran-probolinggo
Kabupaten Probolinggo,Kost Anda I,Putra,Kecamatan Mayangan,0.0,Tidak,Ya,Ya,Ya,Tidak,Tidak,350000,https://mamikos.com/room/kost-kota-probolinggo-kost-putra-murah-kost-anda-i-mayangan-probolinggo
Kabupaten Probolinggo,Kost Oma Tipe Executive,Campur,Kademangan,0.0,Ya,Ya,Ya,Ya,Ya,Ya,900000,https://mamikos.com/room/kost-kota-probolinggo-kost-campur-murah-kost-oma-tipe-executive-kademangan-probolinggo
Kabupaten Probolinggo,Kost Nasution Ant,Putri,Kecamatan Mayangan,0.0,Ya,Ya,Tidak,Ya,Ya,Ya,1250000,https://mamikos.com/room/kost-kota-probolinggo-kost-putri-eksklusif-kost-nasution-ant-mayangan-probolinggo-2
Kabupaten Probolinggo,Kost Kenongo Tipe Aa,Putri,Kecamatan Kanigaran,0.0,Tidak,Tidak,Ya,Ya,Ya,Ya,400000,https://mamikos.com/room/kost-kota-probolinggo-kost-putri-murah-kost-kenongo-tipe-aa-kanigaran-probolinggo-2
Kabupaten Probolinggo,Kost Avegaa,Putra,Kanigaran,0.0,Tidak,Ya,Ya,Tidak,Ya,Ya,550000,https://mamikos.com/room/kost-kota-probolinggo-kost-putra-murah-kost-avegaa-kanigaran-probolinggo
Kabupaten Probolinggo,Kost Wella Barokah,Campur,Kanigaran,0.0,Tidak,Ya,Ya,Ya,Ya,Ya,600000,https://mamikos.com/room/kost-probolinggo-kost-campur-murah-kost-wella-barokah-kanigaran-probolinggo
Kabupaten Probolinggo,Kost Incess Diana Tipe Executive,Campur,Kanigaran,0.0,Ya,Ya,Ya,Ya,Ya,Ya,1500000,https://mamikos.com/room/kost-kota-probolinggo-kost-campur-eksklusif-kost-incess-diana-tipe-executive-kanigaran-probolinggo-2
Kabupaten Probolinggo,Kost H Zen,Putri,Kecamatan Mayangan,0.0,Tidak,Tidak,Ya,Tidak,Ya,Ya,500000,https://mamikos.com/room/kost-kota-probolinggo-kost-putri-murah-kost-h-zen-mayangan-probolinggo-2
Kabupaten Probolinggo,Kost Melati,Putri,Kanigaran,0.0,Tidak,Ya,Ya,Ya,Tidak,Ya,500000,https://mamikos.com/room/kost-kota-probolinggo-kost-putri-murah-kost-melati-kanigaran-probolinggo
Kabupaten Probolinggo,Kost Widiono,Campur,Kecamatan Kanigaran,0.0,Tidak,Ya,Ya,Ya,Ya,Tidak,450000,https://mamikos.com/room/kost-kota-probolinggo-kost-campur-murah-kost-widiono-kanigaran-probolinggo
Kabupaten Probolinggo,Kost Cahaya Arum,Putri,Kademangan,0.0,Tidak,Tidak,Ya,Tidak,Ya,Tidak,600000,https://mamikos.com/room/kost-kota-probolinggo-kost-putri-murah-kost-cahaya-arum-kademangan-probolinggo
Kabupaten Probolinggo,Kost Kharisma,Campur,Kanigaran,0.0,Tidak,Ya,Ya,Tidak,Ya,Ya,550000,https://mamikos.com/room/kost-kota-probolinggo-kost-campur-eksklusif-kost-kharisma-kanigaran-probolinggo-2
Kabupaten Probolinggo,Kost Namira AC,Putri,Dringu,0.0,Tidak,Ya,Ya,Ya,Ya,Ya,950000,https://mamikos.com/room/kost-kabupaten-probolinggo-kost-putri-murah-kost-namira-ac-dringu-probolinggo-2
Kabupaten Probolinggo,Kost Haryono Tipe A,Campur,Kecamatan Mayangan,0.0,Tidak,Tidak,Ya,Tidak,Ya,Ya,470000,https://mamikos.com/room/kost-kota-probolinggo-kost-campur-murah-kos-haryono-816-tipe-a-mayangan-probolinggo-2
Kabupaten Probolinggo,Kost Dannia Vip,Campur,Kecamatan Mayangan,0.0,Ya,Ya,Ya,Ya,Ya,Ya,850000,https://mamikos.com/room/kost-kota-probolinggo-kost-campur-murah-kost-dannia-vip-mayangan-probolinggo
Kabupaten Probolinggo,Kost Wahidin Tipe A,Putra,Mayangan,0.0,Ya,Tidak,Ya,Ya,Tidak,Tidak,850000,https://mamikos.com/room/kost-probolinggo-kost-putra-murah-kost-wahidin-79-tipe-a-mayangan-probolinggo
Kabupaten Probolinggo,Kost Walikota Gatot Tipe C,Putra,Kanigaran,0.0,Tidak,Tidak,Ya,Tidak,Tidak,Ya,350000,https://mamikos.com/room/kost-kota-probolinggo-kost-putra-murah-kost-walikota-gatot-tipe-c-kanigaran-probolinggo-1
Kabupaten Probolinggo,Kost Citarum Tipe B,Putri,Kanigaran,4.9,Tidak,Ya,Ya,Ya,Ya,Ya,525000,https://mamikos.com/room/kost-kota-probolinggo-kost-putri-murah-kost-citarum-tipe-b-kanigaran-probolinggo-2
Kabupaten Probolinggo,Kost Artha Tipe A,Putri,Kecamatan Mayangan,0.0,Ya,Tidak,Ya,Ya,Tidak,Ya,1100000,https://mamikos.com/room/kost-kota-probolinggo-kost-putri-eksklusif-kost-artha-tipe-a-mayangan-probolinggo-2
Kabupaten Probolinggo,Kost Alhamdulillah Vvip,Campur,Kecamatan Kedopok,0.0,Tidak,Ya,Ya,Tidak,Ya,Ya,500000,https://mamikos.com/room/kost-kota-probolinggo-kost-campur-murah-kost-alhamdulillah-vvip-kedopok-probolinggo-2
Kabupaten Probolinggo,Kost Oma Tipe A,Campur,Kademangan,0.0,Ya,Ya,Ya,Ya,Ya,Ya,900000,https://mamikos.com/room/kost-kota-probolinggo-kost-campur-murah-kost-oma-tipe-a-kademangan-probolinggo
Kabupaten Probolinggo,Kost Pahlawan Tipe A,Putra,Kecamatan Kanigaran,0.0,Tidak,Tidak,Ya,Tidak,Tidak,Ya,500000,https://mamikos.com/room/kost-kota-probolinggo-kost-putra-murah-kost-pahlawan-tipe-a-kanigaran-probolinggo-2
Kabupaten Probolinggo,Kost Cahaya,Campur,Kecamatan Kanigaran,0.0,Tidak,Ya,Ya,Ya,Ya,Tidak,500000,https://mamikos.com/room/kost-kota-probolinggo-kost-campur-murah-kost-cahaya-kanigaran-probolinggo
Kabupaten Probolinggo,Kost Jeff,Putra,Mayangan,0.0,Tidak,Tidak,Ya,Tidak,Ya,Tidak,500000,https://mamikos.com/room/kost-probolinggo-kost-putra-murah-kost-jeff-mayangan-probolinggo
Kabupaten Probolinggo,Kost Ekonomis,Campur,Kanigaran,0.0,Tidak,Ya,Ya,Tidak,Tidak,Tidak,350000,https://mamikos.com/room/kost-probolinggo-kost-campur-murah-kost-ekonomis-kanigaran-probolinggo-1
Kabupaten Probolinggo,Kost Sri Pasti Tipe Single,Putri,Kecamatan Kedopok,0.0,Tidak,Ya,Ya,Ya,Ya,Ya,500000,https://mamikos.com/room/kost-kota-probolinggo-kost-putri-eksklusif-kost-sri-pasti-tipe-single-kedopok-probolinggo
Kabupaten Probolinggo,Kost 29 Tipe A,Campur,Kademangan,0.0,Tidak,Tidak,Ya,Tidak,Ya,Tidak,450000,https://mamikos.com/room/kost-probolinggo-kost-campur-murah-kost-29-tipe-a-kademangan-probolinggo-2
Kabupaten Probolinggo,Kost Rizky Kamar Atas,Putri,Kecamatan Kanigaran,0.0,Tidak,Tidak,Ya,Tidak,Ya,Tidak,300000,https://mamikos.com/room/kost-kota-probolinggo-kost-putri-murah-kost-rizky-kamar-atas-kanigaran-probolinggo
Kabupaten Probolinggo,Kost Odilia,Putra,Mayangan,0.0,Ya,Ya,Ya,Ya,Tidak,Ya,300000,https://mamikos.com/room/kost-kota-probolinggo-kost-putra-murah-kost-odilia-mayangan-probolinggo-2
Kabupaten Probolinggo,Kost Kost Eksklusif Griya Adam Tipe B,Campur,Dringu,0.0,Ya,Tidak,Ya,Ya,Ya,Ya,700000,https://mamikos.com/room/kost-probolinggo-kost-campur-murah-kost-kost-eksklusif-griya-adam-tipe-b-dringu-probolinggo
Kabupaten Probolinggo,Kost Mawar Indah,Campur,Mayangan,0.0,Tidak,Tidak,Ya,Tidak,Ya,Tidak,800000,https://mamikos.com/room/kost-kota-probolinggo-kost-campur-murah-kost-mawar-indah-mayangan-probolinggo
Kabupaten Probolinggo,Kost Hidayah Tipe A,Campur,Kecamatan Kanigaran,0.0,Tidak,Ya,Ya,Tidak,Ya,Ya,400000,https://mamikos.com/room/kost-kota-probolinggo-kost-campur-murah-kost-hidayah-tipe-a-kanigaran-probolinggo
Kabupaten Probolinggo,Kost S And T Tipe A,Campur,Kecamatan Kedopak,0.0,Tidak,Tidak,Ya,Tidak,Tidak,Tidak,600000,https://mamikos.com/room/kost-kota-probolinggo-kost-campur-murah-kost-s-and-t-tipe-a-kedopak-probolinggo
Kabupaten Probolinggo,Kost 29 Tipe B,Campur,Kademangan,0.0,Tidak,Tidak,Ya,Tidak,Ya,Tidak,500000,https://mamikos.com/room/kost-probolinggo-kost-campur-murah-kost-29-tipe-b-kademangan-probolinggo-1
Kabupaten Probolinggo,Kost Griya Tasfiyah Tipe A,Putri,Kecamatan Mayangan,0.0,Ya,Tidak,Ya,Ya,Ya,Ya,1300000,https://mamikos.com/room/kost-kota-probolinggo-kost-putri-eksklusif-kost-griya-tasfiyah-tipe-a-mayangan-probolinggo-2
Kabupaten Probolinggo,Kost Sundari,Putri,Kedopok,0.0,Tidak,Ya,Ya,Ya,Ya,Ya,500000,https://mamikos.com/room/kost-kota-probolinggo-kost-putri-murah-kost-sundari-kedopok-probolinggo-1
Kabupaten Probolinggo,Kost Zaini Tipe A,Campur,Mayangan,0.0,Tidak,Ya,Ya,Tidak,Ya,Tidak,500000,https://mamikos.com/room/kost-probolinggo-kost-campur-murah-kost-zaini-tipe-a-mayangan-probolinggo
Kabupaten Probolinggo,Kost Rumah HMB Tipe A,Campur,Kecamatan Mayangan,0.0,Tidak,Ya,Ya,Tidak,Tidak,Ya,400000,https://mamikos.com/room/kost-kota-probolinggo-kost-campur-murah-kost-rumah-hmb-tipe-a-mayangan-probolinggo-2
Kabupaten Probolinggo,Kost Rizky,Putri,Kanigaran,0.0,Tidak,Ya,Ya,Tidak,Ya,Ya,375000,https://mamikos.com/room/kost-kota-probolinggo-kost-putri-murah-kost-rizky-kanigaran-probolinggo
Kabupaten Probolinggo,Kost Putri Sion,Putra,Mayangan,0.0,Ya,Tidak,Ya,Ya,Ya,Ya,1200000,https://mamikos.com/room/kost-probolinggo-kost-putra-eksklusif-kost-putri-sion-mayangan-probolinggo-1
Kabupaten Probolinggo,Kost Griya Mapan Kamar AC Non Wh,Campur,Kecamatan Kanigaran,0.0,Ya,Ya,Ya,Ya,Ya,Ya,1100000,https://mamikos.com/room/kost-kota-probolinggo-kost-campur-eksklusif-kost-griya-mapan-kamar-ac-non-wh-kanigaran-probolinggo
Kabupaten Probolinggo,Kost Kost Eksklusif Griya Adam Tipe A,Campur,Dringu,0.0,Ya,Tidak,Ya,Ya,Ya,Ya,650000,https://mamikos.com/room/kost-probolinggo-kost-campur-murah-kost-kost-eksklusif-griya-adam-tipe-a-dringu-probolinggo-2
Kabupaten Probolinggo,Kost Kartika Tipe C,Campur,Mayangan,0.0,Ya,Ya,Ya,Ya,Tidak,Ya,1000000,https://mamikos.com/room/kost-probolinggo-kost-campur-eksklusif-kost-kartika-tipe-c-mayangan-probolinggo
Kabupaten Probolinggo,Kost Dwiana,Putri,Kanigaran,0.0,Ya,Tidak,Ya,Ya,Ya,Ya,800000,https://mamikos.com/room/kost-kota-probolinggo-kost-putri-murah-kost-dwiana-kanigaran-probolinggo
Kabupaten Probolinggo,Kost Omah Cahaya Prob Tipe A,Campur,Kecamatan Kanigaran,0.0,Ya,Ya,Ya,Ya,Ya,Ya,850000,https://mamikos.com/room/kost-kota-probolinggo-kost-campur-murah-kost-omah-cahaya-prob-tipe-a-kanigaran-probolinggo-2
Kabupaten Probolinggo,Kost Nusa Indah Tipe A,Putri,Mayangan,0.0,Tidak,Ya,Ya,Ya,Tidak,Ya,500000,https://mamikos.com/room/kost-probolinggo-kost-putri-murah-kost-nusa-indah-tipe-a-mayangan-probolinggo
Kabupaten Probolinggo,Kost Dmaestro,Putra,Kanigaran,0.0,Tidak,Tidak,Ya,Ya,Ya,Tidak,450000,https://mamikos.com/room/kost-probolinggo-kost-putra-murah-kost-dmaestro-kanigaran-probolinggo
Kabupaten Probolinggo,Kost Colorbox House Tipe B,Campur,Mayangan,0.0,Ya,Tidak,Ya,Ya,Ya,Ya,1200000,https://mamikos.com/room/kost-probolinggo-kost-campur-eksklusif-kost-colorbox-house-mayangan-probolinggo
Kabupaten Probolinggo,Kost Kairos,Campur,Kecamatan Kanigaran,0.0,Ya,Ya,Ya,Ya,Ya,Ya,950000,https://mamikos.com/room/kost-kota-probolinggo-kost-campur-eksklusif-kost-kairos-kanigaran-probolinggo
Kabupaten Probolinggo,Kost Pak Haris,Putra,Mayangan,0.0,Tidak,Ya,Tidak,Ya,Tidak,Tidak,350000,https://mamikos.com/room/kost-probolinggo-kost-putra-murah-kost-pak-haris-mayangan-probolinggo
Kabupaten Probolinggo,Kost Moshi Moshi,Campur,Mayangan,0.0,Tidak,Ya,Ya,Ya,Tidak,Ya,600000,https://mamikos.com/room/kost-probolinggo-kost-campur-murah-kost-moshi-moshi-mayangan-probolinggo
Kabupaten Probolinggo,Kost Hunter Tipe A,Putri,Kanigaran,0.0,Tidak,Ya,Ya,Ya,Tidak,Ya,300000,https://mamikos.com/room/kost-kota-probolinggo-kost-putri-murah-kost-hunter-tipe-a-kanigaran-probolinggo
Kabupaten Probolinggo,Kost Putri Wiroborang Mayangan,Putri,Dringu,0.0,Tidak,Ya,Tidak,Tidak,Tidak,Tidak,400000,https://mamikos.com/room/kost-probolinggo-kost-putri-murah-kost-putri-wiroborang-mayangan-probolinggo-1
Kabupaten Probolinggo,Kost Putri Bapak Syaiful,Putri,Mayangan,0.0,Tidak,Tidak,Tidak,Tidak,Tidak,Tidak,500000,https://mamikos.com/room/kost-probolinggo-kost-putri-murah-kost-putri-bapak-syaiful-mayangan-probolinggo
Kabupaten Probolinggo,Kost Al Barokah Tipe C,Campur,Mayangan,0.0,Tidak,Ya,Ya,Ya,Ya,Tidak,450000,https://mamikos.com/room/kost-kota-probolinggo-kost-campur-murah-kost-al-barokah-tipe-c-mayangan-probolinggo
Kabupaten Probolinggo,Kost Serma Abd Tipe B,Putra,Kecamatan Mayangan,0.0,Tidak,Ya,Ya,Tidak,Ya,Ya,450000,https://mamikos.com/room/kost-kota-probolinggo-kost-putra-murah-kost-serma-abd-tipe-b-mayangan-probolinggo-2
Kabupaten Probolinggo,Kost Ekonomis Asabri,Putra,Kanigaran,0.0,Tidak,Tidak,Ya,Tidak,Ya,Ya,350000,https://mamikos.com/room/kost-probolinggo-kost-putra-murah-kost-ekonomis-asabri-kanigaran-probolinggo
Kabupaten Probolinggo,Kost Fins,Campur,Kanigaran,0.0,Ya,Ya,Ya,Tidak,Ya,Ya,850000,https://mamikos.com/room/kost-kota-probolinggo-kost-campur-eksklusif-kost-fins-kanigaran-probolinggo
Kabupaten Probolinggo,Kost Griya Tasfiyah Tipe B,Putri,Kecamatan Mayangan,0.0,Tidak,Tidak,Ya,Ya,Ya,Ya,600000,https://mamikos.com/room/kost-kota-probolinggo-kost-putri-murah-kost-griya-tasfiyah-tipe-b-mayangan-probolinggo
Kabupaten Probolinggo,Kost Kartika Tipe B,Campur,Mayangan,0.0,Ya,Ya,Ya,Ya,Tidak,Ya,900000,https://mamikos.com/room/kost-probolinggo-kost-campur-murah-kost-kartika-tipe-b-mayangan-probolinggo-1
Kabupaten Probolinggo,Kost Serma Tipe A,Putra,Kecamatan Mayangan,0.0,Ya,Ya,Ya,Ya,Ya,Ya,750000,https://mamikos.com/room/kost-kost-putra-murah-kost-serma-tipe-a-mayangan-probolinggo
Kabupaten Probolinggo,Kost Belakang Asrama Polisi,Putra,Kecamatan Mayangan,0.0,Tidak,Tidak,Ya,Tidak,Tidak,Tidak,300000,https://mamikos.com/room/kost-kota-probolinggo-kost-putra-murah-kost-belakang-asrama-polisi-mayangan-probolinggo-1
Kabupaten Probolinggo,Kost Roslinda Tipe A,Campur,Kecamatan Kanigaran,5.0,Ya,Tidak,Ya,Ya,Ya,Ya,850000,https://mamikos.com/room/kost-kota-probolinggo-kost-campur-murah-kost-roslinda-tipe-a-kanigaran-probolinggo-2
Kabupaten Probolinggo,Kost Griya Bougenville Ketapang,Campur,Kademangan,0.0,Tidak,Tidak,Ya,Tidak,Ya,Tidak,350000,https://mamikos.com/room/kost-probolinggo-kost-campur-murah-kost-griya-bougenville-ketapang-probolinggo
Kabupaten Probolinggo,Kost Henny,Campur,Kecamatan Dringu,0.0,Tidak,Ya,Ya,Tidak,Ya,Ya,250000,https://mamikos.com/room/kost-probolinggo-kost-campur-murah-kost-henny-dringu-probolinggo
Kabupaten Probolinggo,Kost Kamila Tipe Ac,Putri,Mayangan,0.0,Ya,Tidak,Ya,Ya,Ya,Ya,900000,https://mamikos.com/room/kost-probolinggo-kost-putri-murah-kost-kamila-tipe-ac-mayangan-probolinggo
Kabupaten Probolinggo,Kost ABC Tipe A,Putri,Kecamatan Mayangan,0.0,Tidak,Ya,Ya,Ya,Ya,Ya,650000,https://mamikos.com/room/kost-kota-probolinggo-kost-putri-murah-kost-abc-tipe-a-mayangan-probolinggo-2
Kabupaten Probolinggo,Kost Humay,Campur,Kecamatan Wonoasih,0.0,Ya,Tidak,Ya,Tidak,Ya,Ya,750000,https://mamikos.com/room/kost-kota-probolinggo-kost-campur-murah-kost-humay-wonoasih-probolinggo-2
Kabupaten Probolinggo,Kost Pak Suwarno Tipe A,Campur,Kecamatan Kanigaran,0.0,Ya,Tidak,Ya,Tidak,Ya,Tidak,450000,https://mamikos.com/room/kost-kota-probolinggo-kost-campur-murah-kost-pak-suwarno-tipe-a-kanigaran-probolinggo
Kabupaten Probolinggo,Kost Zaini,Campur,Mayangan,0.0,Ya,Tidak,Ya,Tidak,Ya,Tidak,800000,https://mamikos.com/room/kost-probolinggo-kost-campur-murah-kost-zaini-mayangan-probolinggo
Kabupaten Probolinggo,Kost Griya Mapan Kamar AC Wh,Campur,Kecamatan Kanigaran,5.0,Ya,Ya,Ya,Ya,Ya,Ya,1200000,https://mamikos.com/room/kost-kota-probolinggo-kost-campur-eksklusif-kost-griya-mapan-kamar-ac-wh-kanigaran-probolinggo-2
Kabupaten Probolinggo,Kost Al Barokah Tipe D,Campur,Mayangan,0.0,Tidak,Ya,Ya,Ya,Ya,Tidak,550000,https://mamikos.com/room/kost-kota-probolinggo-kost-campur-murah-kost-al-barokah-type-b-mayangan-probolinggo
Kabupaten Probolinggo,Kost Colorbox House Tipe A,Campur,Mayangan,0.0,Tidak,Ya,Ya,Tidak,Ya,Ya,650000,https://mamikos.com/room/kost-probolinggo-kost-campur-murah-kost-colorbox-house-non-ac-mayangan-probolinggo-1
Kabupaten Probolinggo,Kost Griya Mapan Kamar Non AC,Campur,Kecamatan Kanigaran,0.0,Tidak,Ya,Ya,Ya,Ya,Ya,500000,https://mamikos.com/room/kost-kota-probolinggo-kost-campur-murah-kost-griya-mapan-kamar-non-ac-kanigaran-probolinggo-2
Kabupaten Probolinggo,Kost Merju Merapi Hijau,Campur,Kecamatan Kademangan,0.0,Tidak,Ya,Ya,Tidak,Ya,Tidak,400000,https://mamikos.com/room/kost-kota-probolinggo-kost-campur-murah-kost-merju-merapi-hijau-kademangan-probolinggo
Kabupaten Probolinggo,Kost Pepaya Kedopak,Putri,Kedopok,0.0,Tidak,Tidak,Ya,Tidak,Tidak,Tidak,300000,https://mamikos.com/room/kost-probolinggo-kost-putri-murah-kost-pepaya-kedopak-probolinggo-1
Kabupaten Probolinggo,Kost Mastrip Gg Kelapa Muda Tipe A,Putri,Kedopok,0.0,Tidak,Tidak,Ya,Tidak,Ya,Tidak,500000,https://mamikos.com/room/kost-probolinggo-kost-putri-murah-kost-mastrip-gg-kelapa-muda-tipe-a-kedopok-probolinggo
Kabupaten Sidoarjo,Kost Griya Ramadhan II,Putra,Sidoarjo,0.0,Tidak,Ya,Ya,Ya,Ya,Tidak,1000000,https://mamikos.com/room/kost-kabupaten-sidoarjo-kost-putra-eksklusif-kost-griya-ramadhan-ii-sidoarjo
Kabupaten Sidoarjo,Kost Rizky Tipe A,Putri,Kecamatan Candi,0.0,Ya,Tidak,Ya,Tidak,Tidak,Ya,1200000,https://mamikos.com/room/kost-kabupaten-sidoarjo-kost-putri-eksklusif-kost-rizky-tipe-a-candi-sidoarjo-2
Kabupaten Sidoarjo,Kost Nyaman Bersih Tipe A,Putri,Kecamatan Sidoarjo,0.0,Tidak,Tidak,Ya,Ya,Tidak,Ya,800000,https://mamikos.com/room/kost-kabupaten-sidoarjo-kost-putri-murah-kost-nyaman-bersih-tipe-a-sidoarjo
Kabupaten Sidoarjo,Kost Dikoz Tipe Eksklusif,Putra,Candi,0.0,Ya,Tidak,Ya,Ya,Ya,Ya,1350000,https://mamikos.com/room/kost-sidoarjo-kost-putra-eksklusif-kost-dikoz-tipe-eksklusif-candi-sidoarjo
Kabupaten Sidoarjo,Kost Pak Mardiatno,Putra,Sidoarjo,4.9,Tidak,Ya,Ya,Tidak,Tidak,Ya,500000,https://mamikos.com/room/kost-kabupaten-sidoarjo-kost-putra-murah-kost-pak-mardiatno-sidoarjo-sidoarjo-2
Kabupaten Sidoarjo,Kost Hidayah,Putri,Sidoarjo,0.0,Ya,Ya,Ya,Ya,Ya,Ya,1100000,https://mamikos.com/room/kost-sidoarjo-kost-putri-eksklusif-kost-hidayah-sidoarjo
Kabupaten Sidoarjo,Kost Griya Swarna VVIP,Putra,Sidoarjo,0.0,Tidak,Tidak,Ya,Ya,Ya,Tidak,1000000,https://mamikos.com/room/kost-kabupaten-sidoarjo-kost-putra-eksklusif-kost-griya-swarna-vvip-sidoarjo
Kabupaten Sidoarjo,Kost Sehati,Campur,Kecamatan Sidoarjo,0.0,Tidak,Ya,Ya,Tidak,Ya,Ya,1300000,https://mamikos.com/room/kost-kabupaten-sidoarjo-kost-campur-murah-kost-sehati-sidoarjo
Kabupaten Sidoarjo,Kost Dikoz Tipe Standar,Putra,Candi,0.0,Ya,Tidak,Ya,Ya,Ya,Ya,1200000,https://mamikos.com/room/kost-kabupaten-sidoarjo-kost-putri-eksklusif-kost-dikoz-tipe-standar-candi-sidoarjo
Kabupaten Sidoarjo,Kost Mutiara Tipe A,Campur,Sidoarjo,0.0,Ya,Ya,Ya,Ya,Ya,Ya,1350000,https://mamikos.com/room/kost-sidoarjo-kost-campur-eksklusif-kost-mutiara-tipe-a-sidoarjo-2
Kabupaten Sidoarjo,Kost Bu Slamet 2,Putra,Kecamatan Sidoarjo,0.0,Tidak,Ya,Ya,Ya,Ya,Ya,700000,https://mamikos.com/room/kost-kabupaten-sidoarjo-kost-putra-eksklusif-kost-bu-slamet-sidoarjo
Kabupaten Sidoarjo,Kost Cosz Corner,Campur,Sidoarjo,0.0,Ya,Ya,Ya,Ya,Ya,Ya,1200000,https://mamikos.com/room/kost-sidoarjo-kost-campur-eksklusif-kost-cosz-corner-sidoarjo
Kabupaten Sidoarjo,Kost Dikoz Tipe Standar Non Ac,Putra,Candi,0.0,Tidak,Tidak,Ya,Ya,Ya,Ya,1100000,https://mamikos.com/room/kost-sidoarjo-kost-putra-eksklusif-kost-dikoz-tipe-standar-non-ac-candi-sidoarjo
Kabupaten Sidoarjo,Kost Razka Tipe A,Putra,Sidoarjo,0.0,Ya,Ya,Ya,Ya,Ya,Ya,900000,https://mamikos.com/room/kost-sidoarjo-kost-putra-murah-kost-razka-tipe-a-sidoarjo
Kabupaten Sidoarjo,Kost Blueding House 6 Tipe Ac,Putri,Sidoarjo,0.0,Ya,Ya,Ya,Ya,Ya,Ya,1300000,https://mamikos.com/room/kost-kabupaten-sidoarjo-kost-putri-eksklusif-kost-blueding-house-6-tipe-ac-sidoarjo
Kabupaten Sidoarjo,Kost Graha Sakinah Syariah 3 Tipe B,Campur,Kecamatan Sidoarjo,4.6,Ya,Ya,Ya,Tidak,Ya,Ya,1500000,https://mamikos.com/room/kost-kabupaten-sidoarjo-kost-campur-eksklusif-kost-graha-sakinah-syariah-3-tipe-b-sidoarjo-2
Kabupaten Sidoarjo,Kost Graha Sakinah Syariah 1 Tipe C,Putri,Sidoarjo,0.0,Ya,Ya,Ya,Ya,Ya,Ya,1150000,https://mamikos.com/room/kost-sidoarjo-kost-putri-eksklusif-kost-graha-sakinah-syariah-1-tipe-c-sidoarjo
Kabupaten Sidoarjo,Kost Romadhon Tipe A,Campur,Kecamatan Sidoarjo,5.0,Ya,Ya,Ya,Ya,Ya,Ya,1550000,https://mamikos.com/room/kost-kabupaten-sidoarjo-kost-campur-eksklusif-kost-romadhon-tipe-a-sidoarjo-sidoarjo-1
Kabupaten Sidoarjo,Kost Amanis Blukid Executive,Campur,Sidoarjo,0.0,Ya,Ya,Ya,Ya,Ya,Ya,1000000,https://mamikos.com/room/kost-kabupaten-sidoarjo-kost-campur-eksklusif-kost-amanis-blukid-executive-sidoarjo
Kabupaten Sidoarjo,Kost Graha Sakinah Syariah 3 Tipe Standart B,Campur,Sidoarjo,0.0,Ya,Ya,Ya,Ya,Ya,Ya,1350000,https://mamikos.com/room/kost-sidoarjo-kost-campur-eksklusif-kost-graha-sakinah-syariah-3-tipe-standart-b-sidoarjo
Kabupaten Sidoarjo,Kost Rumahku 27,Campur,Sidoarjo,5.0,Ya,Ya,Ya,Ya,Ya,Ya,1550000,https://mamikos.com/room/kost-kabupaten-sidoarjo-kost-campur-eksklusif-kost-rumahku-27-sidoarjo-sidoarjo-1
Kabupaten Sidoarjo,Kost Graha Sakinah Syariah 1 Tipe C1,Campur,Sidoarjo,0.0,Ya,Ya,Ya,Ya,Ya,Ya,1300000,https://mamikos.com/room/kost-sidoarjo-kost-campur-eksklusif-kost-graha-sakinah-syariah-1-tipe-c1-sidoarjo
Kabupaten Sidoarjo,Kost Graha Sakinah Syariah 4 Tipe Standart,Campur,Sidoarjo,0.0,Ya,Ya,Ya,Ya,Ya,Ya,1750000,https://mamikos.com/room/kost-sidoarjo-kost-campur-eksklusif-kost-graha-sakinah-syariah-4-tipe-standart-sidoarjo
Kabupaten Sidoarjo,Kost Ria,Putri,Sidoarjo,0.0,Tidak,Tidak,Ya,Tidak,Tidak,Ya,375000,https://mamikos.com/room/kost-sidoarjo-kost-putri-murah-kost-ria-sidoarjo
Kabupaten Sidoarjo,Kost Zidni Tipe A,Putri,Sidoarjo,0.0,Tidak,Tidak,Ya,Tidak,Ya,Ya,850000,https://mamikos.com/room/kost-kabupaten-sidoarjo-kost-putri-murah-kost-zidni-tipe-a-sidoarjo
Kabupaten Sidoarjo,Kost C N C,Putri,Kecamatan Sidoarjo,0.0,Ya,Tidak,Ya,Ya,Ya,Ya,1100000,https://mamikos.com/room/kost-kabupaten-sidoarjo-kost-putri-eksklusif-kost-c-n-c-sidoarjo-sidoarjo
Kabupaten Sidoarjo,Kost Blueding House 1 Tipe A,Putri,Sidoarjo,0.0,Tidak,Ya,Ya,Ya,Ya,Ya,850000,https://mamikos.com/room/kost-sidoarjo-kost-putri-eksklusif-kost-blueding-house-tipe-a-sidoarjo-1
Kabupaten Sidoarjo,Kost Graha Sakinah Syariah 2 Tipe Executive,Campur,Sidoarjo,0.0,Ya,Tidak,Ya,Ya,Ya,Ya,1850000,https://mamikos.com/room/kost-sidoarjo-kost-campur-eksklusif-kost-graha-sakinah-syariah-2-tipe-executive-sidoarjo
Kabupaten Sidoarjo,Kost Blueding House 5,Putri,Kecamatan Sidoarjo,0.0,Tidak,Ya,Ya,Ya,Ya,Ya,950000,https://mamikos.com/room/kost-kabupaten-sidoarjo-kost-putri-murah-kost-blueding-house-5-sidoarjo
Kabupaten Sidoarjo,Kost Blueding House 1 Tipe kamar AC,Putri,Sidoarjo,0.0,Tidak,Ya,Ya,Ya,Ya,Ya,1100000,https://mamikos.com/room/kost-kabupaten-sidoarjo-kost-putri-eksklusif-kost-blueding-house-1-tipe-kamar-ac-sidoarjo-sidoarjo-2
Kabupaten Sidoarjo,Kost Hj Mamik Tipe Executive,Campur,Kecamatan Sidoarjo,0.0,Ya,Tidak,Ya,Ya,Ya,Ya,1500000,https://mamikos.com/room/kost-kabupaten-sidoarjo-kost-campur-eksklusif-kost-hj-mamik-tipe-executive-sidoarjo
Kabupaten Sidoarjo,Kost Graha Sakinah Syariah 2 Tipe Twin Bed,Campur,Kecamatan Sidoarjo,0.0,Ya,Tidak,Ya,Ya,Ya,Tidak,1400000,https://mamikos.com/room/kost-kabupaten-sidoarjo-kost-campur-eksklusif-kost-graha-sakinah-syariah-2-tipe-twin-bed-sidoarjo-2
Kabupaten Sidoarjo,Kost Blueding House 2,Putri,Sidoarjo,4.0,Tidak,Ya,Ya,Ya,Ya,Ya,800000,https://mamikos.com/room/kost-kabupaten-sidoarjo-kost-putri-murah-kost-blueding-house-2-sidoarjo
Kabupaten Sidoarjo,Kost Graha Sakinah Syariah 2 Tipe D,Campur,Sidoarjo,0.0,Ya,Tidak,Ya,Ya,Ya,Ya,1250000,https://mamikos.com/room/kost-sidoarjo-kost-campur-eksklusif-kost-graha-sakinah-syariah-2-tipe-d-sidoarjo-2
Kabupaten Sidoarjo,Kost Graha Syariah Anandha Executive,Campur,Sidoarjo,0.0,Ya,Ya,Ya,Ya,Ya,Ya,1350000,https://mamikos.com/room/kost-kabupaten-sidoarjo-kost-campur-eksklusif-kost-graha-syariah-anandha-executive-sidoarjo
Kabupaten Sidoarjo,Kost Krasan Tipe Sore,Putri,Kecamatan Sidoarjo,0.0,Ya,Tidak,Ya,Ya,Ya,Ya,1600000,https://mamikos.com/room/kost-kabupaten-sidoarjo-kost-putri-eksklusif-kost-krasan-tipe-sore-sidoarjo
Kabupaten Sidoarjo,Kost Cnc Tipe B,Putri,Sidoarjo,0.0,Tidak,Ya,Ya,Ya,Tidak,Ya,800000,https://mamikos.com/room/kost-sidoarjo-kost-putri-murah-kost-cnc-tipe-b-sidoarjo
Kabupaten Sidoarjo,Kost Murah Excecutive,Campur,Sidoarjo,0.0,Ya,Ya,Ya,Tidak,Ya,Ya,1000000,https://mamikos.com/room/kost-sidoarjo-kost-campur-eksklusif-kost-murah-excecutive-sidoarjo-2
Kabupaten Sidoarjo,Kost PONDOK MASTOKU 1,Putra,Sidoarjo,0.0,Ya,Tidak,Ya,Ya,Ya,Ya,950000,https://mamikos.com/room/kost-kabupaten-sidoarjo-kost-putra-eksklusif-kost-pondok-mastoku-1-sidoarjo
Kabupaten Sidoarjo,Kost Charisna 3,Campur,Kecamatan Sidoarjo,0.0,Tidak,Ya,Ya,Ya,Ya,Tidak,550000,https://mamikos.com/room/kost-kabupaten-sidoarjo-kost-campur-eksklusif-kost-charisna-3-sidoarjo
Kabupaten Sidoarjo,Kost Graha Sakinah Syariah 1 Tipe B1,Putri,Sidoarjo,0.0,Ya,Ya,Ya,Tidak,Ya,Ya,1050000,https://mamikos.com/room/kost-sidoarjo-kost-putri-eksklusif-kost-graha-sakinah-syariah-1-tipe-b1-sidoarjo
Kabupaten Sidoarjo,Kost Blueding House 3,Putri,Sidoarjo,0.0,Tidak,Ya,Ya,Ya,Tidak,Ya,850000,https://mamikos.com/room/kost-kabupaten-sidoarjo-kost-putri-murah-kost-blueding-house-3-sidoarjo--1
Kabupaten Sidoarjo,Kost Graha Sakinah Syariah 1 Tipe Standart,Campur,Kecamatan Sidoarjo,0.0,Ya,Ya,Ya,Ya,Ya,Ya,1250000,https://mamikos.com/room/kost-kabupaten-sidoarjo-kost-campur-eksklusif-kost-graha-sakinah-syariah-1-tipe-standart-sidoarjo-2
Kabupaten Sidoarjo,Kost Hj Mamik Tipe A,Campur,Kecamatan Sidoarjo,0.0,Tidak,Tidak,Ya,Ya,Ya,Ya,800000,https://mamikos.com/room/kost-kabupaten-sidoarjo-kost-campur-murah-kost-hj-mamik-tipe-a-sidoarjo
Kabupaten Sidoarjo,Kost Graha Sakinah Syariah 2 Tipe A,Campur,Sidoarjo,0.0,Ya,Tidak,Ya,Ya,Ya,Ya,1700000,https://mamikos.com/room/kost-sidoarjo-kost-campur-eksklusif-kost-graha-sakinah-syariah-2-tipe-a-sidoarjo-2
Kabupaten Sidoarjo,Kost Halo Kahuripan Tipe C,Putra,Sidoarjo,5.0,Tidak,Ya,Ya,Ya,Tidak,Ya,650000,https://mamikos.com/room/kost-sidoarjo-kost-putra-murah-kost-halo-kahuripan-tipe-c-sidoarjo
Kabupaten Sidoarjo,Kost Graha Sakinah Syariah 1 Tipe B,Campur,Kecamatan Sidoarjo,0.0,Tidak,Ya,Ya,Ya,Ya,Ya,1350000,https://mamikos.com/room/kost-kabupaten-sidoarjo-kost-campur-eksklusif-kost-graha-sakinah-syariah-1-tipe-b-sidoarjo-2
Kabupaten Sidoarjo,Kost Graha Sakinah Syariah 3 VVIP 1,Campur,Kecamatan Sidoarjo,0.0,Tidak,Ya,Ya,Ya,Ya,Ya,1650000,https://mamikos.com/room/kost-kabupaten-sidoarjo-kost-campur-eksklusif-kost-graha-sakinah-syariah-3-vvip-1-sidoarjo-2
Kabupaten Sidoarjo,Kost Graha Sakinah Syariah 2 Private Balcony,Campur,Kecamatan Sidoarjo,0.0,Ya,Tidak,Ya,Ya,Ya,Ya,1850000,https://mamikos.com/room/kost-kabupaten-sidoarjo-kost-campur-eksklusif-kost-graha-sakinah-syariah-2-private-balcony-sidoarjo-2
Kabupaten Sidoarjo,Kost Halo Kahuripan Tipe B AC,Putra,Kecamatan Sidoarjo,0.0,Ya,Ya,Ya,Ya,Ya,Ya,950000,https://mamikos.com/room/kost-kabupaten-sidoarjo-kost-putra-murah-kost-halo-kahuripan-tipe-b-ac-sidoarjo-sidoarjo
Kabupaten Sidoarjo,Kost Krasan Tipe Pagi,Putri,Kecamatan Sidoarjo,0.0,Ya,Tidak,Ya,Ya,Ya,Ya,1700000,https://mamikos.com/room/kost-kabupaten-sidoarjo-kost-putri-eksklusif-kost-krasan-tipe-pagi-sidoarjo
Kabupaten Sidoarjo,Kost QTa Tipe B,Campur,Sidoarjo,0.0,Ya,Tidak,Ya,Ya,Ya,Ya,1050000,https://mamikos.com/room/kost-kabupaten-sidoarjo-kost-campur-eksklusif-kost-qta-tipe-b-sidoarjo-2
Kabupaten Sidoarjo,Kost Blueding House 4 Tipe Non Ac,Putri,Kecamatan Buduran,0.0,Tidak,Ya,Ya,Ya,Ya,Ya,950000,https://mamikos.com/room/kost-kabupaten-sidoarjo-kost-putri-murah-kost-blueding-house-4-tipe-non-ac-buduran-sidoarjo
Kabupaten Sidoarjo,Kost Graha Sakinah Syariah 7 Tipe D,Campur,Kecamatan Sidoarjo,0.0,Ya,Tidak,Ya,Ya,Ya,Ya,1850000,https://mamikos.com/room/kost-kabupaten-sidoarjo-kost-campur-eksklusif-kost-graha-sakinah-syariah-7-tipe-d-sidoarjo-2
Kabupaten Sidoarjo,Kost QTa Tipe A,Campur,Sidoarjo,0.0,Ya,Tidak,Ya,Ya,Ya,Ya,1100000,https://mamikos.com/room/kost-kabupaten-sidoarjo-kost-campur-eksklusif-kost-qta-tipe-a-sidoarjo-sidoarjo
Kabupaten Sidoarjo,Kost Graha Sakinah Syariah 6 Tipe C,Campur,Kecamatan Sidoarjo,0.0,Ya,Ya,Ya,Ya,Tidak,Tidak,1850000,https://mamikos.com/room/kost-kabupaten-sidoarjo-kost-campur-eksklusif-kost-graha-sakinah-syariah-6-tipe-c-sidoarjo
Kabupaten Sidoarjo,Kost Graha Sakinah Syariah 2 Tipe 4,Campur,Sidoarjo,0.0,Ya,Tidak,Ya,Ya,Ya,Ya,1450000,https://mamikos.com/room/kost-kabupaten-sidoarjo-kost-campur-eksklusif-kost-graha-sakinah-syariah-2-tipe-4-sidoarjo
Kabupaten Sidoarjo,Kost Bukit Kismadani Tipe A,Putri,Sidoarjo,0.0,Tidak,Tidak,Ya,Ya,Tidak,Tidak,350000,https://mamikos.com/room/kost-sidoarjo-kost-putri-murah-kost-bukit-kismadani-tipe-a-sidoarjo-1
Kabupaten Sidoarjo,Kost Graha Sakinah Syariah 2 Tipe E,Campur,Sidoarjo,0.0,Ya,Tidak,Ya,Ya,Ya,Ya,1800000,https://mamikos.com/room/kost-sidoarjo-kost-campur-eksklusif-kost-graha-sakinah-syariah-2-tipe-e-sidoarjo-
Kabupaten Sidoarjo,Kost Graha Sakinah Syariah 1 Tipe Non Ac,Campur,Sidoarjo,0.0,Tidak,Ya,Ya,Ya,Ya,Ya,700000,https://mamikos.com/room/kost-kabupaten-sidoarjo-kost-campur-eksklusif-kost-graha-sakinah-syariah-1-tipe-non-ac-sidoarjo
Kabupaten Sidoarjo,Kost Graha Sakinah Syariah 2 Tipe C,Campur,Sidoarjo,0.0,Tidak,Tidak,Ya,Ya,Ya,Ya,850000,https://mamikos.com/room/kost-kabupaten-sidoarjo-kost-campur-murah-kost-graha-sakinah-syariah-2-tipe-c-sidoarjo
Kabupaten Sidoarjo,Kost Halo Kahuripan Tipe E Ac,Putra,Kecamatan Sidoarjo,0.0,Ya,Ya,Ya,Ya,Tidak,Ya,875000,https://mamikos.com/room/kost-kabupaten-sidoarjo-kost-putra-murah-kost-halo-kahuripan-tipe-e-ac-sidoarjo-sidoarjo
Kabupaten Sidoarjo,Kost Faraputri 22 Tipe Modena,Putri,Sidoarjo,0.0,Ya,Ya,Ya,Ya,Ya,Ya,1300000,https://mamikos.com/room/kost-kabupaten-sidoarjo-kost-putri-eksklusif-kost-faraputri-22-tipe-modena-sidoarjo
Kabupaten Sidoarjo,Kost Jenggolo Tipe A3,Campur,Sidoarjo,0.0,Tidak,Ya,Ya,Tidak,Ya,Ya,600000,https://mamikos.com/room/kost-sidoarjo-kost-campur-murah-kost-jenggolo-tipe-a3-sidoarjo
Kabupaten Sidoarjo,Kost Jenggolo 130 Tipe A2,Putra,Sidoarjo,0.0,Tidak,Ya,Ya,Tidak,Tidak,Ya,500000,https://mamikos.com/room/kost-sidoarjo-kost-putra-murah-kost-jenggolo-130-tipe-a2-sidoarjo
Kabupaten Sidoarjo,Kost Sehat Cantik,Putri,Kecamatan Sidoarjo,0.0,Ya,Ya,Ya,Tidak,Ya,Ya,650000,https://mamikos.com/room/kost-kabupaten-sidoarjo-kost-putri-murah-kost-sehat-cantik-sidoarjo
Kabupaten Sidoarjo,Kost Rumkos 2 Tipe A,Campur,Sidoarjo,0.0,Ya,Ya,Ya,Ya,Ya,Ya,500000,https://mamikos.com/room/kost-sidoarjo-kost-campur-murah-kost-rumkos-2-tipe-a-sidoarjo
Kabupaten Sidoarjo,Kost Sakina Tipe A,Campur,Kecamatan Sidoarjo,0.0,Tidak,Ya,Ya,Tidak,Ya,Ya,500000,https://mamikos.com/room/kost-kabupaten-sidoarjo-kost-campur-murah-kost-sakina-tipe-a-sidoarjo-sidoarjo-1
Kabupaten Sidoarjo,Kost Yanuar Pribadi 1,Putri,Buduran,5.0,Tidak,Ya,Ya,Tidak,Ya,Ya,700000,https://mamikos.com/room/kost-sidoarjo-kost-putri-murah-kost-yanuar-pribadi-1-buduran-sidoarjo
Kabupaten Sidoarjo,Kost Novi Tipe B,Campur,Sidoarjo,0.0,Tidak,Ya,Ya,Ya,Ya,Ya,350000,https://mamikos.com/room/kost-sidoarjo-kost-campur-murah-kost-novi-tipe-b-sidoarjo
Kabupaten Sidoarjo,Kost Faraputri 22 Tipe Flo,Putri,Sidoarjo,0.0,Ya,Ya,Ya,Ya,Tidak,Ya,800000,https://mamikos.com/room/kost-kabupaten-sidoarjo-kost-putri-eksklusif-kost-faraputri-22-tipe-flo-sidoarjo
Kabupaten Sidoarjo,Kost Sakinah Tipe Vip B,Campur,Sidoarjo,0.0,Ya,Tidak,Ya,Ya,Ya,Ya,1000000,https://mamikos.com/room/kost-sidoarjo-kost-campur-eksklusif-kost-sakinah-tipe-vip-b-sidoarjo
Kabupaten Sidoarjo,Kost Sidokare,Putri,Sidoarjo,0.0,Tidak,Tidak,Ya,Tidak,Tidak,Ya,600000,https://mamikos.com/room/kost-sidoarjo-kost-putri-murah-kost-sidokare-sidoarjo
Kabupaten Sidoarjo,Kost R Wijaya Non AC,Campur,Kecamatan Sidoarjo,0.0,Tidak,Ya,Ya,Ya,Ya,Ya,900000,https://mamikos.com/room/kost-kabupaten-sidoarjo-kost-campur-murah-kost-r-wijaya-tanpa-ac-sidoarjo
Kabupaten Sidoarjo,Kost Abba Tipe Eksekutif,Campur,Sidoarjo,0.0,Ya,Ya,Ya,Ya,Ya,Tidak,1000000,https://mamikos.com/room/kost-kabupaten-sidoarjo-kost-campur-eksklusif-kost-abba-tipe-eksekutif-sidoarjo
Kabupaten Sidoarjo,Kost Sakinah Tipe Vip A,Campur,Sidoarjo,0.0,Tidak,Tidak,Ya,Ya,Ya,Ya,750000,https://mamikos.com/room/kost-sidoarjo-kost-campur-murah-kost-sakinah-tipe-vip-a-sidoarjo
Kabupaten Sidoarjo,Kost Bu Wati Pondok Jati Tipe B,Putri,Buduran,0.0,Ya,Ya,Ya,Ya,Tidak,Ya,1250000,https://mamikos.com/room/kost-sidoarjo-kost-putri-eksklusif-kost-bu-wati-pondok-jati-tipe-b-buduran-sidoarjo
Kabupaten Sidoarjo,Kost Faraputri 22 Vanda,Putri,Sidoarjo,0.0,Ya,Ya,Ya,Ya,Tidak,Ya,750000,https://mamikos.com/room/kost-kabupaten-sidoarjo-kost-putri-eksklusif-kost-faraputri-22-vanda-sidoarjo
Kabupaten Sidoarjo,Kost El,Putri,Sidoarjo,0.0,Ya,Tidak,Ya,Ya,Ya,Ya,1250000,https://mamikos.com/room/kost-kabupaten-sidoarjo-kost-putri-eksklusif-kost-el-sidoarjo
Kabupaten Sidoarjo,Kost Srikandi 1,Putri,Sidoarjo,5.0,Tidak,Tidak,Ya,Tidak,Tidak,Ya,450000,https://mamikos.com/room/kost-kabupaten-sidoarjo-kost-putri-murah-kost-srikandi-1-sidoarjo
Kabupaten Sidoarjo,Kost Yellow Tipe B,Putri,Kecamatan Sidoarjo,0.0,Tidak,Ya,Ya,Tidak,Ya,Ya,785000,https://mamikos.com/room/kost-kabupaten-sidoarjo-kost-putri-murah-kost-yellow-tipe-b-sidoarjo-sidoarjo-2
Kabupaten Sidoarjo,Kost Pak Ilham Tipe A,Campur,Sidoarjo,0.0,Tidak,Tidak,Ya,Tidak,Ya,Ya,450000,https://mamikos.com/room/kost-sidoarjo-kost-campur-murah-kost-pak-ilham-tipe-a-sidoarjo
Kabupaten Sidoarjo,Kost Bu Wati Pondok Jati Tipe C,Putri,Buduran,0.0,Tidak,Ya,Ya,Ya,Tidak,Tidak,700000,https://mamikos.com/room/kost-sidoarjo-kost-putri-murah-kost-bu-wati-pondok-jati-tipe-c-buduran-sidoarjo
Kabupaten Sidoarjo,Kost MK Tipe A Single,Campur,Sidoarjo,0.0,Ya,Ya,Ya,Ya,Ya,Ya,1200000,https://mamikos.com/room/kost-kabupaten-sidoarjo-kost-campur-eksklusif-kost-mk-tipe-a-single-sidoarjo-sidoarjo-2
Kabupaten Sidoarjo,Kost Bu Supijati Tipe A,Putra,Kecamatan Sidoarjo,0.0,Tidak,Ya,Ya,Tidak,Tidak,Ya,435000,https://mamikos.com/room/kost-kabupaten-sidoarjo-kost-putra-murah-kost-bu-supijati-tipe-a-sidoarjo
Kabupaten Sidoarjo,Kost Mars,Campur,Buduran,0.0,Tidak,Ya,Ya,Ya,Ya,Ya,800000,https://mamikos.com/room/kost-kabupaten-sidoarjo-kost-campur-murah-kost-mars-buduran-sidoarjo-2
Kabupaten Sidoarjo,Kost El 2,Putri,Kecamatan Sidoarjo,0.0,Ya,Ya,Ya,Ya,Ya,Ya,1250000,https://mamikos.com/room/kost-kabupaten-sidoarjo-kost-putri-eksklusif-kost-el-2-sidoarjo
Kabupaten Sidoarjo,Kost Asri Bu Lucy,Campur,Buduran,0.0,Tidak,Ya,Ya,Ya,Ya,Ya,800000,https://mamikos.com/room/kost-kabupaten-sidoarjo-kost-campur-eksklusif-kost-asri-bu-lucy-buduran-sidoarjo-2
Kabupaten Sidoarjo,Kost Bluru Cw 15 Tipe Standard Room,Campur,Sidoarjo,0.0,Tidak,Tidak,Ya,Tidak,Ya,Ya,500000,https://mamikos.com/room/kost-sidoarjo-kost-campur-murah-kost-bluru-cw-15-tipe-standard-room-sidoarjo
Kabupaten Sidoarjo,Kost Yellow Tipe A,Putri,Sidoarjo,0.0,Tidak,Ya,Ya,Tidak,Tidak,Ya,625000,https://mamikos.com/room/kost-kabupaten-sidoarjo-kost-putri-murah-kost-yellow-tipe-a-sidoarjo-sidoarjo-2
Kabupaten Sidoarjo,Kost Magersari Permai Tipe A,Putri,Sidoarjo,0.0,Tidak,Ya,Ya,Tidak,Tidak,Ya,595000,https://mamikos.com/room/kost-kabupaten-sidoarjo-kost-putri-murah-kost-perumahan-magersari-permai-sidoarjo-sidoarjo-2
Kabupaten Sidoarjo,Kost Angga Tipe A,Putri,Kecamatan Sidoarjo,0.0,Tidak,Ya,Ya,Ya,Ya,Tidak,600000,https://mamikos.com/room/kost-kabupaten-sidoarjo-kost-putri-murah-kost-angga-tipe-a-sidoarjo
Kabupaten Sidoarjo,Kost Tridefa,Putri,Sidoarjo,0.0,Tidak,Tidak,Ya,Tidak,Tidak,Tidak,525000,https://mamikos.com/room/kost-sidoarjo-kost-putri-murah-kost-tridefa-sidoarjo
Kabupaten Sidoarjo,Kost Razka Tipe C1,Putra,Sidoarjo,0.0,Ya,Tidak,Ya,Ya,Ya,Ya,800000,https://mamikos.com/room/kost-kabupaten-sidoarjo-kost-putra-murah-kost-razka-tipe-c-sidoarjo-sidoarjo-3
Kabupaten Sidoarjo,Kost Bu Wati Pondok Jati,Putri,Buduran,0.0,Tidak,Ya,Ya,Ya,Tidak,Tidak,650000,https://mamikos.com/room/kost-sidoarjo-kost-putri-murah-kost-bu-wati-pondok-jati-buduran-sidoarjo
Kabupaten Sidoarjo,Kost Abba Tipe A,Campur,Sidoarjo,0.0,Tidak,Ya,Ya,Tidak,Tidak,Tidak,450000,https://mamikos.com/room/kost-kabupaten-sidoarjo-kost-campur-murah-kost-abba-tipe-a-sidoarjo
Kabupaten Sidoarjo,Kost Jenggolo Tipe A1,Putra,Sidoarjo,0.0,Tidak,Ya,Ya,Tidak,Tidak,Ya,400000,https://mamikos.com/room/kost-sidoarjo-kost-putra-murah-kost-jenggolo-tipe-a1-sidoarjo
Kabupaten Sidoarjo,Kost Pagerwojo Tipe A,Campur,Kecamatan Buduran,0.0,Ya,Ya,Ya,Ya,Ya,Ya,1500000,https://mamikos.com/room/kost-kabupaten-sidoarjo-kost-campur-eksklusif-kost-pagerwojo-buduran-sidoarjo
Kabupaten Sidoarjo,Kost R Wijaya Tipe Bestt,Campur,Sidoarjo,0.0,Ya,Ya,Ya,Ya,Ya,Ya,1350000,https://mamikos.com/room/kost-sidoarjo-kost-campur-eksklusif-kost-r-wijaya-tipe-bestt-sidoarjo
Kabupaten Sidoarjo,Kost Darmawan Sahrial Tipe A,Putra,Sidoarjo,0.0,Ya,Tidak,Ya,Tidak,Ya,Ya,1000000,https://mamikos.com/room/kost-kabupaten-sidoarjo-kost-putra-eksklusif-kost-darmawan-sahrial-tipe-a-sidoarjo-sidoarjo-2
Kabupaten Sidoarjo,Kost Buyut Kuning Tipe A,Campur,Buduran,0.0,Tidak,Tidak,Ya,Tidak,Ya,Tidak,450000,https://mamikos.com/room/kost-sidoarjo-kost-campur-murah-kost-buyut-kuning-tipe-a-buduran-sidoarjo-2
Kabupaten Sidoarjo,Kost Faraputri 22 Tipe Vinata,Putri,Sidoarjo,0.0,Tidak,Ya,Ya,Ya,Tidak,Ya,650000,https://mamikos.com/room/kost-kabupaten-sidoarjo-kost-putri-eksklusif-kost-faraputri-22-tipe-vinata-sidoarjo
Kabupaten Sidoarjo,Kost Baba Bagol,Putri,Sidoarjo,0.0,Tidak,Tidak,Ya,Ya,Tidak,Ya,550000,https://mamikos.com/room/kost-sidoarjo-kost-putri-murah-kost-baba-bagol-sidoarjo
Kabupaten Sidoarjo,Kost Taman Pinang Type A,Campur,Kecamatan Sidoarjo,0.0,Ya,Tidak,Ya,Ya,Ya,Tidak,1500000,https://mamikos.com/room/kost-kabupaten-sidoarjo-kost-campur-eksklusif-kost-taman-pinang-sidoarjo-sidoarjo
Kabupaten Sidoarjo,Kost Faraputri 22 Stella,Putri,Sidoarjo,0.0,Ya,Ya,Ya,Ya,Ya,Ya,1200000,https://mamikos.com/room/kost-kabupaten-sidoarjo-kost-putri-eksklusif-kost-faraputri-22-stella-sidoarjo-sidoarjo
Kabupaten Sidoarjo,Kost Gelora House,Campur,Sidoarjo,0.0,Ya,Ya,Ya,Ya,Ya,Ya,1000000,https://mamikos.com/room/kost-sidoarjo-kost-campur-eksklusif-kost-gelora-house-sidoarjo
Kabupaten Sidoarjo,Kost Taman Pinang 2 Tipe A,Putri,Sidoarjo,0.0,Ya,Tidak,Ya,Ya,Tidak,Ya,1100000,https://mamikos.com/room/kost-kabupaten-sidoarjo-kost-putri-eksklusif-kost-taman-pinang-2-tipe-a-sidoarjo-sidoarjo
Kabupaten Sidoarjo,Kost Fara 22 Tipe Alona,Putri,Sidoarjo,0.0,Ya,Ya,Ya,Ya,Ya,Ya,900000,https://mamikos.com/room/kost-kabupaten-sidoarjo-kost-putri-eksklusif-kost-fara-22-tipe-alona-sidoarjo
Kabupaten Sidoarjo,Kost Ken Ken Alun2 Tipe A,Putri,Sidoarjo,4.9,Tidak,Ya,Ya,Tidak,Ya,Ya,400000,https://mamikos.com/room/kost-sidoarjo-kost-putri-murah-kost-ken-ken-alun2-tipe-a-sidoarjo
Kabupaten Sidoarjo,Kost Faraputri 22 Tipe Garnia,Putri,Sidoarjo,0.0,Ya,Ya,Ya,Ya,Ya,Ya,1200000,https://mamikos.com/room/kost-kabupaten-sidoarjo-kost-putri-eksklusif-kost-faraputri-22-tipe-garnia-sidoarjo
Kabupaten Sidoarjo,Kost Sakina Tipe B,Campur,Sidoarjo,0.0,Tidak,Ya,Ya,Tidak,Ya,Ya,500000,https://mamikos.com/room/kost-sidoarjo-kost-campur-murah-kost-sakina-tipe-b-sidoarjo
Kabupaten Sidoarjo,Kost Faraputri 22 Alteya,Putri,Sidoarjo,0.0,Ya,Ya,Ya,Ya,Tidak,Ya,950000,https://mamikos.com/room/kost-kabupaten-sidoarjo-kost-putri-eksklusif-kost-faraputri-22-alteya-sidoarjo
Kabupaten Sidoarjo,Kost Pagerwojo Tipe B,Campur,Kecamatan Buduran,0.0,Ya,Ya,Ya,Ya,Ya,Ya,1100000,https://mamikos.com/room/kost-kabupaten-sidoarjo-kost-campur-eksklusif-kost-pagerwojo-tipe-b-buduran-sidoarjo
Kabupaten Sidoarjo,Kost Taman Pinang Tipe B,Campur,Kecamatan Sidoarjo,0.0,Ya,Ya,Ya,Ya,Ya,Ya,1100000,https://mamikos.com/room/kost-kabupaten-sidoarjo-kost-campur-eksklusif-kost-taman-pinang-tipe-b-sidoarjo-sidoarjo-2
Kabupaten Sidoarjo,Kost R Wijaya Tipe Standart,Campur,Kecamatan Sidoarjo,0.0,Ya,Ya,Ya,Ya,Ya,Ya,1100000,https://mamikos.com/room/kost-kabupaten-sidoarjo-kost-campur-eksklusif-kost-r-wijaya-tipe-standart-sidoarjo
Kabupaten Sidoarjo,Kost Faraputri 22 Tipe Vanya,Putri,Sidoarjo,0.0,Ya,Ya,Ya,Ya,Tidak,Ya,950000,https://mamikos.com/room/kost-kabupaten-sidoarjo-kost-putri-eksklusif-kost-faraputri-22-tipe-vanya-sidoarjo
Kabupaten Sidoarjo,Kost Bu As,Putra,Kecamatan Sidoarjo,1.6,Tidak,Ya,Ya,Tidak,Tidak,Ya,400000,https://mamikos.com/room/kost-kabupaten-sidoarjo-kost-putra-murah-kost-bu-as-sidoarjo
Kabupaten Sidoarjo,Kost Yumna,Putri,Sidoarjo,5.0,Tidak,Tidak,Ya,Tidak,Ya,Ya,1000000,https://mamikos.com/room/kost-kabupaten-sidoarjo-kost-putri-eksklusif-kost-yumna-sidoarjo
Kabupaten Sidoarjo,Kost Bu As 1 Tipe B,Putri,Sidoarjo,0.0,Tidak,Ya,Ya,Ya,Ya,Ya,650000,https://mamikos.com/room/kost-kabupaten-sidoarjo-kost-putri-eksklusif-kost-bu-as-tipe-b-sidoarjo
Kabupaten Sidoarjo,Kost Bang Angga Tipe A,Putri,Kecamatan Sidoarjo,0.0,Tidak,Ya,Ya,Tidak,Tidak,Tidak,600000,https://mamikos.com/room/kost-kabupaten-sidoarjo-kost-putri-murah-kost-bang-angga-tipe-a-sidoarjo
Kabupaten Sidoarjo,Kost Monginsidi 85 Tipe A,Putri,Sidoarjo,0.0,Tidak,Ya,Tidak,Ya,Tidak,Ya,550000,https://mamikos.com/room/kost-kabupaten-sidoarjo-kost-putri-murah-kost-monginsidi-85-tipe-a-sidoarjo-sidoarjo-2
Kabupaten Sidoarjo,Kost Suwito Tipe Executive,Campur,Sidoarjo,0.0,Ya,Ya,Ya,Tidak,Ya,Ya,1100000,https://mamikos.com/room/kost-sidoarjo-kost-campur-eksklusif-kost-suwito-tipe-executive-sidoarjo
Kabupaten Sidoarjo,Kost Marvinda House Pondok Mutiara,Putri,Sidoarjo,0.0,Ya,Tidak,Ya,Ya,Ya,Ya,1300000,https://mamikos.com/room/kost-sidoarjo-kost-putri-eksklusif-kost-marvinda-house-pondok-mutiara-sidoarjo
Kabupaten Sidoarjo,Kost Sepande Tipe Standart,Campur,Candi,0.0,Tidak,Ya,Ya,Tidak,Ya,Tidak,675000,https://mamikos.com/room/kost-sidoarjo-kost-campur-murah-kost-sepande-tipe-standart-candi-sidoarjo
Kabupaten Sidoarjo,Kost Fatiha,Putri,Sidoarjo,0.0,Tidak,Ya,Ya,Tidak,Ya,Ya,550000,https://mamikos.com/room/kost-sidoarjo-kost-putri-murah-kost-fatiha-sidoarjo
Kabupaten Sidoarjo,Kost Buana 1 Exclusive Hemat,Campur,Kecamatan Buduran,0.0,Ya,Ya,Ya,Tidak,Ya,Ya,975000,https://mamikos.com/room/kost-kabupaten-sidoarjo-kost-campur-murah-kost-buana-1-exclusive-hemat-buduran-sidoarjo
Kabupaten Sidoarjo,Kost Asri Tipe VIP,Putri,Kecamatan Sidoarjo,0.0,Ya,Ya,Ya,Ya,Ya,Ya,1300000,https://mamikos.com/room/kost-kabupaten-sidoarjo-kost-putri-eksklusif-kost-asri-tipe-vip-sidoarjo
Kabupaten Sidoarjo,Kost Kirana Lemahputro Tipe A,Putri,Sidoarjo,0.0,Tidak,Tidak,Ya,Tidak,Tidak,Ya,400000,https://mamikos.com/room/kost-sidoarjo-kost-putri-murah-kost-kirana-lemahputro-tipe-a-sidoarjo
Kabupaten Sidoarjo,Kost TPI H7 AC,Putri,Sidoarjo,0.0,Ya,Tidak,Ya,Ya,Ya,Ya,1200000,https://mamikos.com/room/kost-kabupaten-sidoarjo-kost-putri-eksklusif-kost-tpi-h7-ac-sidoarjo
Kabupaten Sidoarjo,Kost Putih By Harmonia Tipe Standar 1,Campur,Sidoarjo,0.0,Ya,Tidak,Ya,Ya,Ya,Ya,1250000,https://mamikos.com/room/kost-sidoarjo-kost-campur-eksklusif-kost-putih-by-harmonia-tipe-standar-1-sidoarjo
Kabupaten Sidoarjo,Kost House Az Kahfi Tipe Standart,Campur,Sidoarjo,0.0,Ya,Ya,Ya,Tidak,Ya,Ya,875000,https://mamikos.com/room/kost-sidoarjo-kost-campur-eksklusif-kost-house-az-kahfi-tipe-standart-sidoarjo
Kabupaten Sidoarjo,Kost Jati Pratama Syariah Tipe Syariah Deluxe,Campur,Sidoarjo,0.0,Ya,Ya,Ya,Ya,Ya,Ya,1500000,https://mamikos.com/room/kost-sidoarjo-kost-campur-eksklusif-kost-jati-pratama-syariah-tipe-syariah-deluxe-sidoarjo
Kabupaten Sidoarjo,Kost Dua Apel Tipe Biasa,Putri,Kecamatan Sidoarjo,0.0,Tidak,Tidak,Ya,Ya,Ya,Ya,599999,https://mamikos.com/room/kost-kabupaten-sidoarjo-kost-putri-murah-kost-dua-apel-tipe-biasa-sidoarjo
Kabupaten Sidoarjo,Kost Jasmine Green Park Regency Tipe Ac,Putri,Sidoarjo,0.0,Tidak,Ya,Ya,Ya,Ya,Ya,750000,https://mamikos.com/room/kost-sidoarjo-kost-putri-murah-kost-jasmine-green-park-regency-tipe-ac-sidoarjo
Kabupaten Sidoarjo,Kost Pak Benny Tipe A,Putri,Sidoarjo,0.0,Tidak,Ya,Ya,Tidak,Tidak,Ya,600000,https://mamikos.com/room/kost-kabupaten-sidoarjo-kost-putri-murah-kost-pak-benny-tipe-a-sidoarjo-2
Kabupaten Sidoarjo,Kost Grahas VIP,Campur,Kecamatan Sidoarjo,0.0,Ya,Ya,Ya,Tidak,Ya,Ya,1100000,https://mamikos.com/room/kost-kabupaten-sidoarjo-kost-campur-eksklusif-kost-grahas-vip-sidoarjo
Kabupaten Sidoarjo,Kost Bu As 1 Tipe A,Putri,Sidoarjo,0.0,Tidak,Ya,Ya,Tidak,Tidak,Ya,550000,https://mamikos.com/room/kost-kabupaten-sidoarjo-kost-putri-eksklusif-kost-bu-as-1-tipe-a-sidoarjo-sidoarjo-1
Kabupaten Sidoarjo,Kost Rumah Sukses Pondok Mutiara,Putra,Kecamatan Sidoarjo,0.0,Ya,Tidak,Ya,Ya,Ya,Ya,1100000,https://mamikos.com/room/kost-kabupaten-sidoarjo-kost-putra-eksklusif-kost-rumah-sukses-pondok-mutiara-sidoarjo
Kabupaten Sidoarjo,Kost TPI H7 Tipe Non AC,Putri,Sidoarjo,0.0,Tidak,Tidak,Ya,Ya,Ya,Tidak,800000,https://mamikos.com/room/kost-kabupaten-sidoarjo-kost-putri-murah-kost-tpi-h7-tipe-non-ac-sidoarjo
Kabupaten Sidoarjo,Kost Wisma Kartini 2 Syariah,Campur,Kecamatan Sidoarjo,0.0,Ya,Ya,Ya,Ya,Ya,Ya,1500000,https://mamikos.com/room/kost-kabupaten-sidoarjo-kost-campur-eksklusif-kost-wisma-kartini-2-syariah-sidoarjo
Kabupaten Sidoarjo,Kost Bu Putri,Putri,Kecamatan Sidoarjo,0.0,Ya,Ya,Ya,Tidak,Ya,Ya,400000,https://mamikos.com/room/kost-kabupaten-sidoarjo-kost-putri-eksklusif-kost-bu-putri-sidoarjo
Kabupaten Sidoarjo,Kost Feby,Putri,Kecamatan Buduran,0.0,Tidak,Ya,Ya,Ya,Ya,Ya,750000,https://mamikos.com/room/kost-kabupaten-sidoarjo-kost-putri-murah-kost-feby-buduran-sidoarjo-2
Kabupaten Sidoarjo,Kost Tulip 2,Putri,Sidoarjo,0.0,Ya,Ya,Ya,Ya,Ya,Ya,1300000,https://mamikos.com/room/kost-sidoarjo-kost-putri-eksklusif-kost-tulip-2-sidoarjo
Kabupaten Sidoarjo,Kost Pana Tipe A,Campur,Candi,0.0,Tidak,Ya,Ya,Tidak,Ya,Tidak,850000,https://mamikos.com/room/kost-kabupaten-sidoarjo-kost-campur-murah-kost-pana-tipe-a-candi-sidoarjo
Kabupaten Sidoarjo,Kost Pink 2,Putra,Sidoarjo,0.0,Tidak,Tidak,Ya,Tidak,Tidak,Tidak,500000,https://mamikos.com/room/kost-sidoarjo-kost-putra-murah-kost-pink-2-sidoarjo
Kabupaten Sidoarjo,Kost Griya Sarinadi Vvip,Campur,Kecamatan Sidoarjo,0.0,Ya,Tidak,Ya,Ya,Ya,Ya,1000000,https://mamikos.com/room/kost-kabupaten-sidoarjo-kost-campur-eksklusif-kost-griya-sarinadi-vvip-sidoarjo
Kabupaten Sidoarjo,Kost Tulip,Putri,Sidoarjo,5.0,Ya,Ya,Ya,Ya,Ya,Ya,1250000,https://mamikos.com/room/kost-sidoarjo-kost-putri-eksklusif-kost-tulip-sidoarjo
Kabupaten Sidoarjo,Kost Dekat Transmart Tipe A,Campur,Sidoarjo,5.0,Ya,Ya,Ya,Ya,Tidak,Tidak,950000,https://mamikos.com/room/kost-kost-campur-eksklusif-kost-dekat-transmart-sidoarjo
Kabupaten Sidoarjo,Kost Andhara Tipe A,Putri,Sidoarjo,5.0,Ya,Tidak,Ya,Ya,Ya,Ya,1100000,https://mamikos.com/room/kost-kabupaten-sidoarjo-kost-putri-eksklusif-kost-andhara-tipe-a-sidoarjo-sidoarjo
Kabupaten Sidoarjo,Kost Griya Fatma,Campur,Sidoarjo,0.0,Tidak,Ya,Ya,Ya,Ya,Ya,1050000,https://mamikos.com/room/kost-sidoarjo-kost-campur-eksklusif-kost-griya-fatma-sidoarjo
Kabupaten Sidoarjo,Kost HMD Tipe A,Campur,Kecamatan Sidoarjo,0.0,Ya,Ya,Ya,Ya,Ya,Ya,1650000,https://mamikos.com/room/kost-kabupaten-sidoarjo-kost-campur-eksklusif-kost-hmd-tipe-a-sidoarjo-sidoarjo
Kabupaten Sidoarjo,Kost Taman Pinang Indah,Campur,Sidoarjo,0.0,Tidak,Ya,Ya,Tidak,Ya,Tidak,700000,https://mamikos.com/room/kost-kabupaten-sidoarjo-kost-campur-murah-kost-taman-pinang-indah-sidoarjo-1
Kabupaten Sidoarjo,Kost Casa De Jati,Campur,Sidoarjo,0.0,Ya,Tidak,Ya,Ya,Ya,Ya,1300000,https://mamikos.com/room/kost-sidoarjo-kost-campur-eksklusif-kost-casa-de-jati-sidoarjo
Kabupaten Sidoarjo,Kost Annur Vip 1,Campur,Kecamatan Sidoarjo,0.0,Ya,Ya,Ya,Tidak,Ya,Ya,1000000,https://mamikos.com/room/kost-kabupaten-sidoarjo-kost-campur-eksklusif-kost-annur-vip-1-sidoarjo
Kabupaten Sidoarjo,Kost The Bill Garden Tipe A,Campur,Kecamatan Candi,0.0,Ya,Ya,Ya,Ya,Ya,Ya,1400000,https://mamikos.com/room/kost-kabupaten-sidoarjo-kost-campur-eksklusif-kost-the-bill-garden-tipe-a-candi-sidoarjo
Kabupaten Sidoarjo,Kost Pak Tris Tipe A,Campur,Buduran,0.0,Tidak,Ya,Ya,Tidak,Ya,Ya,715000,https://mamikos.com/room/kost-sidoarjo-kost-campur-murah-kost-pak-tris-tipe-a-buduran-sidoarjo
Kabupaten Sidoarjo,Kost The Princes,Putri,Kecamatan Sidoarjo,0.0,Tidak,Ya,Ya,Ya,Ya,Ya,750000,https://mamikos.com/room/kost-kabupaten-sidoarjo-kost-putri-murah-kost-the-princes-sidoarjo
Kabupaten Sidoarjo,Kost Pucang Tipe A,Putri,Kecamatan Sidoarjo,0.0,Tidak,Tidak,Ya,Ya,Tidak,Ya,650000,https://mamikos.com/room/kost-kabupaten-sidoarjo-kost-putri-murah-kost-pucang-tipe-a-sidoarjo
Kabupaten Sidoarjo,Kost Rumah Hijau Banjarbendo,Campur,Sidoarjo,0.0,Ya,Ya,Tidak,Tidak,Ya,Ya,1500000,https://mamikos.com/room/kost-sidoarjo-kost-campur-eksklusif-kost-rumah-hijau-banjarbendo-sidoarjo
Kabupaten Sidoarjo,Kost The Mamik VVIP,Putri,Kecamatan Sidoarjo,0.0,Ya,Tidak,Ya,Ya,Ya,Ya,1750000,https://mamikos.com/room/kost-kabupaten-sidoarjo-kost-putri-eksklusif-kost-the-mamik-vvip-sidoarjo-sidoarjo-1
Kabupaten Sidoarjo,Kost Win Win,Campur,Sidoarjo,0.0,Ya,Ya,Ya,Ya,Ya,Ya,900000,https://mamikos.com/room/kost-sidoarjo-kost-campur-murah-kost-win-win-sidoarjo
Kabupaten Sidoarjo,Kost Difana Tipe A,Campur,Sidoarjo,0.0,Ya,Ya,Ya,Tidak,Ya,Ya,900000,https://mamikos.com/room/kost-kabupaten-sidoarjo-kost-campur-eksklusif-kost-difana-tipe-a-sidoarjo
Kabupaten Sidoarjo,Kost Silverin Tipe A,Campur,Sidoarjo,4.9,Tidak,Ya,Ya,Ya,Ya,Ya,750000,https://mamikos.com/room/kost-kabupaten-sidoarjo-kost-campur-murah-kost-silverin-tipe-a-sidoarjo
Kabupaten Sidoarjo,Kost Pinang Tipe Standard,Campur,Sidoarjo,0.0,Ya,Ya,Ya,Ya,Ya,Ya,1200000,https://mamikos.com/room/kost-sidoarjo-kost-campur-eksklusif-kost-pinang-tipe-standard-sidoarjo
Kabupaten Sidoarjo,Kost Rachmad Magersari Permai,Putri,Sidoarjo,4.9,Tidak,Ya,Ya,Ya,Tidak,Ya,500000,https://mamikos.com/room/kost-kabupaten-sidoarjo-kost-putri-murah-kost-rachmad-magersari-permai-sidoarjo-1
Kabupaten Sidoarjo,Kost Bu Halimah Tipe A,Campur,Sidoarjo,0.0,Tidak,Tidak,Ya,Ya,Tidak,Tidak,300000,https://mamikos.com/room/kost-kabupaten-sidoarjo-kost-campur-murah-kost-bu-halimah-tipe-a-sidoarjo-sidoarjo
Kabupaten Sidoarjo,Kost Ayik Tipe A,Putri,Kecamatan Sidoarjo,0.0,Tidak,Ya,Ya,Ya,Tidak,Ya,450000,https://mamikos.com/room/kost-kabupaten-sidoarjo-kost-putri-murah-kost-ayik-tipe-a-sidoarjo
Kabupaten Sidoarjo,Kost Jl.Panglima Hidayat,Putri,Sidoarjo,0.0,Tidak,Ya,Ya,Tidak,Tidak,Tidak,600000,https://mamikos.com/room/kost-kabupaten-sidoarjo-kost-putri-murah-kost-jlpanglima-hidayat-sidoarjo
Kabupaten Sidoarjo,Kost Griya Altair,Campur,Buduran,0.0,Ya,Tidak,Ya,Tidak,Ya,Ya,1500000,https://mamikos.com/room/kost-sidoarjo-kost-campur-eksklusif-kost-griya-altair-buduran-sidoarjo
Kabupaten Sidoarjo,Kost Exclusive Omah Sekayu,Putri,Kecamatan Sidoarjo,0.0,Ya,Tidak,Ya,Ya,Ya,Ya,1600000,https://mamikos.com/room/kost-kabupaten-sidoarjo-kost-putri-eksklusif-kost-exclusive-omah-sekayu-sidoarjo
Kabupaten Sidoarjo,Kost Bu Is Magersari Tipe A,Campur,Kecamatan Sidoarjo,0.0,Tidak,Ya,Ya,Tidak,Tidak,Tidak,350000,https://mamikos.com/room/kost-kabupaten-sidoarjo-kost-campur-murah-kost-bu-is-magersari-tipe-a-sidoarjo-sidoarjo-2
Kabupaten Sidoarjo,Kost Asri Tipe Reguler,Putri,Sidoarjo,0.0,Tidak,Ya,Ya,Ya,Tidak,Ya,650000,https://mamikos.com/room/kost-kabupaten-sidoarjo-kost-putri-eksklusif-kost-asri-tipe-reguler-sidoarjo-sidoarjo-2
Kabupaten Sidoarjo,Kost Omah LJ Tipe A,Putra,Kecamatan Sidoarjo,0.0,Ya,Tidak,Ya,Ya,Ya,Ya,850000,https://mamikos.com/room/kost-kabupaten-sidoarjo-kost-putra-murah-kost-omah-lj-tipe-a-sidoarjo-sidoarjo
Kabupaten Sidoarjo,Kost Bale Asri Premium,Putri,Sidoarjo,0.0,Ya,Tidak,Ya,Ya,Tidak,Tidak,1250000,https://mamikos.com/room/kost-kabupaten-sidoarjo-kost-putri-eksklusif-kost-bale-asri-premium-sidoarjo
Kabupaten Sidoarjo,Kost Baru Tipe A,Putri,Sidoarjo,0.0,Tidak,Tidak,Ya,Ya,Ya,Tidak,750000,https://mamikos.com/room/kost-kabupaten-sidoarjo-kost-putri-murah-kost-baru-tipe-a-sidoarjo
Kabupaten Sidoarjo,Kost Ibu Indah Tipe A,Campur,Sidoarjo,0.0,Ya,Tidak,Ya,Tidak,Tidak,Tidak,1250000,https://mamikos.com/room/kost-sidoarjo-kost-campur-eksklusif-kost-ibu-indah-tipe-a-sidoarjo-2
Kabupaten Sidoarjo,Kost Azilia II,Campur,Buduran,0.0,Ya,Tidak,Ya,Ya,Ya,Ya,1500000,https://mamikos.com/room/kost-kabupaten-sidoarjo-kost-campur-eksklusif-kost-azilia-ii-buduran-sidoarjo-2
Kabupaten Sidoarjo,Kost Griya Bu Erman,Putri,Sidoarjo,0.0,Tidak,Tidak,Ya,Ya,Ya,Ya,750000,https://mamikos.com/room/kost-kabupaten-sidoarjo-kost-putri-murah-kost-griya-bu-erman-sidoarjo
Kabupaten Sidoarjo,Kost Rizky Novitasari Tipe Single,Putri,Sidoarjo,4.9,Tidak,Ya,Ya,Ya,Tidak,Ya,435000,https://mamikos.com/room/kost-sidoarjo-kost-putri-eksklusif-kost-rizky-novitasari-tipe-single-sidoarjo
Kabupaten Sidoarjo,Kost Martabak Delta,Campur,Kecamatan Sidoarjo,0.0,Ya,Ya,Ya,Ya,Ya,Ya,900000,https://mamikos.com/room/kost-kabupaten-sidoarjo-kost-campur-eksklusif-kost-martabak-delta-sidoarjo
Kabupaten Sidoarjo,Kost Puri Azura Ekslusif,Putri,Kecamatan Sidoarjo,0.0,Ya,Ya,Ya,Ya,Ya,Ya,1300000,https://mamikos.com/room/kost-kabupaten-sidoarjo-kost-putri-eksklusif-kost-puri-azura-ekslusif-sidoarjo
Kabupaten Sidoarjo,Kost Bumi Intan Tipe A,Putri,Sidoarjo,0.0,Tidak,Tidak,Ya,Ya,Tidak,Tidak,500000,https://mamikos.com/room/kost-sidoarjo-kost-putri-murah-kost-bumi-intan-tipe-a-sidoarjo
Kabupaten Sidoarjo,Kost Pucang Indah,Putri,Kecamatan Sidoarjo,0.0,Ya,Ya,Ya,Tidak,Tidak,Ya,800000,https://mamikos.com/room/kost-kabupaten-sidoarjo-kost-putri-eksklusif-kost-pucang-indah-sidoarjo
Kabupaten Sidoarjo,Kost Asri Executive,Putri,Sidoarjo,0.0,Ya,Ya,Ya,Ya,Ya,Ya,1300000,https://mamikos.com/room/kost-kabupaten-sidoarjo-kost-putri-eksklusif-kost-asri-executive-sidoarjo
Kabupaten Sidoarjo,Kost Ibu Indah Tipe B,Campur,Sidoarjo,0.0,Ya,Tidak,Ya,Tidak,Tidak,Tidak,1600000,https://mamikos.com/room/kost-sidoarjo-kost-campur-eksklusif-kost-ibu-indah-tipe-b-sidoarjo
Kabupaten Sidoarjo,Kost Griya Hadante,Putra,Kecamatan Sidoarjo,5.0,Ya,Ya,Ya,Tidak,Ya,Ya,950000,https://mamikos.com/room/kost-kabupaten-sidoarjo-kost-putra-eksklusif-kost-griya-hadante-sidoarjo
Kabupaten Sidoarjo,Kost Difa Non AC Tipe 1,Putri,Kecamatan Sidoarjo,0.0,Tidak,Tidak,Ya,Ya,Ya,Ya,700000,https://mamikos.com/room/kost-kabupaten-sidoarjo-kost-putri-murah-kost-difa-non-ac-tipe-1-sidoarjo-
Kabupaten Sidoarjo,Kost Dekat Transmart Tipe C,Campur,Kecamatan Sidoarjo,0.0,Ya,Ya,Ya,Ya,Tidak,Tidak,1200000,https://mamikos.com/room/kost-kabupaten-sidoarjo-kost-campur-eksklusif-kost-dekat-transmart-tipe-c-sidoarjo
Kabupaten Sidoarjo,Kost Rachma New,Putri,Sidoarjo,0.0,Ya,Ya,Ya,Ya,Tidak,Ya,1160000,https://mamikos.com/room/kost-kabupaten-sidoarjo-kost-putri-eksklusif-kost-rachma-new-sidoarjo-2
Kabupaten Sidoarjo,Kost El Shadai Home Stay Tipe A,Campur,Kecamatan Sidoarjo,0.0,Tidak,Tidak,Ya,Tidak,Ya,Tidak,750000,https://mamikos.com/room/kost-kabupaten-sidoarjo-kost-campur-murah-kost-bu-ivone-tipe-b-sidoarjo
Kabupaten Sidoarjo,Kost Senyaman Tipe A,Putri,Kecamatan Sidoarjo,0.0,Ya,Ya,Ya,Ya,Ya,Ya,1300000,https://mamikos.com/room/kost-kabupaten-sidoarjo-kost-putri-eksklusif-kost-senyaman-tipe-a-sidoarjo-1
Kabupaten Sidoarjo,Kost Bumi Intan Permai Q4 Tipe A,Putri,Sidoarjo,0.0,Tidak,Tidak,Tidak,Ya,Tidak,Tidak,400000,https://mamikos.com/room/kost-kabupaten-sidoarjo-kost-putri-murah-kost-bumi-intan-permai-q4-tipe-a-sidoarjo
Kabupaten Sidoarjo,Kost Bapak Yanuar 1 Tipe Standar,Putri,Sidoarjo,0.0,Tidak,Ya,Ya,Tidak,Tidak,Ya,425000,https://mamikos.com/room/kost-sidoarjo-kost-putri-murah-kost-bapak-yanuar-1-tipe-standar-sidoarjo
Kabupaten Sidoarjo,Kost Taman Pinang Bu Bekti,Putra,Sidoarjo,0.0,Ya,Ya,Ya,Ya,Tidak,Ya,750000,https://mamikos.com/room/kost-kabupaten-sidoarjo-kost-putra-murah-kost-taman-pinang-bu-bekti-sidoarjo-sidoarjo
Kabupaten Sidoarjo,Kost Arumii,Putra,Kecamatan Sidoarjo,0.0,Tidak,Tidak,Ya,Tidak,Ya,Tidak,450000,https://mamikos.com/room/kost-kabupaten-sidoarjo-kost-putra-murah-kost-arumii-sidoarjo
Kabupaten Sidoarjo,Kost Mustang 71,Putri,Kecamatan Sidoarjo,0.0,Ya,Tidak,Tidak,Tidak,Ya,Ya,1300000,https://mamikos.com/room/kost-kabupaten-sidoarjo-kost-putri-eksklusif-kost-mustang-71-sidoarjo-sidoarjo-1
Kabupaten Sidoarjo,Kost Griyo Kinasih 1 Tipe A,Campur,Buduran,0.0,Ya,Tidak,Ya,Ya,Ya,Ya,1800000,https://mamikos.com/room/kost-sidoarjo-kost-campur-eksklusif-kost-griyokinasih1-buduran-sidoarjo
Kabupaten Sidoarjo,Kost Chelvin,Campur,Buduran,0.0,Tidak,Ya,Ya,Tidak,Tidak,Ya,650000,https://mamikos.com/room/kost-kabupaten-sidoarjo-kost-campur-murah-kost-chelvin-buduran-sidoarjo-2
Kabupaten Sidoarjo,Kost Jati Pratama Syariah,Campur,Kecamatan Buduran,0.0,Ya,Ya,Ya,Ya,Ya,Ya,1500000,https://mamikos.com/room/kost-kabupaten-sidoarjo-kost-campur-eksklusif-kost-jati-pratama-syariah-sidoarjo-2
Kabupaten Sidoarjo,Kost Griya Harmoni 2 Tipe Eksklusif,Putri,Buduran,0.0,Tidak,Tidak,Ya,Ya,Ya,Ya,1000000,https://mamikos.com/room/kost-sidoarjo-kost-putri-eksklusif-kost-griya-harmoni-2-tipe-eksklusif-buduran-sidoarjo-2
Kabupaten Sidoarjo,Kost Sundsri,Putri,Kecamatan Sidoarjo,0.0,Ya,Ya,Ya,Ya,Tidak,Ya,1100000,https://mamikos.com/room/kost-kabupaten-sidoarjo-kost-putri-eksklusif-kost-sundsri-sidoarjo-sidoarjo
Kabupaten Sidoarjo,Kost Metanoia Tipe Gamma,Putri,Kecamatan Sidoarjo,0.0,Tidak,Ya,Ya,Tidak,Ya,Ya,822500,https://mamikos.com/room/kost-kabupaten-sidoarjo-kost-putri-murah-kost-metanoia-tipe-gamma-sidoarjo-sidoarjo
Kabupaten Sidoarjo,Kost Militanisa Zamzara Arvianti,Putri,Kecamatan Sidoarjo,0.0,Tidak,Tidak,Ya,Ya,Tidak,Ya,1600000,https://mamikos.com/room/kost-kabupaten-sidoarjo-kost-putri-eksklusif-kost-militanisa-zamzara-arvianti-sidoarjo-sidoarjo
Kabupaten Sidoarjo,Kost Blukid,Putri,Kecamatan Sidoarjo,0.0,Ya,Ya,Ya,Ya,Tidak,Ya,1500000,https://mamikos.com/room/kost-kabupaten-sidoarjo-kost-putri-eksklusif-kost-blukid-sidoarjo
Kabupaten Sidoarjo,Kost Alfina Syariah Tipe B,Putri,Kecamatan Candi,0.0,Tidak,Tidak,Ya,Ya,Ya,Ya,400000,https://mamikos.com/room/kost-kabupaten-sidoarjo-kost-putri-murah-kost-alfina-syariah-tipe-b-candi-sidoarjo
Kabupaten Sidoarjo,Kost Bu Asih,Putri,Sidoarjo,0.0,Tidak,Ya,Ya,Ya,Ya,Ya,1100000,https://mamikos.com/room/kost-kabupaten-sidoarjo-kost-putri-eksklusif-kost-bu-asih-sidoarjo
Kabupaten Sidoarjo,Kost Gantari,Campur,Kecamatan Sidoarjo,0.0,Tidak,Ya,Ya,Tidak,Tidak,Ya,650000,https://mamikos.com/room/kost-kabupaten-sidoarjo-kost-campur-murah-kost-gantari-sidoarjo
Kabupaten Sidoarjo,Kost Afifah Premium,Putri,Sidoarjo,0.0,Tidak,Ya,Ya,Ya,Ya,Ya,800000,https://mamikos.com/room/kost-sidoarjo-kost-putri-murah-kost-afifah-premium-sidoarjo-2
Kabupaten Sidoarjo,Kost Barokah Magersari,Putri,Kecamatan Sidoarjo,0.0,Ya,Ya,Ya,Tidak,Tidak,Ya,1000000,https://mamikos.com/room/kost-kabupaten-sidoarjo-kost-putri-eksklusif-kost-barokah-magersari-sidoarjo
Kabupaten Sidoarjo,Kost Indrajaya I,Putri,Sidoarjo,0.0,Tidak,Tidak,Ya,Tidak,Ya,Tidak,750000,https://mamikos.com/room/kost-kabupaten-sidoarjo-kost-putri-murah-kost-indrajaya-i-sidoarjo-sidoarjo-2
Kabupaten Sidoarjo,Kost Mydya 4,Campur,Kecamatan Sidoarjo,0.0,Ya,Ya,Ya,Tidak,Ya,Ya,1000000,https://mamikos.com/room/kost-kabupaten-sidoarjo-kost-campur-eksklusif-kost-mydya-4-sidoarjo
Kabupaten Sidoarjo,Kost Anugrah Tipe B,Campur,Candi,0.0,Ya,Ya,Ya,Tidak,Ya,Ya,800000,https://mamikos.com/room/kost-kabupaten-sidoarjo-kost-campur-murah-kost-anugrah-tipe-b-candi-sidoarjo
Kabupaten Sidoarjo,Kost Avia 228,Campur,Kecamatan Sidoarjo,0.0,Tidak,Tidak,Ya,Ya,Ya,Tidak,650000,https://mamikos.com/room/kost-kabupaten-sidoarjo-kost-campur-murah-kost-avia-228-sidoarjo
Kabupaten Sidoarjo,Kost Griya Asshovy Tipe A,Campur,Candi,0.0,Tidak,Ya,Ya,Tidak,Ya,Tidak,500000,https://mamikos.com/room/kost-kabupaten-sidoarjo-kost-campur-murah-kost-griya-asshovy-tipe-a-candi-sidoarjo
Kabupaten Sidoarjo,Kost Senyaman Tipe D,Putri,Kecamatan Sidoarjo,0.0,Ya,Ya,Ya,Ya,Ya,Ya,1300000,https://mamikos.com/room/kost-kabupaten-sidoarjo-kost-putri-murah-kost-senyaman-tipe-d-sidoarjo-sidoarjo
Kabupaten Sidoarjo,Kost Senyaman House 2 Vvip,Putri,Sidoarjo,0.0,Ya,Ya,Ya,Ya,Ya,Ya,1800000,https://mamikos.com/room/kost-kabupaten-sidoarjo-kost-putri-eksklusif-kost-senyaman-house-2-vvip-sidoarjo
Kabupaten Sidoarjo,Kost Avia 204 Tipe A,Putra,Kecamatan Sidoarjo,0.0,Ya,Tidak,Ya,Ya,Ya,Ya,1350000,https://mamikos.com/room/kost-kabupaten-sidoarjo-kost-putra-eksklusif-kost-avia-204-tipe-a-sidoarjo-sidoarjo-1
Kabupaten Sidoarjo,Kost Dekat Transmart Tipe B,Campur,Sidoarjo,0.0,Ya,Ya,Ya,Ya,Ya,Tidak,1100000,https://mamikos.com/room/kost-sidoarjo-kost-campur-eksklusif-kost-dekat-transmart-tipe-b-sidoarjo
Kabupaten Sidoarjo,Kost 88,Putri,Kecamatan Buduran,0.0,Tidak,Ya,Ya,Tidak,Ya,Ya,585000,https://mamikos.com/room/kost-kabupaten-sidoarjo-kost-putri-murah-kost-88-buduran-sidoarjo
Kabupaten Sidoarjo,Kost Hj Nur Tipe Biasa,Campur,Kecamatan Buduran,0.0,Tidak,Ya,Tidak,Tidak,Ya,Tidak,750000,https://mamikos.com/room/kost-kabupaten-sidoarjo-kost-campur-murah-kost-hj-nur-tipe-biasa-buduran-sidoarjo-2
Kabupaten Sidoarjo,Kost Senyaman Tipe Green,Putri,Kecamatan Sidoarjo,0.0,Ya,Tidak,Ya,Ya,Tidak,Ya,1100000,https://mamikos.com/room/kost-kabupaten-sidoarjo-kost-putri-eksklusif-kost-senyaman-tipe-green-sidoarjo-
Kabupaten Sidoarjo,Kost Sidokare VVIP,Putra,Kecamatan Sidoarjo,0.0,Ya,Ya,Ya,Ya,Ya,Ya,1200000,https://mamikos.com/room/kost-kabupaten-sidoarjo-kost-putra-eksklusif-kost-sidokare-vvip-sidoarjo-sidoarjo
Kabupaten Sidoarjo,Kost Bapak Yanuar,Putri,Sidoarjo,0.0,Tidak,Ya,Ya,Tidak,Tidak,Ya,403000,https://mamikos.com/room/kost-kabupaten-sidoarjo-kost-putri-murah-kost-bapak-yanuar-sidoarjo
Kabupaten Sidoarjo,Kost Senyaman Tipe Deluxe,Putri,Kecamatan Sidoarjo,0.0,Ya,Tidak,Ya,Ya,Ya,Ya,1100000,https://mamikos.com/room/kost-kabupaten-sidoarjo-kost-putri-eksklusif-kost-senyaman-tipe-deluxe-sidoarjo-sidoarjo-1
Kabupaten Situbondo,Kost Yuni N Hasyim,Campur,Situbondo,0.0,Tidak,Ya,Ya,Tidak,Ya,Ya,400000,https://mamikos.com/room/kost-kabupaten-situbondo-kost-campur-murah-kost-yuni-n-hasyim-situbondo
Kabupaten Situbondo,Kost Wisma A Yani,Putra,Situbondo,5.0,Tidak,Ya,Ya,Tidak,Ya,Tidak,300000,https://mamikos.com/room/kost-situbondo-kost-campur-murah-wisma-a-yani-gg-iv-no-9-dawuhan-situbondo
Kabupaten Situbondo,Kost Warung Maju,Campur,Kecamatan Panji,4.5,Ya,Ya,Ya,Ya,Ya,Ya,750000,https://mamikos.com/room/kost-kabupaten-situbondo-kost-campur-murah-kost-warung-maju-panji-situbondo
Kabupaten Situbondo,Kost Mas Gafur Tipe A,Putra,Kecamatan Panji,0.0,Tidak,Ya,Ya,Ya,Ya,Ya,550000,https://mamikos.com/room/kost-kabupaten-situbondo-kost-putra-eksklusif-kost-mas-gafur-tipe-a-panji-situbondo
Kabupaten Situbondo,Kost Melati Tipe AC,Putri,Kecamatan Situbondo,0.0,Ya,Ya,Ya,Tidak,Ya,Ya,700000,https://mamikos.com/room/kost-kabupaten-situbondo-kost-putri-murah-kost-melati-tipe-ac-situbondo-situbondo-2
Kabupaten Situbondo,Kost Chamal Tipe A,Putri,Kecamatan Panji,0.0,Ya,Tidak,Ya,Ya,Ya,Ya,1000001,https://mamikos.com/room/kost-kabupaten-situbondo-kost-putri-eksklusif-kost-chamal-tipe-a-panji-situbondo
Kabupaten Situbondo,Kost Bu Sri Gang XII Tipe B,Campur,Situbondo,0.0,Tidak,Ya,Ya,Ya,Ya,Tidak,500000,https://mamikos.com/room/kost-kabupaten-situbondo-kost-campur-murah-kost-bu-sri-gang-xii-tipe-b-situbondo-situbondo
Kabupaten Situbondo,Kost Rhezata VVIP,Campur,Panarukan,0.0,Ya,Ya,Ya,Tidak,Ya,Ya,700000,https://mamikos.com/room/kost-kabupaten-situbondo-kost-campur-murah-kost-rhezata-vvip-panarukan-situbondo
Kabupaten Situbondo,Kost Tri Putra Jaya Tipe B,Campur,Kecamatan Panji,0.0,Ya,Ya,Ya,Ya,Ya,Ya,700000,https://mamikos.com/room/kost-kabupaten-situbondo-kost-campur-murah-kost-tri-putra-jaya-tipe-b-panji-situbondo
Kabupaten Situbondo,Kost Gang Ijen,Putra,Kecamatan Panji,0.0,Tidak,Tidak,Ya,Tidak,Ya,Tidak,500000,https://mamikos.com/room/kost-kabupaten-situbondo-kost-putra-murah-kost-gang-ijen-panji-situbondo
Kabupaten Situbondo,Kost Koe,Campur,Kecamatan Situbondo,0.0,Tidak,Tidak,Tidak,Tidak,Ya,Ya,500000,https://mamikos.com/room/kost-kabupaten-situbondo-kost-campur-murah-kost-koe-situbondo-situbondo
Kabupaten Situbondo,Kost Mentari,Putri,Kecamatan Situbondo,0.0,Tidak,Ya,Ya,Tidak,Tidak,Tidak,400000,https://mamikos.com/room/kost-kabupaten-situbondo-kost-putri-murah-kost-mentari-situbondo-situbondo
Kabupaten Situbondo,Kost 76 Tipe A Mimbaan,Campur,Kecamatan Panji,0.0,Tidak,Ya,Ya,Ya,Ya,Ya,700000,https://mamikos.com/room/kost-kabupaten-situbondo-kost-campur-murah-kost-76-tipe-a-mimbaan-panji-situbondo-1
Kabupaten Situbondo,Kost Bu Muji Tipe B,Putri,Situbondo,0.0,Tidak,Ya,Ya,Tidak,Tidak,Ya,400000,https://mamikos.com/room/kost-kabupaten-situbondo-kost-putri-murah-kost-bu-muji-tipe-b-situbondo
Kabupaten Situbondo,Kost Bu Sri Gang XII Tipe A,Campur,Situbondo,0.0,Ya,Ya,Ya,Ya,Ya,Tidak,800000,https://mamikos.com/room/kost-kabupaten-situbondo-kost-campur-murah-kost-bu-sri-gang-xii-tipe-a-situbondo-situbondo
Kabupaten Situbondo,Kost Keluargaa Tipe A,Putra,Kecamatan Situbondo,0.0,Tidak,Ya,Ya,Ya,Ya,Ya,350000,https://mamikos.com/room/kost-kabupaten-situbondo-kost-putra-murah-kost-keluargaa-tipe-a-situbondo
Kabupaten Situbondo,Kost Bu Eko Hery,Putri,Kecamatan Situbondo,0.0,Tidak,Tidak,Ya,Tidak,Tidak,Ya,350000,https://mamikos.com/room/kost-kabupaten-situbondo-kost-putri-murah-kost-bu-eko-hery-situbondo-situbondo
Kabupaten Situbondo,Kost Mira,Campur,Kecamatan Situbondo,0.0,Tidak,Tidak,Ya,Tidak,Ya,Ya,400000,https://mamikos.com/room/kost-kabupaten-situbondo-kost-campur-murah-kost-mira-situbondo
Kabupaten Situbondo,Kost Bu Muji Tipe A,Putri,Situbondo,0.0,Tidak,Ya,Ya,Tidak,Tidak,Ya,350000,https://mamikos.com/room/kost-kabupaten-situbondo-kost-putri-murah-kost-bu-muji-tipe-a-situbondo
Kabupaten Situbondo,Kost Riza Alun-Alun Tipe A,Campur,Kecamatan Situbondo,0.0,Tidak,Tidak,Ya,Tidak,Ya,Tidak,850000,https://mamikos.com/room/kost-kabupaten-situbondo-kost-campur-murah-kost-riza-alunalun-tipe-a-situbondo-1
Kabupaten Situbondo,Kost Jasmine Tipe A,Putri,Kecamatan Situbondo,0.0,Tidak,Ya,Ya,Tidak,Ya,Ya,500000,https://mamikos.com/room/kost-kabupaten-situbondo-kost-putri-murah-kost-jasmine-tipe-a-situbondo
Kabupaten Situbondo,Kost 8,Putra,Kecamatan Situbondo,0.0,Ya,Ya,Ya,Ya,Ya,Ya,750000,https://mamikos.com/room/kost-kabupaten-situbondo-kost-putra-murah-kost-8-situbondo
Kabupaten Situbondo,Kost Chamal Tipe C,Putri,Panji,0.0,Tidak,Tidak,Ya,Ya,Tidak,Ya,700000,https://mamikos.com/room/kost-kabupaten-situbondo-kost-putri-murah-kost-chamal-tipe-c-panji-situbondo-2
Kabupaten Situbondo,Kost Rafathir Tipe A,Putri,Kecamatan Situbondo,0.0,Tidak,Ya,Ya,Tidak,Tidak,Ya,400000,https://mamikos.com/room/kost-kabupaten-situbondo-kost-putri-murah-kost-putri-rafathir-tipe-a-situbondo-situbondo-2
Kabupaten Situbondo,Kost Chamal Tipe B,Putri,Kecamatan Panji,0.0,Ya,Tidak,Ya,Ya,Ya,Ya,750000,https://mamikos.com/room/kost-kabupaten-situbondo-kost-putri-murah-kost-chamal-tipe-b-panji-situbondo
Kabupaten Situbondo,Kost Jalan Ijen,Putra,Panji,0.0,Tidak,Tidak,Ya,Tidak,Tidak,Tidak,350000,https://mamikos.com/room/kost-kabupaten-situbondo-kost-putra-murah-kost-jalan-ijen-panji-situbondo
Kabupaten Situbondo,Kost Bilqis Syariah,Putra,Kecamatan Panji,0.0,Tidak,Ya,Ya,Ya,Tidak,Ya,550000,https://mamikos.com/room/kost-kabupaten-situbondo-kost-putra-murah-kost-bilqis-syariah-panji-situbondo
Kabupaten Situbondo,Kost 76 Tipe B Mimbaan,Campur,Kecamatan Panji,0.0,Ya,Ya,Ya,Ya,Ya,Ya,1000000,https://mamikos.com/room/kost-kabupaten-situbondo-kost-campur-murah-kost-76-tipe-b-mimbaan-panji-situbondo
Kabupaten Situbondo,Kost Semeru Tipe B,Campur,Panji,0.0,Tidak,Tidak,Ya,Ya,Ya,Tidak,550000,https://mamikos.com/room/kost-situbondo-kost-campur-murah-kost-semeru-tipe-b-panji-situbondo
Kabupaten Situbondo,Kost Feri,Campur,Panji,0.0,Tidak,Tidak,Ya,Tidak,Ya,Tidak,450000,https://mamikos.com/room/kost-situbondo-kost-campur-murah-kost-feri-panji
Kabupaten Situbondo,Kost Sumberkolak Bu Oki,Putri,Panarukan,0.0,Ya,Ya,Tidak,Tidak,Ya,Ya,700000,https://mamikos.com/room/kost-situbondo-kost-putri-murah-kost-sumberkolak-bu-oki-panarukan-situbondo-1
Kabupaten Situbondo,Kost Riza Alun-Alun Tipe B,Campur,Kecamatan Situbondo,0.0,Tidak,Tidak,Ya,Tidak,Ya,Tidak,550000,https://mamikos.com/room/kost-kabupaten-situbondo-kost-campur-murah-kost-riza-alunalun-tipe-b-situbondo-1
Kabupaten Situbondo,Kost Bunda Eyza Tipe A,Campur,Kecamatan Situbondo,0.0,Tidak,Ya,Ya,Tidak,Tidak,Tidak,400000,https://mamikos.com/room/kost-kabupaten-situbondo-kost-campur-murah-kost-bunda-eyza-tipe-a-situbondo
Kabupaten Situbondo,Kost Ibu Nuryati Tipe B,Putra,Situbondo,0.0,Tidak,Tidak,Ya,Ya,Ya,Tidak,500000,https://mamikos.com/room/kost-situbondo-kost-putra-murah-kost-ibu-nuryati-tipe-b-situbondo
Kabupaten Situbondo,Kost Anggrek Tipe Standard Room,Campur,Situbondo,0.0,Tidak,Ya,Ya,Tidak,Ya,Ya,350000,https://mamikos.com/room/kost-kabupaten-situbondo-kost-campur-murah-kost-anggrek-tipe-standard-room-situbondo-situbondo-2
Kabupaten Situbondo,Kost Putri Natha,Putri,Situbondo,0.0,Tidak,Ya,Ya,Tidak,Ya,Tidak,400000,https://mamikos.com/room/kost-situbondo-kost-putri-murah-kost-putri-natha-situbondo-1
Kabupaten Situbondo,Kost Radja Tipe A,Campur,Kecamatan Panji,0.0,Tidak,Ya,Ya,Ya,Ya,Ya,500000,https://mamikos.com/room/kost-kabupaten-situbondo-kost-campur-murah-kost-radja-tipe-a-panji-situbondo
Kabupaten Situbondo,Kost 88,Putri,Situbondo,0.0,Tidak,Tidak,Ya,Tidak,Ya,Ya,600000,https://mamikos.com/room/kost-kabupaten-situbondo-kost-putri-murah-kost-88-situbondo
Kabupaten Situbondo,Kost Radja Tipe B,Campur,Kecamatan Panji,0.0,Ya,Ya,Ya,Ya,Ya,Ya,850000,https://mamikos.com/room/kost-kabupaten-situbondo-kost-campur-murah-kost-radja-tipe-b-panji-situbondo
Kabupaten Situbondo,Kost Pondok Jati,Campur,Situbondo,0.0,Tidak,Ya,Ya,Tidak,Ya,Tidak,350000,https://mamikos.com/room/kost-kabupaten-situbondo-kost-campur-murah-kost-pondok-jati-situbondo
Kabupaten Situbondo,Kost Ibu Ninin,Campur,Panarukan,0.0,Tidak,Tidak,Ya,Ya,Tidak,Ya,360000,https://mamikos.com/room/kost-kabupatn-situbondo-kost-campur-murah-kost-ibu-ninin-panarukan-situbondo
Kabupaten Situbondo,Kost Ibu Nuryati Tipe A,Campur,Situbondo,0.0,Tidak,Tidak,Ya,Tidak,Tidak,Tidak,350000,https://mamikos.com/room/kost-situbondo-kost-campur-murah-kost-ibu-nuryati-tipe-a-situbondo
Kabupaten Situbondo,Kost Semeru Tipe A,Campur,Panji,0.0,Tidak,Tidak,Ya,Tidak,Ya,Tidak,350000,https://mamikos.com/room/kost-situbondo-kost-campur-murah-kost-semeru-tipe-a-panji-situbondo
Kabupaten Situbondo,Kost Tri Putra Jaya Tipe A,Campur,Kecamatan Panji,0.0,Tidak,Ya,Ya,Tidak,Ya,Ya,500000,https://mamikos.com/room/kost-kabupaten-situbondo-kost-campur-murah-kost-tri-putra-jaya-tipe-a-panji-situbondo
Kabupaten Situbondo,Kost Melati,Campur,Kecamatan Situbondo,0.0,Tidak,Ya,Ya,Ya,Tidak,Ya,300000,https://mamikos.com/room/kost-kabupaten-situbondo-kost-campur-murah-kost-melati-situbondo-situbondo-2
Kabupaten Situbondo,Kost Nayara Tipe A,Putri,Kecamatan Situbondo,0.0,Tidak,Tidak,Ya,Tidak,Ya,Ya,450000,https://mamikos.com/room/kost-kabupaten-situbondo-kost-putri-murah-kost-nayara-tipe-a-situbondo
Kabupaten Situbondo,Kost Baratas Patokan,Putri,Situbondo,0.0,Ya,Tidak,Ya,Ya,Ya,Tidak,600000,https://mamikos.com/room/kost-situbondo-kost-putri-murah-kost-baratas-patokan-situbondo-1
Kabupaten Situbondo,Kost Ibu Ninin Tipe A,Putri,Kecamatan Panarukan,0.0,Tidak,Tidak,Tidak,Ya,Tidak,Tidak,350000,https://mamikos.com/room/kost-kabupaten-situbondo-kost-putri-murah-kost-ibu-ninin-tipe-a-panarukan-situbondo
Kabupaten Tuban,Kost Mutiaraintan Mini Mart Jawa Timur,Campur,Tuban,0.0,Tidak,Tidak,Tidak,Tidak,Tidak,Tidak,600000,https://mamikos.com/room/kost-kabupaten-tuban-kost-campur-murah-kost-mutiaraintan-mini-mart-tuban-jawa-timur-2
Kabupaten Tuban,Kost Bumiwali 1 Tipe Kamar,Putra,Kecamatan Tuban,0.0,Tidak,Ya,Ya,Tidak,Tidak,Ya,400000,https://mamikos.com/room/kost-kabupaten-tuban-kost-putra-murah-kost-bumiwali-1-tipe-kamar-tuban-tuban
Kabupaten Tuban,Kost Griya Florencia,Campur,Semanding,0.0,Ya,Ya,Ya,Ya,Ya,Ya,950000,https://mamikos.com/room/kost-tuban-kost-campur-eksklusif-kost-griya-florencia-semanding-tuban-2
Kabupaten Tuban,Kost Mbok Nginep Tipe A,Campur,Kecamatan Tuban,0.0,Ya,Ya,Ya,Ya,Ya,Ya,1100000,https://mamikos.com/room/kost-kabupaten-tuban-kost-campur-eksklusif-kost-mbok-nginep-tipe-a-tuban-tuban-2
Kabupaten Tuban,Rumah Kontrakan Ecoy,Campur,Kecamatan Semanding,0.0,Tidak,Ya,Tidak,Ya,Tidak,Tidak,900000,https://mamikos.com/room/kost-kabupaten-tuban-kost-campur-murah-rumah-kontrakan-ecoy-semanding-tuban
Kabupaten Tuban,Kost Haieles House Tipe Infinity Poolview,Putra,Tuban,0.0,Tidak,Ya,Ya,Tidak,Tidak,Ya,980000,https://mamikos.com/room/kost-tuban-kost-putra-eksklusif-kost-haieles-house-tipe-infinity-poolview-tuban
Kabupaten Tuban,Kost Mbok Nginep Tipe B,Campur,Kecamatan Tuban,0.0,Ya,Ya,Ya,Ya,Ya,Ya,1100000,https://mamikos.com/room/kost-kabupaten-tuban-kost-campur-eksklusif-kost-mbok-nginep-tipe-b-tuban-tuban-2
Kabupaten Tuban,Kost Bu Ukky Doromukti,Campur,Tuban,0.0,Tidak,Ya,Ya,Ya,Ya,Tidak,600000,https://mamikos.com/room/kost-tuban-kost-campur-murah-kost-bu-ukky-doromukti-tuban
Kabupaten Tuban,Kost Tety Teddy,Putri,Kecamatan Tuban,0.0,Tidak,Ya,Ya,Tidak,Tidak,Ya,300000,https://mamikos.com/room/kost-kabupaten-tuban-kost-putri-murah-kost-tety-teddy-tuban-
Kabupaten Tuban,Kost Yuki,Campur,Kecamatan Tuban,0.0,Ya,Ya,Ya,Ya,Ya,Ya,900000,https://mamikos.com/room/kost-kabupaten-tuban-kost-campur-eksklusif-kost-yuki-tuban
Kabupaten Tuban,Kost Kelengkeng,Campur,Tuban,4.9,Tidak,Ya,Ya,Ya,Ya,Ya,650000,https://mamikos.com/room/kost-kabupaten-tuban-kost-campur-murah-kost-kelengkeng-tuban
Kabupaten Tuban,Kost Victor Alexander M,Putri,Tuban,5.0,Tidak,Ya,Ya,Tidak,Tidak,Ya,350000,https://mamikos.com/room/kost-kabupaten-tuban-kost-putri-murah-kost-victor-alexander-m-tuban-
Kabupaten Tuban,Kost Nakula Semanding,Putra,Tuban,0.0,Tidak,Ya,Ya,Tidak,Ya,Ya,600000,https://mamikos.com/room/kost-kabupaten-tuban-kost-putra-eksklusif-kost-nakula-semanding-tuban
Kabupaten Tuban,Kost Anak Coast Tipe B,Campur,Tuban,0.0,Ya,Ya,Ya,Tidak,Ya,Ya,750000,https://mamikos.com/room/kost-kabupaten-tuban-kost-campur-murah-kost-anak-coast-tipe-b-tuban-tuban
Kabupaten Tuban,Kost Hariyati,Campur,Kecamatan Semanding,0.0,Tidak,Ya,Ya,Ya,Ya,Tidak,700000,https://mamikos.com/room/kost-kabupaten-tuban-kost-campur-eksklusif-kost-hariyati-semanding-tuban
Kabupaten Tuban,Kost AKBP Kebonsari,Putri,Tuban,0.0,Tidak,Ya,Ya,Tidak,Tidak,Tidak,350000,https://mamikos.com/room/kost-kabupaten-tuban-kost-putri-murah-kost-akbp-kebonsari-tuban-2
Kabupaten Tuban,Kost Anak Coast Tipe A,Campur,Tuban,5.0,Tidak,Tidak,Ya,Tidak,Ya,Ya,500000,https://mamikos.com/room/kost-kabupaten-tuban-kost-campur-eksklusif-kost-anak-coast-tipe-a-tuban
Kabupaten Tuban,Kost Jadul Tipe A,Campur,Tuban,0.0,Tidak,Ya,Ya,Ya,Tidak,Tidak,350000,https://mamikos.com/room/kost-kabupaten-tuban-kost-campur-murah-kost-jadul-tipe-a-tuban-tuban
Kabupaten Tuban,Kost Naura,Putri,Kecamatan Tuban,0.0,Tidak,Tidak,Ya,Ya,Ya,Ya,650000,https://mamikos.com/room/kost-kabupaten-tuban-kost-putri-murah-kost-naura-tuban-2
Kabupaten Tuban,Kost Bagus Mulia Tipe A,Campur,Semanding,0.0,Tidak,Ya,Ya,Ya,Ya,Ya,600000,https://mamikos.com/room/kost-kabupaten-tuban-kost-campur-murah-kost-bagus-mulia-tipe-a-semanding-tuban-2
Kabupaten Tuban,Kost Edelweis,Putri,Tuban,0.0,Ya,Ya,Ya,Ya,Ya,Ya,750000,https://mamikos.com/room/kost-kabupaten-tuban-kost-putri-eksklusif-kost-edelweis-tuban
Kabupaten Tuban,Kost Edi Bukit Karang,Putra,Semanding,0.0,Tidak,Tidak,Ya,Tidak,Ya,Ya,450000,https://mamikos.com/room/kost-kabupaten-tuban-kost-putra-murah-kost-edi-bukit-karang-semanding-tuban
Kabupaten Tuban,Kost Yamin Tipe A,Putri,Semanding,0.0,Tidak,Tidak,Ya,Tidak,Tidak,Ya,400000,https://mamikos.com/room/kost-kabupaten-tuban-kost-putri-murah-kost-yamin-tipe-a-semanding-tuban
Kabupaten Tuban,Kost Rosendaa Tipe B,Putri,Kecamatan Tuban,0.0,Tidak,Ya,Ya,Tidak,Tidak,Ya,500000,https://mamikos.com/room/kost-kabupaten-tuban-kost-putri-murah-kost-rosendaa-tipe-b-tuban-
Kabupaten Tuban,Kost Ishakuiki Ac,Putri,Tuban,0.0,Ya,Ya,Ya,Ya,Ya,Ya,1100000,https://mamikos.com/room/kost-kabupaten-tuban-kost-putri-murah-kost-ishakuiki-ac-tuban
Kabupaten Tuban,Kost Pak Kin Tipe A,Campur,Semanding,0.0,Tidak,Ya,Tidak,Tidak,Ya,Tidak,500000,https://mamikos.com/room/kost-kabupaten-tuban-kost-campur-murah-kost-pak-kin-tipe-a-semanding-tuban-2
Kabupaten Tuban,Kost Salma Non AC,Putri,Kecamatan Tuban,0.0,Tidak,Ya,Ya,Tidak,Tidak,Tidak,550000,https://mamikos.com/room/kost-kabupaten-tuban-kost-putri-murah-kost-salma-non-ac-tuban
Kabupaten Tuban,Kost Griya Madina,Campur,Tuban,0.0,Ya,Tidak,Ya,Ya,Ya,Ya,1200000,https://mamikos.com/room/kost-kabupaten-tuban-kost-campur-eksklusif-kost-griya-madina-tuban
Kabupaten Tuban,Kost Sakura,Campur,Tuban,0.0,Tidak,Tidak,Ya,Ya,Ya,Ya,550000,https://mamikos.com/room/kost-kabupaten-tuban-kost-campur-murah-kost-sakura-tuban
Kabupaten Tuban,Kost Sunan Gunung Jati,Putra,Kecamatan Tuban,0.0,Ya,Ya,Ya,Tidak,Ya,Ya,950000,https://mamikos.com/room/kost-kabupaten-tuban-kost-putra-murah-kost-sunan-gunung-jati-tuban-tuban
Kabupaten Tuban,Kost Griya Kusuma Tipe B,Putri,Kecamatan Tuban,0.0,Tidak,Tidak,Ya,Ya,Ya,Ya,550000,https://mamikos.com/room/kost-kabupaten-tuban-kost-putri-murah-kost-griya-kusuma-tipe-b-tuban
Kabupaten Tuban,Kost Edelweiss VIP,Putri,Kecamatan Tuban,0.0,Tidak,Ya,Ya,Tidak,Tidak,Ya,950000,https://mamikos.com/room/kost-kabupaten-tuban-kost-putri-murah-kost-edelweiss-vip-tuban
Kabupaten Tuban,Kost Ale,Putri,Semanding,0.0,Ya,Ya,Ya,Tidak,Tidak,Ya,1250000,https://mamikos.com/room/kost-kabupaten-tuban-kost-putri-eksklusif-kost-ale-semanding-tuban
Kabupaten Tuban,Kost Bu Gatot,Putri,Tuban,0.0,Tidak,Tidak,Ya,Tidak,Tidak,Ya,500000,https://mamikos.com/room/kost-kabupaten-tuban-kost-putri-murah-kost-bu-gatot-tuban
Kabupaten Tuban,Kost Rahayu,Campur,Tuban,0.0,Tidak,Ya,Ya,Ya,Ya,Ya,600000,https://mamikos.com/room/kost-kabupaten-tuban-kost-campur-eksklusif-kost-rahayu-tuban
Kabupaten Tuban,Kost Griya Kusuma Tipe Standard,Putri,Kecamatan Tuban,0.0,Tidak,Tidak,Ya,Ya,Ya,Ya,450000,https://mamikos.com/room/kost-kabupaten-tuban-kost-putri-murah-kost-griya-kusuma-type-a-tuban-tuban
Kabupaten Tuban,Kost Griya Mastrip I,Putra,Kecamatan Tuban,0.0,Ya,Ya,Ya,Ya,Ya,Ya,800000,https://mamikos.com/room/kost-kabupaten-tuban-kost-putra-murah-kost-griya-mastrip-i-tuban
Kabupaten Tuban,Kost Salma Tipe Ac,Putri,Kecamatan Tuban,0.0,Ya,Ya,Ya,Tidak,Tidak,Tidak,850000,https://mamikos.com/room/kost-kabupaten-tuban-kost-putri-murah-kost-salma-tipe-ac-tuban--1
Kabupaten Tuban,Kost Bu Is Patimura Tipe A,Putri,Tuban,0.0,Tidak,Ya,Ya,Tidak,Tidak,Tidak,550000,https://mamikos.com/room/kost-kabupaten-tuban-kost-putri-murah-kost-bu-is-patimura-tipe-a-tuban-tuban-2
Kabupaten Tuban,Kost Pratama,Campur,Kecamatan Semanding,0.0,Tidak,Tidak,Ya,Tidak,Ya,Ya,500000,https://mamikos.com/room/kost-kabupaten-tuban-kost-campur-murah-kost-pratama-semanding-tuban
Kabupaten Tuban,Kost Hijau 83B,Campur,Tuban,0.0,Tidak,Ya,Ya,Tidak,Ya,Ya,600000,https://mamikos.com/room/kost-kabupaten-tuban-kost-campur-murah-kost-hijau-83b-tuban-tuban-2
Kabupaten Tuban,Kost Rosendaa Tipe A,Putri,Tuban,0.0,Ya,Ya,Ya,Tidak,Ya,Ya,800000,https://mamikos.com/room/kost-kabupaten-tuban-kost-putri-murah-kost-rosendaa-tipe-a-tuban-
Kabupaten Tuban,Kost Ishakuiki Non Ac,Putri,Tuban,0.0,Tidak,Ya,Tidak,Ya,Ya,Ya,700000,https://mamikos.com/room/kost-kabupaten-tuban-kost-putri-murah-kost-ishakuiki-non-ac-tuban
Kabupaten Tuban,Kost Pak Kin Tipe B,Campur,Kecamatan Semanding,0.0,Tidak,Ya,Tidak,Tidak,Ya,Tidak,400000,https://mamikos.com/room/kost-kabupaten-tuban-kost-campur-murah-kost-pak-kin-tipe-b-semanding-tuban
Kabupaten Tuban,Kost Hj Pratiwi,Campur,Tuban,0.0,Ya,Tidak,Ya,Ya,Ya,Ya,950000,https://mamikos.com/room/kost-tuban-kost-campur-murah-kost-hj-pratiwi-tuban
Kabupaten Tuban,Kost Samudra Jaya Tipe B Sidorejo,Campur,Tuban,0.0,Ya,Ya,Ya,Ya,Ya,Ya,1050000,https://mamikos.com/room/kost-kabupaten-tuban-kost-campur-eksklusif-kost-samudra-jaya-tipe-b-sidorejo-tuban-tuban
Kabupaten Tuban,Kost Jl Kerinci,Campur,Tuban,0.0,Ya,Ya,Ya,Tidak,Ya,Tidak,850000,https://mamikos.com/room/kost-tuban-kost-campur-murah-kost-jl-kerinci-tuban
Kabupaten Tuban,Kost Tiga Saudara Semanding,Campur,Tuban,0.0,Ya,Ya,Tidak,Tidak,Ya,Tidak,650000,https://mamikos.com/room/kost-tuban-kost-campur-murah-kost-tiga-saudara-semanding-tuban
Kabupaten Tuban,Kost Wisma Rosenda Tipe A,Putri,Kecamatan Tuban,0.0,Tidak,Ya,Ya,Tidak,Tidak,Tidak,400000,https://mamikos.com/room/kost-kabupaten-tuban-kost-putri-murah-kost-wisma-rosenda-tipe-a-tuban-tuban
Kabupaten Tuban,Kost Keluarga Pramuka II Tipe A,Campur,Tuban,0.0,Ya,Ya,Ya,Ya,Ya,Tidak,1000000,https://mamikos.com/room/kost-kabupaten-tuban-kost-campur-eksklusif-kost-keluarga-pramuka-ii-tipe-a-tuban
Kabupaten Tuban,Kost Madina Gedongombo Tipe Ac,Campur,Kecamatan Semanding,0.0,Ya,Ya,Ya,Tidak,Ya,Ya,1000000,https://mamikos.com/room/kost-kabupaten-tuban-kost-campur-eksklusif-kost-madina-gedongombo-tipe-ac-semanding-tuban
Kabupaten Tuban,Kost Yudistira Nyaman Aman Bersih,Campur,Kecamatan Tuban,0.0,Tidak,Ya,Ya,Ya,Ya,Tidak,500000,https://mamikos.com/room/kost-kabupaten-tuban-kost-campur-murah-kost-yudistira-nyaman-aman-bersih-tuban-tuban-1
Kabupaten Tuban,Kost FZ Exclusive,Campur,Tuban,0.0,Ya,Ya,Ya,Ya,Ya,Ya,1300000,https://mamikos.com/room/kost-tuban-kost-campur-eksklusif-kost-fz-exclusive-tuban
Kabupaten Tuban,Kost Afnara,Campur,Tuban,0.0,Tidak,Ya,Ya,Ya,Ya,Tidak,550000,https://mamikos.com/room/kost-tuban-kost-campur-murah-kost-afnara-tuban
Kabupaten Tuban,Kost Abadi 2 Tipe A,Campur,Tuban,5.0,Ya,Ya,Ya,Ya,Ya,Ya,1200000,https://mamikos.com/room/kost-tuban-kost-campur-eksklusif-kost-abadi-2-tipe-a-tuban
Kabupaten Tuban,Kost Tika 1,Putri,Tuban,0.0,Tidak,Ya,Ya,Tidak,Tidak,Ya,350000,https://mamikos.com/room/kost-tuban-kost-putri-murah-kost-tika-1-tuban
Kabupaten Tuban,Kost Hanikk Tipe A,Campur,Kecamatan Tuban,0.0,Tidak,Tidak,Ya,Ya,Ya,Tidak,500000,https://mamikos.com/room/kost-kabupaten-tuban-kost-campur-murah-kost-hanikk-tipe-a-tuban-tuban
Kabupaten Tuban,Kost Madina Gedongombo Tipe A,Campur,Kecamatan Semanding,0.0,Tidak,Ya,Ya,Tidak,Ya,Ya,600000,https://mamikos.com/room/kost-kabupaten-tuban-kost-campur-murah-kost-madina-gedongombo-tipe-a-semanding-tuban
Kabupaten Tuban,Kost Baitur Rahman Tipe A,Campur,Kecamatan Tuban,5.0,Ya,Ya,Ya,Ya,Ya,Ya,1150000,https://mamikos.com/room/kost-kabupaten-tuban-kost-campur-murah-kost-baitur-rahman-tipe-a-tuban-tuban-1
Kabupaten Tuban,Kost Najwa,Putri,Semanding,0.0,Tidak,Ya,Ya,Tidak,Ya,Tidak,400000,https://mamikos.com/room/kost-tuban-kost-putri-murah-kost-najwa-semanding-tuban-1
Kabupaten Tuban,Kost Bagus,Campur,Tuban,0.0,Ya,Tidak,Ya,Ya,Ya,Ya,1200000,https://mamikos.com/room/kost-kabupaten-tuban-kost-campur-eksklusif-kost-bagus-tuban
Kabupaten Tuban,Kost Abadi 1 Tipe A,Campur,Tuban,0.0,Ya,Ya,Ya,Ya,Ya,Tidak,1200000,https://mamikos.com/room/kost-tuban-kost-campur-eksklusif-kost-abadi-1-tipe-a-tuban
Kabupaten Tuban,Kost Griya Kembar Tipe A,Campur,Kecamatan Tuban,0.0,Tidak,Ya,Ya,Tidak,Ya,Ya,600000,https://mamikos.com/room/kost-kabupaten-tuban-kost-campur-eksklusif-kost-griya-kembar-tipe-a-tuban-2
Kabupaten Tuban,Kost Kebonsari,Campur,Tuban,0.0,Tidak,Tidak,Ya,Tidak,Ya,Tidak,500000,https://mamikos.com/room/kost-tuban-kost-campur-murah-kost-kebonsari-tuban
Kabupaten Tuban,Rumah Kontrakan Bu Retno,Campur,Kecamatan Tuban,0.0,Tidak,Ya,Tidak,Ya,Tidak,Tidak,1250000,https://mamikos.com/room/kost-kabupaten-tuban-kost-campur-eksklusif-rumah-kontrakan-bu-retno-tuban
Kabupaten Tuban,Kost Griya Trubus,Campur,Tuban,5.0,Ya,Ya,Ya,Ya,Ya,Ya,850000,https://mamikos.com/room/kost-tuban-kost-campur-murah-kost-griya-trubus-tuban-1
Kabupaten Tuban,Kost Bu Lin Tipe A,Putri,Kecamatan Tuban,0.0,Tidak,Ya,Ya,Tidak,Tidak,Ya,400000,https://mamikos.com/room/kost-kabupaten-tuban-kost-putri-murah-kost-bu-lin-tipe-a-tuban
Kabupaten Tuban,Kost Permata Bumi,Putri,Palang,0.0,Tidak,Tidak,Ya,Ya,Tidak,Ya,300000,https://mamikos.com/room/kost-tuban-kost-putri-murah-kost-permata-bumi-palang-tuban-1
Kabupaten Tuban,Kost Samudra Jaya Tipe A Sidorejo,Campur,Tuban,5.0,Ya,Ya,Ya,Ya,Ya,Tidak,1050000,https://mamikos.com/room/kost-kabupaten-tuban-kost-campur-eksklusif-kost-samudra-jaya-tipe-a-sidorejo-tuban-tuban
Kabupaten Tuban,Kost Aprians,Campur,Kecamatan Tuban,0.0,Tidak,Ya,Ya,Ya,Ya,Tidak,500000,https://mamikos.com/room/kost-kabupaten-tuban-kost-campur-murah-kost-aprians-tuban-tuban
Kabupaten Tuban,Kost Abadi 1 Tipe B,Campur,Tuban,0.0,Ya,Ya,Ya,Ya,Ya,Ya,1200000,https://mamikos.com/room/kost-tuban-kost-campur-eksklusif-kost-abadi-1-tipe-b-tuban-1
Kabupaten Tuban,Kost Omah,Campur,Kecamatan Tuban,0.0,Tidak,Ya,Ya,Tidak,Ya,Ya,500000,https://mamikos.com/room/kost-kabupaten-tuban-kost-campur-murah-kost-omah-tuban-tuban
Kabupaten Tuban,Kost Abadi 2 Tipe B,Campur,Tuban,0.0,Ya,Ya,Ya,Ya,Ya,Ya,1200000,https://mamikos.com/room/kost-tuban-kost-campur-eksklusif-kost-abadi-2-tipe-b-tuban
Kabupaten Tuban,Kost Yudistira Tipe A1,Campur,Kecamatan Tuban,0.0,Tidak,Ya,Ya,Ya,Ya,Ya,550000,https://mamikos.com/room/kost-kabupaten-tuban-kost-campur-murah-kost-yudistira-tipe-a1-tuban
Kabupaten Tulungagung,Kost Zara House Tipe A,Putri,Kedungwaru,0.0,Tidak,Tidak,Ya,Ya,Ya,Ya,650000,https://mamikos.com/room/kost-tulungagung-kost-putri-murah-kost-zara-house-tipe-a-kedungwaru-tulungagung
Kabupaten Tulungagung,Kost Letjend Suprapto,Putra,Kecamatan Tulungagung,0.0,Ya,Ya,Ya,Ya,Ya,Tidak,900000,https://mamikos.com/room/kost-kabupaten-tulungagung-kost-putra-murah-kost-letjend-suprapto-tulungagung
Kabupaten Tulungagung,Kost Griya Must Pray Tipe A,Campur,Tulungagung,0.0,Tidak,Ya,Ya,Tidak,Ya,Ya,600000,https://mamikos.com/room/kost-kabupaten-tulungagung-kost-campur-murah-kost-griya-must-pray-tipe-a-tulungagung
Kabupaten Tulungagung,Kost Griya Lestari,Campur,Tulungagung,0.0,Tidak,Ya,Ya,Ya,Ya,Ya,550000,https://mamikos.com/room/kost-tulungagung-kost-campur-murah-kost-griya-lestari-tulungagung-tulungagung-2
Kabupaten Tulungagung,Kost Cozy Nest Tipe Premium,Putri,Kecamatan Tulungagung,0.0,Ya,Ya,Ya,Tidak,Ya,Ya,1200000,https://mamikos.com/room/kost-kabupaten-tulungagung-kost-putri-eksklusif-kost-cozy-nest-tipe-premium-tulungagung
Kabupaten Tulungagung,Kost Cozy Nest Tipe Standart,Putri,Kecamatan Tulungagung,0.0,Tidak,Ya,Ya,Tidak,Tidak,Ya,570000,https://mamikos.com/room/kost-kabupaten-tulungagung-kost-putri-murah-kost-cozy-nest-tipe-standart-tulungagung
Kabupaten Tulungagung,Kost Mandalika,Putri,Kecamatan Tulungagung,0.0,Ya,Ya,Ya,Ya,Ya,Ya,900000,https://mamikos.com/room/kost-kabupaten-tulungagung-kost-putri-murah-kost-mandalika-tulungagung
Kabupaten Tulungagung,Kost Sky Garden 2 Tipe B,Campur,Kecamatan Tulungagung,0.0,Tidak,Ya,Ya,Ya,Ya,Ya,850000,https://mamikos.com/room/kost-kabupaten-tulungagung-kost-campur-murah-kost-sky-garden-2-tipe-b-tulungagung
Kabupaten Tulungagung,Kost Omah Family Kembang Jepun,Campur,Tulungagung,0.0,Ya,Ya,Ya,Ya,Ya,Ya,1400000,https://mamikos.com/room/kost-tulungagung-kost-campur-eksklusif-kost-omah-family-kembang-jepun-tulungagung
Kabupaten Tulungagung,Kost Bams House Tipe Kamar Mandi Dalam,Campur,Kedungwaru,0.0,Tidak,Tidak,Ya,Ya,Ya,Ya,600000,https://mamikos.com/room/kost-tulungagung-kost-campur-murah-kost-bams-house-tipe-kamar-mandi-dalam-kedungwaru-tulungagung-2
Kabupaten Tulungagung,Kost Bu Wanti Tipe A,Campur,Kecamatan Tulungagung,0.0,Tidak,Ya,Ya,Tidak,Ya,Tidak,650000,https://mamikos.com/room/kost-kabupaten-tulungagung-kost-campur-murah-kost-bu-wanti-tipe-a-tulungagung
Kabupaten Tulungagung,Kost Carin Tipe A,Campur,Kecamatan Tulungagung,0.0,Tidak,Ya,Ya,Tidak,Ya,Tidak,400000,https://mamikos.com/room/kost-kabupaten-tulungagung-kost-campur-murah-kost-carin-tipe-a-tulungagung
Kabupaten Tulungagung,Kost Kembar Bago,Campur,Tulungagung,0.0,Tidak,Ya,Ya,Tidak,Ya,Ya,500000,https://mamikos.com/room/kost-kabupaten-tulungagung-kost-campur-eksklusif-kost-kembar-bago-tulungagung
Kabupaten Tulungagung,Kost Aizuna Tipe B,Campur,Boyolangu,0.0,Tidak,Tidak,Ya,Tidak,Ya,Tidak,550000,https://mamikos.com/room/kost-tulungagung-kost-campur-murah-kost-aizuna-tipe-b-boyolangu-tulungagung
Kabupaten Tulungagung,Kost H Karjanto Beji Tipe Standart,Campur,Boyolangu,0.0,Tidak,Tidak,Ya,Ya,Ya,Ya,550000,https://mamikos.com/room/kost-tulungagung-kost-campur-murah-kost-h-karjanto-beji-tipe-standart-boyolangu-tulungagung
Kabupaten Tulungagung,Kost Citra Green House Boyolangu,Campur,Tulungagung,0.0,Ya,Tidak,Ya,Ya,Ya,Ya,1300000,https://mamikos.com/room/kost-tulungagung-kost-campur-eksklusif-kost-citra-green-house-boyolangu-tulungagung
Kabupaten Tulungagung,Kost Griya Heaven Space Tipe Standart,Putri,Boyolangu,0.0,Tidak,Tidak,Ya,Tidak,Tidak,Ya,350000,https://mamikos.com/room/kost-tulungagung-kost-putri-murah-kost-griya-heaven-space-tipe-standart-boyolangu-tulungagung
Kabupaten Tulungagung,Kost Damai Tipe AC,Campur,Tulungagung,0.0,Ya,Ya,Ya,Ya,Ya,Ya,850000,https://mamikos.com/room/kost-kabupaten-tulungagung-kost-campur-murah-kost-damai-tipe-ac-tulungagung-tulungagung-2
Kabupaten Tulungagung,Kost Omah Anyles Kepatihan,Campur,Tulungagung,0.0,Tidak,Ya,Ya,Tidak,Ya,Ya,600000,https://mamikos.com/room/kost-kabupaten-tulungagung-kost-campur-eksklusif-kost-omah-anyles-kepatihan-tulungagung
Kabupaten Tulungagung,Kost Annisa,Campur,Kecamatan Tulungagung,0.0,Ya,Tidak,Ya,Ya,Ya,Ya,500000,https://mamikos.com/room/kost-kabupaten-tulungagung-kost-campur-murah-kost-annisa-tulungagung
Kabupaten Tulungagung,Kost Kairos Tipe A,Campur,Tulungagung,0.0,Tidak,Ya,Ya,Tidak,Ya,Ya,500000,https://mamikos.com/room/kost-tulungagung-kost-campur-murah-kos-kairos-
Kabupaten Tulungagung,Kost Sky Garden 2 Tipe Executive,Campur,Kecamatan Tulungagung,0.0,Ya,Ya,Ya,Ya,Ya,Ya,1200000,https://mamikos.com/room/kost-kabupaten-tulungagung-kost-campur-eksklusif-kost-sky-garden-2-tipe-executive-tulungagung
Kabupaten Tulungagung,Kost Fatimatuz Zahroh,Putri,Tulungagung,5.0,Tidak,Tidak,Ya,Tidak,Ya,Ya,550000,https://mamikos.com/room/kost-kabupaten-tulungagung-kost-putri-eksklusif-kost-fatimatuz-zahroh-tulungagung
Kabupaten Tulungagung,Kost Andry Verdandy,Campur,Tulungagung,0.0,Tidak,Ya,Ya,Ya,Ya,Ya,500000,https://mamikos.com/room/kost-kabupaten-tulungagung-kost-campur-eksklusif-kost-andry-verdandy-tulungagung
Kabupaten Tulungagung,Kost Cafe Sky Garden Tipe A,Campur,Kecamatan Tulungagung,0.0,Ya,Ya,Ya,Ya,Ya,Ya,1100000,https://mamikos.com/room/kost-kabupaten-tulungagung-kost-campur-eksklusif-kost-cafe-sky-garden-tipe-a-tulungagung-tulungagung
Kabupaten Tulungagung,Kost Annisa 1 Non Ac,Putri,Kecamatan Tulungagung,0.0,Tidak,Ya,Ya,Ya,Ya,Ya,500000,https://mamikos.com/room/kost-kabupaten-tulungagung-kost-putri-murah-kost-annisa-1-non-ac-tulungagung
Kabupaten Tulungagung,Kost Rumah Bu Endang,Campur,Kecamatan Kedungwaru,0.0,Tidak,Ya,Ya,Ya,Tidak,Ya,450000,https://mamikos.com/room/kost-kabupaten-tulungagung-kost-campur-murah-kost-rumah-bu-endang-kedungwaru-tulungagung
Kabupaten Tulungagung,Kost Ibu Tien Sukaryatin,Campur,Tulungagung,0.0,Tidak,Tidak,Ya,Ya,Ya,Ya,500000,https://mamikos.com/room/kost-tulungagung-kost-campur-eksklusif-kost-ibu-tien-sukaryatin-tulungagung-
Kabupaten Tulungagung,Kost Kawaii 1,Putri,Kecamatan Tulungagung,0.0,Tidak,Ya,Ya,Tidak,Tidak,Tidak,425000,https://mamikos.com/room/kost-kabupaten-tulungagung-kost-putri-murah-kost-kawaii-1-tulungagung
Kabupaten Tulungagung,Kost Annisa 1 Executive,Putri,Kecamatan Tulungagung,0.0,Ya,Ya,Ya,Ya,Ya,Ya,700000,https://mamikos.com/room/kost-kabupaten-tulungagung-kost-putri-murah-kost-annisa-1-executive-tulungagung
Kabupaten Tulungagung,Kost Cafe Sky Garden Tipe B,Campur,Kecamatan Tulungagung,0.0,Tidak,Ya,Ya,Ya,Ya,Ya,850000,https://mamikos.com/room/kost-kabupaten-tulungagung-kost-campur-murah-kost-cafe-sky-garden-tipe-b-tulungagung-tulungagung
Kabupaten Tulungagung,Kost Ar Rizki Hawa Tipe Standart,Campur,Kedungwaru,0.0,Tidak,Tidak,Ya,Tidak,Ya,Ya,600000,https://mamikos.com/room/kost-tulungagung-kost-campur-murah-kost-ar-rizki-hawa-tipe-standart-kedungwaru-tulungagung-2
Kabupaten Tulungagung,Kost Damai Non Ac,Campur,Tulungagung,0.0,Tidak,Ya,Ya,Ya,Ya,Ya,650000,https://mamikos.com/room/kost-kabupaten-tulungagung-kost-campur-murah-kost-damai-non-ac-tulungagung-tulungagung
Kabupaten Tulungagung,Kost Nurfat Kamar Mandi Luar,Putri,Kecamatan Kedungwaru,0.0,Tidak,Tidak,Ya,Tidak,Tidak,Ya,400000,https://mamikos.com/room/kost-kabupaten-tulungagung-kost-putri-murah-kost-nurfat-kamar-mandi-luar-kedungwaru-tulungagung-2
Kabupaten Tulungagung,Kost Bu Lilies Tipe Premium,Campur,Kecamatan Tulungagung,0.0,Ya,Tidak,Ya,Ya,Ya,Ya,1300000,https://mamikos.com/room/kost-kabupaten-tulungagung-kost-campur-eksklusif-kost-bu-lilies-tipe-premium-tulungagung
Kabupaten Tulungagung,Kost Rahayu Tipe B,Putri,Kecamatan Tulungagung,0.0,Ya,Ya,Ya,Ya,Ya,Ya,1000000,https://mamikos.com/room/kost-kabupaten-tulungagung-kost-putri-eksklusif-kot-rahayu-tipe-a-tulungagung-tulungagung-2
Kabupaten Tulungagung,Kost Ety,Campur,Tulungagung,0.0,Tidak,Ya,Ya,Tidak,Ya,Tidak,600000,https://mamikos.com/room/kost-kabupaten-tulungagung-kost-campur-murah-kost-ety-tulungagung-tulungagung
Kabupaten Tulungagung,Kost Annisa 2 Executive,Putra,Tulungagung,0.0,Ya,Ya,Ya,Ya,Tidak,Ya,700000,https://mamikos.com/room/kost-kabupaten-tulungagung-kost-putra-murah-kost-annisa-2-executive-tulungagung
Kabupaten Tulungagung,Kost Rumah Laundry Kinclonk Tipe A,Campur,Kecamatan Boyolangu,0.0,Tidak,Tidak,Ya,Tidak,Tidak,Tidak,600000,https://mamikos.com/room/kost-kabupaten-tulungagung-kost-campur-murah-kost-rumah-laundry-kinclonk-boyolangu-tulungagung
Kabupaten Tulungagung,Kost Bu Lilies Tipe C,Campur,Tulungagung,0.0,Ya,Tidak,Ya,Ya,Ya,Ya,1300000,https://mamikos.com/room/kost-tulungagung-kost-campur-eksklusif-kost-bu-lilies-tulungagung-1
Kabupaten Tulungagung,Kost Griya Mapan,Putri,Tulungagung,0.0,Tidak,Tidak,Ya,Ya,Tidak,Tidak,400000,https://mamikos.com/room/kost-kabupaten-tulungagung-kost-putri-murah-kost-griya-mapan-tulungagung
Kabupaten Tulungagung,Kost Palapa Single,Campur,Kecamatan Tulungagung,0.0,Tidak,Ya,Ya,Ya,Ya,Tidak,1000000,https://mamikos.com/room/kost-kabupaten-tulungagung-kost-campur-eksklusif-kost-palapa-single-bed-fan-tulungagung-tulungagung
Kabupaten Tulungagung,Rumah Kontrakan Bu Retno,Campur,Tulungagung,0.0,Tidak,Ya,Tidak,Tidak,Tidak,Tidak,1000000,https://mamikos.com/room/kost-kabupaten-tulungagung-kost-campur-eksklusif-rumah-kontrakan-bu-retno-tulungagung
Kabupaten Tulungagung,Kost Mbeji,Putri,Boyolangu,0.0,Ya,Tidak,Ya,Ya,Ya,Ya,1300000,https://mamikos.com/room/kost-kabupaten-tulungagung-kost-putri-eksklusif-kost-mbeji-boyolangu-tulungagung
Kabupaten Tulungagung,Kost Arreza,Putra,Boyolangu,0.0,Ya,Tidak,Ya,Ya,Ya,Ya,800000,https://mamikos.com/room/kost-kabupaten-tulungagung-kost-putra-murah-kost-arreza-boyolangu-tulungagung
Kabupaten Tulungagung,Kost Bu Lilies Tipe D,Campur,Kecamatan Tulungagung,0.0,Tidak,Tidak,Tidak,Ya,Ya,Tidak,650000,https://mamikos.com/room/kost-kabupaten-tulungagung-kost-campur-eksklusif-kost-bu-lilies-tipe-d-tulungagung-tulungagung
Kabupaten Tulungagung,Kost Griya Nanot,Campur,Kecamatan Tulungagung,0.0,Ya,Ya,Ya,Tidak,Ya,Tidak,500000,https://mamikos.com/room/kost-kabupaten-tulungagung-kost-campur-murah-kost-griya-nanot-tulungagung
Kabupaten Tulungagung,Kost Bu Wanti Tipe B,Campur,Kecamatan Tulungagung,0.0,Tidak,Ya,Ya,Tidak,Ya,Tidak,550000,https://mamikos.com/room/kost-kabupaten-tulungagung-kost-campur-murah-kost-bu-wanti-tipe-b-tulungagung
Kabupaten Tulungagung,Kost Kostify Superior,Putra,Kecamatan Kedungwaru,0.0,Tidak,Tidak,Ya,Ya,Tidak,Ya,750000,https://mamikos.com/room/kost-kabupaten-tulungagung-kost-putra-murah-kost-kostify-superior-kedungwaru-tulungagung-2
Kabupaten Tulungagung,Kost Queena Tipe AC,Campur,Kecamatan Tulungagung,0.0,Ya,Ya,Ya,Ya,Ya,Ya,1000000,https://mamikos.com/room/kost-kabupaten-tulungagung-kost-campur-eksklusif-kost-queena-tipe-ac-tulungagung-tulungagung
Kabupaten Tulungagung,Kost Bu Ten Ten Tipe AC,Campur,Kecamatan Tulungagung,0.0,Ya,Ya,Ya,Ya,Ya,Ya,1200000,https://mamikos.com/room/kost-kabupaten-tulungagung-kost-campur-eksklusif-kost-bu-ten-ten-tipe-ac-tulungagung
Kabupaten Tulungagung,Kost Rizq,Putri,Tulungagung,0.0,Tidak,Ya,Ya,Ya,Tidak,Ya,350000,https://mamikos.com/room/kost-kabupaten-tulungagung-kost-putri-murah-kost-rizq-tulungagung
Kabupaten Tulungagung,Kost Septyowati Tipe A,Putri,Tulungagung,5.0,Tidak,Tidak,Ya,Ya,Tidak,Ya,450000,https://mamikos.com/room/kost-kabupaten-tulungagung-kost-putri-murah-kost-septyowati-tipe-a-tulungagung
Kabupaten Tulungagung,Kost Rengganis,Putri,Kecamatan Tulungagung,0.0,Tidak,Tidak,Ya,Ya,Tidak,Tidak,575000,https://mamikos.com/room/kost-kabupaten-tulungagung-kost-putri-murah-kost-rengganis-tulungagung-tulungagung-1
Kabupaten Tulungagung,Kost My Home Tipe A,Campur,Boyolangu,0.0,Ya,Ya,Ya,Tidak,Ya,Ya,850000,https://mamikos.com/room/kost-kabupaten-tulungagung-kost-campur-eksklusif-kost-my-home-tipe-a-boyolangu-tulungagung
Kabupaten Tulungagung,Kost Griya Heaven Space Sedang 1,Putri,Kecamatan Boyolangu,0.0,Tidak,Tidak,Ya,Tidak,Tidak,Ya,350000,https://mamikos.com/room/kost-kabupaten-tulungagung-kost-putri-murah-kost-griya-heaven-space-sedang-1-boyolangu-tulungagung
Kabupaten Tulungagung,Kost Plandaan Syariah Tipe A,Campur,Kecamatan Kedungwaru,0.0,Tidak,Ya,Ya,Ya,Ya,Ya,500000,https://mamikos.com/room/kost-kabupaten-tulungagung-kost-campur-eksklusif-kost-plandaan-syariah-tipe-a-kedungwaru-tulungagung
Kabupaten Tulungagung,Kost Olive Luxury Tipe A,Campur,Kecamatan Tulungagung,0.0,Tidak,Ya,Ya,Tidak,Ya,Ya,550000,https://mamikos.com/room/kost-kabupaten-tulungagung-kost-campur-murah-kost-olive-luxury-tipe-a-tulungagung-tulungagung
Kabupaten Tulungagung,Kost JR 1,Campur,Kedungwaru,0.0,Tidak,Ya,Ya,Tidak,Ya,Ya,550000,https://mamikos.com/room/kost-kabupaten-tulungagung-kost-campur-murah-kost-jr-1-kedungwaru-tulungagung-2
Kabupaten Tulungagung,Kost Pondok Asri Tipe A,Putri,Kecamatan Tulungagung,0.0,Tidak,Ya,Ya,Tidak,Ya,Tidak,550000,https://mamikos.com/room/kost-kabupaten-tulungagung-kost-putri-murah-kost-pondok-asri-tipe-a-tulungagung-2
Kabupaten Tulungagung,Kost Nurfath Kamar Mandi Dalam,Putri,Kecamatan Kedungwaru,0.0,Tidak,Tidak,Ya,Tidak,Ya,Ya,450000,https://mamikos.com/room/kost-kabupaten-tulungagung-kost-putri-murah-kost-nurfath-kamar-mandi-dalam-kedungwaru-tulungagung
Kabupaten Tulungagung,Kost Pak Rakidi,Campur,Tulungagung,0.0,Tidak,Ya,Ya,Tidak,Tidak,Ya,450000,https://mamikos.com/room/kost-kabupaten-tulungagung-kost-campur-murah-kost-pak-rakidi-tulungagung
Kabupaten Tulungagung,Kost Sky Garden 2 Tipe A,Campur,Kecamatan Tulungagung,0.0,Ya,Ya,Ya,Ya,Ya,Ya,1100000,https://mamikos.com/room/kost-kabupaten-tulungagung-kost-campur-eksklusif-kost-sky-garden-2-tipe-a-tulungagung--2
Kabupaten Tulungagung,Kost Barokah Indah Ketanon Tipe A,Campur,Kecamatan Kedungwaru,0.0,Tidak,Ya,Ya,Ya,Ya,Ya,600000,https://mamikos.com/room/kost-kabupaten-tulungagung-kost-campur-eksklusif-kost-barokah-indah-ketanon-tipe-a-kedungwaru-tulungagung
Kabupaten Tulungagung,Kost Srikandi,Putri,Boyolangu,0.0,Tidak,Tidak,Ya,Tidak,Tidak,Ya,550000,https://mamikos.com/room/kost-kabupaten-tulungagung-kost-putri-eksklusif-kost-srikandi-boyolangu-tulungagung
Kabupaten Tulungagung,Kost Bapak Hari,Campur,Boyolangu,0.0,Tidak,Tidak,Ya,Ya,Ya,Ya,450000,https://mamikos.com/room/kost-kabupaten-tulungagung-kost-campur-murah-kost-bapak-hari-boyolangu-tulungagung-2
Kabupaten Tulungagung,Kost Garden Home Stay Tipe A,Campur,Kecamatan Kedungwaru,0.0,Tidak,Tidak,Ya,Ya,Ya,Ya,500000,https://mamikos.com/room/kost-kabupaten-tulungagung-kost-campur-eksklusif-kost-garden-home-stay-tipe-a-kedungwaru-tulungagung
Kabupaten Tulungagung,Kost Titik Nol Tipe A,Campur,Kecamatan Boyolangu,0.0,Tidak,Ya,Ya,Tidak,Ya,Ya,750000,https://mamikos.com/room/kost-kabupaten-tulungagung-kost-campur-eksklusif-kost-titik-nol-tipe-a-boyolangu-tulungagung
Kabupaten Tulungagung,Kost Annisa 2 Non Ac,Putra,Tulungagung,0.0,Tidak,Ya,Ya,Ya,Tidak,Ya,500000,https://mamikos.com/room/kost-kabupaten-tulungagung-kost-putra-murah-kost-annisa-2-non-ac-tulungagung
Kabupaten Tulungagung,Kost Kostify Executive,Putra,Kecamatan Kedungwaru,0.0,Tidak,Tidak,Ya,Ya,Ya,Ya,1500000,https://mamikos.com/room/kost-kabupaten-tulungagung-kost-putra-eksklusif-kost-kostify-executive-kedungwaru-tulungagung
Kabupaten Tulungagung,Kost Nid House Tipe Cozy,Campur,Tulungagung,0.0,Ya,Tidak,Ya,Ya,Ya,Ya,1500000,https://mamikos.com/room/kost-tulungagung-kost-campur-eksklusif-kost-nid-house-tipe-cozy-tulungagung
Kabupaten Tulungagung,Kost Palapa Twin Bed Eco,Campur,Kecamatan Tulungagung,0.0,Tidak,Ya,Ya,Ya,Ya,Tidak,1800000,https://mamikos.com/room/kost-kabupaten-tulungagung-kost-campur-eksklusif-kost-palapa-twin-bed-eco-tulungagung-tulungagung
Kabupaten Tulungagung,Kost Siti Tipe A,Putri,Boyolangu,0.0,Tidak,Tidak,Ya,Tidak,Tidak,Ya,375000,https://mamikos.com/room/kost-kabupaten-tulungagung-kost-putri-murah-kost-siti-tipe-a-boyolangu-tulungagung-2
Kabupaten Tulungagung,Kost Rumah Oetie,Putri,Kecamatan Tulungagung,0.0,Tidak,Tidak,Ya,Ya,Tidak,Ya,450000,https://mamikos.com/room/kost-kabupaten-tulungagung-kost-putri-murah-kost-rumah-oetie-tulungagung
Kabupaten Tulungagung,Kost Griya Ona,Putri,Kecamatan Tulungagung,0.0,Ya,Ya,Ya,Ya,Tidak,Ya,1200000,https://mamikos.com/room/kost-kabupaten-tulungagung-kost-putri-eksklusif-kost-griya-ona-tulungagung
Kabupaten Tulungagung,Rumah Kontrakan Cavendish,Campur,Boyolangu,0.0,Ya,Ya,Tidak,Ya,Ya,Tidak,1200000,https://mamikos.com/room/kost-tulungagung-kost-campur-eksklusif-rumah-kontrakan-cavendish-boyolangu-tulungagung
Kabupaten Tulungagung,Kost Afifa Mandiri,Putri,Kecamatan Kedungwaru,0.0,Tidak,Tidak,Ya,Ya,Tidak,Ya,400000,https://mamikos.com/room/kost-kabupaten-tulungagung-kost-putri-murah-kost-afifa-mandiri-kedungwaru-tulungagung
Kabupaten Tulungagung,Kost Teduh Tipe Standard Room,Campur,Tulungagung,0.0,Ya,Ya,Ya,Ya,Ya,Tidak,1100000,https://mamikos.com/room/kost-tulungagung-kost-campur-eksklusif-kost-teduh-tipe-standard-room-tulungagung
Kabupaten Tulungagung,Kost Larasastra Tipe A,Putri,Kedungwaru,5.0,Tidak,Ya,Ya,Tidak,Ya,Ya,500000,https://mamikos.com/room/kost-tulungagung-kost-putri-murah-kost-larasastra-tipe-a-kedungwaru-tulungagung
Kabupaten Tulungagung,Kost Manda,Putri,Kecamatan Tulungagung,0.0,Tidak,Tidak,Ya,Ya,Tidak,Tidak,450000,https://mamikos.com/room/kost-kabupaten-tulungagung-kost-putri-murah-kost-manda-tulungagung-tulungagung
Kabupaten Tulungagung,Kost Havila Tipe Silver,Campur,Kecamatan Tulungagung,0.0,Ya,Ya,Ya,Ya,Ya,Ya,1400000,https://mamikos.com/room/kost-kabupaten-tulungagung-kost-campur-eksklusif-kost-havila-tipe-silver-tulungagung-tulungagung
Kabupaten Tulungagung,Kost Griya Athaya,Campur,Kecamatan Kedungwaru,0.0,Tidak,Tidak,Ya,Tidak,Ya,Ya,600000,https://mamikos.com/room/kost-kabupaten-tulungagung-kost-campur-murah-kost-griya-athaya-kedungwaru-tulungagung-2
Kabupaten Tulungagung,Kost Ekslusiv Tipe B,Putra,Boyolangu,0.0,Tidak,Ya,Ya,Tidak,Tidak,Tidak,350000,https://mamikos.com/room/kost-kabupaten-tulungagung-kost-putra-murah-kost-ekslusiv-tipe-b-boyolangu-tulungagung
Kabupaten Tulungagung,Kost Olive,Campur,Kecamatan Tulungagung,0.0,Tidak,Ya,Ya,Tidak,Ya,Ya,500000,https://mamikos.com/room/kost-kabupaten-tulungagung-kost-campur-murah-kost-olive-tulungagung-tulungagung
Kabupaten Tulungagung,Kost Bpk Agung,Putra,Kedungwaru,0.0,Tidak,Tidak,Ya,Tidak,Ya,Tidak,450000,https://mamikos.com/room/kost-tulungagung-kost-putra-murah-kost-bpk-agung-kedungwaru-tulungagung--1
Kabupaten Tulungagung,Kost Siti tipe B,Putri,Boyolangu,4.6,Tidak,Tidak,Ya,Ya,Tidak,Ya,400000,https://mamikos.com/room/kost-kabupaten-tulungagung-kost-putri-murah-kost-siti-tipe-b-boyolangu-tulungagung-2
Kabupaten Tulungagung,Kost Herlia Tipe Standar,Campur,Tulungagung,0.0,Tidak,Ya,Ya,Tidak,Tidak,Ya,370000,https://mamikos.com/room/kost-tulungagung-kost-campur-murah-kost-herlia-tipe-standar-tulungagung
Kabupaten Tulungagung,Kost Havila Tipe Green,Campur,Kecamatan Tulungagung,0.0,Ya,Ya,Ya,Ya,Ya,Ya,1800000,https://mamikos.com/room/kost-kabupaten-tulungagung-kost-campur-eksklusif-kost-havila-tipe-green-tulungagung-tulungagung-1
Kabupaten Tulungagung,Kost Gazebo Panggungrejo,Putri,Tulungagung,0.0,Tidak,Tidak,Ya,Tidak,Tidak,Tidak,450000,https://mamikos.com/room/kost-tulungagung-kost-putri-murah-kost-gazebo-panggungrejo-tulungagung
Kabupaten Tulungagung,Kost Qm Bago Jawa Timur,Putri,Kecamatan Tulungagung,0.0,Tidak,Ya,Ya,Tidak,Ya,Ya,600000,https://mamikos.com/room/kost-kabupaten-tulungagung-kost-putri-murah-kost-qm-bago-tulungagung-jawa-timur
Kabupaten Tulungagung,Kost Bu Lilies Tipe A,Campur,Kecamatan Tulungagung,0.0,Ya,Tidak,Ya,Ya,Ya,Ya,1200000,https://mamikos.com/room/kost-kabupaten-tulungagung-kost-campur-eksklusif-kost-bu-lilies-tulungagung-tulungagung-1
Kabupaten Tulungagung,Kost Azizah Tipe A,Putri,Boyolangu,5.0,Tidak,Tidak,Ya,Tidak,Tidak,Ya,450000,https://mamikos.com/room/kost-kabupaten-tulungagung-kost-putri-murah-kost-azizah-tipe-a-boyolangu-tulungagung
Kabupaten Tulungagung,Kost Senthong Ardien Tipe Atas,Campur,Boyolangu,0.0,Tidak,Ya,Ya,Tidak,Ya,Ya,475000,https://mamikos.com/room/kost-kabupaten-tulungagung-kost-campur-murah-kost-senthong-ardien-tipe-atas-boyolangu-tulungagung
Kabupaten Tulungagung,Kost Qm Tipe A,Campur,Kecamatan Tulungagung,0.0,Tidak,Ya,Ya,Tidak,Ya,Ya,700000,https://mamikos.com/room/kost-kabupaten-tulungagung-kost-campur-murah-kost-qm-tipe-a-tulungagung
Kabupaten Tulungagung,Kost Bu Lilies Tipe B,Campur,Kecamatan Tulungagung,0.0,Ya,Tidak,Tidak,Ya,Tidak,Tidak,1000000,https://mamikos.com/room/kost-kabupaten-tulungagung-kost-campur-eksklusif-kost-bu-lilies-tulungagung-tulungagung
Kabupaten Tulungagung,Kost Barokah Indah,Campur,Kecamatan Kedungwaru,0.0,Tidak,Ya,Ya,Ya,Ya,Ya,600000,https://mamikos.com/room/kost-kabupaten-tulungagung-kost-campur-murah-kost-barokah-indah-kedungwaru-tulungagung-1
Kabupaten Tulungagung,Kost Ekslusiv,Putra,Boyolangu,0.0,Tidak,Tidak,Ya,Tidak,Tidak,Ya,350000,https://mamikos.com/room/kost-tulungagung-kost-putra-murah-kost-ekslusiv-boyolangu-tulungagung-1
Kabupaten Tulungagung,Kost Bu Ten Ten Tipe A,Campur,Kecamatan Tulungagung,0.0,Tidak,Ya,Ya,Ya,Ya,Ya,500000,https://mamikos.com/room/kost-kabupaten-tulungagung-kost-campur-murah-kost-bu-ten-ten-tipe-a-tulungagung-tulungagung
Kabupaten Tulungagung,Kost Senthong Ardien Tipe Bawah,Campur,Boyolangu,0.0,Tidak,Ya,Ya,Tidak,Ya,Ya,550000,https://mamikos.com/room/kost-kabupaten-tulungagung-kost-campur-murah-kost-senthong-ardien-tipe-bawah-boyolangu-tulungagung
Kabupaten Tulungagung,Kost Pahlawan Vip,Campur,Kedungwaru,0.0,Ya,Ya,Ya,Ya,Ya,Tidak,700000,https://mamikos.com/room/kost-kabupaten-tulungagung-kost-campur-murah-kost-pahlawan-vip-kedungwaru-tulungagung-2
Kabupaten Tulungagung,Kost Pahlawan Tipe B,Campur,Kedungwaru,0.0,Tidak,Ya,Ya,Ya,Ya,Tidak,300000,https://mamikos.com/room/kost-kabupaten-tulungagung-kost-campur-murah-kost-pahlawan-tipe-b-kedungwaru-tulungagung
Kabupaten Tulungagung,Kost Griya Hikari,Campur,Kedungwaru,0.0,Tidak,Ya,Ya,Tidak,Ya,Ya,610000,https://mamikos.com/room/kost-kabupaten-tulungagung-kost-campur-murah-kost-griya-hikari-kedungwaru-tulungagung-2
Kabupaten Tulungagung,Kost Cavendish Tipe M,Campur,Kecamatan Boyolangu,0.0,Ya,Ya,Ya,Ya,Ya,Ya,1100000,https://mamikos.com/room/kost-kabupaten-tulungagung-kost-campur-eksklusif-kost-cavendish-tipe-m-boyolangu-tulungagung
Kabupaten Tulungagung,Kost Queena Tipe B,Campur,Kecamatan Tulungagung,0.0,Tidak,Ya,Ya,Ya,Ya,Ya,600000,https://mamikos.com/room/kost-kabupaten-tulungagung-kost-campur-eksklusif-kost-queena-tipe-b-tulungagung
Kabupaten Tulungagung,Kost Garden Plandaan,Campur,Kecamatan Kedungwaru,0.0,Ya,Ya,Ya,Ya,Tidak,Ya,600000,https://mamikos.com/room/kost-kabupaten-tulungagung-kost-campur-eksklusif-kost-garden-plandaan-kedungwaru-tulungagung
Kabupaten Tulungagung,Kost Distara,Putri,Kecamatan Tulungagung,0.0,Tidak,Tidak,Ya,Tidak,Ya,Ya,550000,https://mamikos.com/room/kost-kabupaten-tulungagung-kost-putri-murah-kost-distara-tulungagung
Kabupaten Tulungagung,Kost Hasil Bumi Homestay Standar,Campur,Kecamatan Tulungagung,0.0,Ya,Ya,Ya,Ya,Ya,Tidak,1100000,https://mamikos.com/room/kost-kabupaten-tulungagung-kost-campur-eksklusif-kost-hasil-bumi-homestay-standar-tulungagung-tulungagung-1
Kota Batu,Kost Dzaky Tipe B1,Putri,Batu,0.0,Tidak,Ya,Ya,Ya,Ya,Ya,600000,https://mamikos.com/room/kost-batu-kost-putri-murah-kost-dzaky-tipe-b1-batu-2
Kota Batu,Kost Tatakaka Tipe Eksklusif,Putri,Batu,0.0,Tidak,Ya,Ya,Tidak,Ya,Ya,700000,https://mamikos.com/room/kost-batu-kost-putri-murah-kost-tatakaka-tipe-eksklusif-batu
Kota Batu,Kost Sofyan,Putri,Batu,3.6,Tidak,Ya,Ya,Tidak,Tidak,Ya,450000,https://mamikos.com/room/kost-kota-batu-kost-putri-eksklusif-kost-sofyan-batu
Kota Batu,Kost Klub Bunga Jtp1 Tipe Standard,Campur,Batu,0.0,Tidak,Tidak,Ya,Ya,Ya,Ya,1850000,https://mamikos.com/room/kost-batu-kost-campur-eksklusif-kost-klub-bunga-jtp1-tipe-standard-batu-2
Kota Batu,Kost Kelud 115,Putri,Batu,0.0,Tidak,Ya,Ya,Tidak,Tidak,Ya,450000,https://mamikos.com/room/kost-kota-batu-kost-putri-eksklusif-kost-kelud-115-batu
Kota Batu,Kost Bu Farida Tipe 2,Putri,Batu,0.0,Tidak,Ya,Ya,Ya,Tidak,Ya,500000,https://mamikos.com/room/kost-kota-batu-kost-putri-eksklusif-kost-bu-farida-tipe-2-batu
Kota Batu,Kost Dzaky Tipe A,Putri,Batu,0.0,Tidak,Ya,Ya,Ya,Ya,Ya,600000,https://mamikos.com/room/kost-kota-batu-kost-putri-murah-kost-dzaky-tipe-a-batu-2
Kota Batu,Kost Bu Farida Tipe Ekonomi A,Putri,Kecamatan Batu,0.0,Tidak,Ya,Ya,Ya,Tidak,Ya,650000,https://mamikos.com/room/kost-kota-batu-kost-putri-murah-kost-bu-farida-tipe-ekonomi-a-batu
Kota Batu,Kost Bu Farida Tipe A,Putri,Batu,0.0,Tidak,Ya,Ya,Ya,Tidak,Ya,600000,https://mamikos.com/room/kost-kota-batu-kost-putri-eksklusif-kost-bu-farida-tipe-a-batu-batu
Kota Batu,Kost Dzaky Tipe D,Putri,Batu,0.0,Tidak,Ya,Ya,Ya,Ya,Ya,600000,https://mamikos.com/room/kost-kota-batu-kost-putri-murah-kost-dzaky-tipe-d-batu
Kota Batu,Kost Dzaky Tipe C,Putri,Batu,0.0,Tidak,Ya,Ya,Ya,Ya,Ya,600000,https://mamikos.com/room/kost-kota-batu-kost-putri-murah-kost-dzaky-tipe-c-batu
Kota Batu,Kost Wilis Tipe F,Putri,Batu,0.0,Tidak,Ya,Ya,Ya,Tidak,Ya,600000,https://mamikos.com/room/kost-batu-kost-putri-murah-kost-wilis-tipe-f-batu
Kota Batu,Kost Wilis Tipe D,Putri,Batu,0.0,Tidak,Ya,Ya,Ya,Tidak,Ya,800000,https://mamikos.com/room/kost-batu-kost-putri-murah-kost-wilis-tipe-d-batu
Kota Batu,Kost Wilis Tipe E,Putri,Batu,0.0,Tidak,Ya,Ya,Ya,Tidak,Ya,700000,https://mamikos.com/room/kost-batu-kost-putri-murah-kost-wilis-tipe-e-batu
Kota Batu,Kost Wilis Hj Puji Astutik Tipe C,Putri,Batu,0.0,Tidak,Ya,Ya,Ya,Tidak,Ya,600000,https://mamikos.com/room/kost-batu-kost-putri-murah-kost-wilis-hj-puji-astutik-tipe-c-batu-batu-1
Kota Batu,Kost Bu Ida,Campur,Batu,0.0,Tidak,Ya,Ya,Tidak,Ya,Tidak,500000,https://mamikos.com/room/kost-kota-batu-kost-campur-murah-kost-bu-ida-batu-batu
Kota Batu,Kost Arine,Campur,Batu,0.0,Tidak,Ya,Ya,Tidak,Ya,Ya,800000,https://mamikos.com/room/kost-batu-kost-campur-murah-kost-arine-batu
Kota Batu,Kost Lidwina Elly Tipe A,Putri,Batu,0.0,Tidak,Tidak,Ya,Ya,Tidak,Tidak,300000,https://mamikos.com/room/kost-kota-batu-kost-putri-murah-kost-lidwina-elly-tipe-a-batu
Kota Batu,Kost Tatakaka Tipe A,Putri,Kecamatan Batu,0.0,Tidak,Tidak,Ya,Tidak,Ya,Ya,750000,https://mamikos.com/room/kost-kota-batu-kost-putri-murah-kost-tatakaka-tipe-a-batu
Kota Batu,Kost Wilis Hj Puji Astutik Tipe A,Putri,Batu,0.0,Tidak,Tidak,Ya,Ya,Tidak,Ya,600000,https://mamikos.com/room/kost-batu-kost-putri-murah-kost-wilis-hj-puji-astutik-tipe-a-batu-malang-2
Kota Batu,Kost Wilis Hj Puji Astutik Tipe B,Putri,Batu,0.0,Tidak,Ya,Ya,Ya,Tidak,Ya,600000,https://mamikos.com/room/kost-batu-kost-putri-murah-kost-wilis-hj-puji-astutik-tipe-b-batu-batu
Kota Batu,Kost Sholihah Tipe A,Putri,Kecamatan Batu,0.0,Tidak,Ya,Ya,Ya,Tidak,Tidak,700000,https://mamikos.com/room/kost-kota-batu-kost-putri-murah-kost-sholihah-tipe-a-batu-batu
Kota Batu,Kost Omah Lor Tipe B,Putri,Bumiaji,0.0,Tidak,Ya,Ya,Tidak,Tidak,Ya,800000,https://mamikos.com/room/kost-batu-kost-putri-murah-kost-omah-lor-tipe-b-bumiaji-batu-2
Kota Batu,Kost Bu Kamto,Putri,Kecamatan Batu,0.0,Tidak,Ya,Ya,Ya,Tidak,Ya,600000,https://mamikos.com/room/kost-kota-batu-kost-putri-murah-kost-bu-kamto-batu-2
Kota Batu,Kost L Karate,Campur,Batu,0.0,Tidak,Ya,Ya,Ya,Ya,Ya,750000,https://mamikos.com/room/kost-kota-batu-kost-campur-murah-kost-l-karate-batu
Kota Batu,Kost Pak To Soto II,Campur,Batu,5.0,Tidak,Tidak,Ya,Tidak,Ya,Ya,550000,https://mamikos.com/room/kost-kota-batu-kost-campur-murah-kost-pak-to-soto-ii-batu-2
Kota Batu,Kost Muji Rahayu Guest House Tipe A,Campur,Batu,4.6,Tidak,Tidak,Ya,Tidak,Tidak,Ya,600000,https://mamikos.com/room/kost-kota-batu-kost-campur-eksklusif-kost-muji-rahayu-guest-house-tipe-a-batu
Kota Batu,Kost Ibu Titi 2 Malang,Campur,Batu,0.0,Tidak,Tidak,Ya,Tidak,Ya,Tidak,400000,https://mamikos.com/room/kost-batu-kost-campur-murah-kost-ibu-titi-2-batu-malang
Kota Batu,Kost Pondok Widodo,Putri,Kecamatan Batu,0.0,Tidak,Ya,Ya,Ya,Tidak,Ya,600000,https://mamikos.com/room/kost-kota-batu-kost-putri-murah-kost-pondok-widodo-batu
Kota Batu,Kost Murah Jatim Park 2 Tipe A,Campur,Kecamatan Batu,4.9,Tidak,Ya,Ya,Tidak,Ya,Tidak,650000,https://mamikos.com/room/kost-kota-batu-kost-campur-eksklusif-kost-murah-jatim-park-2-tipe-a-batu-2
Kota Batu,Kost Griya Syafa,Putri,Batu,0.0,Tidak,Ya,Ya,Tidak,Tidak,Ya,500000,https://mamikos.com/room/kost-kota-batu-kost-putri-murah-kost-griya-syafa-batu
Kota Batu,Kost Syariah Bumi Semeru Tipe B,Campur,Batu,0.0,Tidak,Ya,Ya,Ya,Ya,Ya,850000,https://mamikos.com/room/kost-kota-batu-kost-campur-eksklusif-kost-syariah-bumi-semeru-tipe-b-batu
Kota Batu,Kost Kota Wisata VIP,Campur,Batu,0.0,Tidak,Ya,Ya,Ya,Ya,Tidak,800000,https://mamikos.com/room/kost-kota-batu-kost-campur-murah-kost-kota-wisata-vip-batu-2
Kota Batu,Kost Omah Diran,Putri,Kecamatan Batu,0.0,Tidak,Ya,Ya,Ya,Tidak,Ya,800000,https://mamikos.com/room/kost-kota-batu-kost-putri-eksklusif-kost-omah-diran-batu-2
Kota Batu,Kost Griya Berkah Tipe Standar,Putri,Batu,0.0,Tidak,Tidak,Ya,Ya,Ya,Ya,800000,https://mamikos.com/room/kost-batu-kost-putri-murah-kost-griya-berkah-tipe-standar-batu
Kota Batu,Kost Omah Lor Tipe C,Putri,Bumiaji,0.0,Tidak,Ya,Ya,Tidak,Tidak,Ya,800000,https://mamikos.com/room/kost-batu-kost-putri-murah-kost-omah-lor-tipe-c-bumiaji-batu-2
Kota Batu,Kost Ibu Titi Tipe A,Campur,Batu,0.0,Tidak,Tidak,Ya,Ya,Tidak,Ya,500000,https://mamikos.com/room/kost-kota-batu-kost-campur-murah-kost-ibu-titi-tipe-a-batu
Kota Batu,Kost Heru Tipe A,Putri,Kecamatan Batu,0.0,Tidak,Ya,Ya,Ya,Tidak,Ya,750000,https://mamikos.com/room/kost-kota-batu-kost-putri-murah-kost-heru-tipe-a-batu
Kota Batu,Kost Syariah Bumi Semeru Tipe A,Campur,Batu,0.0,Tidak,Ya,Ya,Ya,Ya,Ya,850000,https://mamikos.com/room/kost-kota-batu-kost-campur-eksklusif-kost-syariah-bumi-semeru-tipe-a-batu
Kota Batu,Kost Griya Pinaring Tipe B,Campur,Batu,0.0,Tidak,Ya,Ya,Tidak,Ya,Ya,800000,https://mamikos.com/room/kost-kota-batu-kost-campur-eksklusif-kost-griya-pinaring-tipe-b-batu
Kota Batu,Kost Omah Lor Tipe D,Putri,Bumiaji,0.0,Tidak,Ya,Ya,Tidak,Tidak,Ya,800000,https://mamikos.com/room/kost-batu-kost-putri-murah-kost-omah-lor-tipe-d-bumiaji-batu-2
Kota Batu,Kost Omah Lor Tipe A,Putri,Bumiaji,0.0,Tidak,Ya,Ya,Tidak,Tidak,Ya,800000,https://mamikos.com/room/kost-batu-kost-putri-murah-kost-omah-lor-tipe-a-bumiaji-batu
Kota Batu,Kost Barokah Tipe A Kota,Putra,Batu,0.0,Tidak,Ya,Ya,Tidak,Tidak,Ya,400000,https://mamikos.com/room/kost-kota-batu-kost-putra-murah-kost-barokah-tipe-a-batu-kota-batu
Kota Batu,Kost Abah Heru Tipe A,Campur,Batu,5.0,Tidak,Ya,Ya,Ya,Tidak,Ya,620000,https://mamikos.com/room/kost-batu-kost-campur-eksklusif-kost-abah-heru-tipe-a-batu
Kota Batu,Kost Abah Heru Tipe B,Campur,Batu,0.0,Tidak,Ya,Ya,Ya,Tidak,Ya,600000,https://mamikos.com/room/kost-batu-kost-campur-eksklusif-kost-abah-heru-tipe-b-batu
Kota Batu,Kost Rivita Tipe A,Campur,Batu,0.0,Tidak,Tidak,Ya,Ya,Tidak,Ya,750000,https://mamikos.com/room/kost-kota-batu-kost-campur-eksklusif-kost-rivita-tipe-a-batu
Kota Batu,Kost Baru Inn Tipe B,Campur,Batu,0.0,Tidak,Ya,Ya,Ya,Ya,Ya,1800000,https://mamikos.com/room/kost-batu-kost-campur-eksklusif-kost-baru-inn-tipe-b-batu-malang--1
Kota Batu,Kost Bplastik Single,Putri,Kecamatan Batu,0.0,Tidak,Ya,Ya,Tidak,Tidak,Ya,500000,https://mamikos.com/room/kost-kota-batu-kost-putri-murah-kost-bplastik-single-batu-batu
Kota Batu,Kost Gendis Tipe A,Campur,Kecamatan Batu,0.0,Tidak,Ya,Ya,Tidak,Tidak,Ya,550000,https://mamikos.com/room/kost-kota-batu-kost-campur-murah-kost-gendis-tipe-a-batu
Kota Batu,Kost Adikurniawanto,Putra,Kecamatan Batu,0.0,Tidak,Ya,Ya,Ya,Ya,Ya,600000,https://mamikos.com/room/kost-kota-batu-kost-putra-murah-kost-adikurniawanto-batu-batu
Kota Batu,Kost Dhifa,Campur,Kecamatan Batu,0.0,Tidak,Ya,Ya,Tidak,Ya,Ya,715000,https://mamikos.com/room/kost-kota-batu-kost-campur-eksklusif-kost-dhifa-batu
Kota Batu,Kost Bu Rini,Campur,Kecamatan Batu,0.0,Tidak,Ya,Ya,Tidak,Tidak,Tidak,700000,https://mamikos.com/room/kost-kota-batu-kost-campur-murah-kost-bu-rini-batu
Kota Batu,Kost Wahana,Putra,Kecamatan Batu,0.0,Tidak,Tidak,Ya,Tidak,Tidak,Tidak,500000,https://mamikos.com/room/kost-kota-batu-kost-putra-murah-kost-wahana-batu
Kota Batu,Kost Silvia Tipe A,Putri,Kecamatan Batu,0.0,Tidak,Ya,Ya,Ya,Tidak,Ya,750000,https://mamikos.com/room/kost-kota-batu-kost-putri-murah-kost-silvia-tipe-a-batu
Kota Batu,Kost Satita Tipe A1,Campur,Batu,0.0,Tidak,Ya,Ya,Ya,Tidak,Ya,600000,https://mamikos.com/room/kost-kota-batu-kost-campur-murah-kost-satita-tipe-a1-batu
Kota Batu,Kost Irfan Tipe A,Campur,Kecamatan Batu,0.0,Tidak,Ya,Ya,Tidak,Ya,Ya,700000,https://mamikos.com/room/kost-kota-batu-kost-campur-murah-kost-irfan-tipe-a-batu-2
Kota Batu,Kost Effendi 2,Campur,Kecamatan Batu,0.0,Tidak,Ya,Ya,Tidak,Ya,Ya,500000,https://mamikos.com/room/kost-kota-batu-kost-campur-murah-kost-effendi-2-batu
Kota Batu,Kost Indy Milladia Tipe A,Putri,Batu,0.0,Tidak,Ya,Ya,Tidak,Tidak,Ya,550000,https://mamikos.com/room/kost-kota-batu-kost-putri-murah-kost-indy-milladia-tipe-a-batu
Kota Batu,Kost Abinaya,Campur,Batu,0.0,Tidak,Ya,Ya,Tidak,Ya,Ya,900000,https://mamikos.com/room/kost-kota-batu-kost-campur-murah-kost-abinaya-batu--2
Kota Batu,Kost Dipo 78,Putri,Kecamatan Batu,0.0,Tidak,Ya,Ya,Ya,Ya,Ya,600000,https://mamikos.com/room/kost-kota-batu-kost-putri-murah-kost-dipo-78-batu
Kota Batu,Kost Wilis Tipe B Malang,Putri,Batu,0.0,Tidak,Tidak,Ya,Ya,Tidak,Tidak,800000,https://mamikos.com/room/kost-malang-kost-putri-murah-kost-wilis-iv-no-1-tipe-b-batu-malang
Kota Batu,Kost Tutun,Putri,Kecamatan Batu,0.0,Tidak,Ya,Ya,Tidak,Tidak,Ya,450000,https://mamikos.com/room/kost-kota-batu-kost-putri-murah-kost-tutun-batu-batu
Kota Batu,Kost R3 F Tipe A,Putri,Kecamatan Batu,0.0,Tidak,Tidak,Ya,Tidak,Ya,Tidak,750000,https://mamikos.com/room/kost-kota-batu-kost-putri-murah-kost-r3-f-tipe-a-batu
Kota Batu,Kost My Vila Tipe A,Putri,Kecamatan Batu,0.0,Tidak,Ya,Ya,Tidak,Tidak,Ya,600000,https://mamikos.com/room/kost-kota-batu-kost-putri-eksklusif-kost-my-vila-tipe-a-batu
Kota Batu,Kost Izzah 1,Campur,Kecamatan Batu,0.0,Tidak,Tidak,Ya,Tidak,Tidak,Tidak,500000,https://mamikos.com/room/kost-kota-batu-kost-campur-murah-kost-izzah-1-batu
Kota Batu,Kost L Karate,Campur,Batu,0.0,Tidak,Ya,Ya,Ya,Ya,Ya,750000,https://mamikos.com/room/kost-kota-batu-kost-campur-murah-kost-l-karate-batu-batu-1
Kota Batu,Kost Omah Lesti Tipe A,Putri,Batu,0.0,Tidak,Ya,Ya,Tidak,Ya,Ya,600000,https://mamikos.com/room/kost-kota-batu-kost-putri-murah-kost-omah-lesti-tipe-a-batu-batu
Kota Batu,Kost Syabita Tipe A,Campur,Batu,0.0,Tidak,Ya,Ya,Tidak,Tidak,Ya,500000,https://mamikos.com/room/kost-batu-kost-campur-murah-kost-syabita-tipe-a-batu-malang
Kota Batu,Kost Ezra,Putri,Batu,0.0,Tidak,Tidak,Ya,Ya,Tidak,Ya,600000,https://mamikos.com/room/kost-batu-kost-putri-murah-kost-ezra-batu
Kota Batu,Kost Gang Kuslem Lahor,Putri,Kecamatan Batu,0.0,Tidak,Tidak,Ya,Tidak,Ya,Ya,800000,https://mamikos.com/room/kost-kota-batu-kost-putri-murah-kost-gang-kuslem-lahor-batu
Kota Batu,Kost Effendi Tipe A,Campur,Kecamatan Batu,0.0,Tidak,Ya,Tidak,Ya,Tidak,Ya,500000,https://mamikos.com/room/kost-kota-batu-kost-campur-murah-kost-effendi-tipe-a-batu
Kota Batu,Kost Bu Sih,Putri,Kecamatan Batu,0.0,Tidak,Ya,Ya,Tidak,Tidak,Ya,650000,https://mamikos.com/room/kost-kota-batu-kost-putri-murah-kost-bu-sih-batu-batu-2
Kota Batu,Kost Kauman Tipe A,Campur,Kecamatan Batu,0.0,Tidak,Tidak,Tidak,Ya,Ya,Tidak,500000,https://mamikos.com/room/kost-kota-batu-kost-campur-murah-kost-kauman-kota-batu-tipe-a-batu-batu-2
Kota Batu,Kost Yanuar,Putri,Batu,0.0,Tidak,Tidak,Ya,Tidak,Tidak,Tidak,500000,https://mamikos.com/room/kost-kota-batu-kost-putri-murah-kost-yanuar-batu-batu-1
Kota Batu,Kost Irfan Tipe B,Campur,Kecamatan Batu,0.0,Tidak,Ya,Ya,Tidak,Ya,Ya,700000,https://mamikos.com/room/kost-kota-batu-kost-campur-murah-kost-irfan-tipe-b-batu
Kota Batu,Kost Rifdah,Campur,Batu,0.0,Tidak,Tidak,Ya,Ya,Tidak,Ya,500000,https://mamikos.com/room/kost-kota-batu-kost-campur-murah-kost-rifdah-batu
Kota Batu,Kost Wardah,Putri,Batu,0.0,Tidak,Ya,Ya,Tidak,Tidak,Tidak,750000,https://mamikos.com/room/kost-kota-batu-kost-putri-eksklusif-kost-wardah-batu-1
Kota Batu,Kost Pak Pandi Jatimpark 2,Campur,Kecamatan Batu,0.0,Tidak,Ya,Ya,Ya,Tidak,Ya,425000,https://mamikos.com/room/kost-kota-batu-kost-campur-eksklusif-kost-pak-pandi-jatimpark-2-batu
Kota Batu,Kost BAJ Lahor,Putri,Batu,0.0,Tidak,Tidak,Ya,Ya,Tidak,Ya,600000,https://mamikos.com/room/kost-batu-kost-putri-murah-kost-baj-lahor-batu-batu
Kota Batu,Kost Izza Jatim Park 2 Tipe A,Putri,Batu,0.0,Tidak,Ya,Ya,Tidak,Tidak,Ya,500000,https://mamikos.com/room/kost-kota-batu-kost-putri-murah-kost-izza-jatim-park-2-tipe-a-batu-batu-1
Kota Batu,Kost Syariah Dewi Sartika Tipe B,Campur,Batu,0.0,Tidak,Ya,Ya,Tidak,Ya,Ya,500000,https://mamikos.com/room/kost-batu-kost-campur-murah-kost-syariah-dewi-sartika-tipe-b-batu
Kota Batu,Kost Rivita Tipe B,Campur,Batu,0.0,Tidak,Tidak,Ya,Ya,Tidak,Ya,750000,https://mamikos.com/room/kost-kota-batu-kost-campur-eksklusif-kost-rivita-tipe-b-batu
Kota Batu,Kost Ibu Maria,Putra,Batu,0.0,Tidak,Tidak,Ya,Tidak,Tidak,Tidak,300000,https://mamikos.com/room/kost-batu-kost-putra-murah-kost-ibu-maria-batu-malang
Kota Batu,Kost Bplastik Double,Putri,Kecamatan Batu,0.0,Tidak,Ya,Tidak,Tidak,Tidak,Ya,700000,https://mamikos.com/room/kost-kota-batu-kost-putri-murah-kost-bplastik-double-batu
Kota Batu,Kost Bu Nur Tipe B,Putra,Batu,0.0,Tidak,Tidak,Ya,Ya,Tidak,Tidak,550000,https://mamikos.com/room/kost-kota-batu-kost-putra-murah-kost-bu-nur-tipe-b-batu-batu
Kota Batu,Kost Pak Yani,Campur,Batu,0.0,Tidak,Ya,Ya,Tidak,Tidak,Tidak,550000,https://mamikos.com/room/kost-batu-kost-campur-murah-kost-pak-yani-batu
Kota Batu,Kost Pak Syari Tipe B,Campur,Batu,0.0,Tidak,Ya,Ya,Tidak,Tidak,Tidak,400000,https://mamikos.com/room/kost-kota-batu-kost-campur-murah-kost-pak-syari-tipe-b-batu-batu
Kota Batu,Kost Samadi Tipe B,Putri,Batu,0.0,Tidak,Tidak,Ya,Ya,Ya,Ya,500000,https://mamikos.com/room/kost-kota-batu-kost-putri-murah-kost-samadi-tipe-b-batu-batu
Kota Batu,Kost Samadi Tipe D,Putri,Batu,4.1,Tidak,Tidak,Ya,Ya,Ya,Ya,700000,https://mamikos.com/room/kost-kota-batu-kost-putri-murah-kost-samadi-tipe-d-batu-batu
Kota Batu,Kost Wilis Tipe A Malang,Putri,Batu,4.1,Tidak,Tidak,Ya,Tidak,Tidak,Tidak,550000,https://mamikos.com/room/kost-malang-kost-putri-murah-kost-wilis-iv-no-1-tipe-a-batu-malang-1
Kota Batu,Kost Mahmudah,Campur,Batu,0.0,Tidak,Ya,Ya,Ya,Ya,Ya,800000,https://mamikos.com/room/kost-batu-kost-campur-murah-kost-mahmudah-batu
Kota Batu,Kost April Tipe A,Putri,Kecamatan Batu,0.0,Tidak,Tidak,Ya,Ya,Tidak,Ya,699998,https://mamikos.com/room/kost-kota-batu-kost-putri-murah-kost-april-tipe-a-batu
Kota Batu,Kost Samadi Tipe A,Putri,Batu,4.5,Tidak,Tidak,Ya,Ya,Tidak,Ya,400000,https://mamikos.com/room/kost-kost-putri-eksklusif-kost-samadi-batu
Kota Batu,Kost Dila Tipe A,Putri,Kecamatan Batu,0.0,Tidak,Tidak,Ya,Ya,Tidak,Tidak,700000,https://mamikos.com/room/kost-kota-batu-kost-putri-murah-kost-dila-tipe-a-batu-2
Kota Batu,Kost Kimber Living Exclusive,Putri,Batu,0.0,Tidak,Ya,Ya,Ya,Ya,Tidak,985000,https://mamikos.com/room/kost-kota-batu-kost-putri-murah-kost-kimber-living-exclusive-batu-batu-2
Kota Batu,Kost Bedjo Dalam Satu Sembilan VVIP,Putri,Batu,0.0,Tidak,Ya,Ya,Ya,Ya,Ya,850000,https://mamikos.com/room/kost-kota-batu-kost-putri-murah-kost-bedjo-dalam-satu-sembilan-vvip-batu
Kota Batu,Kost Omah Berkah Tipe A,Putri,Kecamatan Batu,0.0,Tidak,Ya,Ya,Ya,Ya,Ya,750000,https://mamikos.com/room/kost-kota-batu-kost-putri-murah-kost-omah-berkah-tipe-a-batu-batu
Kota Batu,Kost Dapur Te Uni,Campur,Kecamatan Batu,0.0,Tidak,Tidak,Ya,Tidak,Ya,Tidak,750000,https://mamikos.com/room/kost-kota-batu-kost-campur-murah-kost-dapur-te-uni-batu-batu
Kota Batu,Kost Pak Syari Tipe A,Campur,Batu,0.0,Tidak,Ya,Ya,Tidak,Tidak,Tidak,350000,https://mamikos.com/room/kost-kota-batu-kost-campur-murah-kost-pak-syari-tipe-a-batu-batu
Kota Batu,Kost Bu Nur Tipe A,Putra,Kecamatan Batu,0.0,Tidak,Tidak,Ya,Ya,Tidak,Tidak,350000,https://mamikos.com/room/kost-kota-batu-kost-putra-murah-kost-bu-nur-tipe-a-batu-batu-1
Kota Batu,Kost Pak Gondrong,Campur,Kecamatan Batu,0.0,Tidak,Ya,Tidak,Tidak,Ya,Tidak,550000,https://mamikos.com/room/kost-kota-batu-kost-campur-murah-kost-pak-gondrong-batu
Kota Batu,Kost Afiasari,Putra,Batu,3.8,Tidak,Tidak,Ya,Ya,Ya,Tidak,500000,https://mamikos.com/room/kost-batu-kost-putra-murah-kost-afiasari-batu-malang
Kota Batu,Kost Asti Malang,Campur,Batu,0.0,Tidak,Tidak,Ya,Tidak,Tidak,Tidak,350000,https://mamikos.com/room/kost-kota-batu-kost-campur-murah-kost-asti-batu-malang
Kota Batu,Kost Rivita Tipe C,Campur,Batu,0.0,Tidak,Tidak,Ya,Ya,Tidak,Ya,750000,https://mamikos.com/room/kost-kota-batu-kost-campur-eksklusif-kost-rivita-tipe-c-batu-batu-2
Kota Batu,Kost Syariah Dewi Sartika Tipe A,Campur,Batu,0.0,Tidak,Ya,Ya,Tidak,Tidak,Ya,400000,https://mamikos.com/room/kost-batu-kost-campur-murah-kost-syariah-dewi-sartika-tipe-a-batu
Kota Batu,Kost April Tipe B,Putri,Kecamatan Batu,0.0,Tidak,Tidak,Ya,Ya,Tidak,Ya,650000,https://mamikos.com/room/kost-kota-batu-kost-putri-murah-kost-april-tipe-b-batu
Kota Batu,Kost Levina Tipe A,Putri,Kecamatan Batu,0.0,Tidak,Ya,Ya,Ya,Ya,Ya,800000,https://mamikos.com/room/kost-kota-batu-kost-putri-murah-kost-levina-tipe-a-batu
Kota Batu,Kost Barokah Tipe B Kota,Putra,Batu,0.0,Tidak,Ya,Ya,Tidak,Tidak,Ya,450000,https://mamikos.com/room/kost-kota-batu-kost-putra-murah-kost-barokah-tipe-b-batu-kota-batu
Kota Batu,Kost Griyakita I Tipe A,Campur,Kecamatan Batu,0.0,Tidak,Tidak,Ya,Tidak,Tidak,Ya,600000,https://mamikos.com/room/kost-kota-batu-kost-campur-murah-kost-griyakita-i-tipe-a-batu-batu-2
Kota Batu,Kost Bedjo Dalam Satu Sembilan VIP,Putri,Batu,0.0,Tidak,Ya,Ya,Ya,Ya,Ya,750000,https://mamikos.com/room/kost-kota-batu-kost-putri-murah-kost-bedjo-dalam-satu-sembilan-vip-batu-batu-2
Kota Batu,Kost Mubi Tipe B,Campur,Batu,0.0,Tidak,Ya,Ya,Tidak,Ya,Ya,500000,https://mamikos.com/room/kost-kota-batu-kost-campur-murah-kost-mubi-tipe-b-batu-batu
Kota Batu,Kost Mubi Tipe A,Campur,Batu,0.0,Tidak,Ya,Ya,Tidak,Ya,Ya,400000,https://mamikos.com/room/kost-kota-batu-kost-campur-murah-kost-mubi-tipe-a-batu-batu
Kota Batu,Kost Samadi Tipe C,Putri,Batu,0.0,Tidak,Tidak,Ya,Ya,Ya,Ya,600000,https://mamikos.com/room/kost-kota-batu-kost-putri-murah-kost-samadi-tipe-c-batu-batu
Kota Batu,Kost Rumah Ceria,Campur,Kecamatan Batu,0.0,Tidak,Tidak,Ya,Ya,Tidak,Ya,450000,https://mamikos.com/room/kost-kota-batu-kost-campur-murah-kost-rumah-ceria-batu-batu
Kota Batu,Kost Omah Lesti,Campur,Batu,0.0,Tidak,Ya,Ya,Tidak,Tidak,Ya,500000,https://mamikos.com/room/kost-kota-batu-kost-campur-murah-kost-omah-lesti-batu-batu-1
Kota Batu,Kost Baru Inn Tipe A,Campur,Batu,0.0,Tidak,Ya,Ya,Ya,Ya,Ya,1500000,https://mamikos.com/room/kost-batu-kost-campur-eksklusif-kost-baru-inn-tipe-a-batu-malang-
Kota Batu,Kost Syabita Tipe B,Campur,Batu,0.0,Tidak,Ya,Ya,Ya,Ya,Ya,600000,https://mamikos.com/room/kost-batu-kost-campur-murah-kost-syabita-tipe-b-batu-malang
Kota Blitar,Kost Sekartaji Tipe A,Putri,Kecamatan Sananwetan,0.0,Tidak,Tidak,Ya,Tidak,Ya,Ya,500000,https://mamikos.com/room/kost-kota-blitar-kost-putri-murah-kost-sekartaji-tipe-a-sananwetan-blitar
Kota Blitar,Kost Pondok Tea,Campur,Sananwetan,0.0,Ya,Ya,Ya,Ya,Ya,Ya,1500000,https://mamikos.com/room/kost-blitar-kost-campur-eksklusif-kost-pondok-tea-sananwetan-blitar-1
Kota Blitar,Kost Bu Atik,Putra,Sananwetan,0.0,Tidak,Ya,Ya,Ya,Ya,Ya,350000,https://mamikos.com/room/kost-kota-blitar-kost-putra-murah-kost-bu-atik-sananwetan-blitar-2
Kota Blitar,Kost Pondok Tea 2 Tipe VIP,Putri,Kecamatan Sananwetan,0.0,Ya,Ya,Ya,Ya,Ya,Ya,950000,https://mamikos.com/room/kost-kota-blitar-kost-putri-murah-kost-pondok-tea-2-tipe-vip-sananwetan-blitar
Kota Blitar,Kost Ki Ageng Tipe A,Campur,Kecamatan Kanigoro,0.0,Tidak,Ya,Ya,Ya,Tidak,Ya,500000,https://mamikos.com/room/kost-kabupaten-blitar-kost-campur-murah-kost-ki-ageng-tipe-a-kanigoro-blitar-2
Kota Blitar,Kost Al Ghani Tipe B,Putri,Kecamatan Kanigoro,0.0,Ya,Ya,Ya,Ya,Ya,Ya,900000,https://mamikos.com/room/kost-kabupaten-blitar-kost-putri-murah-kost-al-ghani-tipe-b-kanigoro-blitar
Kota Blitar,Kost Al Ghani Tipe A,Putri,Kecamatan Kanigoro,0.0,Tidak,Ya,Ya,Ya,Ya,Ya,650000,https://mamikos.com/room/kost-kabupaten-blitar-kost-putri-murah-kost-al-ghani-tipe-a-kanigoro-blitar-2
Kota Blitar,Kost Tuti 1 Tipe Biasa,Putra,Kepanjen Kidul,0.0,Tidak,Tidak,Ya,Ya,Tidak,Ya,850000,https://mamikos.com/room/kost-kota-blitar-kost-putra-murah-kost-tuti-1-tipe-biasa-kepanjen-kidul-blitar-2
Kota Blitar,Kost Istana Presiden Tipe A,Putri,Kecamatan Sukorejo,4.6,Tidak,Tidak,Ya,Tidak,Tidak,Ya,625000,https://mamikos.com/room/kost-kota-blitar-kost-putri-murah-kost-istana-presiden-tipe-a-sukorejo-blitar
Kota Blitar,Kost Kavaya Tipe A,Campur,Kecamatan Sukorejo,0.0,Tidak,Ya,Ya,Tidak,Ya,Ya,700000,https://mamikos.com/room/kost-kota-blitar-kost-campur-murah-kost-kavaya-tipe-a-sukorejo-blitar-2
Kota Blitar,Kost Nv Tipe B,Putra,Kecamatan Sananwetan,0.0,Tidak,Ya,Ya,Ya,Tidak,Ya,325000,https://mamikos.com/room/kost-kota-blitar-kost-putra-murah-kost-nv-tipe-b-sananwetan-blitar-2
Kota Blitar,Kost Nav Tipe A,Putra,Sananwetan,0.0,Tidak,Ya,Ya,Ya,Tidak,Ya,350000,https://mamikos.com/room/kost-kota-blitar-kost-putra-murah-kost-nav-tipe-a-sananwetan-blitar
Kota Blitar,Kost Rumah Pondok Asri,Campur,Kecamatan Sananwetan,0.0,Tidak,Ya,Ya,Tidak,Tidak,Tidak,300000,https://mamikos.com/room/kost-kota-blitar-kost-campur-murah-kost-rumah-pondok-asri-sananwetan-blitar-2
Kota Blitar,Kost Floryn Tipe A,Putri,Kecamatan Kepanjenkidul,0.0,Tidak,Ya,Ya,Tidak,Tidak,Ya,500000,https://mamikos.com/room/kost-kota-blitar-kost-putri-murah-kost-floryn-tipe-a-kepanjenkidul-blitar-2
Kota Blitar,Kost Basuki 2 Tipe A,Putra,Sananwetan,0.0,Tidak,Ya,Ya,Tidak,Tidak,Ya,400000,https://mamikos.com/room/kost-kota-blitar-kost-putra-murah-kost-basuki-2-tipe-a-sananwetan-blitar-2
Kota Blitar,Kost Aisyah 2 Tipe A,Putri,Sananwetan,0.0,Tidak,Tidak,Ya,Tidak,Ya,Ya,600000,https://mamikos.com/room/kost-kota-blitar-kost-putri-murah-kost-aisyah-2-tipe-a-sananwetan-blitar-2
Kota Blitar,Kost Hayati,Campur,Kecamatan Sananwetan,0.0,Tidak,Ya,Ya,Tidak,Ya,Ya,450000,https://mamikos.com/room/kost-kota-blitar-kost-putri-murah-kost-hayati-sananwetan-blitar
Kota Blitar,Kost Purnomo,Putra,Sananwetan,0.0,Ya,Tidak,Ya,Ya,Ya,Ya,1500000,https://mamikos.com/room/kost-blitar-kost-putra-eksklusif-kost-purnomo-sananwetan-blitar
Kota Blitar,Kost Indah Tipe B,Campur,Kepanjenkidul,5.0,Tidak,Tidak,Tidak,Tidak,Tidak,Tidak,850000,https://mamikos.com/room/kost-blitar-kost-campur-murah-kost-indah-kepanjenkidul-blitar
Kota Blitar,Kost Alvara Tipe B,Campur,Kecamatan Sukorejo,0.0,Tidak,Ya,Ya,Tidak,Ya,Ya,750000,https://mamikos.com/room/kost-kota-blitar-kost-campur-murah-kost-alvara-tipe-b-sukorejo-blitar-2
Kota Blitar,Kost Alvara Tipe A,Campur,Sukorejo,0.0,Ya,Ya,Ya,Ya,Ya,Ya,1200000,https://mamikos.com/room/kost-blitar-kost-campur-eksklusif-kost-alvara-tipe-a-sukorejo-blitar
Kota Blitar,Kost Heny 2 Tipe Standar,Putri,Sukorejo,0.0,Tidak,Ya,Ya,Tidak,Ya,Ya,450000,https://mamikos.com/room/kost-blitar-kost-putri-murah-kost-heny-2-tipe-standar-sukorejo-blitar-2
Kota Blitar,Kost Indah Tipe A,Campur,Kepanjenkidul,5.0,Tidak,Tidak,Tidak,Tidak,Tidak,Tidak,1650000,https://mamikos.com/room/kost-blitar-kost-campur-eksklusif-kost-indah-blitar-kepanjenkidul-blitar
Kota Blitar,Kost Basuki 1 Tipe A,Putri,Kecamatan Sananwetan,0.0,Tidak,Ya,Ya,Tidak,Tidak,Ya,400000,https://mamikos.com/room/kost-kota-blitar-kost-campur-murah-kost-basuki-1-tipe-a-sananwetan-blitar
Kota Blitar,Kost Secret Garden,Putra,Kecamatan Kepanjenkidul,0.0,Tidak,Ya,Ya,Tidak,Ya,Tidak,300000,https://mamikos.com/room/kost-kota-blitar-kost-putra-murah-kost-secret-garden-kepanjenkidul-blitar-2
Kota Blitar,Kost Winda Ayu Tipe A,Putri,Kecamatan Sukorejo,0.0,Tidak,Ya,Ya,Tidak,Ya,Ya,375000,https://mamikos.com/room/kost-kota-blitar-kost-putri-murah-kos-winda-ayu-k-mandi-dalam-k-mandi-luar-sukorejo-blitar-2
Kota Blitar,Kost Rahayu VVIP,Putri,Kecamatan Sananwetan,0.0,Ya,Tidak,Ya,Tidak,Ya,Ya,1550000,https://mamikos.com/room/kost-kota-blitar-kost-putri-eksklusif-kost-rahayu-vvip-sananwetan-blitar-2
Kota Blitar,Kost Singkep Boardinghouse,Campur,Kecamatan Sananwetan,0.0,Tidak,Ya,Ya,Ya,Ya,Ya,800000,https://mamikos.com/room/kost-kota-blitar-kost-campur-murah-kost-singkep-boardinghouse-sananwetan-blitar
Kota Blitar,Kost Cemara Tipe B,Campur,Sukorejo,0.0,Tidak,Ya,Ya,Tidak,Ya,Ya,600000,https://mamikos.com/room/kost-kota-blitar-kost-campur-murah-kost-cemara-type-b-sukorejo-blitar
Kota Blitar,Kost Exclusive Permata Bunaken Exclusive Tipe A,Putri,Sananwetan,0.0,Ya,Ya,Ya,Ya,Ya,Ya,1650000,https://mamikos.com/room/kost-kota-blitar-kost-putri-eksklusif-kost-exclusive-permata-bunaken-exclusive-tipe-a-sananwetan-blitar-2
Kota Blitar,Kost VV 1,Putri,Sananwetan,5.0,Tidak,Ya,Ya,Tidak,Ya,Ya,550000,https://mamikos.com/room/kost-blitar-kost-putri-murah-kost-vv-1-sananwetan-blitar-1
Kota Blitar,Kost Cemara Tipe A,Campur,Sukorejo,0.0,Tidak,Ya,Ya,Tidak,Ya,Ya,650000,https://mamikos.com/room/kost-kota-blitar-kost-campur-murah-kost-cemara-type-a-sukorejo-blitar-1
Kota Blitar,Kost Sudarmi,Putri,Sananwetan,0.0,Tidak,Ya,Ya,Tidak,Ya,Ya,500000,https://mamikos.com/room/kost-blitar-kost-putri-murah-kost-sudarmi-sananwetan-blitar
Kota Blitar,Kost Wafirah Tipe A,Putri,Sananwetan,5.0,Tidak,Ya,Ya,Ya,Ya,Ya,700000,https://mamikos.com/room/kost-kota-blitar-kost-putri-murah-kost-wafirah-tipe-a-sananwetan-blitar
Kota Blitar,Kost Roemah Sas Tipe A,Putri,Kecamatan Sananwetan,0.0,Ya,Ya,Ya,Ya,Ya,Ya,1100000,https://mamikos.com/room/kost-kota-blitar-kost-putri-eksklusif-kost-roemah-sas-tipe-a-sananwetan-blitar
Kota Blitar,Kost Vv 4,Putri,Kecamatan Sananwetan,0.0,Tidak,Ya,Ya,Ya,Ya,Ya,550000,https://mamikos.com/room/kost-kota-blitar-kost-putri-murah-kost-vv-4-sananwetan-blitar-1
Kota Blitar,Kost Cemara Tanjung Sari Tipe A,Campur,Kecamatan Sukorejo,0.0,Tidak,Ya,Ya,Tidak,Ya,Ya,700000,https://mamikos.com/room/kost-kota-blitar-kost-campur-murah-kost-cemara-tanjung-sari-tipe-a-sukorejo-blitar
Kota Blitar,Kost Alfia Tipe B,Putri,Kanigoro,0.0,Tidak,Ya,Ya,Ya,Ya,Ya,550000,https://mamikos.com/room/kost-kabupaten-blitar-kost-putri-murah-kost-alfia-tipe-b-kanigoro-blitar
Kota Blitar,Kost Heri,Putra,Sananwetan,0.0,Tidak,Ya,Ya,Tidak,Tidak,Ya,380000,https://mamikos.com/room/kost-blitar-kost-putra-murah-kost-heri-sananwetan-blitar-2
Kota Blitar,Kost Citra,Campur,Kecamatan Sananwetan,0.0,Ya,Ya,Ya,Tidak,Ya,Ya,1105000,https://mamikos.com/room/kost-kota-blitar-kost-campur-eksklusif-kost-citra-sananwetan-blitar
Kota Blitar,Kost Sekartaji,Putri,Kecamatan Sananwetan,0.0,Tidak,Tidak,Ya,Tidak,Ya,Ya,750000,https://mamikos.com/room/kost-kota-blitar-kost-putri-murah-kost-sekartaji-sananwetan-blitar-1
Kota Blitar,Kost Warna Tipe A,Campur,Kecamatan Kepanjenkidul,0.0,Tidak,Tidak,Ya,Tidak,Ya,Ya,500000,https://mamikos.com/room/kost-kota-blitar-kost-campur-murah-kost-warna-tipe-a-kepanjenkidul-blitar
Kota Blitar,Kost Betah,Campur,Sukorejo,0.0,Tidak,Tidak,Ya,Tidak,Ya,Ya,550000,https://mamikos.com/room/kost-blitar-kost-campur-murah-kost-betah-sukorejo-blitar
Kota Blitar,Kost Ibu Hj Hesti,Putri,Kepanjenkidul,0.0,Tidak,Ya,Ya,Tidak,Tidak,Tidak,425000,https://mamikos.com/room/kost-blitar-kost-putri-murah-kost-ibu-hj-hesti-kepanjenkidul-blitar
Kota Blitar,Kost Budi Asri Jl Ploso,Campur,Kecamatan Sananwetan,0.0,Tidak,Ya,Ya,Ya,Ya,Tidak,400000,https://mamikos.com/room/kost-kota-blitar-kost-campur-murah-kost-budi-asri-jl-ploso-sananwetan-blitar
Kota Blitar,Kost Pakk Be Tipe B,Putri,Kecamatan Sananwetan,0.0,Tidak,Tidak,Ya,Ya,Ya,Ya,650000,https://mamikos.com/room/kost-kota-blitar-kost-putri-murah-kost-pakk-be-tipe-b-sananwetan-blitar
Kota Blitar,Kost Faeyza Tipe A,Putra,Kecamatan Sananwetan,0.0,Tidak,Ya,Ya,Ya,Tidak,Ya,525000,https://mamikos.com/room/kost-kota-blitar-kost-putra-murah-kost-faeyza-tipe-a-sananwetan-blitar-2
Kota Blitar,Kost Bali House Tipe C,Campur,Sananwetan,0.0,Ya,Ya,Ya,Ya,Ya,Ya,1300000,https://mamikos.com/room/kost-kota-blitar-kost-campur-eksklusif-kost-bali-house-tipe-c-sananwetan-blitar-2
Kota Blitar,Kost Bumi Tipe Single,Campur,Sananwetan,5.0,Tidak,Ya,Ya,Ya,Ya,Ya,500000,https://mamikos.com/room/kost-kota-blitar-kost-campur-eksklusif-kost-bumi-tipe-single-sananwetan-blitar
Kota Blitar,Kost Davina Tipe 3,Campur,Kecamatan Sananwetan,0.0,Tidak,Ya,Ya,Ya,Tidak,Ya,400000,https://mamikos.com/room/kost-kota-blitar-kost-campur-eksklusif-kost-davina-tipe-3-sananwetan-blitar-2
Kota Blitar,Kost Trijayanti Tipe A,Putri,Kecamatan Sukorejo,0.0,Tidak,Tidak,Ya,Ya,Ya,Ya,600000,https://mamikos.com/room/kost-kota-blitar-kost-putri-murah-kost-trijayanti-tipe-a-sukorejo-blitar-2
Kota Blitar,Kost Divia,Putri,Sananwetan,0.0,Tidak,Tidak,Ya,Ya,Tidak,Ya,500000,https://mamikos.com/room/kost-kota-blitar-kost-putri-murah-kost-divia-sananwetan-blitar
Kota Blitar,Kost Abadi 3A,Campur,Kepanjenkidul,0.0,Tidak,Tidak,Ya,Tidak,Ya,Ya,350000,https://mamikos.com/room/kost-kota-blitar-kost-campur-murah-kost-abadi-3a-kepanjenkidul-blitar-2
Kota Blitar,Kost Tipe A,Campur,Kademangan,0.0,Tidak,Ya,Ya,Tidak,Ya,Tidak,450000,https://mamikos.com/room/kost-kabupaten-blitar-kost-campur-murah-kost-kademangan-tipe-a-kademangan-blitar
Kota Blitar,Kost Alfia Tipe A,Putri,Kanigoro,0.0,Tidak,Ya,Ya,Ya,Tidak,Ya,400000,https://mamikos.com/room/kost-kabupaten-blitar-kost-putri-murah-kost-alfia-tipe-a-kanigoro-blitar-2
Kota Blitar,Kost Hana Prambanan Tipe Bisnis,Campur,Sananwetan,0.0,Tidak,Tidak,Ya,Tidak,Tidak,Ya,600000,https://mamikos.com/room/kost-kota-blitar-kost-campur-murah-kost-hana-prambanan-tipe-bisnis-sananwetan-blitar-2
Kota Blitar,Kost Divia 2,Putri,Sananwetan,0.0,Tidak,Tidak,Ya,Ya,Tidak,Ya,500000,https://mamikos.com/room/kost-kota-blitar-kost-putri-murah-kost-divia-2-sananwetan-blitar
Kota Blitar,Kost Exclusive Permata Bunaken Exclusive Tipe B,Putri,Sananwetan,0.0,Ya,Ya,Ya,Ya,Ya,Ya,1400000,https://mamikos.com/room/kost-kota-blitar-kost-putri-eksklusif-kost-exclusive-permata-bunaken-exclusive-tipe-b-sananwetan-blitar-2
Kota Blitar,Kost Divia 1 Tipe B,Putri,Kecamatan Sananwetan,0.0,Tidak,Ya,Ya,Ya,Ya,Ya,500000,https://mamikos.com/room/kost-kota-blitar-kost-putri-murah-kost-divia-1-tipe-b-sananwetan-blitar
Kota Blitar,Kost Divia 1 Tipe A,Putri,Sananwetan,0.0,Tidak,Ya,Ya,Ya,Ya,Ya,500000,https://mamikos.com/room/kost-kota-blitar-kost-putri-eksklusif-kost-divia-1-tipe-a-sananwetan-blitar-1
Kota Blitar,Kost Azla,Putri,Kecamatan Sukorejo,0.0,Tidak,Tidak,Ya,Tidak,Tidak,Ya,400000,https://mamikos.com/room/kost-kota-blitar-kost-putri-murah-kost-azla-sukorejo-blitar
Kota Blitar,Kost Hasanah,Putra,Sananwetan,0.0,Tidak,Tidak,Ya,Ya,Tidak,Ya,475000,https://mamikos.com/room/kost-blitar-kost-putra-murah-kost-hasanah-sananwetan-blitar
Kota Blitar,Kost Davina Tipe 4,Campur,Sananwetan,0.0,Tidak,Ya,Ya,Tidak,Ya,Ya,800000,https://mamikos.com/room/kost-kota-blitar-kost-campur-eksklusif-kost-davina-tipe-4-sananwetan-blitar-2
Kota Blitar,Kost Heny,Putri,Sanankulon,0.0,Tidak,Ya,Ya,Ya,Ya,Ya,450000,https://mamikos.com/room/kost-blitar-kost-putri-murah-kost-heny-sanankulon-blitar
Kota Blitar,Kost Umma Tipe A,Putri,Kecamatan Sananwetan,0.0,Ya,Ya,Ya,Ya,Ya,Ya,1000000,https://mamikos.com/room/kost-kota-blitar-kost-putri-eksklusif-kost-umma-tipe-a-sananwetan-blitar
Kota Blitar,Kost Aminah II,Campur,Kecamatan Sananwetan,0.0,Tidak,Ya,Ya,Tidak,Ya,Tidak,460000,https://mamikos.com/room/kost-kota-blitar-kost-campur-murah-kost-aminah-ii-sananwetan-blitar-2
Kota Blitar,Kost Roemah Tanjung,Campur,Sukorejo,0.0,Ya,Tidak,Ya,Ya,Tidak,Ya,1350000,https://mamikos.com/room/kost-kota-blitar-kost-campur-eksklusif-kost-roemah-tanjung-sukorejo-blitar-2
Kota Blitar,Kost Vv 2,Putri,Sananwetan,4.8,Tidak,Ya,Ya,Ya,Ya,Ya,550000,https://mamikos.com/room/kost-kota-blitar-kost-putri-murah-kost-vv-2-sananwetan-blitar
Kota Blitar,Kost Anta 3 Tipe A,Putri,Kecamatan Sananwetan,0.0,Tidak,Ya,Ya,Tidak,Tidak,Ya,400000,https://mamikos.com/room/kost-kota-blitar-kost-putri-murah-kost-anta-3-tipe-a-sananwetan-blitar-2
Kota Blitar,Kost Orchid,Putri,Kepanjenkidul,0.0,Tidak,Tidak,Ya,Tidak,Ya,Ya,1000000,https://mamikos.com/room/kost-kota-blitar-kost-putri-murah-kost-orchid-kepanjenkidul-blitar
Kota Blitar,Kost Exclusive Permata Bunaken Exclusive Tipe C,Putri,Sananwetan,0.0,Ya,Tidak,Ya,Ya,Ya,Ya,1250000,https://mamikos.com/room/kost-kota-blitar-kost-putri-eksklusif-kost-exclusive-permata-bunaken-exclusive-tipe-c-sananwetan-blitar
Kota Blitar,Kost Rumah Magneto,Putri,Kepanjenkidul,4.4,Tidak,Ya,Ya,Tidak,Ya,Ya,550000,https://mamikos.com/room/kost-blitar-kost-putri-murah-rumah-kost-magneto
Kota Blitar,Kost Vv 3,Putri,Sananwetan,0.0,Tidak,Ya,Ya,Ya,Ya,Ya,550000,https://mamikos.com/room/kost-kota-blitar-kost-putri-murah-kost-vv-3-sananwetan-blitar
Kota Blitar,Kost Exclusive Permata Bunaken Premium Tipe A,Putri,Sananwetan,0.0,Ya,Tidak,Ya,Ya,Ya,Ya,1200000,https://mamikos.com/room/kost-kota-blitar-kost-putri-eksklusif-kost-exclusive-permata-bunaken-premium-tipe-a-sananwetan-blitar
Kota Blitar,Kost Omah Eyang By Navie Tipe Drupadi,Campur,Kanigoro,0.0,Ya,Tidak,Ya,Tidak,Ya,Ya,1000000,https://mamikos.com/room/kost-blitar-kost-campur-eksklusif-kost-omah-eyang-by-navie-tipe-drupadi-kanigoro-blitar
Kota Blitar,Kost Nur Jaya Sejahtera Tipe B,Putri,Kecamatan Sukorejo,0.0,Ya,Tidak,Ya,Tidak,Ya,Ya,800000,https://mamikos.com/room/kost-kota-blitar-kost-putri-murah-kost-nur-jaya-sejahtera-tipe-b-sukorejo-blitar
Kota Blitar,Kost Syariah Griya Purna,Campur,Sananwetan,0.0,Tidak,Ya,Ya,Tidak,Ya,Ya,800000,https://mamikos.com/room/kost-blitar-kost-campur-murah-kost-syariah-griya-purna-sananwetan-blitar
Kota Blitar,Kost Gedog,Putra,Kecamatan Sananwetan,0.0,Tidak,Tidak,Ya,Ya,Tidak,Ya,550000,https://mamikos.com/room/kost-kota-blitar-kost-putra-murah-kost-gedog-sananwetan-blitar
Kota Blitar,Kost Davina Tipe 6,Campur,Kecamatan Sananwetan,0.0,Ya,Ya,Ya,Tidak,Ya,Ya,1200000,https://mamikos.com/room/kost-kota-blitar-kost-campur-eksklusif-kost-davina-tipe-6-sananwetan-blitar-2
Kota Blitar,Kost Bunda Lia Tipe A,Putri,Kepanjenkidul,0.0,Tidak,Tidak,Ya,Tidak,Tidak,Ya,350000,https://mamikos.com/room/kost-kota-blitar-kost-putri-murah-kost-bunda-lia-tipe-a-kepanjenkidul-blitar
Kota Blitar,Kost Vanda,Putri,Kepanjenkidul,0.0,Tidak,Ya,Ya,Tidak,Ya,Ya,700000,https://mamikos.com/room/kost-kota-blitar-kost-putri-murah-kost-vanda-kepanjenkidul-blitar
Kota Blitar,Kost Warna Tipe B,Campur,Kecamatan Kepanjenkidul,0.0,Tidak,Tidak,Ya,Tidak,Ya,Ya,500000,https://mamikos.com/room/kost-kota-blitar-kost-campur-murah-kost-warna-tipe-b-kepanjenkidul-blitar-2
Kota Blitar,Kost Kanjeng Mami Tipe Vvip,Campur,Kecamatan Ponggok,0.0,Tidak,Ya,Ya,Tidak,Ya,Ya,500000,https://mamikos.com/room/kost-kabupaten-blitar-kost-campur-murah-kost-kanjeng-mami-tipe-vvip-ponggok-blitar-2
Kota Blitar,Kost De Pam Pang,Putri,Sananwetan,5.0,Tidak,Ya,Ya,Ya,Ya,Ya,350000,https://mamikos.com/room/kost-blitar-kost-putri-eksklusif-kost-de-pam-pang-sananwetan-blitar
Kota Blitar,Kost Sakinah,Campur,Kecamatan Kepanjenkidul,0.0,Tidak,Ya,Ya,Tidak,Ya,Ya,500000,https://mamikos.com/room/kost-kota-blitar-kost-campur-murah-kost-sakinah-kepanjenkidul-blitar
Kota Blitar,Kost Wafirah Tipe B,Putri,Sananwetan,5.0,Ya,Ya,Ya,Ya,Ya,Ya,850000,https://mamikos.com/room/kost-kota-blitar-kost-putri-murah-kost-wafirah-tipe-b-sananwetan-blitar
Kota Blitar,Kost Exclusive Permata Bunaken Premium Tipe AA,Putri,Sananwetan,0.0,Ya,Tidak,Ya,Ya,Ya,Ya,1350000,https://mamikos.com/room/kost-kota-blitar-kost-putri-eksklusif-kost-exclusive-permata-bunaken-premium-tipe-aa-sananwetan-blitar
Kota Blitar,Kost Davina Tipe 8,Campur,Kecamatan Sananwetan,0.0,Tidak,Ya,Ya,Tidak,Ya,Ya,850000,https://mamikos.com/room/kost-kota-blitar-kost-campur-eksklusif-kost-davina-tipe-8-sananwetan-blitar-2
Kota Blitar,Kost Bu Yetty I,Putri,Kecamatan Sukorejo,0.0,Tidak,Ya,Ya,Ya,Tidak,Ya,500000,https://mamikos.com/room/kost-kota-blitar-kost-putri-murah-kost-bu-yetty-i-sukorejo-blitar
Kota Blitar,Kost 26 Tipe Sedang,Putri,Kecamatan Kepanjenkidul,0.0,Tidak,Ya,Ya,Tidak,Tidak,Ya,375000,https://mamikos.com/room/kost-kota-blitar-kost-putri-murah-kost-26-tipe-sedang-kepanjenkidul-blitar-2
Kota Blitar,Kost Mangga Tujuh Tipe A1,Putri,Kecamatan Sukorejo,0.0,Tidak,Ya,Ya,Ya,Ya,Ya,500000,https://mamikos.com/room/kost-kota-blitar-kost-putri-murah-kost-mangga-tujuh-tipe-a1-sukorejo-blitar
Kota Blitar,Kost Bambang Siho,Campur,Kecamatan Sukorejo,0.0,Tidak,Ya,Ya,Tidak,Ya,Ya,450000,https://mamikos.com/room/kost-kota-blitar-kost-campur-eksklusif-kost-bambang-siho-sukorejo-blitar
Kota Blitar,Kost Tirtomadu Tipe A,Putri,Kecamatan Sananwetan,0.0,Ya,Tidak,Ya,Ya,Ya,Ya,700000,https://mamikos.com/room/kost-kota-blitar-kost-putri-murah-kost-tirtomadu-tipe-a-sananwetan-blitar-2
Kota Blitar,Kost Rumah Berkah Tipe B,Putri,Kecamatan Sananwetan,0.0,Tidak,Tidak,Ya,Ya,Tidak,Ya,700000,https://mamikos.com/room/kost-kota-blitar-kost-putri-murah-kost-rumah-berkah-tipe-b-sananwetan-blitar-2
Kota Blitar,Kost Joglo Koi Center Tipe A,Campur,Kepanjenkidul,0.0,Tidak,Ya,Ya,Tidak,Ya,Tidak,700000,https://mamikos.com/room/kost-blitar-kost-campur-murah-kost-joglo-koi-center-tipe-a-kepanjenkidul-blitar
Kota Blitar,Kost Bu Sulasmi Tipe A,Putri,Kecamatan Kepanjenkidul,0.0,Tidak,Tidak,Ya,Ya,Ya,Tidak,500000,https://mamikos.com/room/kost-kota-blitar-kost-putri-murah-kost-bu-sulasmi-tipe-a-kepanjenkidul-blitar-2
Kota Blitar,Kost Divia 3 Tipe A VIP,Putri,Sananwetan,0.0,Ya,Ya,Ya,Ya,Ya,Ya,800000,https://mamikos.com/room/kost-kota-blitar-kost-putri-murah-kost-divia-3-tipe-a-vip-sananwetan-blitar-1
Kota Blitar,Kost Pak Ga,Campur,Kanigoro,0.0,Tidak,Tidak,Ya,Tidak,Ya,Ya,550000,https://mamikos.com/room/kost-kabupaten-blitar-kost-campur-murah-kost-pak-ga-kanigoro-blitar-2
Kota Blitar,Kost Kamboja,Putri,Sananwetan,4.9,Tidak,Tidak,Ya,Ya,Ya,Tidak,500000,https://mamikos.com/room/kost-kota-blitar-kost-putri-murah-kost-kamboja-sananwetan-blitar
Kota Blitar,Kost Langgeng I,Putri,Kanigoro,0.0,Tidak,Tidak,Ya,Tidak,Tidak,Ya,360000,https://mamikos.com/room/kost-kabupaten-blitar-kost-putri-murah-kost-langgeng-i-kanigoro-blitar-2
Kota Blitar,Kost Borobudur,Putra,Kecamatan Sananwetan,0.0,Tidak,Tidak,Ya,Ya,Tidak,Tidak,250000,https://mamikos.com/room/kost-kota-blitar-kost-putra-murah-kost-borobudur-sananwetan-blitar-2
Kota Blitar,Kost Snacks Tipe A,Putra,Kecamatan Sananwetan,0.0,Tidak,Ya,Ya,Tidak,Tidak,Ya,650000,https://mamikos.com/room/kost-kota-blitar-kost-putra-murah-kost-snacks-tipe-a-sananwetan-blitar
Kota Blitar,Kost Davina Tipe 1,Campur,Sananwetan,0.0,Tidak,Ya,Ya,Tidak,Ya,Ya,550000,https://mamikos.com/room/kost-kota-blitar-kost-campur-eksklusif-kost-davina-tipe-1-sananwetan-blitar-2
Kota Blitar,Kost Barito,Putri,Kecamatan Kepanjenkidul,0.0,Tidak,Ya,Ya,Tidak,Ya,Ya,450000,https://mamikos.com/room/kost-kota-blitar-kost-putri-murah-kost-barito-kepanjenkidul-blitar-2
Kota Blitar,Kost Tiara Tipe Standart Room,Putri,Sananwetan,0.0,Tidak,Tidak,Ya,Ya,Ya,Tidak,600000,https://mamikos.com/room/kost-kota-blitar-kost-putri-murah-kost-tiara-tipe-standart-room-sananwetan-blitar
Kota Blitar,Kost Cemara Tipe C,Campur,Kecamatan Sukorejo,0.0,Tidak,Ya,Ya,Tidak,Ya,Ya,700000,https://mamikos.com/room/kost-kota-blitar-kost-campur-murah-kost-cemara-tipe-c-sukorejo-blitar-2
Kota Blitar,Kost Hidayah Tipe A,Campur,Kecamatan Kanigoro,0.0,Tidak,Ya,Ya,Tidak,Ya,Ya,500000,https://mamikos.com/room/kost-kabupaten-blitar-kost-campur-murah-kost-hidayah-tipe-a-kanigoro-blitar
Kota Blitar,Kost Nur Jaya Sejahtera Tipe A,Putri,Kecamatan Sukorejo,0.0,Tidak,Tidak,Ya,Tidak,Ya,Ya,550000,https://mamikos.com/room/kost-kota-blitar-kost-putri-murah-kost-nur-jaya-sejahtera-tipe-a-sukorejo-blitar-2
Kota Blitar,Kost Tiara Tipe Exclusive Room,Putri,Sananwetan,0.0,Ya,Tidak,Ya,Ya,Ya,Tidak,1000000,https://mamikos.com/room/kost-kota-blitar-kost-putri-eksklusif-kost-tiara-tipe-exclusive-room-sananwetan-blitar-2
Kota Blitar,Kost Kurma,Putra,Kepanjenkidul,0.0,Tidak,Ya,Ya,Ya,Tidak,Ya,450000,https://mamikos.com/room/kost-kota-blitar-kost-putra-murah-kost-kurma-kepanjenkidul-blitar
Kota Blitar,Kost Tiara Tipe Elite Room,Putri,Sananwetan,0.0,Ya,Tidak,Ya,Ya,Ya,Tidak,1100000,https://mamikos.com/room/kost-kota-blitar-kost-putri-eksklusif-kost-tiara-tipe-elite-room-sananwetan-blitar
Kota Blitar,Kost Bu Ani,Putri,Sananwetan,0.0,Tidak,Ya,Ya,Ya,Tidak,Ya,600000,https://mamikos.com/room/kost-kota-blitar-kost-putri-murah-kost-bu-ani-sananwetan-blitar
Kota Blitar,Kost Puri Flamboyam,Putri,Sanankulon,0.0,Tidak,Tidak,Ya,Tidak,Ya,Ya,600000,https://mamikos.com/room/kost-kabupaten-blitar-kost-putri-murah-kost-puri-flamboyam-sanankulon-blitar-1
Kota Blitar,Kost Exclusive Permata Bunaken Premium AAA,Putri,Sananwetan,0.0,Ya,Ya,Ya,Ya,Ya,Ya,1300000,https://mamikos.com/room/kost-kota-blitar-kost-putri-eksklusif-kost-exclusive-permata-bunaken-premium-aaa-sananwetan-blitar
Kota Blitar,Kost Arvino,Campur,Kecamatan Sananwetan,0.0,Tidak,Ya,Ya,Ya,Tidak,Ya,850000,https://mamikos.com/room/kost-kota-blitar-kost-campur-eksklusif-kost-arvino-sananwetan-blitar-2
Kota Blitar,Kost Rahayu Tipe A,Putri,Kecamatan Sananwetan,0.0,Tidak,Tidak,Ya,Tidak,Ya,Ya,600000,https://mamikos.com/room/kost-kota-blitar-kost-putri-eksklusif-kost-rahayu-tipe-a-sananwetan-blitar-2
Kota Blitar,Kost Telaga Delima,Campur,Kanigoro,0.0,Tidak,Tidak,Ya,Tidak,Ya,Ya,600000,https://mamikos.com/room/kost-blitar-kost-campur-murah-kost-telaga-delima-kanigoro-blitar-1
Kota Blitar,Kost Umma,Putri,Sananwetan,0.0,Tidak,Ya,Ya,Ya,Ya,Ya,650000,https://mamikos.com/room/kost-kota-blitar-kost-putri-murah-kost-umma-sananwetan-blitar
Kota Blitar,Kost Dinda,Putri,Kecamatan Sananwetan,0.0,Tidak,Ya,Ya,Tidak,Tidak,Ya,400000,https://mamikos.com/room/kost-kota-blitar-kost-putri-murah-kost-dinda-sananwetan-blitar-1
Kota Blitar,Kost Barokah Tipe A,Putri,Kecamatan Sananwetan,0.0,Tidak,Ya,Ya,Tidak,Ya,Ya,500000,https://mamikos.com/room/kost-kota-blitar-kost-putri-murah-kost-barokah-tipe-a-sananwetan-blitar-2
Kota Blitar,Kost Omah,Putri,Sananwetan,0.0,Tidak,Tidak,Ya,Ya,Tidak,Tidak,500000,https://mamikos.com/room/kost-kota-blitar-kost-putri-murah-kost-omah-sananwetan-blitar-1
Kota Blitar,Kost New Sahabat Tipe Biasa,Campur,Kecamatan Sananwetan,0.0,Tidak,Tidak,Tidak,Ya,Tidak,Ya,200000,https://mamikos.com/room/kost-kota-blitar-kost-campur-murah-kost-new-sahabat-tipe-biasa-sananwetan-blitar-2
Kota Blitar,Kost Wahyu Tipe A,Putri,Sukorejo,0.0,Tidak,Ya,Ya,Tidak,Ya,Ya,530000,https://mamikos.com/room/kost-kota-blitar-kost-putri-murah-kost-wahyu-tipe-a-sukorejo-blitar-2
Kota Blitar,Kost Sabilul Muhtadien,Campur,Kecamatan Sananwetan,0.0,Tidak,Ya,Ya,Tidak,Ya,Ya,400000,https://mamikos.com/room/kost-kota-blitar-kost-campur-murah-kost-sabilul-muhtadien-sananwetan-blitar
Kota Blitar,Kost Putri Tirtomadu Residence Tipe B,Putri,Kanigoro,4.8,Ya,Tidak,Ya,Ya,Ya,Ya,1000000,https://mamikos.com/room/kost-blitar-kost-putri-murah-kost-putri-tirtomadu-residence-tipe-b-kanigoro-blitar
Kota Blitar,Kost 99,Campur,Sananwetan,0.0,Tidak,Ya,Ya,Tidak,Tidak,Ya,600000,https://mamikos.com/room/kost-kota-blitar-kost-campur-murah-kost-99-sananwetan-blitar
Kota Blitar,Kost Wahyu Tipe B,Putri,Sukorejo,0.0,Tidak,Ya,Ya,Tidak,Ya,Ya,460000,https://mamikos.com/room/kost-kota-blitar-kost-putri-murah-kost-wahyu-tipe-b-sukorejo-blitar-2
Kota Blitar,Kost Davina Tipe 2,Campur,Sananwetan,0.0,Ya,Ya,Ya,Tidak,Ya,Ya,1150000,https://mamikos.com/room/kost-kota-blitar-kost-campur-eksklusif-kost-davina-tipe-2-sananwetan-blitar-2
Kota Blitar,Kost Ungu,Putri,Sananwetan,0.0,Tidak,Tidak,Ya,Ya,Ya,Ya,500000,https://mamikos.com/room/kost-kota-blitar-kost-putri-murah-kost-ungu-sananwetan-blitar-1
Kota Blitar,Kost Fm,Campur,Sukorejo,0.0,Tidak,Tidak,Ya,Ya,Ya,Ya,850000,https://mamikos.com/room/kost-kota-blitar-kost-campur-murah--11
Kota Blitar,Kost 26 Tipe Ekonomis,Putri,Kecamatan Kepanjenkidul,0.0,Tidak,Ya,Ya,Tidak,Tidak,Ya,350000,https://mamikos.com/room/kost-kota-blitar-kost-putri-murah-kost-26-tipe-ekonomis-kepanjenkidul-blitar
Kota Blitar,Kost Buru,Campur,Sananwetan,0.0,Tidak,Ya,Ya,Tidak,Ya,Ya,500000,https://mamikos.com/room/kost-kota-blitar-kost-campur-murah-kost-buru-sananwetan-blitar
Kota Blitar,Kost Rumah Berkah VIP,Putri,Kecamatan Sananwetan,0.0,Ya,Tidak,Ya,Ya,Ya,Ya,1250000,https://mamikos.com/room/kost-kota-blitar-kost-putri-eksklusif-kost-rumah-berkah-vip-sananwetan-blitar
Kota Blitar,Kost Amanah Tipe A,Putri,Kecamatan Sukorejo,0.0,Tidak,Tidak,Tidak,Tidak,Ya,Tidak,600000,https://mamikos.com/room/kost-kota-blitar-kost-putri-murah-kost-amanah-tipe-a-sukorejo-blitar
Kota Blitar,Kost Tuti 1 Tipe VIP,Putra,Kepanjen Kidul,0.0,Ya,Tidak,Ya,Ya,Tidak,Ya,1600000,https://mamikos.com/room/kost-kota-blitar-kost-putra-eksklusif-kost-tuti-1-tipe-vip-kepanjen-kidul-blitar
Kota Blitar,Kost Pak Rokhim,Campur,Kepanjenkidul,0.0,Tidak,Tidak,Tidak,Tidak,Ya,Tidak,600000,https://mamikos.com/room/kost-kota-blitar-kost-campur-murah-kost-pak-rokhim-kepanjenkidul-blitar
Kota Blitar,Kost Tlumpu,Putri,Sukorejo,0.0,Tidak,Ya,Ya,Ya,Ya,Ya,400000,https://mamikos.com/room/kost-blitar-kost-putri-murah-kost-tlumpu-sukorejo-blitar
Kota Blitar,Kost Semilir Tipe A,Campur,Sananwetan,0.0,Tidak,Ya,Ya,Ya,Ya,Ya,600000,https://mamikos.com/room/kost-kota-blitar-kost-campur-murah-kost-semilir-tipe-a-sananwetan-blitar-2
Kota Blitar,Kost Green,Putri,Sananwetan,0.0,Tidak,Tidak,Ya,Tidak,Ya,Ya,550000,https://mamikos.com/room/kost-kota-blitar-kost-putri-murah-kost-green-sananwetan-blitar
Kota Blitar,Kost Bliyat Tipe A,Campur,Sananwetan,0.0,Tidak,Tidak,Ya,Ya,Ya,Ya,650000,https://mamikos.com/room/kost-blitar-kost-campur-murah-kost-bliyat-tipe-a-sananwetan-blitar
Kota Blitar,Kost Nalasakti,Campur,Kanigoro,0.0,Tidak,Ya,Ya,Tidak,Ya,Ya,650000,https://mamikos.com/room/kost-kabupaten-blitar-kost-campur-murah-kost-nalasakti-kanigoro-blitar
Kota Blitar,Kost Golden Flower Blikot,Putri,Kecamatan Sukorejo,0.0,Ya,Ya,Ya,Tidak,Tidak,Ya,1000000,https://mamikos.com/room/kost-kota-blitar-kost-putri-eksklusif-kost-golden-flower-blikot-sukorejo-blitar-2
Kota Blitar,Kost Piet House,Putri,Sananwetan,0.0,Ya,Tidak,Ya,Tidak,Ya,Ya,900000,https://mamikos.com/room/kost-blitar-kost-putri-murah-kost-piet-house-sananwetan-blitar
Kota Blitar,Kost Rumah Tirto Tipe A,Campur,Sananwetan,0.0,Ya,Ya,Ya,Tidak,Ya,Tidak,1350000,https://mamikos.com/room/kost-kota-blitar-kost-campur-eksklusif-kost-rumah-tirto-tipe-a-sananwetan-blitar
Kota Blitar,Kost Pondok Amira Single Room,Putri,Kepanjenkidul,0.0,Tidak,Ya,Ya,Ya,Ya,Ya,700000,https://mamikos.com/room/kost-kota-blitar-kost-putri-murah-kost-pondok-amira-single-room-kepanjenkidul-blitar
Kota Blitar,Rumah Kontrakan Madura,Campur,Kecamatan Sananwetan,0.0,Tidak,Tidak,Ya,Tidak,Tidak,Tidak,400000,https://mamikos.com/room/kost-kota-blitar-kost-campur-eksklusif-rumah-kontrakan-madura-sananwetan-blitar
Kota Blitar,Kost Arjuna Standart,Putra,Kecamatan Kepanjenkidul,0.0,Tidak,Ya,Ya,Ya,Tidak,Tidak,500000,https://mamikos.com/room/kost-kota-blitar-kost-putra-murah-kost-arjuna-standart-kepanjenkidul-blitar
Kota Blitar,Kost 26 Tipe Besar,Putri,Kecamatan Kepanjenkidul,0.0,Tidak,Ya,Ya,Tidak,Tidak,Ya,400000,https://mamikos.com/room/kost-kota-blitar-kost-putri-murah-kost-26-tipe-besar-kepanjenkidul-blitar
Kota Blitar,Kost Putri Wilis,Putri,Kepanjenkidul,0.0,Tidak,Ya,Ya,Tidak,Ya,Tidak,450000,https://mamikos.com/room/kost-blitar-kost-putri-murah-kost-putri-wilis-kepanjenkidul-blitar
Kota Blitar,Kost Well Grounded VVIP,Putri,Kecamatan Kanigoro,0.0,Tidak,Ya,Ya,Ya,Ya,Ya,1000000,https://mamikos.com/room/kost-kabupaten-blitar-kost-putri-eksklusif-kost-well-grounded-vvip-kanigoro-blitar
Kota Blitar,Kost Wahyu 2 Tipe A,Putri,Sukorejo,0.0,Tidak,Tidak,Ya,Tidak,Ya,Ya,460000,https://mamikos.com/room/kost-kota-blitar-kost-putri-murah-kost-wahyu-2-tipe-a-sukorejo-blitar
Kota Blitar,Kost Joglo Koi Center Tipe B,Campur,Kepanjenkidul,0.0,Ya,Ya,Ya,Ya,Ya,Ya,1150000,https://mamikos.com/room/kost-kota-blitar-kost-campur-eksklusif-kost-joglo-koi-center-tipe-b-kepanjenkidul-blitar
Kota Blitar,Kost Merdeka 1 Tipe Executive,Campur,Kanigoro,0.0,Tidak,Tidak,Ya,Ya,Ya,Ya,650000,https://mamikos.com/room/kost-kabupaten-blitar-kost-campur-murah-kost-merdeka-1-tipe-executive-kanigoro-blitar-1
Kota Blitar,Kost Davina Tipe 7,Campur,Kecamatan Sananwetan,0.0,Tidak,Ya,Ya,Ya,Tidak,Ya,350000,https://mamikos.com/room/kost-kota-blitar-kost-campur-murah-kost-davina-tipe-7-sananwetan-blitar
Kota Blitar,Kost Rumah Berkah Tipe A,Putri,Kecamatan Sananwetan,0.0,Tidak,Tidak,Ya,Ya,Ya,Ya,900000,https://mamikos.com/room/kost-kota-blitar-kost-putri-eksklusif-kost-rumah-berkah-tipe-a-sananwetan-blitar
Kota Blitar,Kost Bu Koes Tipe Standar,Campur,Sananwetan,0.0,Tidak,Tidak,Ya,Ya,Ya,Ya,650000,https://mamikos.com/room/kost-blitar-kost-campur-murah-kost-bu-koes-tipe-standar-sananwetan-blitar
Kota Blitar,Kost Mesti Jodo Tipe A,Putri,Kepanjenkidul,0.0,Tidak,Tidak,Ya,Ya,Ya,Ya,350000,https://mamikos.com/room/kost-blitar-kost-putri-murah-kost-mesti-jodo-tipe-a-kepanjenkidul-blitar-2
Kota Blitar,Kost Hubby,Campur,Kecamatan Sukorejo,0.0,Tidak,Ya,Ya,Tidak,Ya,Ya,600000,https://mamikos.com/room/kost-kota-blitar-kost-campur-murah-kost-hubby-sukorejo-blitar-2
Kota Blitar,Kost Perumahan GKR,Putri,Sananwetan,0.0,Tidak,Ya,Ya,Tidak,Tidak,Ya,400000,https://mamikos.com/room/kost-blitar-kost-putri-murah-kost-perumahan-gkr-sananwetan-blitar
Kota Blitar,Kost Nav Tipe C,Putra,Sananwetan,0.0,Tidak,Ya,Ya,Ya,Tidak,Ya,250000,https://mamikos.com/room/kost-kota-blitar-kost-putra-murah-kost-nav-tipe-c-sananwetan-blitar-2
Kota Blitar,Kost Hery,Campur,Kecamatan Sananwetan,0.0,Ya,Ya,Ya,Tidak,Ya,Ya,1500000,https://mamikos.com/room/kost-kota-blitar-kost-campur-eksklusif-kost-hery-sananwetan-blitar
Kota Blitar,Kost Ciater Tipe A,Campur,Kepanjenkidul,0.0,Tidak,Ya,Ya,Tidak,Ya,Ya,650000,https://mamikos.com/room/kost-blitar-kost-campur-murah-kost-ciater-tipe-a-kepanjenkidul-blitar-2
Kota Blitar,Kost Semeru 97 Tipe B,Putri,Kepanjenkidul,0.0,Tidak,Ya,Ya,Tidak,Ya,Tidak,700000,https://mamikos.com/room/kost-blitar-kost-putri-murah-kost-semeru-97-tipe-b-kepanjenkidul-blitar
Kota Blitar,Kost Sumiati,Putri,Kepanjenkidul,0.0,Tidak,Ya,Ya,Ya,Tidak,Tidak,300000,https://mamikos.com/room/kost-blitar-kost-putri-murah-kost-sumiati-kepanjenkidul-blitar--1
Kota Blitar,Kost Omah Eyang By Navie Tipe Larasati,Campur,Kanigoro,0.0,Tidak,Tidak,Ya,Tidak,Ya,Tidak,700000,https://mamikos.com/room/kost-blitar-kost-campur-murah-kost-omah-eyang-by-navie-tipe-larasati-kanigoro-blitar
Kota Blitar,Kost Anggrek,Putri,Sananwetan,0.0,Tidak,Tidak,Ya,Ya,Tidak,Ya,500000,https://mamikos.com/room/kost-kota-blitar-kost-putri-murah-kost-anggrek-sananwetan-blitar
Kota Blitar,Kost Sempulur,Putra,Sananwetan,0.0,Tidak,Tidak,Ya,Tidak,Tidak,Ya,375000,https://mamikos.com/room/kost-kota-blitar-kost-putra-murah-kost-sempulur-sananwetan-blitar-2
Kota Blitar,Kost Wafirah Tipe C,Putri,Kecamatan Sananwetan,5.0,Ya,Ya,Ya,Ya,Ya,Ya,1100000,https://mamikos.com/room/kost-kota-blitar-kost-putri-murah-kost-wafirah-tipe-c-sananwetan-blitar
Kota Blitar,Kost Fazza Tipe A,Putri,Kecamatan Sukorejo,0.0,Tidak,Ya,Ya,Tidak,Ya,Ya,600000,https://mamikos.com/room/kost-kota-blitar-kost-putri-murah-kost-fazza-tipe-a-sukorejo-blitar
Kota Blitar,Kost Rumah Venus,Putri,Kecamatan Kepanjenkidul,0.0,Tidak,Ya,Ya,Ya,Ya,Ya,750000,https://mamikos.com/room/kost-kota-blitar-kost-putri-murah-kost-rumah-venus-kepanjenkidul-blitar-1
Kota Blitar,Kost Salman 2,Putri,Sananwetan,0.0,Tidak,Tidak,Ya,Tidak,Ya,Ya,385000,https://mamikos.com/room/kost-kota-blitar-kost-putri-murah-kost-salman-2-sananwetan-blitar
Kota Blitar,Kost Anggun Tipe B,Putri,Sananwetan,0.0,Ya,Ya,Ya,Tidak,Ya,Ya,1500000,https://mamikos.com/room/kost-blitar-kost-putri-eksklusif-kost-anggun-tipe-b-sananwetan-blitar
Kota Blitar,Kost Salman,Putri,Kepanjenkidul,0.0,Tidak,Ya,Ya,Ya,Ya,Tidak,450000,https://mamikos.com/room/kost-blitar-kost-putri-murah-kost-putri-muslim-salman-kepanjenkidul-blitar
Kota Blitar,Kost Thekos Tipe A,Putri,Kepanjenkidul,0.0,Tidak,Ya,Ya,Tidak,Ya,Ya,700000,https://mamikos.com/room/kost-kota-blitar-kost-putri-murah-the-kost-tipe-a-kepanjenkidul-blitar-2
Kota Blitar,Kost Pak Kateni Tipe A,Putri,Kecamatan Sananwetan,0.0,Tidak,Ya,Ya,Tidak,Tidak,Tidak,350000,https://mamikos.com/room/kost-kota-blitar-kost-putri-murah-kost-pak-kateni-tipe-a-sananwetan-blitar
Kota Blitar,Kost Bintang,Campur,Sukorejo,0.0,Tidak,Tidak,Ya,Tidak,Ya,Tidak,500000,https://mamikos.com/room/kost-blitar-kost-campur-murah-kost-bintang-sukorejo-blitar-1
Kota Blitar,Kost Chifa I,Campur,Sanankulon,0.0,Tidak,Ya,Ya,Tidak,Ya,Ya,500000,https://mamikos.com/room/kost-kabupaten-blitar-kost-campur-murah-kost-chifa-i-sanankulon-blitar
Kota Blitar,Kost Heru,Campur,Kepanjenkidul,0.0,Tidak,Ya,Ya,Tidak,Ya,Ya,400000,https://mamikos.com/room/kost-kota-blitar-kost-campur-murah-kost-heru-kepanjenkidul-blitar-2
Kota Blitar,Kost Arsaga Tipe A,Campur,Kecamatan Kanigoro,0.0,Tidak,Ya,Ya,Ya,Ya,Ya,600000,https://mamikos.com/room/kost-kabupaten-blitar-kost-campur-eksklusif-kost-arsaga-tipe-a-kanigoro-blitar
Kota Blitar,Kost Rumah Pak Ga,Putra,Kanigoro,0.0,Tidak,Tidak,Ya,Tidak,Ya,Ya,500000,https://mamikos.com/room/kost-blitar-kost-putra-murah-kost-rumah-pak-ga-kanigoro-blitar
Kota Blitar,Kost Griya Yohanes,Putri,Sananwetan,0.0,Tidak,Tidak,Ya,Tidak,Tidak,Ya,275000,https://mamikos.com/room/kost-blitar-kost-putri-murah-kost-griya-yohanes-sananwetan-blitar-1
Kota Blitar,Kost Jeruk Tipe A,Campur,Sananwetan,0.0,Tidak,Ya,Ya,Tidak,Ya,Tidak,500000,https://mamikos.com/room/kost-blitar-kost-campur-murah-kost-jeruk-tipe-a-sananwetan-blitar-1
Kota Blitar,Kost Siwur Tipe A,Campur,Kepanjenkidul,0.0,Tidak,Ya,Ya,Tidak,Ya,Ya,450000,https://mamikos.com/room/kost-kota-blitar-kost-putri-murah-kost-siwur-tipe-a-kepanjenkidul-blitar
Kota Blitar,Kost Natuna Indah Tipe A,Campur,Sananwetan,0.0,Tidak,Ya,Ya,Tidak,Ya,Ya,600000,https://mamikos.com/room/kost-blitar-kost-campur-murah-kost-natuna-indah-tipe-a-sananwetan-blitar
Kota Blitar,Kost Irvania Tipe A,Putri,Kecamatan Sananwetan,0.0,Tidak,Ya,Ya,Ya,Tidak,Ya,250000,https://mamikos.com/room/kost-kota-blitar-kost-putri-murah-kost-irvania-tipe-a-sananwetan-blitar
Kota Blitar,Kost Tanjungsari Tipe A,Campur,Kecamatan Sukorejo,0.0,Tidak,Ya,Ya,Tidak,Ya,Tidak,1000000,https://mamikos.com/room/kost-kota-blitar-kost-campur-eksklusif-kost-tanjungsari-tipe-a-sukorejo-blitar
Kota Blitar,Kost Kuningan,Campur,Kanigoro,0.0,Tidak,Ya,Ya,Tidak,Ya,Tidak,580000,https://mamikos.com/room/kost-kabupaten-blitar-kost-campur-eksklusif-kost-kuningan-kanigoro-blitar-2
Kota Blitar,Kost Anta,Putri,Kecamatan Sananwetan,0.0,Tidak,Ya,Ya,Ya,Tidak,Ya,450000,https://mamikos.com/room/kost-kota-blitar-kost-putri-murah-kost-anta-sananwetan-blitar
Kota Blitar,Kost Bhineka Tipe A,Campur,Sananwetan,0.0,Tidak,Tidak,Ya,Tidak,Tidak,Tidak,350000,https://mamikos.com/room/kost-blitar-kost-campur-murah-kost-bhineka-tipe-a-sananwetan-blitar-2
Kota Blitar,Kost Lancar Jaya Tipe A,Putri,Sukorejo,0.0,Tidak,Ya,Ya,Tidak,Tidak,Tidak,250000,https://mamikos.com/room/kost-blitar-kost-putri-murah-kost-lancar-jaya-tipe-a-sukorejo-blitar-1
Kota Blitar,Kost Omah Eyang By Navie Tipe Drupadi Non Ac,Campur,Kanigoro,0.0,Tidak,Tidak,Ya,Tidak,Ya,Ya,800000,https://mamikos.com/room/kost-blitar-kost-campur-murah-kost-omah-eyang-by-navie-tipe-drupadi-non-ac-kanigoro-blitar
Kota Blitar,Kost Lancar Jaya Tipe B,Putri,Sukorejo,0.0,Tidak,Ya,Ya,Tidak,Tidak,Tidak,300000,https://mamikos.com/room/kost-blitar-kost-putri-murah-kost-lancar-jaya-tipe-b-sukorejo-blitar
Kota Blitar,Kost Griya C11,Campur,Sananwetan,0.0,Ya,Ya,Ya,Ya,Tidak,Ya,1100000,https://mamikos.com/room/kost-kota-blitar-kost-campur-eksklusif-kost-griya-c11-sananwetan-blitar
Kota Blitar,Kost Mendut,Campur,Sananwetan,0.0,Tidak,Tidak,Ya,Tidak,Ya,Tidak,400000,https://mamikos.com/room/kost-blitar-kost-campur-murah-kost-mendut-sananwetan-blitar-1
Kota Blitar,Kost Al Azis I Tipe A,Putri,Kecamatan Sananwetan,0.0,Tidak,Tidak,Ya,Tidak,Tidak,Ya,275000,https://mamikos.com/room/kost-kota-blitar-kost-putri-murah-kost-al-azis-i-tipe-a-sananwetan-blitar
Kota Blitar,Kost Arjuna,Putra,Kecamatan Sananwetan,0.0,Tidak,Tidak,Ya,Tidak,Ya,Ya,700000,https://mamikos.com/room/kost-kota-blitar-kost-putra-murah-kost-arjuna-sananwetan-blitar-1
Kota Blitar,Kost Omah Eyang By Navie Tipe Srikandi,Campur,Kanigoro,0.0,Ya,Tidak,Ya,Ya,Ya,Ya,1100000,https://mamikos.com/room/kost-blitar-kost-campur-eksklusif-kost-omah-eyang-by-navie-tipe-srikandi-kanigoro-blitar
Kota Blitar,Kost Keluarga Bu Tris Tipe A,Putra,Kecamatan Sananwetan,0.0,Tidak,Tidak,Ya,Tidak,Ya,Ya,600000,https://mamikos.com/room/kost-kota-blitar-kost-putra-murah-kost-keluarga-bu-tris-sananwetan-blitar
Kota Blitar,Kost Siwur,Putra,Kepanjenkidul,0.0,Tidak,Tidak,Ya,Tidak,Ya,Ya,450000,https://mamikos.com/room/kost-kota-blitar-kost-putra-murah-kost-siwur-kepanjenkidul-blitar
Kota Blitar,Kost Hijau Tipe A,Campur,Kecamatan Sananwetan,0.0,Tidak,Ya,Ya,Tidak,Ya,Ya,600000,https://mamikos.com/room/kost-kota-blitar-kost-campur-eksklusif-kost-hijau-tipe-a-sananwetan-blitar
Kota Blitar,Kost Maluku Garden Tipe A,Campur,Sananwetan,0.0,Tidak,Tidak,Ya,Tidak,Ya,Ya,550000,https://mamikos.com/room/kost-blitar-kost-campur-murah-kost-maluku-garden-tipe-a-sananwetan-blitar-2
Kota Blitar,Kost Kossumba,Campur,Kecamatan Sananwetan,0.0,Tidak,Tidak,Ya,Ya,Ya,Ya,600000,https://mamikos.com/room/kost-kota-blitar-kost-campur-eksklusif-kost-kossumba-sananwetan-blitar
Kota Blitar,Kost Putra Wilis,Putra,Kepanjenkidul,0.0,Tidak,Ya,Ya,Tidak,Ya,Tidak,450000,https://mamikos.com/room/kost-blitar-kost-putra-murah-kost-putra-wilis-kepanjenkidul-blitar-2
Kota Blitar,Kost Abthree,Putri,Kecamatan Sananwetan,0.0,Tidak,Tidak,Ya,Tidak,Tidak,Tidak,250000,https://mamikos.com/room/kost-kota-blitar-kost-putri-murah-kost-abthree-sananwetan-blitar-2
Kota Blitar,Kost Ciater Tipe B,Campur,Kepanjenkidul,0.0,Ya,Ya,Ya,Tidak,Ya,Ya,1000000,https://mamikos.com/room/kost-blitar-kost-campur-eksklusif-kost-ciater-tipe-b-kepanjenkidul-blitar
Kota Blitar,Kost Wilis 21 Kepanjen Kidul,Campur,Kepanjenkidul,3.4,Tidak,Ya,Ya,Tidak,Ya,Tidak,400000,https://mamikos.com/room/kost-blitar-kost-campur-murah-kost-wilis-21-kepanjen-kidul-blitar-1
Kota Blitar,Kost Bhineka Tipe B,Campur,Sananwetan,0.0,Tidak,Tidak,Ya,Tidak,Tidak,Tidak,400000,https://mamikos.com/room/kost-blitar-kost-campur-murah-kost-bhineka-tipe-b-sananwetan-blitar-2
Kota Blitar,Kost Aru 25 Tipe A,Campur,Kecamatan Sananwetan,0.0,Tidak,Ya,Ya,Tidak,Ya,Ya,650000,https://mamikos.com/room/kost-kota-blitar-kost-campur-murah-kost-aru-25-tipe-a-sananwetan-blitar
Kota Blitar,Kost Pak Deddy,Putri,Sananwetan,0.0,Tidak,Ya,Ya,Ya,Ya,Ya,250000,https://mamikos.com/room/kost-blitar-kost-putri-murah-kost-pak-deddy-sananwetan-blitar-1
Kota Blitar,Kost Mahira,Putri,Kecamatan Sananwetan,0.0,Tidak,Tidak,Ya,Ya,Tidak,Ya,480000,https://mamikos.com/room/kost-kota-blitar-kost-putri-eksklusif-kost-mahira-sananwetan-blitar
Kota Blitar,Kost Bunda Lia Tipe B,Putri,Kepanjenkidul,0.0,Tidak,Tidak,Ya,Tidak,Ya,Ya,370000,https://mamikos.com/room/kost-kota-blitar-kost-putri-murah-kost-bunda-lia-tipe-b-kepanjenkidul-blitar-2
Kota Blitar,Kost GKR F17,Putri,Sananwetan,0.0,Tidak,Ya,Ya,Ya,Tidak,Tidak,580000,https://mamikos.com/room/kost-kota-blitar-kost-putri-murah-kost-gkr-f17-sananwetan-blitar-2
Kota Blitar,Kost Pak Heru,Campur,Kecamatan Kepanjenkidul,0.0,Tidak,Tidak,Ya,Tidak,Ya,Ya,450000,https://mamikos.com/room/kost-kota-blitar-kost-campur-murah-kost-pak-heru-kepanjenkidul-blitar-1
Kota Blitar,Kost Bu Muhtar,Putri,Sananwetan,0.0,Tidak,Ya,Ya,Tidak,Tidak,Tidak,350000,https://mamikos.com/room/kost-blitar-kost-putri-murah-kost-bu-muhtar-sananwetan-blitar-1
Kota Blitar,Kost Adem Asri Tipe Standar,Campur,Sukorejo,0.0,Tidak,Tidak,Ya,Tidak,Ya,Ya,500000,https://mamikos.com/room/kost-blitar-kost-campur-murah-kost-adem-asri-tipe-standar-sukorejo-blitar-2
Kota Blitar,Kost Alice,Putri,Sananwetan,0.0,Tidak,Ya,Ya,Tidak,Ya,Ya,600000,https://mamikos.com/room/kost-blitar-kost-putri-murah-kost-alice-sananwetan-blitar-1
Kota Blitar,Kost Bening,Putra,Sananwetan,0.0,Tidak,Ya,Ya,Tidak,Tidak,Tidak,250000,https://mamikos.com/room/kost-kota-blitar-kost-putra-murah-kost-bening-sananwetan-blitar
Kota Blitar,Kost Bali House Tipe A,Campur,Kecamatan Sananwetan,0.0,Tidak,Ya,Ya,Ya,Ya,Ya,750000,https://mamikos.com/room/kost-kota-blitar-kost-campur-eksklusif-kost-bali-house-tipe-a-sananwetan-blitar
Kota Blitar,Kost Merdeka Executive,Campur,Kecamatan Kanigoro,0.0,Tidak,Tidak,Ya,Ya,Ya,Ya,650000,https://mamikos.com/room/kost-blitar-kost-campur-murah-kost-merdeka-executive-kanigoro-blitar-1
Kota Blitar,Kost 3 Putra Pukeas F5,Putra,Sananwetan,0.0,Tidak,Ya,Ya,Tidak,Tidak,Tidak,500000,https://mamikos.com/room/kost-blitar-kost-putra-murah-kost-3-putra-pukeas-f5-sananwetan-blitar
Kota Blitar,Kost 28,Campur,Kecamatan Kepanjenkidul,0.0,Tidak,Ya,Tidak,Tidak,Ya,Tidak,750000,https://mamikos.com/room/kost-kota-blitar-kost-campur-murah-kost-28-kepanjenkidul-blitar-2
Kota Blitar,Kost Semeru 97 Tipe A,Putri,Kepanjenkidul,0.0,Tidak,Ya,Ya,Tidak,Ya,Tidak,600000,https://mamikos.com/room/kost-blitar-kost-putri-murah-kost-semeru-97-tipe-a-kepanjenkidul-blitar-1
Kota Blitar,Kost Maluku,Campur,Kecamatan Sananwetan,0.0,Tidak,Ya,Ya,Ya,Tidak,Ya,550000,https://mamikos.com/room/kost-kota-blitar-kost-campur-murah-kost-maluku-sananwetan-blitar
Kota Blitar,Kost Wafirah Tipe D,Putri,Sananwetan,0.0,Ya,Ya,Ya,Ya,Ya,Ya,1250000,https://mamikos.com/room/kost-kota-blitar-kost-putri-eksklusif-kost-wafirah-tipe-d-sananwetan-blitar-1
Kota Blitar,Kost Maluku Garden Tipe B,Campur,Sananwetan,0.0,Tidak,Tidak,Ya,Tidak,Ya,Ya,600000,https://mamikos.com/room/kost-blitar-kost-campur-murah-kost-maluku-garden-tipe-b-sananwetan-blitar
Kota Blitar,Kost Anggun Tipe A,Putri,Sananwetan,0.0,Tidak,Ya,Ya,Tidak,Ya,Ya,500000,https://mamikos.com/room/kost-blitar-kost-putri-murah-kost-anggun-tipe-a-sananwetan-blitar-2
Kota Blitar,Kost Jeruk Tipe B,Campur,Sananwetan,0.0,Tidak,Ya,Ya,Tidak,Ya,Tidak,600000,https://mamikos.com/room/kost-blitar-kost-campur-murah-kost-jeruk-tipe-b-sananwetan-blitar
Kota Blitar,Kost Thekos Tipe B,Putri,Kepanjenkidul,0.0,Tidak,Ya,Ya,Tidak,Ya,Ya,500000,https://mamikos.com/room/kost-kota-blitar-kost-putri-murah-the-kost-tipe-b-kepanjenkidul-blitar-2
Kota Blitar,Kost Enyo,Campur,Kecamatan Sananwetan,0.0,Tidak,Ya,Ya,Ya,Ya,Ya,750000,https://mamikos.com/room/kost-kota-blitar-kost-campur-murah-kost-enyo-sananwetan-blitar
Kota Blitar,Kost Cahaya,Campur,Sananwetan,0.0,Tidak,Tidak,Ya,Tidak,Ya,Tidak,550000,https://mamikos.com/room/kost-blitar-kost-campur-murah-kost-cahaya-sananwetan-blitar-1
Kota Blitar,Kost Al Azis I Tipe B,Putri,Sananwetan,0.0,Tidak,Ya,Ya,Tidak,Ya,Ya,500000,https://mamikos.com/room/kost-blitar-kost-putri-murah-kost-al-azis-i-tipe-b-sananwetan-blitar-1
Kota Blitar,Kost Bhineka Tipe C,Campur,Sananwetan,0.0,Tidak,Tidak,Ya,Tidak,Ya,Tidak,500000,https://mamikos.com/room/kost-blitar-kost-campur-murah-kost-bhineka-tipe-c-sananwetan-blitar
Kota Blitar,Kost Natuna Indah Tipe B,Campur,Sananwetan,0.0,Ya,Ya,Ya,Ya,Ya,Ya,1100000,https://mamikos.com/room/kost-blitar-kost-campur-eksklusif-kost-natuna-indah-tipe-b-sananwetan-blitar
Kota Kediri,Kost Griya Mahardika Tipe A,Putri,Mojoroto,0.0,Tidak,Ya,Ya,Tidak,Ya,Ya,540000,https://mamikos.com/room/kost-kota-kediri-kost-putri-murah-kost-apik-griya-mahardika-tipe-a-mojoroto-kediri-2
Kota Kediri,Kost Griya Mahardika Tipe B,Putri,Mojoroto,0.0,Tidak,Ya,Ya,Tidak,Ya,Ya,495000,https://mamikos.com/room/kost-kota-kediri-kost-putri-murah-kost-apik-griya-mahardika-tipe-b-mojoroto-kediri-2
Kota Kediri,Kost Hello Tipe A,Putri,Mojoroto,0.0,Ya,Tidak,Ya,Ya,Ya,Ya,925000,https://mamikos.com/room/kost-kota-kediri-kost-putri-eksklusif-kost-singgahsini-hello-tipe-a-mojoroto-kediri-2
Kota Kediri,Kost Hello Tipe B,Putri,Mojoroto,0.0,Tidak,Tidak,Ya,Ya,Ya,Ya,610000,https://mamikos.com/room/kost-kota-kediri-kost-putri-murah-kost-singgahsini-hello-tipe-b-mojoroto-kediri-2
Kota Kediri,Kost Anisa 1 Lirboyo Tipe B,Putri,Mojoroto,0.0,Tidak,Tidak,Ya,Tidak,Ya,Ya,550000,https://mamikos.com/room/kost-kota-kediri-kost-putri-eksklusif-kost-anisa-1-lirboyo-tipe-b-mojoroto-kediri
Kota Kediri,Kost Griya Annisa,Putri,Kecamatan Kota Kediri,5.0,Tidak,Tidak,Ya,Tidak,Ya,Tidak,550000,https://mamikos.com/room/kost-kota-kediri-kost-putri-murah-kost-griya-annisa-kediri
Kota Kediri,Kost Griya Cleo Zahra Alesha Tipe Kamar Mandi Dalam,Putri,Kediri,0.0,Tidak,Tidak,Ya,Ya,Ya,Ya,500000,https://mamikos.com/room/kost-kediri-kost-putri-murah-kost-griya-cleo-zahra-alesha-tipe-kamar-mandi-dalam-kediri-2
Kota Kediri,Kost Bu Rohman Wilis Mukti,Putra,Mojoroto,0.0,Tidak,Ya,Ya,Tidak,Ya,Ya,750000,https://mamikos.com/room/kost-kota-kediri-kost-campur-murah--44
Kota Kediri,Kost Kemuning Manisrenggo,Putri,Kota Kediri,0.0,Tidak,Ya,Ya,Tidak,Tidak,Ya,300000,https://mamikos.com/room/kost-kediri-kost-putri-murah-kost-kemuning-manisrenggo-kediri-1
Kota Kediri,Kost Matahari,Putra,Ngasem,0.0,Tidak,Ya,Ya,Tidak,Ya,Ya,600000,https://mamikos.com/room/kost-kabupaten-kediri-kost-putra-murah-kost-matahari-ngasem-kediri
Kota Kediri,Kost Griya Permata Tipe C,Putri,Pesantren,0.0,Tidak,Ya,Ya,Ya,Tidak,Ya,500000,https://mamikos.com/room/kost-kota-kediri-kost-putri-murah-kost-griya-permata-tipe-c-pesantren-kediri-2
Kota Kediri,Kost Grha Adalric Tipe A Kota,Putri,Kota Kediri,0.0,Tidak,Ya,Ya,Ya,Ya,Ya,600000,https://mamikos.com/room/kost-kota-kediri-kost-campur-murah--110
Kota Kediri,Kost Uti Tipe Vip,Putri,Kecamatan Ngasem,0.0,Ya,Ya,Ya,Ya,Ya,Ya,1100000,https://mamikos.com/room/kost-kabupaten-kediri-kost-putri-eksklusif-kost-uti-ngasem-tipe-vip-ngasem-kediri
Kota Kediri,Kost Bu Rohman,Putra,Kecamatan Mojoroto,0.0,Tidak,Ya,Ya,Tidak,Ya,Ya,650000,https://mamikos.com/room/kost-kota-kediri-kost-putra-murah-kost-bu-rohman-mojoroto-kediri-2
Kota Kediri,Kost D Mafazaa Tipe Ac,Campur,Kediri,0.0,Ya,Tidak,Ya,Ya,Ya,Ya,1100000,https://mamikos.com/room/kost-kediri-kost-campur-eksklusif-kost-d-mafazaa-tipe-ac-kediri
Kota Kediri,Kost Rumah F7,Putra,Mojoroto,0.0,Ya,Tidak,Ya,Tidak,Ya,Ya,1200000,https://mamikos.com/room/kost-kota-kediri-kost-putra-eksklusif-kost-rumah-f7-mojoroto-kediri-1
Kota Kediri,Kost Griya Cleo Zahra Alesha Executive,Putri,Kediri,0.0,Tidak,Tidak,Ya,Ya,Ya,Ya,300000,https://mamikos.com/room/kost-kediri-kost-putri-murah-kost-griya-cleo-zahra-alesha-executive-kediri-2
Kota Kediri,Kost Asrama Adelaide Kota,Putri,Kota Kediri,0.0,Tidak,Tidak,Ya,Tidak,Ya,Ya,450000,https://mamikos.com/room/kost-kota-kediri-kost-campur-murah--50
Kota Kediri,Kost Ceria,Putri,Mojoroto,0.0,Tidak,Ya,Ya,Tidak,Ya,Ya,550000,https://mamikos.com/room/kost-kediri-kost-putri-murah-kost-ceria-mojoroto-kediri-2
Kota Kediri,Kost Bu Sulbiyah Tipe A Kota,Campur,Kota Kediri,0.0,Tidak,Ya,Ya,Ya,Ya,Ya,450000,https://mamikos.com/room/kost-kota-kediri-kost-campur-murah--51
Kota Kediri,Kost Griya Permata Tipe AC,Putri,Kecamatan Pesantren,0.0,Ya,Ya,Ya,Ya,Tidak,Ya,700000,https://mamikos.com/room/kost-kota-kediri-kost-putri-murah-kost-griya-permata-tipe-ac-pesantren-kediri-2
Kota Kediri,Kost Cendana 2A,Putri,Kecamatan Ngasem,0.0,Tidak,Tidak,Ya,Tidak,Tidak,Tidak,500000,https://mamikos.com/room/kost-kabupaten-kediri-kost-putri-murah-kost-cendana-2a-ngasem-kediri-2
Kota Kediri,Kost Ananda Tipe Standar,Putra,Kediri,0.0,Tidak,Ya,Ya,Tidak,Ya,Ya,600000,https://mamikos.com/room/kost-kediri-kost-putra-murah-kost-ananda-tipe-standar-kediri
Kota Kediri,Kost Sukorame,Putri,Mojoroto,0.0,Tidak,Ya,Ya,Tidak,Ya,Ya,500000,https://mamikos.com/room/kost-kota-kediri-kost-putri-murah-kost-sukorame-mojoroto-kediri
Kota Kediri,Kost Bu Nur Kota,Putri,Kediri,0.0,Tidak,Tidak,Ya,Ya,Tidak,Ya,500000,https://mamikos.com/room/kost-kediri-kost-putri-murah-kost-bu-nur-kota-kediri
Kota Kediri,Kost Pocanan,Putri,Kediri,0.0,Tidak,Ya,Ya,Ya,Tidak,Ya,400000,https://mamikos.com/room/kost-kediri-kost-putri-murah-kost-pocanan-kediri
Kota Kediri,Kost Griya Permata Tipe B,Putri,Pesantren,0.0,Tidak,Ya,Ya,Ya,Tidak,Ya,550000,https://mamikos.com/room/kost-kota-kediri-kost-putri-murah-kost-griya-permata-tipe-b-pesantren-kediri
Kota Kediri,Kost Lumen Living Tipe Exclusive 1,Campur,Mojoroto,0.0,Ya,Ya,Ya,Ya,Ya,Ya,1800000,https://mamikos.com/room/kost-kota-kediri-kost-campur-eksklusif-kost-lumen-living-tipe-exclusive-1-mojoroto-kediri-2
Kota Kediri,Kost Lavio Boarding House Tipe Non Ac,Campur,Kecamatan Pesantren,0.0,Tidak,Ya,Ya,Ya,Ya,Ya,900000,https://mamikos.com/room/kost-kota-kediri-kost-campur-eksklusif-kost-lavio-boarding-house-tipe-non-ac-pesantren-kediri
Kota Kediri,Kost Syariah Tipe A,Putra,Mojoroto,5.0,Tidak,Ya,Ya,Tidak,Ya,Ya,375000,https://mamikos.com/room/kost-kota-kediri-kost-putra-murah-kost-syariah-tipe-a-mojoroto-kediri
Kota Kediri,Kost Anisa 1 Lirboyo Tipe A,Putri,Mojoroto,0.0,Tidak,Tidak,Ya,Tidak,Ya,Ya,650000,https://mamikos.com/room/kost-kediri-kost-putri-eksklusif-kost-anisa-1-lirboyo-tipe-a-mojoroto-kediri-2
Kota Kediri,Kost Graha Sakinah Syariah 5 Tipe C,Campur,Kecamatan Mojoroto,0.0,Ya,Ya,Ya,Ya,Ya,Ya,1300000,https://mamikos.com/room/kost-kediri-kost-campur-eksklusif-kost-graha-sakinah-syariah-5-tipe-c-mojoroto-kediri-2
Kota Kediri,Kost Lavio Boarding House Tipe VIP,Campur,Kecamatan Pesantren,0.0,Ya,Ya,Ya,Ya,Ya,Ya,1100000,https://mamikos.com/room/kost-kota-kediri-kost-campur-eksklusif-kost-lavio-boarding-house-tipe-vip-pesantren-kediri
Kota Kediri,Kost Lavio Boarding House VVIP,Campur,Kecamatan Pesantren,0.0,Ya,Ya,Ya,Ya,Ya,Ya,1200000,https://mamikos.com/room/kost-kota-kediri-kost-campur-eksklusif-kost-lavio-boarding-house-vvip-pesantren-kediri-2
Kota Kediri,Kost Lumen Living Exclusive,Campur,Mojoroto,0.0,Ya,Ya,Ya,Ya,Ya,Ya,1400000,https://mamikos.com/room/kost-kota-kediri-kost-campur-eksklusif-kost-lumen-living-exclusive-mojoroto-kediri-2
Kota Kediri,Kost Risdianto Adi Pratomo,Putra,Mojoroto,0.0,Tidak,Ya,Ya,Tidak,Tidak,Ya,380000,https://mamikos.com/room/kost-kota-kediri-kost-putra-murah-kost-risdianto-adi-pratomo-mojoroto-kediri-2
Kota Kediri,Kost Sakura Tipe A,Campur,Mojoroto,0.0,Ya,Tidak,Ya,Ya,Ya,Ya,850000,https://mamikos.com/room/kost-kediri-kost-campur-eksklusif-kost-sakura-tipe-a-mojoroto-kediri
Kota Kediri,Kost Rumah S Dan S Tipe 1 Non Ac,Campur,Pesantren,4.8,Tidak,Ya,Ya,Tidak,Ya,Ya,600000,https://mamikos.com/room/kost-kota-kediri-kost-campur-eksklusif-kost-rumah-s-dan-s-tipe-1-non-ac-pesantren-kediri-2
Kota Kediri,Kost Rumah Estu Tipe 4 Ac,Campur,Pesantren,0.0,Ya,Ya,Ya,Tidak,Ya,Ya,1200000,https://mamikos.com/room/kost-kota-kediri-kost-campur-eksklusif-kost-rumah-estu-tipe-4-ac-pesantren-kediri
Kota Kediri,Kost Rumah S Dan S Tipe 2 Ac,Campur,Pesantren,0.0,Ya,Ya,Ya,Tidak,Ya,Ya,800000,https://mamikos.com/room/kost-kota-kediri-kost-campur-eksklusif-kost-rumah-s-dan-s-tipe-2-ac-pesantren-kediri
Kota Kediri,Kost Muthia Tipe D,Putri,Kediri,0.0,Ya,Tidak,Ya,Ya,Ya,Ya,850000,https://mamikos.com/room/kost-kediri-kost-putri-murah-kost-muthia-tipe-d-kediri
Kota Kediri,Kost Kolak Rejo Tipe B,Putra,Ngadiluwih,0.0,Tidak,Ya,Ya,Tidak,Ya,Ya,550000,https://mamikos.com/room/kost-kabupaten-kediri-kost-putra-murah-kost-kolak-rejo-tipe-b-ngadiluwih-kediri
Kota Kediri,Kost Harumi Tipe A,Putri,Mojoroto,0.0,Tidak,Ya,Ya,Tidak,Tidak,Ya,350000,https://mamikos.com/room/kost-kota-kediri-kost-putri-murah-kost-harumi-tipe-a-mojoroto-kediri-2
Kota Kediri,Kost Graha Sakinah Syariah 5 Tipe A,Campur,Kecamatan Mojoroto,0.0,Ya,Ya,Ya,Ya,Ya,Ya,1450000,https://mamikos.com/room/kost-kediri-kost-campur-eksklusif-kost-graha-sakinah-syariah-5-tipe-a-mojoroto-kediri-2
Kota Kediri,Kost Muthia Tipe A,Putri,Kediri,0.0,Ya,Tidak,Ya,Ya,Ya,Ya,1350000,https://mamikos.com/room/kost-kediri-kost-putri-eksklusif-kost-muthia-tipe-a-kediri
Kota Kediri,Kost Lumen Living Tipe Exclusive,Campur,Mojoroto,0.0,Ya,Ya,Ya,Ya,Ya,Ya,1400000,https://mamikos.com/room/kost-kota-kediri-kost-campur-eksklusif-kost-lumen-living-tipe-exclusive-mojoroto-kediri-2
Kota Kediri,Kost Omah Raya 1 Tipe B Kota,Putri,Kota Kediri,0.0,Tidak,Tidak,Ya,Ya,Tidak,Ya,450000,https://mamikos.com/room/kost-kota-kediri-kost-campur-murah--127
Kota Kediri,Kost Q Tipe Executive,Putri,Mojoroto,0.0,Ya,Ya,Ya,Ya,Ya,Ya,1050000,https://mamikos.com/room/kost-kota-kediri-kost-putri-eksklusif-kost-q-tipe-executive-mojoroto-kediri-2
Kota Kediri,Kost Muthia Tipe C,Putri,Kediri,5.0,Ya,Tidak,Ya,Ya,Ya,Ya,1000000,https://mamikos.com/room/kost-kediri-kost-putri-murah-kost-muthia-tipe-c-kediri
Kota Kediri,Kost Lumen Living Tipe Executive,Campur,Mojoroto,0.0,Ya,Ya,Ya,Ya,Ya,Ya,1600000,https://mamikos.com/room/kost-kota-kediri-kost-campur-murah--85
Kota Kediri,Kost Rumah Estu Tipe 3 Non Ac,Campur,Pesantren,4.6,Tidak,Ya,Ya,Tidak,Ya,Ya,1000000,https://mamikos.com/room/kost-kota-kediri-kost-campur-eksklusif-kost-rumah-estu-tipe-3-non-ac-pesantren-kediri
Kota Kediri,Kost Muthia Tipe B,Putri,Kediri,0.0,Ya,Tidak,Ya,Ya,Ya,Ya,1200000,https://mamikos.com/room/kost-kediri-kost-putri-eksklusif-kost-muthia-tipe-b-kediri-2
Kota Kediri,Kost Syariah Tipe B,Putra,Mojoroto,0.0,Tidak,Ya,Ya,Tidak,Ya,Ya,425000,https://mamikos.com/room/kost-kota-kediri-kost-putra-murah-kost-syariah-tipe-b-mojoroto-kediri
Kota Kediri,Kost Aryatama,Putra,Ngasem,0.0,Tidak,Ya,Ya,Ya,Ya,Ya,450000,https://mamikos.com/room/kost-kediri-kost-putra-murah-kost-aryatama-ngasem-kediri-2
Kota Kediri,Kost Penanggungan Indah Tipe B,Putri,Mojoroto,0.0,Tidak,Ya,Ya,Ya,Tidak,Ya,350000,https://mamikos.com/room/kost-kota-kediri-kost-putri-murah-kost-penanggungan-indah-tipe-b-mojoroto-kediri
Kota Kediri,Kost Kolak Rejo Tipe C,Putra,Ngadiluwih,0.0,Tidak,Ya,Ya,Tidak,Ya,Ya,475000,https://mamikos.com/room/kost-kabupaten-kediri-kost-putra-murah-kost-kolak-rejo-tipe-c-ngadiluwih-kediri
Kota Kediri,Kost Mira Tipe C,Putra,Kecamatan Mojoroto,0.0,Tidak,Ya,Ya,Ya,Tidak,Ya,350000,https://mamikos.com/room/kost-kota-kediri-kost-putra-murah-kost-mira-tipe-c-mojoroto-kediri
Kota Kediri,Kost Hijau Kota,Putri,Kota Kediri,0.0,Tidak,Ya,Ya,Tidak,Ya,Ya,500000,https://mamikos.com/room/kost-kota-kediri-kost-campur-murah--123
Kota Kediri,Kost Ck O 19,Putri,Kecamatan Mojoroto,0.0,Ya,Tidak,Ya,Ya,Ya,Ya,1200000,https://mamikos.com/room/kost-kota-kediri-kost-putri-eksklusif-kost-ck-o-19-mojoroto-kediri
Kota Kediri,Kost Eksklusif Full AC Bu Ririn,Campur,Mojoroto,0.0,Ya,Ya,Ya,Ya,Ya,Ya,650000,https://mamikos.com/room/kost-kota-kediri-kost-campur-eksklusif-kost-eksklusif-full-ac-bu-ririn-mojoroto-kediri-1
Kota Kediri,Kost Al Azhar 2,Putra,Kota Kediri,0.0,Ya,Ya,Ya,Ya,Ya,Ya,1100000,https://mamikos.com/room/kost-kota-kediri-kost-putra-eksklusif-kost-al-azhar-2-kediri-kediri
Kota Kediri,Kost Bu Umi Tipe A,Putri,Kecamatan Mojoroto,5.0,Tidak,Ya,Ya,Tidak,Tidak,Ya,350000,https://mamikos.com/room/kost-kabupaten-kediri-kost-putri-murah-kost-bu-umi-tipe-a-mojoroto-kediri
Kota Kediri,Kost Hanania Regular Kota,Putri,Kecamatan Kota,0.0,Tidak,Tidak,Ya,Tidak,Tidak,Ya,350000,https://mamikos.com/room/kost-kota-kediri-kost-putri-murah-kost-hanania-regular-kota-kediri-2
Kota Kediri,Kost Amaryzta Tipe A,Putri,Mojoroto,0.0,Tidak,Ya,Ya,Ya,Tidak,Ya,450000,https://mamikos.com/room/kost-kota-kediri-kost-putri-murah-kost-amaryzta-tipe-a-mojoroto-kediri
Kota Kediri,Kost Griya Rosalia,Putra,Mojoroto,0.0,Ya,Tidak,Ya,Tidak,Ya,Ya,1300000,https://mamikos.com/room/kost-kota-kediri-kost-putra-eksklusif-kost-griya-rosalia-mojoroto-kediri
Kota Kediri,Kost Mama Ika Tipe Standar,Putri,Mojoroto,0.0,Ya,Tidak,Ya,Ya,Tidak,Ya,750000,https://mamikos.com/room/kost-kediri-kost-putri-murah-kost-mama-ika-tipe-standar-mojoroto-kediri
Kota Kediri,Kost Penanggungan Indah Tipe A,Putri,Mojoroto,0.0,Tidak,Ya,Ya,Ya,Tidak,Ya,450000,https://mamikos.com/room/kost-kota-kediri-kost-putri-murah-kost-penanggungan-indah-tipe-a-mojoroto-kediri-2
Kota Kediri,Kost Hijau Barakallah Kota,Putri,Kota Kediri,0.0,Tidak,Ya,Ya,Tidak,Ya,Ya,400000,https://mamikos.com/room/kost-kota-kediri-kost-campur-murah--92
Kota Kediri,Kost Mira Tipe A,Putra,Kecamatan Mojoroto,0.0,Tidak,Ya,Ya,Tidak,Tidak,Ya,360000,https://mamikos.com/room/kost-kota-kediri-kost-putra-murah-kost-mira-tipe-a-mojoroto-kediri
Kota Kediri,Kost Griya Intan Ab 5 Tipe B,Putra,Mojoroto,0.0,Ya,Ya,Ya,Ya,Ya,Ya,1100000,https://mamikos.com/room/kost-kota-kediri-kost-putra-eksklusif-kost-griya-intan-ab-5-tipe-b-mojoroto-kediri
Kota Kediri,Kost Barokah Tipe B,Putra,Mojoroto,0.0,Tidak,Ya,Ya,Tidak,Tidak,Ya,450000,https://mamikos.com/room/kost-kediri-kost-putra-murah-kost-barokah-tipe-b-mojoroto-kediri
Kota Kediri,Kost Al Azhar 3 Kota,Putra,Mojoroto,0.0,Tidak,Ya,Ya,Ya,Ya,Ya,500000,https://mamikos.com/room/kost-kota-kediri-kost-campur-murah--70
Kota Kediri,Kost Natalia Tipe A,Campur,Kediri,0.0,Tidak,Ya,Ya,Ya,Tidak,Ya,450000,https://mamikos.com/room/kost-kediri-kost-campur-murah-kost-natalia-tipe-a-kediri
Kota Kediri,Kost Rumah Lancar Jaya Free Wifi,Putra,Kecamatan Mojoroto,0.0,Tidak,Ya,Ya,Ya,Tidak,Ya,375000,https://mamikos.com/room/kost-kediri-kost-putra-murah-kost-rumah-lancar-jaya-free-wifi-mojoroto-kediri
Kota Kediri,Kost Kimmy,Putri,Kota Kediri,0.0,Tidak,Ya,Ya,Ya,Tidak,Ya,400000,https://mamikos.com/room/kost-kota-kediri-kost-campur-murah--43
Kota Kediri,Kost Diva Tipe A,Campur,Pesantren,0.0,Ya,Ya,Ya,Ya,Ya,Ya,1300000,https://mamikos.com/room/kost-kota-kediri-kost-campur-eksklusif-kost-diva-tipe-a-pesantren-kediri
Kota Kediri,Kost Eksklusif Karyawati,Putri,Kecamatan Pesantren,0.0,Ya,Ya,Ya,Ya,Ya,Ya,500000,https://mamikos.com/room/kost-kediri-kost-putri-murah-kost-eksklusif-karyawati-kediri
Kota Kediri,Kost Bu Winarsih Tipe Standar,Putra,Mojoroto,0.0,Tidak,Tidak,Ya,Tidak,Tidak,Ya,400000,https://mamikos.com/room/kost-kediri-kost-putra-murah-kost-bu-winarsih-tipe-standar-mojoroto-kediri
Kota Kediri,Kost Al Azhar 1,Campur,Kota Kediri,0.0,Ya,Ya,Ya,Ya,Ya,Ya,1100000,https://mamikos.com/room/kost-kota-kediri-kost-campur-eksklusif-kost-al-azhar-1-kediri
Kota Kediri,Kost Mama Ika Tipe Mezanine,Putri,Mojoroto,0.0,Ya,Tidak,Ya,Ya,Tidak,Ya,700000,https://mamikos.com/room/kost-kediri-kost-putri-murah-kost-mama-ika-tipe-mezanine-mojoroto-kediri
Kota Kediri,Kost Hanania Tipe A Kota,Putri,Kota Kediri,0.0,Tidak,Tidak,Ya,Tidak,Ya,Ya,600000,https://mamikos.com/room/kost-kota-kediri-kost-campur-murah--39
Kota Kediri,Kost Exclusive Laja Tipe Standart,Putri,Kediri,0.0,Tidak,Tidak,Ya,Ya,Ya,Ya,650000,https://mamikos.com/room/kost-kediri-kost-putri-murah-kost-exclusive-laja-tipe-standart-kediri
Kota Kediri,Kost Berkah Ceria Tipe A,Campur,Kecamatan Pesantren,0.0,Ya,Tidak,Ya,Ya,Ya,Ya,1100000,https://mamikos.com/room/kost-kota-kediri-kost-campur-eksklusif-kost-berkah-ceria-tipe-a-pesantren-kediri
Kota Kediri,Kost Mira Tipe B,Putra,Kecamatan Mojoroto,5.0,Tidak,Ya,Ya,Tidak,Tidak,Ya,360000,https://mamikos.com/room/kost-kota-kediri-kost-putra-murah-kost-mira-tipe-b-mojoroto-kediri
Kota Kediri,Kost Davio Tipe Mezaninne Tingkat,Campur,Pesantren,0.0,Ya,Ya,Ya,Ya,Ya,Ya,650000,https://mamikos.com/room/kost-kediri-kost-campur-murah-kost-davio-tipe-mezaninne-tingkat-pesantren-kediri
Kota Kediri,Kost Berkah Ceria Tipe A1,Campur,Pesantren,0.0,Ya,Ya,Ya,Ya,Ya,Ya,1650000,https://mamikos.com/room/kost-kediri-kost-campur-eksklusif-kost-berkah-ceria-tipe-a1-pesantren-kediri-2
Kota Kediri,Kost Valeri,Putri,Kediri,0.0,Tidak,Ya,Ya,Tidak,Ya,Tidak,600000,https://mamikos.com/room/kost-kediri-kost-putri-murah-kost-valeri-kediri
Kota Kediri,Kost Kolak Rejo Tipe A,Putra,Ngadiluwih,0.0,Ya,Ya,Ya,Tidak,Ya,Ya,900000,https://mamikos.com/room/kost-kabupaten-kediri-kost-putra-murah-kost-kolak-rejo-tipe-a-ngadiluwih-kediri
Kota Kediri,Kost Griya Intan Ab 5 Tipe A,Putri,Mojoroto,0.0,Ya,Ya,Ya,Ya,Ya,Ya,1400000,https://mamikos.com/room/kost-kediri-kost-putri-eksklusif-kost-griya-intan-ab-5-tipe-a-mojoroto-kediri
Kota Kediri,Kost Grand Tipe Premium,Putra,Mojoroto,0.0,Tidak,Ya,Ya,Ya,Tidak,Ya,500000,https://mamikos.com/room/kost-kediri-kost-putra-murah-kost-grand-tipe-premium-mojoroto-kediri
Kota Kediri,Kost Pak Amari,Campur,Ngasem,0.0,Tidak,Ya,Ya,Tidak,Tidak,Ya,350000,https://mamikos.com/room/kost-kabupaten-kediri-kost-campur-murah-kost-pak-amari-ngasem-kediri-3
Kota Kediri,Kost Mama Ika Tipe Premium,Putri,Mojoroto,0.0,Ya,Ya,Ya,Ya,Ya,Ya,1100000,https://mamikos.com/room/kost-kota-kediri-kost-putri-eksklusif-kost-mama-ika-tipe-premium-mojoroto-kediri
Kota Kediri,Kost Wisma Dermaga 4 Tipe Eksklusif,Campur,Pesantren,0.0,Ya,Tidak,Ya,Ya,Ya,Ya,1700000,https://mamikos.com/room/kost-kota-kediri-kost-campur-eksklusif-kost-wisma-dermaga-4-tipe-eksklusif-pesantren-kediri
Kota Kediri,Kost CK O 21 Tipe Single Kamar Mandi Dalam,Putri,Mojoroto,0.0,Ya,Tidak,Ya,Ya,Tidak,Ya,1000000,https://mamikos.com/room/kost-kota-kediri-kost-putri-eksklusif-kost-ck-o-21-tipe-single-kamar-mandi-dalam-mojoroto-kediri
Kota Kediri,Kost Barokah Tipe C,Putri,Kecamatan Mojoroto,0.0,Tidak,Ya,Ya,Ya,Ya,Ya,500000,https://mamikos.com/room/kost-kost-putri-murah-kost-barokah-tipe-hemat-kamar-mandi-dalam-mojoroto-kediri-2
Kota Kediri,Kost Wisma Dermaga 3 VVIP,Campur,Pesantren,0.0,Ya,Ya,Ya,Ya,Ya,Ya,1500000,https://mamikos.com/room/kost-kota-kediri-kost-campur-murah--66
Kota Kediri,Kost Sukorame 2 Tipe KM Dalam,Putra,Kecamatan Mojoroto,0.0,Tidak,Ya,Ya,Tidak,Ya,Ya,480000,https://mamikos.com/room/kost-kota-kediri-kost-putra-murah-kost-sukorame-2-tipe-km-dalam-mojoroto-kediri-1
Kota Kediri,Kost Agfa,Putra,Kediri,0.0,Tidak,Tidak,Ya,Ya,Ya,Ya,760000,https://mamikos.com/room/kost-kediri-kost-putra-murah-kost-agfa-kediri-2
Kota Kediri,Kost Hanania Tipe B Vip Kota,Putri,Kota Kediri,0.0,Ya,Tidak,Ya,Tidak,Ya,Ya,800000,https://mamikos.com/room/kost-kota-kediri-kost-campur-murah--40
Kota Kediri,Kost CK O 21 Tipe Sharing,Putri,Mojoroto,0.0,Ya,Tidak,Ya,Ya,Tidak,Ya,1000000,https://mamikos.com/room/kost-kota-kediri-kost-putri-murah-kost-ck-o-21-tipe-sharing-mojoroto-kediri
Kota Kediri,Kost Kolak Rejo Tipe D,Putra,Ngadiluwih,0.0,Tidak,Ya,Ya,Tidak,Tidak,Ya,350000,https://mamikos.com/room/kost-kabupaten-kediri-kost-putra-murah-kost-kolak-rejo-tipe-d-ngadiluwih-kediri-2
Kota Kediri,Kost New Wisderkid 2 Vvip,Campur,Pesantren,0.0,Ya,Ya,Ya,Ya,Ya,Ya,1300000,https://mamikos.com/room/kost-kediri-kost-campur-eksklusif-kost-new-wisderkid-2-vvip-pesantren-kediri
Kota Kediri,Kost Pak Cimik Tipe A,Putri,Mojoroto,0.0,Tidak,Ya,Ya,Ya,Ya,Ya,550000,https://mamikos.com/room/kost-kediri-kost-putri-murah-kost-pak-cimik-tipe-a-mojoroto-kediri-2
Kota Kediri,Kost Sukorame 2 Tipe A,Putra,Kecamatan Mojoroto,0.0,Tidak,Ya,Tidak,Tidak,Tidak,Tidak,400000,https://mamikos.com/room/kost-kota-kediri-kost-putra-murah-kost-sukorame-2-tipe-a-mojoroto-kediri
Kota Kediri,Kost Elegan,Campur,Kecamatan Pesantren,0.0,Tidak,Ya,Ya,Ya,Ya,Tidak,750000,https://mamikos.com/room/kost-kota-kediri-kost-campur-murah-kost-elegan-pesantren-kediri
Kota Kediri,Kost IV Tipe Kamar Mandi Dalam,Putri,Mojoroto,0.0,Tidak,Ya,Ya,Tidak,Ya,Ya,400000,https://mamikos.com/room/kost-kediri-kost-putri-murah-kost-iv-tipe-kamar-mandi-dalam-mojoroto-kediri
Kota Kediri,Kost Kenzie,Campur,Mojoroto,4.4,Tidak,Ya,Ya,Ya,Ya,Ya,650000,https://mamikos.com/room/kost-kediri-kost-campur-murah-kost-kenzie-mojoroto-kediri-1
Kota Kediri,Kost Ayem Tentrem,Putri,Pesantren,0.0,Tidak,Ya,Tidak,Tidak,Ya,Ya,1000000,https://mamikos.com/room/kost-kota-kediri-kost-putri-eksklusif-kost-ayem-tentrem-pesantren-kediri-2
Kota Kediri,Kost Asri Kaliombo Tipe Ac,Campur,Kediri,0.0,Ya,Tidak,Ya,Ya,Ya,Ya,900000,https://mamikos.com/room/kost-kediri-kost-campur-murah-kost-asri-kaliombo-tipe-ac-kediri
Kota Kediri,Kost Kawi Sejahtera Tipe A1,Campur,Mojoroto,0.0,Ya,Tidak,Ya,Ya,Ya,Ya,1250000,https://mamikos.com/room/kost-kota-kediri-kost-campur-eksklusif-kost-kawi-sejahtera-tipe-a1-mojoroto-kediri
Kota Kediri,Kost Aira Tosaren,Putri,Kecamatan Pesantren,0.0,Ya,Ya,Ya,Ya,Ya,Ya,1200000,https://mamikos.com/room/kost-kota-kediri-kost-putri-eksklusif-kost-aira-tosaren-pesantren-kediri
Kota Kediri,Kost Kawi Sejahtera Tipe A,Campur,Mojoroto,0.0,Ya,Tidak,Ya,Ya,Tidak,Ya,1250000,https://mamikos.com/room/kost-kediri-kost-campur-eksklusif-kost-kawi-sejahtera-tipe-a-mojoroto-kediri
Kota Kediri,Kost Griya Amanda Non AC,Putri,Mojoroto,0.0,Tidak,Tidak,Ya,Tidak,Ya,Ya,750000,https://mamikos.com/room/kost-kota-kediri-kost-putri-murah-kost-griya-amanda-non-ac-mojoroto-kediri
Kota Kediri,Kost Bu Win Kota,Putra,Kecamatan Kota,4.9,Tidak,Ya,Ya,Tidak,Ya,Tidak,400000,https://mamikos.com/room/kost-kota-kediri-kost-putra-murah-kost-bu-win-kota-kediri
Kota Kediri,Kost Tower Tipe Vvip,Campur,Pesantren,5.0,Ya,Ya,Ya,Tidak,Tidak,Tidak,1500000,https://mamikos.com/room/kost-kota-kediri-kost-campur-eksklusif-kost-tower-tipe-vvip-pesantren-kediri-2
Kota Kediri,Kost Huen Tipe A,Putra,Mojoroto,4.9,Tidak,Ya,Ya,Tidak,Ya,Tidak,400000,https://mamikos.com/room/kost-kota-kediri-kost-putra-murah-kost-huen-tipe-a-mojoroto-kediri
Kota Kediri,Kost M,Putri,Mojoroto,0.0,Tidak,Ya,Ya,Ya,Tidak,Ya,400000,https://mamikos.com/room/kost-kediri-kost-putri-murah-kost-m-mojoroto-kediri-2
Kota Kediri,Kost Enrico Tipe A,Putra,Kota Kediri,0.0,Ya,Ya,Ya,Ya,Ya,Ya,1000000,https://mamikos.com/room/kost-kota-kediri-kost-putra-eksklusif-kost-enrico-tipe-a-kediri
Kota Kediri,Kost Aksa Mrican,Putri,Mojoroto,0.0,Tidak,Tidak,Ya,Tidak,Ya,Ya,400000,https://mamikos.com/room/kost-kota-kediri-kost-putri-murah-kost-aksa-mrican-mojoroto-kediri
Kota Kediri,Kost Ceria 1 Tipe A,Putri,Mojoroto,5.0,Tidak,Ya,Ya,Tidak,Tidak,Ya,600000,https://mamikos.com/room/kost-kota-kediri-kost-putri-murah-kost-ceria-1-tipe-a-mojoroto-kediri-2
Kota Kediri,Kost Dyah,Putra,Kota Kediri,0.0,Tidak,Tidak,Ya,Tidak,Ya,Ya,500000,https://mamikos.com/room/kost-kota-kediri-kost-putra-murah-kost-dyah-kediri-2
Kota Kediri,Kost Bee,Putri,Mojoroto,4.0,Ya,Ya,Ya,Ya,Tidak,Ya,1200000,https://mamikos.com/room/kost-kota-kediri-kost-putri-eksklusif-kost-bee-mojoroto-kediri
Kota Kediri,Kost Biru Mezanine Style,Putri,Mojoroto,0.0,Tidak,Ya,Ya,Tidak,Ya,Ya,500000,https://mamikos.com/room/kost-kota-kediri-kost-putri-murah-kost-biru-mezanine-style-mojoroto-kediri
Kota Kediri,Kost Dwi Vvip,Campur,Pesantren,0.0,Ya,Ya,Ya,Ya,Ya,Ya,1300000,https://mamikos.com/room/kost-kota-kediri-kost-campur-murah--136
Kota Kediri,Kost Ibu Hj Anik,Putri,Mojoroto,0.0,Tidak,Ya,Ya,Tidak,Tidak,Ya,450000,https://mamikos.com/room/kost-kota-kediri-kost-putri-murah-kost-ibu-hj-anik-mojoroto-kediri
Kota Kediri,Kost Bu Har IIK,Putri,Kecamatan Mojoroto,0.0,Tidak,Ya,Ya,Ya,Ya,Ya,550000,https://mamikos.com/room/kost-kabupaten-kediri-kost-putri-murah-kost-bu-har-iik-mojoroto-kediri
Kota Kediri,Kost Watik Tipe A,Putri,Kota Kediri,0.0,Tidak,Tidak,Ya,Tidak,Tidak,Ya,400000,https://mamikos.com/room/kost-kota-kediri-kost-putri-murah-kost-watik-tipe-a-kediri
Kota Kediri,Kost Al Husna 2 Tipe A,Putri,Kecamatan Mojoroto,0.0,Ya,Ya,Ya,Ya,Ya,Ya,1500000,https://mamikos.com/room/kost-kota-kediri-kost-putri-eksklusif-kost-al-husna-2-tipe-a-mojoroto-kediri
Kota Kediri,Kost Barokah Ibu Atin Lantai 1,Putra,Mojoroto,0.0,Tidak,Ya,Ya,Tidak,Ya,Ya,550000,https://mamikos.com/room/kost-kota-kediri-kost-putra-murah-kost-barokah-ibu-atin-lantai-1-mojoroto-kediri-2
Kota Kediri,Kost Al ahsan Executive,Campur,Kecamatan Pesantren,0.0,Ya,Ya,Ya,Ya,Ya,Ya,800000,https://mamikos.com/room/kost-kabupaten-kediri-kost-campur-eksklusif-kost-al-ahsan-executive-pesantren-kediri
Kota Kediri,Kost Shoma Pro Tipe Standard,Putri,Mojoroto,0.0,Tidak,Tidak,Ya,Ya,Tidak,Ya,500000,https://mamikos.com/room/kost-kota-kediri-kost-putri-murah-shomapro-kost-tipe-standart-non-ac-mojoroto-kediri-2
Kota Kediri,Kost Calista,Putri,Mojoroto,0.0,Tidak,Ya,Ya,Ya,Ya,Ya,580000,https://mamikos.com/room/kost-kota-kediri-kost-putri-eksklusif-kost-calista-mojoroto-kediri
Kota Kediri,Kost Mutiara Rezeki Tipe A,Putri,Mojoroto,0.0,Tidak,Tidak,Ya,Tidak,Tidak,Ya,500000,https://mamikos.com/room/kost-kota-kediri-kost-putri-murah-kost-mutiara-rezeki-tipe-a-mojoroto-kediri
Kota Kediri,Kost Karisma,Putri,Kecamatan Mojoroto,0.0,Tidak,Tidak,Ya,Tidak,Ya,Ya,500000,https://mamikos.com/room/kost-kota-kediri-kost-putri-murah-kost-karisma-mojoroto-kediri
Kota Kediri,Kost Raitha Bandar Lor,Putri,Mojoroto,0.0,Tidak,Ya,Ya,Tidak,Tidak,Ya,550000,https://mamikos.com/room/kost-kota-kediri-kost-putri-murah-kost-raitha-bandar-lor-mojoroto-kediri
Kota Kediri,Kost Choiri VIP,Putri,Kecamatan Pesantren,0.0,Ya,Tidak,Ya,Ya,Ya,Ya,1200000,https://mamikos.com/room/kost-kabupaten-kediri-kost-putri-eksklusif-kost-choiri-vip-pesantren-kediri-2
Kota Madiun,Kost Graha Non AC,Putri,Kecamatan Manguharjo,0.0,Tidak,Ya,Ya,Tidak,Ya,Ya,750000,https://mamikos.com/room/kost-kota-madiun-kost-campur-murah--52
Kota Madiun,Kost Mbah Moni Executive,Campur,Kecamatan Manguharjo,0.0,Ya,Ya,Ya,Ya,Ya,Ya,1000000,https://mamikos.com/room/kost-kota-madiun-kost-campur-murah--48
Kota Madiun,Kost Azana,Putri,Kartoharjo,0.0,Tidak,Tidak,Ya,Tidak,Ya,Ya,700000,https://mamikos.com/room/kost-madiun-kost-putri-murah-kost-azana-kartoharjo-madiun
Kota Madiun,Kost Tivania Vip,Putra,Jiwan,0.0,Tidak,Tidak,Ya,Ya,Ya,Ya,600000,https://mamikos.com/room/kost-madiun-kost-putra-eksklusif-kost-tivania-vip-jiwan-madiun
Kota Madiun,Kost Omah Faretho,Campur,Kecamatan Taman,0.0,Ya,Ya,Ya,Ya,Ya,Ya,1250000,https://mamikos.com/room/kost-kota-madiun-kost-campur-eksklusif-kost-omah-faretho-taman-madiun
Kota Madiun,Kost Fazza Superior,Putra,Kecamatan Taman,0.0,Ya,Ya,Ya,Ya,Ya,Ya,1800000,https://mamikos.com/room/kost-kota-madiun-kost-putra-eksklusif-kost-fazza-superior-taman-madiun-2
Kota Madiun,Kost Juan Panorama Tipe A,Putra,Kecamatan Taman,0.0,Tidak,Tidak,Ya,Tidak,Ya,Ya,600000,https://mamikos.com/room/kost-kota-madiun-kost-putra-eksklusif-kost-juan-panorama-tipe-a-taman-madiun
Kota Madiun,Kost Panorama Raya,Putra,Taman,0.0,Ya,Ya,Ya,Tidak,Ya,Ya,750000,https://mamikos.com/room/kost-kota-madiun-kost-putra-murah-kost-panorama-raya-taman-madiun-
Kota Madiun,Kost Hadi,Putra,Kartoharjo,5.0,Ya,Ya,Ya,Ya,Ya,Ya,900000,https://mamikos.com/room/kost-kota-madiun-kost-putra-eksklusif-kost-hadi-kartoharjo-madiun
Kota Madiun,Kost Oviten Non Ac,Putri,Kartoharjo,0.0,Tidak,Ya,Ya,Ya,Ya,Ya,600000,https://mamikos.com/room/kost-kota-madiun-kost-putri-murah-kost-oviten-non-ac-kartoharjo-madiun-2
Kota Madiun,Kost Cendana Tipe Reguler,Putri,Taman,4.5,Tidak,Ya,Ya,Tidak,Tidak,Ya,450000,https://mamikos.com/room/kost-kota-madiun-kost-putri-murah-kost-cendana-tipe-reguler-taman-madiun
Kota Madiun,Kost Cendana Griya Surya Tipe Exclusive,Campur,Taman,0.0,Ya,Ya,Ya,Ya,Ya,Ya,1100000,https://mamikos.com/room/kost-kota-madiun-kost-campur-eksklusif-kost-cendana-griya-surya-tipe-exclusive-taman-madiun
Kota Madiun,Kost Dwi Jaya XI Tipe B,Putra,Kartoharjo,0.0,Ya,Ya,Ya,Ya,Ya,Ya,1300000,https://mamikos.com/room/kost-madiun-kost-putra-eksklusif-kost-dwi-jaya-xi-tipe-b-kartoharjo-madiun
Kota Madiun,Kost Cendana Griya Pradipta Reguler,Putri,Kecamatan Taman,4.6,Tidak,Tidak,Ya,Ya,Tidak,Ya,450000,https://mamikos.com/room/kost-kota-madiun-kost-putri-murah-kost-cendana-griya-pradipta-reguler-taman-madiun
Kota Madiun,Kost Cendana Griya Arsakha Reguler Plus,Putri,Kecamatan Manguharjo,0.0,Tidak,Ya,Ya,Tidak,Tidak,Ya,550000,https://mamikos.com/room/kost-kota-madiun-kost-putri-eksklusif-kost-cendana-griya-arsakha-reguler-plus-manguharjo-madiun
Kota Madiun,Kost The Home 19,Campur,Kartoharjo,0.0,Ya,Ya,Ya,Ya,Ya,Ya,1349000,https://mamikos.com/room/kost-kota-madiun-kost-campur-eksklusif-kost-the-home-19-kartoharjo-madiun
Kota Madiun,Kost Cendana Griya Pradipta Reguler Plus,Putri,Kecamatan Taman,0.0,Tidak,Tidak,Ya,Ya,Tidak,Ya,550000,https://mamikos.com/room/kost-kota-madiun-kost-putri-eksklusif-kost-cendana-griya-pradipta-reguler-plus-taman-madiun
Kota Madiun,Kost Cendana Griya Surya Tipe Vip Plus,Campur,Taman,0.0,Tidak,Ya,Ya,Ya,Ya,Ya,800000,https://mamikos.com/room/kost-madiun-kost-campur-eksklusif-kost-cendana-griya-surya-tipe-vip-plus-taman-madiun
Kota Madiun,Kost Like 1,Putri,Taman,0.0,Tidak,Tidak,Ya,Ya,Ya,Ya,550000,https://mamikos.com/room/kost-madiun-kost-putri-murah-kost-like-1-taman-madiun
Kota Madiun,Kost Cendana Griya Arsakha Tipe Reguler,Putri,Kecamatan Manguharjo,0.0,Tidak,Tidak,Ya,Tidak,Tidak,Ya,449999,https://mamikos.com/room/kost-kota-madiun-kost-putri-murah-kost-cendana-griya-arsakha-tipe-reguler-manguharjo-madiun-2
Kota Madiun,Kost Moira 2,Putri,Kecamatan Taman,0.0,Tidak,Tidak,Ya,Ya,Tidak,Ya,550000,https://mamikos.com/room/kost-kota-madiun-kost-putri-murah-kost-moira-2-taman-madiun-2
Kota Madiun,Kost Cendana Tipe VVIP,Putri,Taman,0.0,Ya,Ya,Ya,Ya,Ya,Ya,999998,https://mamikos.com/room/kost-kota-madiun-kost-putri-eksklusif-kost-cendana-tipe-vvip-taman-madiun
Kota Madiun,Kost Like 2,Putri,Kecamatan Kartoharjo,0.0,Tidak,Ya,Ya,Ya,Ya,Tidak,550000,https://mamikos.com/room/kost-kota-madiun-kost-putri-murah-kost-like-2-jl-putra-wijaya-klegen-kartoharjo-madiun
Kota Madiun,Kost Pak Bee,Campur,Mangu Harjo,0.0,Tidak,Tidak,Ya,Tidak,Ya,Ya,600000,https://mamikos.com/room/kost-kota-madiun-kost-campur-murah-kost-pak-bee-mangu-harjo-madiun-2
Kota Madiun,Kost Cendana Tipe VIP,Putri,Taman,0.0,Tidak,Ya,Ya,Ya,Ya,Ya,698000,https://mamikos.com/room/kost-kota-madiun-kost-putri-eksklusif-kost-cendana-tipe-vip-taman-madiun
Kota Madiun,Kost Dwi Jaya XI Tipe A,Putra,Kecamatan Kartoharjo,0.0,Ya,Ya,Ya,Ya,Ya,Ya,1000000,https://mamikos.com/room/kost-kota-madiun-kost-putra-eksklusif-kost-dwi-jaya-xi-tipe-a-kartoharjo-madiun-1
Kota Madiun,Kost Cendana Griya Pradipta Exclusive,Putri,Kecamatan Taman,0.0,Ya,Tidak,Ya,Ya,Tidak,Ya,1099998,https://mamikos.com/room/kost-kota-madiun-kost-putri-eksklusif-kost-cendana-griya-pradipta-exclusive-taman-madiun
Kota Madiun,Kost Calliesta Tipe A Mangu Harjo,Putri,Kecamatan Manguharjo,0.0,Ya,Tidak,Ya,Ya,Ya,Ya,1000000,https://mamikos.com/room/kost-kota-madiun-kost-campur-murah--34
Kota Madiun,Kost De Korner Sumber Karya Tipe Double,Campur,Kecamatan Taman,0.0,Ya,Ya,Ya,Ya,Ya,Ya,1500000,https://mamikos.com/room/kost-kota-madiun-kost-campur-eksklusif-kost-de-korner-sumber-karya-tipe-double-taman-madiun
Kota Madiun,Kost Rumah Liska,Campur,Taman,0.0,Ya,Ya,Ya,Ya,Ya,Ya,950000,https://mamikos.com/room/kost-kota-madiun-kost-campur-murah-kost-rumah-liska-taman-madiun
Kota Madiun,Kost Margayasa,Putra,Taman,0.0,Tidak,Ya,Ya,Tidak,Tidak,Ya,400000,https://mamikos.com/room/kost-kota-madiun-kost-putra-murah-kost-margayasa-taman-madiun
Kota Madiun,Kost Cendana Reguler Plus,Putri,Taman,0.0,Tidak,Ya,Ya,Tidak,Tidak,Ya,550000,https://mamikos.com/room/kost-kota-madiun-kost-putri-eksklusif-kost-cendana-reguler-plus-taman-madiun
Kota Madiun,Kost Bougenville Tipe A,Campur,Taman,0.0,Ya,Ya,Ya,Tidak,Ya,Ya,1300000,https://mamikos.com/room/kost-kota-madiun-kost-campur-eksklusif-kost-bougenville-tipe-a-taman-madiun-2
Kota Madiun,Kost Cendana Tipe Reguler Budget,Putri,Taman,0.0,Tidak,Ya,Ya,Tidak,Tidak,Ya,399998,https://mamikos.com/room/kost-kota-madiun-kost-putri-murah-kost-cendana-tipe-reguler-budget-taman-madiun-2
Kota Madiun,Kost Roy Tipe Menengah,Putri,Mangu Harjo,0.0,Tidak,Tidak,Ya,Tidak,Ya,Ya,650000,https://mamikos.com/room/kost-madiun-kost-putri-murah-kost-roy-tipe-menengah-mangu-harjo-madiun-2
Kota Madiun,Kost De Corner,Campur,Kecamatan Taman,0.0,Ya,Ya,Ya,Ya,Ya,Ya,1400000,https://mamikos.com/room/kost-kota-madiun-kost-campur-eksklusif-kost-de-corner-taman-madiun
Kota Madiun,Kost Aaa3 Tipe Standart,Putra,Taman,0.0,Tidak,Ya,Ya,Ya,Ya,Ya,600000,https://mamikos.com/room/kost-kota-madiun-kost-putra-murah-kost-aaa3-tipe-standart-taman-madiun-2
Kota Madiun,Kost Griya Kalimantan,Putri,Kartoharjo,0.0,Tidak,Ya,Ya,Ya,Tidak,Ya,650000,https://mamikos.com/room/kost-kota-madiun-kost-putri-eksklusif-kost-griya-kalimantan-kartoharjo-madiun-2
Kota Madiun,Kost Griya Tentram Sehati Tipe A,Putri,Kartoharjo,0.0,Tidak,Tidak,Ya,Ya,Tidak,Ya,550000,https://mamikos.com/room/kost-kota-madiun-kost-campur-murah-kost-griya-tentram-sehati-type-a-standarklas-ekonomi-kartoharjo-madiun-2
Kota Madiun,Kost Griya Kencana Ungu Tipe A,Putra,Kecamatan Taman,5.0,Ya,Ya,Ya,Tidak,Ya,Tidak,1000000,https://mamikos.com/room/kost-kota-madiun-kost-putra-eksklusif-kost-griya-kencana-ungu-tipe-a-taman-madiun
Kota Madiun,Kost Iso Tipe Standar,Putra,Kartoharjo,0.0,Tidak,Ya,Ya,Tidak,Tidak,Ya,600000,https://mamikos.com/room/kost-madiun-kost-putra-murah-kost-iso-tipe-standar-kartoharjo-madiun-2
Kota Madiun,Kost Biru,Putri,Kecamatan Taman,0.0,Tidak,Ya,Ya,Tidak,Tidak,Ya,365000,https://mamikos.com/room/kost-kota-madiun-kost-putri-murah-kost-biru-taman-madiun-2
Kota Madiun,Kost Ibu Fitri Tipe Vip,Campur,Kartoharjo,0.0,Tidak,Ya,Ya,Tidak,Ya,Ya,1200000,https://mamikos.com/room/kost-madiun-kost-campur-eksklusif-kost-ibu-fitri-tipe-vip-kartoharjo-madiun
Kota Madiun,Kost Griya Baroka Tipe A,Putra,Taman,0.0,Tidak,Ya,Ya,Ya,Ya,Ya,650000,https://mamikos.com/room/kost-kota-madiun-kost-putra-murah-kost-griya-baroka-tipe-a-taman-madiun
Kota Madiun,Kost De Corner Tipe Double Sorong,Campur,Kecamatan Taman,0.0,Ya,Ya,Ya,Ya,Ya,Ya,1600000,https://mamikos.com/room/kost-kota-madiun-kost-campur-eksklusif-kost-de-corner-tipe-double-sorong-taman-madiun-2
Kota Madiun,Kost Griya Kencana Ungu Tipe F,Putra,Kecamatan Taman,0.0,Tidak,Ya,Ya,Tidak,Tidak,Ya,400000,https://mamikos.com/room/kost-kota-madiun-kost-putra-murah-kost-griya-kencana-ungu-tipe-f-taman-madiun-2
Kota Madiun,Kost Kencana,Putri,Taman,0.0,Tidak,Ya,Ya,Ya,Ya,Ya,450000,https://mamikos.com/room/kost-madiun-kost-putri-murah-kost-kencana-taman-madiun
Kota Madiun,Kost The Warno Tipe A,Campur,Kecamatan Kartoharjo,0.0,Tidak,Ya,Ya,Tidak,Ya,Ya,700000,https://mamikos.com/room/kost-kota-madiun-kost-campur-murah-kost-the-warno-tipe-a-kartoharjo-madiun
Kota Madiun,Kost De Korner Sumber Karya Tipe Single,Campur,Kecamatan Taman,0.0,Ya,Ya,Ya,Ya,Ya,Ya,1300000,https://mamikos.com/room/kost-kota-madiun-kost-campur-eksklusif-kost-de-korner-sumber-karya-tipe-single-taman-madiun-2
Kota Madiun,Kost Soeta Tipe A,Putri,Kecamatan Taman,0.0,Tidak,Ya,Ya,Ya,Ya,Ya,650000,https://mamikos.com/room/kost-kota-madiun-kost-putri-eksklusif-kost-soeta-tipe-a-taman-madiun
Kota Madiun,Kost Eko ST,Putri,Kartoharjo,0.0,Ya,Ya,Ya,Ya,Ya,Ya,600000,https://mamikos.com/room/kost-kota-madiun-kost-putri-eksklusif-kost-eko-st-kartoharjo-madiun
Kota Madiun,Kost Griya Baroka Tipe B,Putra,Taman,5.0,Tidak,Tidak,Ya,Tidak,Tidak,Ya,500000,https://mamikos.com/room/kost-madiun-kost-putra-murah-kost-griya-baroka-tipe-b-taman-madiun
Kota Madiun,Kost Koe Tipe Ac,Campur,Taman,0.0,Ya,Ya,Ya,Ya,Ya,Ya,1400000,https://mamikos.com/room/kost-kota-madiun-kost-campur-eksklusif-kost-koe-tipe-ac-taman-madiun-1
Kota Madiun,Kost R6,Putri,Kartoharjo,0.0,Tidak,Ya,Ya,Ya,Tidak,Ya,500000,https://mamikos.com/room/kost-madiun-kost-putri-murah-kost-r6-kartoharjo-madiun
Kota Madiun,Kost Griya Kencana Ungu Tipe B,Putra,Kecamatan Taman,0.0,Tidak,Ya,Ya,Tidak,Ya,Tidak,700000,https://mamikos.com/room/kost-kota-madiun-kost-putra-murah-kost-griya-kencana-ungu-tipe-b-taman-madiun
Kota Madiun,Kost Brown Tipe A,Campur,Kecamatan Taman,0.0,Tidak,Ya,Ya,Ya,Ya,Ya,750000,https://mamikos.com/room/kost-kota-madiun-kost-campur-murah-kost-brown-tipe-a-taman-madiun-2
Kota Madiun,Kost Griya Tentram Sehati Tipe Ekonomi,Putri,Kartoharjo,0.0,Tidak,Ya,Ya,Ya,Tidak,Ya,550000,https://mamikos.com/room/kost-kota-madiun-kost-putri-murah-kost-griya-tentram-sehati-tipe-ekonomi-kartoharjo-madiun
Kota Madiun,Kost Fazza Deluxe Plus,Putra,Kecamatan Taman,0.0,Ya,Ya,Ya,Ya,Ya,Ya,1600000,https://mamikos.com/room/kost-kota-madiun-kost-putra-eksklusif-kost-fazza-deluxe-plus-taman-madiun
Kota Madiun,Kost Fazza Standart,Putra,Kecamatan Taman,0.0,Ya,Ya,Ya,Ya,Ya,Ya,1200000,https://mamikos.com/room/kost-kota-madiun-kost-putra-eksklusif-kost-fazza-standart-taman-madiun-2
Kota Madiun,Kost Griya Kencana Ungu Tipe C,Putra,Kecamatan Taman,0.0,Tidak,Ya,Ya,Tidak,Ya,Ya,500000,https://mamikos.com/room/kost-kota-madiun-kost-putra-murah-kost-griya-kencana-ungu-tipe-c-taman-madiun
Kota Madiun,Kost Rambutan,Putri,Taman,0.0,Tidak,Ya,Ya,Tidak,Ya,Ya,600000,https://mamikos.com/room/kost-madiun-kost-putri-murah-kost-rambutan-taman-madiun
Kota Madiun,Kost Mbah Moni Tipe A,Campur,Kecamatan Manguharjo,0.0,Tidak,Ya,Ya,Ya,Ya,Ya,550000,https://mamikos.com/room/kost-kota-madiun-kost-campur-murah--47
Kota Madiun,Kost Fazza Tipe Deluxe,Putra,Kecamatan Taman,0.0,Ya,Ya,Ya,Ya,Ya,Ya,1500000,https://mamikos.com/room/kost-kota-madiun-kost-putra-eksklusif-kost-fazza-tipe-deluxe-taman-madiun-2
Kota Madiun,Kost Koe Tipe Standard,Campur,Taman,0.0,Tidak,Ya,Ya,Ya,Ya,Ya,800000,https://mamikos.com/room/kost-kota-madiun-kost-campur-eksklusif-kost-koe-tipe-standard-taman-madiun
Kota Madiun,Kost Jalan Bali 81 Tipe B,Campur,Kartoharjo,5.0,Ya,Ya,Ya,Ya,Ya,Ya,1000000,https://mamikos.com/room/kost-madiun-kost-campur-eksklusif-kost-jalan-bali-81-tipe-d-kartoharjo-madiun-1
Kota Madiun,Kost Buana Tipe A,Campur,Kartoharjo,0.0,Ya,Ya,Ya,Tidak,Ya,Ya,1075000,https://mamikos.com/room/kost-madiun-kost-campur-eksklusif-kost-buana-tipe-a-kartoharjo-madiun
Kota Madiun,Kost Amanah Dormitory Tipe Vvip,Putri,Mangu Harjo,0.0,Ya,Ya,Ya,Ya,Ya,Ya,1100000,https://mamikos.com/room/kost-madiun-kost-putri-eksklusif-kost-amanah-dormitory-tipe-vvip-mangu-harjo-madiun
Kota Madiun,Kost Bu Indah Tipe A,Putri,Kecamatan Taman,5.0,Tidak,Ya,Ya,Tidak,Tidak,Ya,500000,https://mamikos.com/room/kost-kota-madiun-kost-putri-murah-kost-bu-indah-tipe-a-taman-madiun-1
Kota Madiun,Kost Padi,Putri,Kecamatan Taman,0.0,Tidak,Tidak,Ya,Tidak,Ya,Ya,500000,https://mamikos.com/room/kost-kota-madiun-kost-putri-murah-kost-padi-taman-madiun-2
Kota Madiun,Kost Bu Indah Type B,Putri,Kecamatan Taman,0.0,Tidak,Ya,Ya,Tidak,Tidak,Tidak,500000,https://mamikos.com/room/kost-kota-madiun-kost-putri-murah-kost-bu-indah-type-b-taman-madiun
Kota Madiun,Kost Kencana Sari VIP,Putri,Taman,5.0,Tidak,Ya,Ya,Ya,Tidak,Ya,600000,https://mamikos.com/room/kost-kota-madiun-kost-putri-eksklusif-kost-kencana-sari-vip-taman-madiun-2
Kota Madiun,Kost Tiaroz Sakinah,Putri,Taman,0.0,Tidak,Ya,Ya,Tidak,Ya,Ya,600000,https://mamikos.com/room/kost-madiun-kost-putri-murah-kost-tiaroz-sakinah-taman-madiun
Kota Madiun,Kost Djaiman Tipe Large,Putri,Kartoharjo,0.0,Tidak,Ya,Ya,Tidak,Tidak,Ya,250000,https://mamikos.com/room/kost-kota-madiun-kost-putri-murah-kost-djaiman-tipe-large-kartoharjo-madiun
Kota Madiun,Kost Shanggradia,Putri,Kecamatan Taman,0.0,Tidak,Tidak,Ya,Tidak,Ya,Tidak,900000,https://mamikos.com/room/kost-kota-madiun-kost-putri-murah-kost-shanggradia-taman-madiun
Kota Madiun,Kost Anisuko Tipe A,Putra,Taman,0.0,Tidak,Ya,Ya,Tidak,Ya,Ya,600000,https://mamikos.com/room/kost-madiun-kost-putra-murah-kost-anisuko-tipe-a-taman-madiun
Kota Madiun,Kost Bu Naya Tipe Standart,Putri,Mangu Harjo,0.0,Tidak,Tidak,Ya,Tidak,Tidak,Ya,550000,https://mamikos.com/room/kost-madiun-kost-putri-murah-kost-bu-naya-tipe-standart-mangu-harjo-madiun-2
Kota Madiun,Kost Kamuya,Putri,Kecamatan Manguharjo,0.0,Ya,Tidak,Ya,Ya,Ya,Ya,1200000,https://mamikos.com/room/kost-kota-madiun-kost-campur-murah--43
Kota Madiun,Kost Ekslusif Griya Seruni,Campur,Kecamatan Kartoharjo,0.0,Ya,Ya,Ya,Ya,Ya,Ya,1300000,https://mamikos.com/room/kost-kota-madiun-kost-campur-eksklusif-kost-ekslusif-griya-seruni-kartoharjo-madiun
Kota Madiun,Kost Wisma Marga Karya Tipe B,Putra,Taman,0.0,Ya,Ya,Ya,Tidak,Ya,Ya,900000,https://mamikos.com/room/kost-kota-madiun-kost-putra-murah-kost-wisma-marga-karya-tipe-b-taman-madiun-2
Kota Madiun,Kost Ryuga,Campur,Kecamatan Manguharjo,0.0,Tidak,Ya,Ya,Tidak,Ya,Tidak,790000,https://mamikos.com/room/kost-kota-madiun-kost-campur-murah--58
Kota Madiun,Kost Warna Warni,Campur,Mangu Harjo,0.0,Tidak,Ya,Ya,Tidak,Ya,Tidak,650000,https://mamikos.com/room/kost-kota-madiun-kost-campur-murah-kost-warna-warni-mangu-harjo-madiun-2
Kota Madiun,Kost Jalan Bali 81 Tipe D,Putra,Kartoharjo,0.0,Ya,Ya,Ya,Ya,Ya,Tidak,1400000,https://mamikos.com/room/kost-madiun-kost-putra-eksklusif-kost-jalan-bali-81-tipe-c-kartoharjo-madiun
Kota Madiun,Kost Panorama Wilis 33,Putra,Kecamatan Taman,0.0,Tidak,Ya,Ya,Tidak,Tidak,Ya,450000,https://mamikos.com/room/kost-kota-madiun-kost-putra-murah-kost-panorama-wilis-33-taman-madiun
Kota Madiun,Kost D Wki Tipe A,Putri,Taman,0.0,Tidak,Ya,Ya,Ya,Tidak,Ya,450000,https://mamikos.com/room/kost-madiun-kost-putri-murah-kost-d-wki-tipe-a-taman-madiun-2
Kota Madiun,Kost Dwi,Putra,Kecamatan Manguharjo,0.0,Tidak,Ya,Ya,Tidak,Ya,Tidak,500000,https://mamikos.com/room/kost-kota-madiun-kost-putra-murah-kost-dwi-manguharjo-madiun-1
Kota Madiun,Kost Serayu Tentrem Tipe A,Putra,Kecamatan Taman,0.0,Tidak,Ya,Ya,Tidak,Tidak,Ya,500000,https://mamikos.com/room/kost-kota-madiun-kost-putra-murah-kost-serayu-tentrem-tipe-a-taman-madiun-2
Kota Madiun,Kost Delta Karyawan,Putra,Kecamatan Kartoharjo,5.0,Tidak,Ya,Ya,Tidak,Ya,Ya,600000,https://mamikos.com/room/kost-kota-madiun-kost-putra-murah-kost-delta-karyawan-kartoharjo-madiun
Kota Madiun,Kost Griya Hasanah Tipe A,Putra,Kecamatan Taman,0.0,Ya,Tidak,Ya,Ya,Ya,Ya,1250000,https://mamikos.com/room/kost-kota-madiun-kost-putra-eksklusif-kost-griya-hasanah-tipe-a-taman-madiun-2
Kota Madiun,Kost Mk House,Putri,Kecamatan Taman,0.0,Ya,Ya,Ya,Ya,Ya,Ya,1500000,https://mamikos.com/room/kost-kota-madiun-kost-putri-eksklusif-kost-mk-house-taman-madiun-2
Kota Madiun,Kost Bu Dwi,Putra,Kecamatan Manguharjo,0.0,Tidak,Ya,Ya,Tidak,Tidak,Tidak,450000,https://mamikos.com/room/kost-kota-madiun-kost-putra-murah-kost-bu-dwi-manguharjo-madiun-2
Kota Madiun,Kost Abimanyu 1,Putra,Kecamatan Kartoharjo,0.0,Tidak,Ya,Ya,Ya,Ya,Ya,650000,https://mamikos.com/room/kost-kota-madiun-kost-putra-murah-kost-abimanyu-1-kartoharjo-madiun
Kota Madiun,Kost Setiabudi Tipe A,Putri,Taman,0.0,Tidak,Tidak,Ya,Ya,Ya,Ya,625000,https://mamikos.com/room/kost-madiun-kost-putra-murah-kost-setiabudi-tipe-a-taman-madiun-2
Kota Madiun,Kost Biru,Putra,Jiwan,0.0,Tidak,Ya,Ya,Ya,Tidak,Ya,400000,https://mamikos.com/room/kost-kabupaten-madiun-kost-putra-murah-kost-biru-jiwan-madiun-1
Kota Madiun,Kost Serayu Tipe A,Campur,Taman,0.0,Ya,Ya,Ya,Ya,Ya,Ya,1350000,https://mamikos.com/room/kost-kota-madiun-kost-campur-eksklusif-kost-serayu-tipe-a-taman-madiun-2
Kota Madiun,Kost Dinatta Tipe VIP,Putra,Kecamatan Kartoharjo,0.0,Ya,Ya,Ya,Ya,Ya,Ya,1000000,https://mamikos.com/room/kost-kota-madiun-kost-putra-eksklusif-kost-dinatta-tipe-vip-kartoharjo-madiun-2
Kota Madiun,Kost Jalan Gegono Manis,Putra,Taman,0.0,Tidak,Ya,Ya,Tidak,Tidak,Tidak,350000,https://mamikos.com/room/kost-madiun-kost-putra-murah-kost-jalan-gegono-manis-taman-madiun-2
Kota Madiun,Kost Hb 1 Tipe 1,Putri,Kecamatan Taman,0.0,Tidak,Tidak,Ya,Ya,Ya,Tidak,400000,https://mamikos.com/room/kost-kota-madiun-kost-putri-murah-kost-hb-1-tipe-1-taman-madiun-2
Kota Madiun,Kost Taman Mendut Patihan,Campur,Mangu Harjo,0.0,Tidak,Ya,Ya,Ya,Ya,Tidak,600000,https://mamikos.com/room/kost-kota-madiun-kost-campur-eksklusif-kost-taman-mendut-patihan-mangu-harjo-madiun
Kota Madiun,Kost Kostori Tipe VVIP,Putra,Taman,0.0,Ya,Ya,Ya,Tidak,Ya,Ya,1000000,https://mamikos.com/room/kost-kota-madiun-kost-putra-murah-kost-kostori-tipe-vvip-taman-madiun-2
Kota Madiun,Kost Teduh,Putri,Kartoharjo,0.0,Tidak,Ya,Ya,Tidak,Tidak,Ya,350000,https://mamikos.com/room/kost-kota-madiun-kost-putri-murah-kost-teduh-kartoharjo-madiun-1
Kota Madiun,Kost Menik Jaya Margobawero Tipe C,Campur,Taman,0.0,Ya,Ya,Ya,Ya,Ya,Ya,1200000,https://mamikos.com/room/kost-madiun-kost-campur-eksklusif-kost-menik-jaya-margobawero20-tipe-c-taman-madiun-1
Kota Madiun,Kost Green 2,Putri,Kecamatan Kartoharjo,0.0,Tidak,Tidak,Ya,Ya,Ya,Ya,700000,https://mamikos.com/room/kost-kota-madiun-kost-putri-murah-kost-green-2-kartoharjo-madiun-1
Kota Madiun,Kost Arzelhouse Executive,Putra,Kecamatan Taman,0.0,Ya,Ya,Tidak,Ya,Ya,Ya,1200000,https://mamikos.com/room/kost-kota-madiun-kost-putra-eksklusif-kost-arzelhouse-executive-taman-madiun
Kota Madiun,Kost Pojok Tipe A,Putri,Taman,0.0,Tidak,Tidak,Ya,Tidak,Tidak,Ya,400000,https://mamikos.com/room/kost-kota-madiun-kost-putri-murah-kost-pojok-tipe-a-taman-madiun
Kota Madiun,Kost Jalan Bali 81 Tipe C,Putra,Kartoharjo,0.0,Ya,Ya,Ya,Ya,Ya,Tidak,1200000,https://mamikos.com/room/kost-madiun-kost-putra-murah-kost-jalan-bali-81-tipe-a-kartoharjo-madiun
Kota Madiun,Kost Sukosari Tipe A,Putri,Kecamatan Kartoharjo,0.0,Tidak,Tidak,Ya,Tidak,Tidak,Ya,350000,https://mamikos.com/room/kost-kota-madiun-kost-putri-murah-kost-sukosari-tipe-a-kartoharjo-madiun
Kota Madiun,Kost Samawa Tipe B,Putri,Kecamatan Manguharjo,0.0,Ya,Ya,Ya,Ya,Ya,Ya,900000,https://mamikos.com/room/kost-kota-madiun-kost-putra-murah-kost-samawa-tipe-b-manguharjo-madiun
Kota Madiun,Kost Olla 1 Executive,Putri,Taman,0.0,Ya,Ya,Ya,Ya,Ya,Ya,1000000,https://mamikos.com/room/kost-kota-madiun-kost-putri-eksklusif-kost-olla-1-executive-taman-madiun-2
Kota Madiun,Kost Luwes Tipe A,Campur,Kartoharjo,0.0,Tidak,Ya,Ya,Tidak,Ya,Ya,600000,https://mamikos.com/room/kost-kota-madiun-kost-campur-murah-kost-luwes-tipe-a-kartoharjo-madiun
Kota Madiun,Kost Daarul Falaah,Putri,Kecamatan Kartoharjo,0.0,Tidak,Ya,Ya,Tidak,Ya,Ya,675000,https://mamikos.com/room/kost-kota-madiun-kost-putri-murah-kost-daarul-falaah-kartoharjo-madiun
Kota Madiun,Kost Griya Rame Tipe A Mangu Harjo,Campur,Kecamatan Manguharjo,4.0,Tidak,Tidak,Ya,Tidak,Ya,Ya,600000,https://mamikos.com/room/kost-kota-madiun-kost-campur-murah-kost-griya-rame-tipe-a-mangu-harjo-madiun-2
Kota Madiun,Kost Jalan Bali 81 Tipe A,Campur,Kartoharjo,0.0,Tidak,Ya,Ya,Ya,Ya,Tidak,900000,https://mamikos.com/room/kost-madiun-kost-campur-eksklusif-kost-jalan-bali-81-tipe-b-kartoharjo-madiun
Kota Madiun,Kost Annisa Tipe A,Putri,Kecamatan Kartoharjo,0.0,Ya,Ya,Ya,Ya,Ya,Ya,1000000,https://mamikos.com/room/kost-kota-madiun-kost-putri-eksklusif-kost-annisa-tipe-a-kartoharjo-madiun-3
Kota Madiun,Kost Putih Tipe B,Putra,Mangu Harjo,2.0,Tidak,Ya,Ya,Tidak,Ya,Ya,700000,https://mamikos.com/room/kost-madiun-kost-putra-eksklusif-kost-putih-tipe-b-mangu-harjo-madiun-2
Kota Madiun,Kost Griya Mukti Tipe Non Ac,Putri,Taman,0.0,Tidak,Tidak,Ya,Ya,Ya,Ya,750000,https://mamikos.com/room/kost-madiun-kost-putri-murah-kost-griya-mukti-tipe-non-ac-taman-madiun
Kota Madiun,Kost Domiresa,Putri,Kecamatan Taman,0.0,Tidak,Ya,Ya,Tidak,Tidak,Ya,500000,https://mamikos.com/room/kost-kota-madiun-kost-putri-murah-kost-domiresa-taman-madiun
Kota Madiun,Kost Patihan Manguharjo,Campur,Mangu Harjo,0.0,Tidak,Ya,Ya,Ya,Ya,Tidak,600000,https://mamikos.com/room/kost-madiun-kost-campur-eksklusif-kost-patihan-madiun-1
Kota Madiun,Kost Setiabudi Tipe B,Putri,Taman,0.0,Tidak,Tidak,Ya,Ya,Ya,Ya,675000,https://mamikos.com/room/kost-madiun-kost-putra-murah-kost-setiabudi-tipe-b-taman-madiun-2
Kota Madiun,Kost Zyndi,Putri,Kecamatan Kartoharjo,0.0,Tidak,Tidak,Ya,Tidak,Tidak,Ya,350000,https://mamikos.com/room/kost-kota-madiun-kost-putri-murah-kost-zyndi-kartoharjo-madiun
Kota Madiun,Kost N3 House Tipe A1,Putra,Kecamatan Kartoharjo,0.0,Tidak,Ya,Ya,Ya,Tidak,Ya,500000,https://mamikos.com/room/kost-kota-madiun-kost-putra-murah-kost-n3-house-tipe-a1-kartoharjo-madiun
Kota Madiun,Kost Nayra,Campur,Kecamatan Manguharjo,0.0,Tidak,Tidak,Ya,Tidak,Ya,Tidak,650000,https://mamikos.com/room/kost-kota-madiun-kost-campur-murah--53
Kota Madiun,Kost Yuli,Campur,Jiwan,0.0,Tidak,Ya,Ya,Ya,Tidak,Ya,500000,https://mamikos.com/room/kost-kabupaten-madiun-kost-campur-murah-kost-yuli-jiwan-madiun
Kota Madiun,Kost Srikandi Tipe A,Putri,Kecamatan Taman,5.0,Tidak,Ya,Ya,Tidak,Ya,Ya,465000,https://mamikos.com/room/kost-kota-madiun-kost-putri-murah-kost-srikandi-tipe-a-taman-madiun-2
Kota Madiun,Kost Shinta,Putra,Kecamatan Kartoharjo,0.0,Tidak,Ya,Tidak,Tidak,Tidak,Tidak,500000,https://mamikos.com/room/kost-kota-madiun-kost-putra-murah-kost-shinta-kartoharjo-madiun
Kota Madiun,Kost Griya Sumatra Tipe A,Campur,Mangu Harjo,0.0,Ya,Ya,Ya,Ya,Ya,Ya,1500000,https://mamikos.com/room/kost-kota-madiun-kost-campur-eksklusif-kost-griya-sumatra-tipe-a-mangu-harjo-madiun
Kota Madiun,Kost Rumah Mentari I Tipe Ac,Campur,Mangu Harjo,5.0,Ya,Ya,Ya,Tidak,Ya,Ya,550000,https://mamikos.com/room/kost-madiun-kost-campur-eksklusif-kost-rumah-mentari-i-tipe-ac-mangu-harjo-madiun
Kota Madiun,Kost Bibriri Tipe A,Putri,Kecamatan Kartoharjo,0.0,Ya,Ya,Ya,Ya,Ya,Ya,1200000,https://mamikos.com/room/kost-kota-madiun-kost-putri-eksklusif-kost-bibriri-tipe-a-kartoharjo-madiun
Kota Madiun,Kost Griya Banjar Asri,Putri,Kecamatan Taman,0.0,Tidak,Tidak,Ya,Tidak,Ya,Ya,800000,https://mamikos.com/room/kost-kota-madiun-kost-putri-murah-kost-griya-banjar-asri-taman-madiun
Kota Madiun,Kost Srikandi Vvip,Putri,Kecamatan Taman,0.0,Tidak,Ya,Ya,Tidak,Ya,Ya,800000,https://mamikos.com/room/kost-kota-madiun-kost-putri-murah-kost-srikandi-vvip-taman-madiun-2
Kota Madiun,Kost Samawa Tipe A,Putri,Kecamatan Manguharjo,0.0,Tidak,Ya,Ya,Ya,Ya,Ya,650000,https://mamikos.com/room/kost-kota-madiun-kost-putri-murah-kost-samawa-tipe-a-manguharjo-madiun
Kota Madiun,Kost Devina Chan,Putri,Kecamatan Taman,0.0,Tidak,Tidak,Tidak,Tidak,Tidak,Tidak,500000,https://mamikos.com/room/kost-kota-madiun-kost-putri-murah-kost-devina-chan-taman-madiun
Kota Madiun,Kost The Royal Standart Room Mangu Harjo,Putri,Kecamatan Manguharjo,0.0,Tidak,Tidak,Ya,Ya,Ya,Ya,750000,https://mamikos.com/room/kost-kota-madiun-kost-putri-murah-kost-the-royal-standart-room-mangu-harjo-madiun-2
Kota Madiun,Kost Pudak Asri Tipe A,Putri,Kecamatan Kartoharjo,0.0,Ya,Ya,Ya,Tidak,Tidak,Ya,1000000,https://mamikos.com/room/kost-kota-madiun-kost-putri-eksklusif-kost-pudak-asri-tipe-a-kartoharjo-madiun
Kota Madiun,Kost Griya Oranye Tipe A,Campur,Kecamatan Manguharjo,0.0,Tidak,Ya,Ya,Tidak,Ya,Ya,600000,https://mamikos.com/room/kost-kota-madiun-kost-campur-murah-kost-griya-oranye-tipe-a-manguharjo-madiun
Kota Madiun,Kost Wijaya Like,Putri,Kartoharjo,0.0,Tidak,Tidak,Ya,Ya,Ya,Ya,650000,https://mamikos.com/room/kost-madiun-kost-putri-murah-kost-wijaya-like-kartoharjo-madiun
Kota Madiun,Kost Al Amien Tipe A,Campur,Kecamatan Taman,0.0,Ya,Ya,Ya,Ya,Ya,Tidak,1200000,https://mamikos.com/room/kost-kota-madiun-kost-campur-eksklusif-kost-al-amien-tipe-a-taman-madiun-1
Kota Madiun,Kost Aska Tipe A,Putri,Kecamatan Taman,0.0,Tidak,Ya,Ya,Tidak,Ya,Tidak,400000,https://mamikos.com/room/kost-kota-madiun-kost-putri-murah-kost-aska-tipe-a-taman-madiun
Kota Madiun,Kost Gosyen Tipe AC,Campur,Taman,0.0,Ya,Tidak,Ya,Ya,Ya,Ya,1000000,https://mamikos.com/room/kost-kota-madiun-kost-campur-eksklusif-kost-gosyen-tipe-ac-taman-madiun-2
Kota Madiun,Kost Karunia Tipe Ac,Putri,Kecamatan Taman,0.0,Ya,Tidak,Ya,Ya,Tidak,Ya,950000,https://mamikos.com/room/kost-kota-madiun-kost-putri-murah-kost-karunia-tipe-ac-taman-madiun
Kota Madiun,Kost Cendana,Putri,Kecamatan Taman,0.0,Tidak,Tidak,Ya,Tidak,Tidak,Ya,400000,https://mamikos.com/room/kost-kota-madiun-kost-putri-murah-kost-cendana-taman-madiun
Kota Madiun,Kost Ell,Putri,Kartoharjo,0.0,Tidak,Ya,Ya,Tidak,Ya,Tidak,499999,https://mamikos.com/room/kost-kota-madiun-kost-putri-murah-kost-ell-kartoharjo-madiun
Kota Madiun,Kost Kalimantan Pak Ucok Tipe A,Putri,Kartoharjo,0.0,Tidak,Ya,Ya,Tidak,Tidak,Ya,500000,https://mamikos.com/room/kost-kota-madiun-kost-putri-murah-kost-kalimantan-pak-ucok-tipe-a-kartoharjo-madiun-2
Kota Madiun,Kost Threenaf,Putra,Taman,0.0,Ya,Tidak,Ya,Tidak,Ya,Ya,1100000,https://mamikos.com/room/kost-kota-madiun-kost-putra-eksklusif-kost-threenaf-taman-madiun
Kota Madiun,Kost Firdaus,Putra,Taman,5.0,Ya,Ya,Ya,Ya,Ya,Ya,1100000,https://mamikos.com/room/kost-kota-madiun-kost-putra-murah-kost-taman-firdaus-taman-madiun
Kota Madiun,Kost Sulawesi Tipe C,Campur,Kartoharjo,0.0,Tidak,Ya,Ya,Ya,Tidak,Tidak,550000,https://mamikos.com/room/kost-kota-madiun-kost-campur-murah-kost-sulawesi-tipe-c-kartoharjo-madiun-2
Kota Madiun,Kost Tentrem 1 Tipe Non Premium,Putri,Taman,0.0,Tidak,Ya,Ya,Tidak,Tidak,Ya,400000,https://mamikos.com/room/kost-madiun-kost-putri-murah-kost-tentrem-1-tipe-non-premium-taman-madiun-2
Kota Madiun,Kost Tuntang ABC Tipe A,Putri,Kecamatan Taman,0.0,Ya,Tidak,Ya,Ya,Ya,Tidak,1000000,https://mamikos.com/room/kost-kota-madiun-kost-putri-eksklusif-kost-tuntang-abc-tipe-a-taman-madiun
Kota Madiun,Kost Dina Tipe A,Campur,Kecamatan Taman,0.0,Tidak,Tidak,Ya,Tidak,Ya,Tidak,550000,https://mamikos.com/room/kost-kota-madiun-kost-campur-murah-kos-dina-tipe-a-taman-madiun-1
Kota Madiun,Kost Cemara Tipe B,Putri,Taman,0.0,Tidak,Ya,Ya,Tidak,Tidak,Ya,400000,https://mamikos.com/room/kost-kota-madiun-kost-putri-murah-kost-cemara-tipe-b-taman-madiun
Kota Madiun,Kost Bu Ana Tipe C,Putra,Kecamatan Manguharjo,0.0,Tidak,Tidak,Ya,Tidak,Tidak,Ya,475000,https://mamikos.com/room/kost-kota-madiun-kost-campur-murah--41
Kota Madiun,Kost Rumah Surya Fajar Exclusive,Putra,Kecamatan Taman,0.0,Ya,Ya,Ya,Ya,Ya,Ya,1000000,https://mamikos.com/room/kost-kota-madiun-kost-putra-eksklusif-kost-rumah-surya-fajar-exclusive-taman-madiun-2
Kota Madiun,Kost Bu Ana Tipe B,Putra,Kecamatan Manguharjo,0.0,Tidak,Tidak,Ya,Tidak,Tidak,Ya,475000,https://mamikos.com/room/kost-kota-madiun-kost-campur-murah--33
Kota Madiun,Kost Karunia Tipe Non Ac,Putri,Taman,0.0,Tidak,Tidak,Ya,Ya,Tidak,Ya,550000,https://mamikos.com/room/kost-kota-madiun-kost-putri-murah-kost-karunia-tipe-non-ac-taman-madiun-2
Kota Madiun,Kost Rumah Zarief,Putra,Kecamatan Taman,0.0,Ya,Tidak,Ya,Ya,Ya,Ya,1250000,https://mamikos.com/room/kost-kota-madiun-kost-putra-eksklusif-kost-rumah-zarief-taman-madiun
Kota Madiun,Kost Pak Gin,Putri,Kartoharjo,0.0,Tidak,Ya,Ya,Ya,Tidak,Ya,550000,https://mamikos.com/room/kost-kota-madiun-kost-putri-murah-kost-pak-gin-kartoharjo-madiun
Kota Madiun,Kost Sehat Wirastri Tipe A,Putri,Taman,0.0,Tidak,Ya,Ya,Ya,Tidak,Ya,500000,https://mamikos.com/room/kost-kota-madiun-kost-putri-murah-kost-sehat-wirastri-tipe-a-taman-madiun-2
Kota Madiun,Kost Nirwana Tipe A,Putri,Kartoharjo,0.0,Tidak,Ya,Ya,Tidak,Ya,Ya,580000,https://mamikos.com/room/kost-kota-madiun-kost-putri-murah-kost-nirwana-tipe-a-kartoharjo-madiun
Kota Madiun,Kost Griya Endys Klappy,Putri,Kecamatan Taman,0.0,Tidak,Tidak,Ya,Tidak,Tidak,Ya,300000,https://mamikos.com/room/kost-kota-madiun-kost-putri-murah-kost-griya-endys-klappy-taman-madiun-2
Kota Madiun,Kost Cemara Tipe A,Putri,Taman,0.0,Tidak,Ya,Ya,Tidak,Tidak,Ya,400000,https://mamikos.com/room/kost-kota-madiun-kost-putri-murah-kost-cemara-tipe-a-taman-madiun
Kota Madiun,Kost Ibu Siti Maimunah Tipe A Manguharjo,Putri,Mangu Harjo,0.0,Tidak,Tidak,Ya,Tidak,Ya,Ya,400000,https://mamikos.com/room/kost-madiun-kost-putri-murah-kost-ibu-siti-maimunah-tipe-a-manguharjo-madiun
Kota Madiun,Kost Elang Biru,Putra,Kecamatan Taman,0.0,Tidak,Ya,Ya,Tidak,Tidak,Tidak,500000,https://mamikos.com/room/kost-kota-madiun-kost-putra-murah-kost-elang-biru-taman-madiun-1
Kota Madiun,Kost Putri Suhartati,Putri,Kartoharjo,4.8,Tidak,Tidak,Ya,Tidak,Tidak,Tidak,400000,https://mamikos.com/room/kost-madiun-kost-putri-murah-kost-putri-suhartati-madiun
Kota Madiun,Kost Putih Tipe A,Putra,Mangu Harjo,0.0,Tidak,Ya,Ya,Tidak,Ya,Ya,725000,https://mamikos.com/room/kost-kota-madiun-kost-putra-eksklusif-kost-putih-tipe-a-mangu-harjo-madiun
Kota Madiun,Kost N3 House Tipe C,Putra,Kecamatan Taman,0.0,Tidak,Ya,Ya,Ya,Tidak,Ya,900000,https://mamikos.com/room/kost-kota-madiun-kost-putra-murah-kost-n3-house-tipe-c-taman-madiun
Kota Madiun,Kost Aquila Living Ac,Putri,Kecamatan Kartoharjo,0.0,Ya,Ya,Ya,Ya,Ya,Ya,1000000,https://mamikos.com/room/kost-kota-madiun-kost-putri-eksklusif-kost-aquila-living-ac-kartoharjo-madiun-2
Kota Madiun,Kost Griya Efrata Tipe B,Putri,Kecamatan Manguharjo,0.0,Ya,Tidak,Ya,Ya,Ya,Ya,1000000,https://mamikos.com/room/kost-kota-madiun-kost-putri-eksklusif-kost-griya-efrata-tipe-b-manguharjo-madiun
Kota Madiun,Kost Aa,Putra,Taman,5.0,Tidak,Ya,Ya,Tidak,Ya,Ya,500000,https://mamikos.com/room/kost-kota-madiun-kost-putra-eksklusif-kost-aa-taman-madiun-2
Kota Madiun,Kost Griya 42 Tipe VVIP,Campur,Kartoharjo,0.0,Ya,Ya,Ya,Ya,Ya,Ya,1500000,https://mamikos.com/room/kost-madiun-kost-campur-eksklusif-kost-griya-42-tipe-vvip-kartoharjo-madiun
Kota Madiun,Kost Kelapa Sari 41 Tipe A,Putri,Taman,0.0,Tidak,Tidak,Ya,Ya,Tidak,Tidak,500000,https://mamikos.com/room/kost-kota-madiun-kost-putri-murah-kost-kelapa-sari-41-tipe-a-taman-madiun-1
Kota Madiun,Kost Pojok Tipe C,Putri,Taman,0.0,Tidak,Ya,Ya,Tidak,Tidak,Ya,500000,https://mamikos.com/room/kost-kota-madiun-kost-putri-eksklusif-kost-pojok-tipe-c-taman-madiun
Kota Madiun,Kost Jasmine Tipe A,Putri,Kartoharjo,0.0,Tidak,Ya,Ya,Ya,Ya,Ya,600000,https://mamikos.com/room/kost-kota-madiun-kost-putri-murah-kost-jasmine-tipe-a-kartoharjo-madiun-2
Kota Madiun,Kost Rumah Daisy Standard,Putri,Taman,0.0,Tidak,Ya,Ya,Tidak,Tidak,Ya,450000,https://mamikos.com/room/kost-kota-madiun-kost-putri-murah-kost-rumah-daisy-standard-taman-madiun-2
Kota Madiun,Kost Towangsan Tipe B1,Putra,Kecamatan Taman,0.0,Tidak,Ya,Ya,Tidak,Tidak,Tidak,300000,https://mamikos.com/room/kost-kota-madiun-kost-putra-murah-kost-towangsan-tipe-b1-taman-madiun
Kota Madiun,Kost Bibriri Tipe D,Putri,Kecamatan Kartoharjo,0.0,Ya,Ya,Ya,Tidak,Ya,Ya,1300000,https://mamikos.com/room/kost-kota-madiun-kost-putri-eksklusif-kost-bibriri-tipe-d-kartoharjo-madiun-2
Kota Madiun,Kost Bibriri Tipe B,Putri,Kecamatan Taman,0.0,Ya,Ya,Ya,Tidak,Ya,Ya,1300000,https://mamikos.com/room/kost-kota-madiun-kost-putri-eksklusif-kost-bibriri-tipe-b-taman-madiun
Kota Madiun,Kost Green 1,Putri,Kartoharjo,5.0,Tidak,Ya,Ya,Ya,Tidak,Ya,500000,https://mamikos.com/room/kost-kota-madiun-kost-putri-murah-kost-green-1-kartoharjo-madiun
Kota Madiun,Kost Griya Merpati Tipe A,Putri,Kecamatan Manguharjo,0.0,Tidak,Ya,Ya,Ya,Tidak,Tidak,450000,https://mamikos.com/room/kost-kota-madiun-kost-putri-murah-kost-griya-merpati-tipe-a-manguharjo-madiun
Kota Madiun,Kost Griya Bu Miya Tipe A,Putri,Kecamatan Taman,0.0,Tidak,Tidak,Ya,Tidak,Ya,Ya,650000,https://mamikos.com/room/kost-kota-madiun-kost-putri-murah-kost-griya-bu-miya-tipe-a-taman-madiun-2
Kota Madiun,Kost Budi Daya 2B,Putri,Kartoharjo,0.0,Tidak,Ya,Ya,Tidak,Ya,Ya,700000,https://mamikos.com/room/kost-kota-madiun-kost-putri-murah-kost-budi-daya-2b-kartoharjo-madiun
Kota Madiun,Kost Griya Efrata Tipe A,Putri,Kecamatan Manguharjo,0.0,Ya,Tidak,Ya,Ya,Ya,Ya,1100000,https://mamikos.com/room/kost-kota-madiun-kost-putri-eksklusif-kost-griya-efrata-tipe-a-manguharjo-madiun
Kota Madiun,Kost Astoria I Tipe B,Putra,Kartoharjo,4.9,Tidak,Tidak,Ya,Tidak,Tidak,Ya,600000,https://mamikos.com/room/kost-kota-madiun-kost-putra-murah-kost-astoria-i-tipe-b-kartoharjo-madiun
Kota Madiun,Kost Griya 99,Putri,Kecamatan Kartoharjo,0.0,Ya,Tidak,Ya,Ya,Ya,Ya,1350000,https://mamikos.com/room/kost-kota-madiun-kost-putri-eksklusif-kost-griya-99-kartoharjo-madiun
Kota Madiun,Kost T Bantengan Tipe A,Campur,Wungu,0.0,Ya,Ya,Ya,Tidak,Ya,Tidak,800000,https://mamikos.com/room/kost-madiun-kost-campur-murah-kost-t-bantengan-tipe-a-wungu-madiun-1
Kota Madiun,Kost Al Amien Tipe B,Campur,Kecamatan Taman,0.0,Ya,Ya,Ya,Ya,Ya,Tidak,1500000,https://mamikos.com/room/kost-kota-madiun-kost-campur-eksklusif-kost-al-amien-tipe-b-taman-madiun
Kota Madiun,Kost Aizah Tipe A,Putri,Kartoharjo,0.0,Tidak,Tidak,Ya,Tidak,Ya,Ya,500000,https://mamikos.com/room/kost-madiun-kost-putri-murah-kost-aizah-tipe-a-kartoharjo-madiun
Kota Madiun,Kost Antok,Campur,Kecamatan Taman,0.0,Tidak,Ya,Ya,Tidak,Ya,Ya,450000,https://mamikos.com/room/kost-kota-madiun-kost-campur-murah-kost-antok-taman-madiun
Kota Madiun,Kost Mulia Samping Masjid Al Usman Tipe Standart,Campur,Kecamatan Jiwan,0.0,Tidak,Tidak,Ya,Tidak,Tidak,Ya,350000,https://mamikos.com/room/kost-kabupaten-madiun-kost-campur-murah-kost-mulia-samping-masjid-al-usman-tipe-standart-jiwan-madiun
Kota Madiun,Kost Rumah Usadasari Vip,Campur,Kecamatan Kartoharjo,0.0,Ya,Ya,Ya,Ya,Ya,Ya,1200000,https://mamikos.com/room/kost-kota-madiun-kost-campur-eksklusif-kost-rumah-usadasari-vip-kartoharjo-madiun
Kota Madiun,Kost Johana,Putri,Kecamatan Kartoharjo,0.0,Tidak,Ya,Ya,Tidak,Tidak,Tidak,350000,https://mamikos.com/room/kost-kota-madiun-kost-putri-murah-kost-johana-kartoharjo-madiun-2
Kota Madiun,Kost Griya Bahagya,Campur,Wungu,0.0,Tidak,Ya,Tidak,Tidak,Ya,Ya,800000,https://mamikos.com/room/kost-kabupaten-madiun-kost-campur-murah-kost-griya-bahagya-wungu-madiun
Kota Madiun,Kost Griya Renzy,Putri,Kartoharjo,0.0,Tidak,Tidak,Ya,Tidak,Tidak,Ya,400000,https://mamikos.com/room/kost-kota-madiun-kost-putri-murah-kost-griya-renzy-kartoharjo-madiun-2
Kota Madiun,Kost Kelapa Sari 41 Tipe C,Putri,Taman,0.0,Tidak,Tidak,Ya,Ya,Tidak,Tidak,700000,https://mamikos.com/room/kost-kota-madiun-kost-putri-murah-kost-kelapa-sari-41-tipe-c-taman-madiun-1
Kota Madiun,Kost Rumah Ira,Putri,Taman,0.0,Tidak,Ya,Ya,Ya,Tidak,Tidak,350000,https://mamikos.com/room/kost-madiun-kost-putri-murah-kost-rumah-ira-taman-madiun-1
Kota Madiun,Kost Mewah Tipe A,Putra,Kecamatan Manguharjo,0.0,Ya,Ya,Ya,Ya,Ya,Ya,1000000,https://mamikos.com/room/kost-kota-madiun-kost-campur-murah--40
Kota Madiun,Kost Griya Fadamas Syariah Standard,Putri,Taman,0.0,Ya,Ya,Ya,Ya,Ya,Ya,1000000,https://mamikos.com/room/kost-kota-madiun-kost-putri-eksklusif-kost-griya-fadamas-syariah-standard-taman-madiun-2
Kota Madiun,Kost The Royal Executive Mangu Harjo,Putri,Kecamatan Manguharjo,0.0,Ya,Tidak,Ya,Ya,Ya,Ya,1500000,https://mamikos.com/room/kost-kota-madiun-kost-putri-eksklusif-kost-the-royal-executive-mangu-harjo-madiun-2
Kota Madiun,Kost Astoria I Tipe A,Putra,Kartoharjo,0.0,Tidak,Tidak,Ya,Tidak,Tidak,Tidak,600000,https://mamikos.com/room/kost-madiun-kost-putra-murah-kost-astoria-i-tipe-a-kartoharjo-madiun-1
Kota Madiun,Kost BWI 2 B23,Putri,Kecamatan Manguharjo,0.0,Tidak,Tidak,Ya,Ya,Tidak,Ya,600000,https://mamikos.com/room/kost-kota-madiun-kost-campur-murah--38
Kota Madiun,Kost Towangsan Tipe A,Putra,Kecamatan Taman,0.0,Tidak,Ya,Ya,Tidak,Tidak,Tidak,500000,https://mamikos.com/room/kost-kota-madiun-kost-putra-murah-kost-towangsan-tipe-a-taman-madiun-2
Kota Madiun,Kost Bu Harso Reguler,Putra,Kecamatan Manguharjo,0.0,Tidak,Tidak,Ya,Ya,Tidak,Ya,500000,https://mamikos.com/room/kost-kota-madiun-kost-putra-murah-kost-bu-harso-reguler-manguharjo-madiun-1
Kota Madiun,Kost Wisma Marga Karya Tipe A,Putra,Kecamatan Taman,0.0,Tidak,Ya,Ya,Tidak,Ya,Ya,700000,https://mamikos.com/room/kost-kota-madiun-kost-putra-murah-kost-wisma-marga-karya-tipe-a-taman-madiun-2
Kota Madiun,Kost Pisang,Putri,Kecamatan Taman,0.0,Tidak,Ya,Ya,Tidak,Ya,Ya,550000,https://mamikos.com/room/kost-kota-madiun-kost-putri-murah-kost-pisang-taman-madiun
Kota Madiun,Kost N3 House Tipe D,Putra,Kecamatan Taman,0.0,Tidak,Ya,Ya,Ya,Tidak,Ya,650000,https://mamikos.com/room/kost-kota-madiun-kost-putra-murah-kost-n3-house-tipe-d-taman-madiun
Kota Madiun,Kost Hafizh A1,Putri,Kecamatan Kartoharjo,0.0,Tidak,Tidak,Ya,Ya,Ya,Ya,800000,https://mamikos.com/room/kost-kota-madiun-kost-putri-murah-kost-hafizh-a1-kartoharjo-madiun-2
Kota Madiun,Kost Bibriri Tipe C,Putri,Kartoharjo,0.0,Tidak,Ya,Ya,Tidak,Ya,Ya,800000,https://mamikos.com/room/kost-kota-madiun-kost-putri-murah-kost-bibriri-tipe-c-kartoharjo-madiun
Kota Madiun,Kost Bu Abadi Tipe A,Putri,Kecamatan Kartoharjo,0.0,Tidak,Ya,Ya,Tidak,Tidak,Tidak,350000,https://mamikos.com/room/kost-kota-madiun-kost-putri-murah-kost-bu-abadi-kamar-kos-1-org-2-org-dan-3-org-kartoharjo-madiun-1
Kota Madiun,Kost Bu Yulis,Campur,Kecamatan Jiwan,0.0,Tidak,Ya,Ya,Tidak,Tidak,Tidak,500000,https://mamikos.com/room/kost-kabupaten-madiun-kost-campur-murah-kost-bu-yulis-jiwan-madiun
Kota Madiun,Kost Tipe A,Putri,Kecamatan Taman,0.0,Tidak,Tidak,Ya,Tidak,Tidak,Ya,450000,https://mamikos.com/room/kost-kota-madiun-kost-putri-murah-kost-taman-tipe-a-taman-madiun
Kota Madiun,Kost Ummi House Manguharjo,Putri,Mangu Harjo,0.0,Ya,Tidak,Ya,Ya,Ya,Ya,1000000,https://mamikos.com/room/kost-madiun-kost-putri-eksklusif-kost-ummi-house-manguharjo-madiun
Kota Madiun,Kost Bu Ana Tipe A,Putra,Kecamatan Manguharjo,0.0,Tidak,Tidak,Ya,Tidak,Tidak,Ya,400000,https://mamikos.com/room/kost-kota-madiun-kost-campur-murah--31
Kota Madiun,Kost Gelatik Tipe A,Putra,Manguharjo,0.0,Tidak,Ya,Ya,Tidak,Ya,Tidak,650000,https://mamikos.com/room/kost-kota-madiun-kost-campur-murah--50
Kota Madiun,Kost Sogaten,Campur,Kecamatan Manguharjo,0.0,Tidak,Ya,Tidak,Tidak,Ya,Tidak,500000,https://mamikos.com/room/kost-kota-madiun-kost-campur-murah--54
Kota Madiun,Kost Betah Tipe A,Putri,Kecamatan Jiwan,0.0,Tidak,Ya,Ya,Tidak,Ya,Ya,600000,https://mamikos.com/room/kost-kabupaten-madiun-kost-putri-murah-kost-betah-tipe-a-jiwan-madiun
Kota Madiun,Kost Bu Bambang Tipe 2,Campur,Kecamatan Jiwan,0.0,Tidak,Ya,Ya,Ya,Tidak,Ya,500000,https://mamikos.com/room/kost-kabupaten-madiun-kost-campur-murah-kost-bu-bambang-tipe-2-jiwan-madiun-1
Kota Madiun,Kost Hida,Putri,Kecamatan Manguharjo,0.0,Tidak,Tidak,Ya,Tidak,Ya,Ya,625000,https://mamikos.com/room/kost-kota-madiun-kost-campur-murah--68
Kota Madiun,Kost Sehat Wirastri,Putri,Kecamatan Taman,0.0,Ya,Ya,Ya,Tidak,Tidak,Ya,1000000,https://mamikos.com/room/kost-kota-madiun-kost-putri-eksklusif-kost-sehat-wirastri-taman-madiun
Kota Madiun,Kost Poris Tipe B,Putri,Taman,5.0,Ya,Ya,Ya,Tidak,Ya,Ya,1000000,https://mamikos.com/room/kost-madiun-kost-putri-eksklusif-kost-poris-tipe-b-taman-madiun-1
Kota Madiun,Kost Atharra,Putri,Kecamatan Geger,0.0,Tidak,Ya,Ya,Tidak,Ya,Tidak,550000,https://mamikos.com/room/kost-kabupaten-madiun-kost-putri-murah-atharra-kamar-isi-siap-huni-geger-madiun-2
Kota Madiun,Kost Rumah Pink I Tipe A,Putri,Taman,0.0,Tidak,Tidak,Ya,Ya,Tidak,Tidak,450000,https://mamikos.com/room/kost-kota-madiun-kost-putri-murah-kost-rumah-pink-i-tipe-a-taman-madiun-2
Kota Madiun,Kost Kelapa Sari 41 Tipe B,Putri,Taman,5.0,Tidak,Tidak,Ya,Ya,Tidak,Tidak,500000,https://mamikos.com/room/kost-kota-madiun-kost-putri-murah-kost-kelapa-sari-41-tipe-b-taman-madiun-1
Kota Madiun,Kost Fathur,Putra,Kecamatan Taman,0.0,Tidak,Ya,Ya,Ya,Ya,Ya,400000,https://mamikos.com/room/kost-kota-madiun-kost-putra-murah-kost-fathur-taman-madiun-2
Kota Madiun,Kost Shanggradia 2 Tipe A,Putri,Kartoharjo,0.0,Tidak,Tidak,Ya,Ya,Ya,Ya,600000,https://mamikos.com/room/kost-kota-madiun-kost-putri-murah-kost-shanggradia-2-tipe-a-kartoharjo-madiun
Kota Madiun,Kost Jati Utama,Putri,Kartoharjo,0.0,Tidak,Ya,Ya,Ya,Ya,Ya,500000,https://mamikos.com/room/kost-kota-madiun-kost-putri-murah-kost-jati-utama-kartoharjo-madiun-2
Kota Madiun,Kost Griya Utama Tipe Standart,Putri,Taman,0.0,Tidak,Tidak,Ya,Tidak,Ya,Ya,600000,https://mamikos.com/room/kost-kota-madiun-kost-putri-murah-kost-griya-utama-tipe-standart-taman-madiun-2
Kota Madiun,Kost 28 C,Putri,Kartoharjo,0.0,Tidak,Tidak,Ya,Tidak,Tidak,Ya,250000,https://mamikos.com/room/kost-kota-madiun-kost-putri-murah-kost-28-c-kartoharjo-madiun
Kota Madiun,Kost Swan Homestay Tipe B,Putri,Taman,0.0,Tidak,Tidak,Ya,Ya,Tidak,Tidak,500000,https://mamikos.com/room/kost-kota-madiun-kost-putri-murah-kost-swan-homestay-tipe-b-taman-madiun-2
Kota Madiun,Kost Pak Man Tipe A,Putri,Kecamatan Kartoharjo,0.0,Tidak,Tidak,Ya,Tidak,Tidak,Ya,400000,https://mamikos.com/room/kost-kota-madiun-kost-putri-murah-kost-pak-man-tipe-a-kartoharjo-madiun-2
Kota Madiun,Kost Wijaya Like,Putri,Taman,5.0,Tidak,Tidak,Ya,Ya,Ya,Ya,550000,https://mamikos.com/room/kost-kota-madiun-kost-putri-murah-kost-wijaya-like-taman-madiun
Kota Madiun,Kost Halimah,Putri,Taman,0.0,Ya,Tidak,Ya,Ya,Ya,Ya,950000,https://mamikos.com/room/kost-kota-madiun-kost-putri-eksklusif-kost-halimah-taman-madiun-2
Kota Madiun,Kost Ritenda Tipe A,Putri,Kartoharjo,0.0,Ya,Ya,Ya,Tidak,Ya,Ya,800000,https://mamikos.com/room/kost-kota-madiun-kost-putri-murah-kost-ritenda-tipe-a-kartoharjo-madiun
Kota Madiun,Kost Mizza Tipe A,Putri,Kecamatan Kartoharjo,0.0,Tidak,Ya,Ya,Ya,Ya,Ya,760000,https://mamikos.com/room/kost-kota-madiun-kost-putri-murah-kost-mizza-tipe-a-kartoharjo-madiun
Kota Madiun,Kost Hafizh Tipe A,Putri,Kecamatan Kartoharjo,0.0,Tidak,Ya,Ya,Tidak,Tidak,Ya,450000,https://mamikos.com/room/kost-kota-madiun-kost-putri-murah-kost-hafizh-tipe-a-kartoharjo-madiun-2
Kota Madiun,Kost Jati Alam,Putri,Kartoharjo,0.0,Tidak,Ya,Ya,Ya,Tidak,Tidak,400000,https://mamikos.com/room/kost-madiun-kost-putri-murah-kost-jati-alam-kartoharjo-madiun-1
Kota Madiun,Kost Orenji Tipe A,Campur,Kecamatan Taman,0.0,Ya,Ya,Ya,Tidak,Ya,Ya,850000,https://mamikos.com/room/kost-kota-madiun-kost-campur-murah-kost-orenji-tipe-a-taman-madiun
Kota Madiun,Kost Tiara Tipe VIP,Campur,Kartoharjo,0.0,Ya,Ya,Ya,Ya,Ya,Tidak,1100000,https://mamikos.com/room/kost-kota-madiun-kost-campur-eksklusif-kost-tiara-tipe-vip-kartoharjo-madiun-2
Kota Madiun,Kost Keday Mbah Gino Vespa Pom Mini Tipe A,Campur,Mangu Harjo,0.0,Tidak,Tidak,Ya,Tidak,Tidak,Ya,350000,https://mamikos.com/room/kost-kota-madiun-kost-campur-murah-kost-keday-mbah-gino-vespa-pom-mini-tipe-a-mangu-harjo-madiun-2
Kota Malang,Kost Nadin UNIBRAW Tipe A,Putri,Lowokwaru,0.0,Tidak,Ya,Ya,Tidak,Tidak,Ya,765000,https://mamikos.com/room/kost-malang-kost-putri-murah-kost-apik-nadin-unibraw-tipe-a-lowokwaru-malang
Kota Malang,Kost Cimadur Tipe A,Putra,Blimbing,0.0,Tidak,Ya,Ya,Tidak,Tidak,Ya,855000,https://mamikos.com/room/kost-kota-malang-kost-putra-murah-kost-apik-cimadur-tipe-a-blimbing-malang-2
Kota Malang,Kost Cimadur Tipe B,Putra,Blimbing,0.0,Tidak,Ya,Ya,Tidak,Tidak,Ya,720000,https://mamikos.com/room/kost-kota-malang-kost-putra-murah-kost-apik-cimadur-tipe-b-blimbing-malang-2
Kota Malang,Kost Mansion Bells Tipe A,Putri,Lowokwaru,0.0,Ya,Ya,Ya,Ya,Ya,Ya,1850000,https://mamikos.com/room/kost-kota-malang-kost-putri-eksklusif-kost-singgahsini-mansion-bells-tipe-a-lowokwaru-malang-2
Kota Malang,Kost Mansion Bells Tipe B,Putri,Lowokwaru,0.0,Ya,Ya,Ya,Ya,Ya,Ya,1700000,https://mamikos.com/room/kost-kota-malang-kost-putri-eksklusif-kost-singgahsini-mansion-bells-tipe-b-lowokwaru-malang-2
Kota Malang,Kost Taman Nusa Indah Tipe B,Putra,Kecamatan Lowokwaru,4.8,Ya,Ya,Ya,Ya,Ya,Ya,1625000,https://mamikos.com/room/kost-kota-malang-kost-putra-eksklusif-kost-singgahsini-taman-nusa-indah-tipe-b-lowokwaru-malang
Kota Malang,Kost Gurami Tipe C,Putri,Lowokwaru,0.0,Tidak,Tidak,Ya,Ya,Ya,Ya,925000,https://mamikos.com/room/kost-kota-malang-kost-putri-eksklusif-kost-apik-gurami-tipe-c-lowokwaru-malang-2
Kota Malang,Kost Gurami Tipe A,Putri,Lowokwaru,0.0,Ya,Tidak,Ya,Ya,Ya,Ya,1195000,https://mamikos.com/room/kost-kota-malang-kost-putri-eksklusif-kost-apik-gurami-tipe-a-lowokwaru-malang-2
Kota Malang,Kost Biella Griyashanta Tipe A,Putra,Lowokwaru,5.0,Ya,Ya,Ya,Ya,Ya,Ya,1465000,https://mamikos.com/room/kost-kota-malang-kost-putra-eksklusif-kost-singgahsini-biella-griyashanta-tipe-a-lowokwaru-malang-2
Kota Malang,Kost Gurami Tipe B,Putri,Lowokwaru,0.0,Ya,Tidak,Ya,Ya,Ya,Ya,1105000,https://mamikos.com/room/kost-kota-malang-kost-putri-eksklusif-kost-apik-gurami-tipe-b-lowokwaru-malang-2
Kota Malang,Kost Taman Nusa Indah Tipe A,Putra,Kecamatan Lowokwaru,4.6,Tidak,Ya,Ya,Ya,Ya,Ya,1275000,https://mamikos.com/room/kost-kota-malang-kost-putra-eksklusif-kost-singgahsini-taman-nusa-indah-tipe-a-lowokwaru-malang
Kota Malang,Kost Halimun UNMER Tipe C,Putri,Sukun,0.0,Ya,Ya,Ya,Ya,Ya,Ya,1481000,https://mamikos.com/room/kost-malang-kost-putri-eksklusif-kost-singgahsini-halimun-unmer-tipe-c-sukun-malang
Kota Malang,Kost Toma Stay Tlogomas Tipe B,Putri,Lowokwaru,0.0,Tidak,Tidak,Ya,Tidak,Tidak,Ya,700000,https://mamikos.com/room/kost-kota-malang-kost-putri-murah-kost-apik-toma-stay-tlogomas-tipe-b-lowokwaru-malang-2
Kota Malang,Kost Toma Stay Tlogomas Tipe C,Putri,Lowokwaru,0.0,Tidak,Tidak,Ya,Tidak,Tidak,Ya,610000,https://mamikos.com/room/kost-kota-malang-kost-putri-murah-kost-apik-toma-stay-tlogomas-tipe-c-lowokwaru-malang-2
Kota Malang,Kost Mami Tipe C,Putra,Lowokwaru,4.9,Tidak,Ya,Ya,Ya,Ya,Ya,745000,https://mamikos.com/room/kost-kota-malang-kost-putra-murah-kost-apik-mami-tipe-c-lowokwaru-malang-2
Kota Malang,Kost Halimun UNMER Tipe B,Putri,Sukun,0.0,Ya,Ya,Ya,Ya,Ya,Ya,1572000,https://mamikos.com/room/kost-malang-kost-putri-eksklusif-kost-singgahsini-halimun-unmer-tipe-b-sukun-malang
Kota Malang,Kost Toma Stay Tlogomas Tipe A,Putri,Lowokwaru,0.0,Tidak,Tidak,Ya,Tidak,Tidak,Ya,835000,https://mamikos.com/room/kost-kota-malang-kost-putri-murah-kost-apik-toma-stay-tlogomas-tipe-a-lowokwaru-malang-2
Kota Malang,Kost Halimun UNMER Tipe A,Putri,Sukun,0.0,Ya,Ya,Ya,Ya,Ya,Ya,1663000,https://mamikos.com/room/kost-malang-kost-putri-eksklusif-kost-singgahsini-halimun-unmer-tipe-a-sukun-malang
Kota Malang,Kost Ruma Penataran Tipe B,Campur,Lowokwaru,0.0,Ya,Ya,Ya,Ya,Ya,Ya,1645000,https://mamikos.com/room/kost-kota-malang-kost-campur-eksklusif-kost-singgahsini-ruma-penataran-tipe-b-lowokwaru-malang-3
Kota Malang,Kost Mami Tipe A,Putra,Lowokwaru,0.0,Ya,Ya,Ya,Ya,Ya,Ya,1375000,https://mamikos.com/room/kost-kota-malang-kost-putra-eksklusif-kost-apik-mami-tipe-a-lowokwaru-malang-2
Kota Malang,Kost Raca Tipe A,Putra,Lowokwaru,0.0,Tidak,Ya,Ya,Ya,Ya,Ya,1104000,https://mamikos.com/room/kost-kota-malang-kost-putra-eksklusif-kost-apik-raca-tipe-a-lowokwaru-malang-2
Kota Malang,Kost Mami Tipe B,Putra,Lowokwaru,0.0,Tidak,Ya,Ya,Ya,Ya,Ya,925000,https://mamikos.com/room/kost-kota-malang-kost-putra-eksklusif-kost-apik-mami-tipe-b-lowokwaru-malang-2
Kota Malang,Kost Mutiara Khasyi Tipe A,Putri,Lowokwaru,0.0,Tidak,Tidak,Ya,Tidak,Tidak,Ya,652500,https://mamikos.com/room/kost-kota-malang-kost-putri-murah-kost-apik-mutiara-khasyi-tipe-a-lowokwaru-malang-2
Kota Malang,Kost Aisha Taman Borobudur Tipe A,Putri,Lowokwaru,0.0,Tidak,Tidak,Ya,Ya,Tidak,Ya,925000,https://mamikos.com/room/kost-kota-malang-kost-putri-eksklusif-kost-apik-aisha-taman-borobudur-tipe-a-lowokwaru-malang-2
Kota Malang,Kost CM50 Mojolangu Tipe A,Putra,Lowokwaru,0.0,Ya,Ya,Ya,Ya,Ya,Ya,1350000,https://mamikos.com/room/kost-kota-malang-kost-putra-eksklusif-kost-singgahsini-cm50-mojolangu-tipe-a-lowokwaru-malang-2
Kota Malang,Kost Az Zahra 2 Tlogomas Tipe A,Putri,Lowokwaru,4.9,Ya,Tidak,Ya,Ya,Ya,Ya,1530000,https://mamikos.com/room/kost-kota-malang-kost-putri-eksklusif-kost-singgahsini-az-zahra-2-tlogomas-tipe-a-lowokwaru-malang-2
Kota Malang,Kost Bu Roz Tipe C,Putri,Klojen,0.0,Tidak,Ya,Ya,Ya,Tidak,Ya,650000,https://mamikos.com/room/kost-kota-malang-kost-putri-murah-kost-apik-bu-roz-tipe-c-klojen-malang-2
Kota Malang,Kost Raca Tipe B,Putra,Lowokwaru,0.0,Tidak,Ya,Ya,Ya,Tidak,Ya,1200000,https://mamikos.com/room/kost-kota-malang-kost-putra-eksklusif-kost-apik-raca-tipe-b-lowokwaru-malang-2
Kota Malang,Kost CM50 Mojolangu Tipe B,Putra,Lowokwaru,0.0,Tidak,Ya,Ya,Ya,Tidak,Ya,1080000,https://mamikos.com/room/kost-kota-malang-kost-putra-eksklusif-kost-singgahsini-cm50-mojolangu-tipe-b-lowokwaru-malang-2
Kota Malang,Kost Bu Roz Tipe B,Putri,Klojen,0.0,Tidak,Ya,Ya,Ya,Ya,Ya,1000000,https://mamikos.com/room/kost-kota-malang-kost-putri-eksklusif-kost-apik-bu-roz-tipe-b-klojen-malang-2
Kota Malang,Kost Marhaban Dinoyo Tipe A,Putra,Lowokwaru,4.0,Tidak,Tidak,Ya,Tidak,Tidak,Ya,720000,https://mamikos.com/room/kost-kota-malang-kost-putra-murah-kost-apik-marhaban-dinoyo-tipe-a-lowokwaru-malang-2
Kota Malang,Kost Ruma Penataran Tipe C,Campur,Lowokwaru,5.0,Tidak,Ya,Ya,Ya,Tidak,Ya,475000,https://mamikos.com/room/kost-kota-malang-kost-campur-murah-kost-singgahsini-ruma-penataran-tipe-c-lowokwaru-malang-2
Kota Malang,Kost Ruma Penataran Tipe A,Campur,Lowokwaru,0.0,Ya,Ya,Ya,Ya,Ya,Ya,1825000,https://mamikos.com/room/kost-kota-malang-kost-campur-eksklusif-kost-singgahsini-ruma-penataran-tipe-a-lowokwaru-malang-2
Kota Malang,Kost Almayra I UB Tipe A,Putri,Lowokwaru,0.0,Ya,Ya,Ya,Ya,Ya,Ya,1530000,https://mamikos.com/room/kost-kota-malang-kost-putri-eksklusif-kost-singgahsini-almayra-i-ub-tipe-a-lowokwaru-malang-2
Kota Malang,Kost Griya 317 Tipe B,Putri,Lowokwaru,0.0,Tidak,Ya,Ya,Ya,Tidak,Ya,900000,https://mamikos.com/room/kost-kota-malang-kost-putri-eksklusif-kost-apik-griya-317-tipe-b-lowokwaru-malang-2
Kota Malang,Kost Bu Roz Tipe A,Putri,Klojen,5.0,Ya,Ya,Ya,Ya,Ya,Ya,1300000,https://mamikos.com/room/kost-kota-malang-kost-putri-eksklusif-kost-apik-bu-roz-tipe-a-klojen-malang-2
Kota Malang,Kost Sufyan Dinoyo Tipe B,Putri,Lowokwaru,5.0,Tidak,Ya,Ya,Tidak,Ya,Ya,773500,https://mamikos.com/room/kost-kota-malang-kost-putri-murah-kost-apik-sufyan-dinoyo-tipe-b-lowokwaru-malang-2
Kota Malang,Kost Griya Celaket Tipe A,Putra,Klojen,5.0,Tidak,Tidak,Ya,Tidak,Ya,Ya,1200000,https://mamikos.com/room/kost-kota-malang-kost-putra-eksklusif-kost-apik-griya-celaket-tipe-a-klojen-malang-2
Kota Malang,Kost Griya 317 Tipe A,Putri,Lowokwaru,0.0,Tidak,Ya,Ya,Ya,Tidak,Ya,1100000,https://mamikos.com/room/kost-kota-malang-kost-putri-eksklusif-kost-apik-griya-317-tipe-a-lowokwaru-malang-2
Kota Malang,Kost Hasna Polowijen Tipe A,Putri,Blimbing,0.0,Tidak,Ya,Ya,Tidak,Ya,Ya,765000,https://mamikos.com/room/kost-kota-malang-kost-putri-murah-kost-apik-hasna-polowijen-tipe-a-blimbing-malang-2
Kota Malang,Kost Almayra I UB Tipe B,Putri,Lowokwaru,0.0,Ya,Ya,Ya,Ya,Ya,Ya,1500000,https://mamikos.com/room/kost-kota-malang-kost-putri-eksklusif-kost-singgahsini-almayra-i-ub-tipe-b-lowokwaru-malang-2
Kota Malang,Kost Dzawani Dinoyo Tipe B,Putri,Lowokwaru,0.0,Ya,Tidak,Ya,Ya,Ya,Ya,1545000,https://mamikos.com/room/kost-kota-malang-kost-putri-eksklusif-kost-singgahsini-dzawani-dinoyo-tipe-b-lowokwaru-malang-2
Kota Malang,Kost Griya Celaket Tipe C,Putra,Klojen,4.9,Tidak,Tidak,Ya,Tidak,Ya,Ya,900000,https://mamikos.com/room/kost-kota-malang-kost-putra-murah-kost-apik-griya-celaket-tipe-c-klojen-malang-2
Kota Malang,Kost Griya Celaket Tipe B,Putra,Klojen,4.0,Tidak,Tidak,Ya,Tidak,Ya,Ya,1100000,https://mamikos.com/room/kost-kota-malang-kost-putra-eksklusif-kost-apik-griya-celaket-tipe-b-klojen-malang-2
Kota Malang,Kost Joyosuko Metro 7 Tipe A,Putra,Lowokwaru,4.8,Tidak,Ya,Ya,Tidak,Tidak,Ya,525500,https://mamikos.com/room/kost-malang-kost-putra-murah-kost-apik-joyosuko-metro-7-tipe-a-lowokwaru-malang
Kota Malang,Kost Hasna Polowijen Tipe B,Putri,Blimbing,0.0,Tidak,Ya,Ya,Tidak,Tidak,Ya,405000,https://mamikos.com/room/kost-kota-malang-kost-putri-murah-kost-apik-hasna-polowijen-tipe-b-blimbing-malang-2
Kota Malang,Kost Pulosari Tipe A,Campur,Blimbing,4.0,Tidak,Ya,Ya,Ya,Ya,Ya,1170000,https://mamikos.com/room/kost-kota-malang-kost-campur-eksklusif-kost-apik-pulosari-tipe-a-blimbing-malang-2
Kota Malang,Kost Griya ABA UNIBRAW,Putri,Kecamatan Sukun,4.8,Ya,Ya,Ya,Ya,Ya,Ya,1487800,https://mamikos.com/room/kost-kota-malang-kost-putri-eksklusif-kost-singgahsini-griya-aba-unibraw-malang-1
Kota Malang,Kost Suhartono Tlogomas Tipe A,Putri,Lowokwaru,4.6,Tidak,Tidak,Ya,Tidak,Tidak,Ya,484380,https://mamikos.com/room/kost-kota-malang-kost-putri-murah-kost-apik-suhartono-tlogomas-tipe-a-lowokwaru-malang-2
Kota Malang,Kost Petra Arumba Hill Tipe A,Putra,Lowokwaru,0.0,Ya,Tidak,Ya,Ya,Ya,Ya,1253500,https://mamikos.com/room/kost-malang-kost-putra-eksklusif-kost-singgahsini-petra-arumba-hill-tipe-a-lowokwaru-malang
Kota Malang,Kost Rayi House Tipe A,Putra,Lowokwaru,4.6,Ya,Ya,Ya,Ya,Ya,Ya,1450000,https://mamikos.com/room/kost-kota-malang-kost-putra-eksklusif-kost-singgahsini-rayi-house-tipe-a-lowokwaru-malang-2
Kota Malang,Kost Dzawani Dinoyo Tipe C,Putri,Lowokwaru,4.8,Ya,Tidak,Ya,Ya,Ya,Ya,1402500,https://mamikos.com/room/kost-kota-malang-kost-putri-eksklusif-kost-singgahsini-dzawani-dinoyo-tipe-c-lowokwaru-malang-2
Kota Malang,Kost Ardhana Tanjungsekar Tipe B,Putri,Lowokwaru,0.0,Tidak,Ya,Ya,Tidak,Tidak,Ya,639250,https://mamikos.com/room/kost-kota-malang-kost-putri-murah-kost-apik-ardhana-tanjungsekar-tipe-b-lowokwaru-malang-2
Kota Malang,Kost Homey Mommy Tipe B,Campur,Lowokwaru,0.0,Tidak,Ya,Ya,Tidak,Tidak,Ya,571000,https://mamikos.com/room/kost-kota-malang-kost-campur-murah-kost-apik-homey-mommy-tipe-b-lowokwaru-malang-2
Kota Malang,Kost Trisan House Tipe A,Putri,Lowokwaru,4.9,Ya,Tidak,Ya,Ya,Tidak,Ya,1187500,https://mamikos.com/room/kost-kota-malang-kost-putri-eksklusif-kost-singgahsini-trisan-house-tipe-a-lowokwaru-malang-2
Kota Malang,Kost Griya Ananda Tipe A,Putri,Lowokwaru,0.0,Ya,Ya,Ya,Ya,Ya,Ya,1453500,https://mamikos.com/room/kost-kota-malang-kost-putri-eksklusif-kost-singgahsini-griya-ananda-tipe-a-lowokwaru-malang-2
Kota Malang,Kost Homey Mommy Tipe A,Campur,Lowokwaru,0.0,Tidak,Ya,Ya,Tidak,Tidak,Ya,707500,https://mamikos.com/room/kost-kota-malang-kost-campur-murah-kost-apik-homey-mommy-tipe-a-lowokwaru-malang-2
Kota Malang,Kost Ardhana Tanjungsekar Tipe A,Putri,Lowokwaru,0.0,Tidak,Ya,Ya,Tidak,Tidak,Ya,821250,https://mamikos.com/room/kost-kota-malang-kost-putri-murah-kost-apik-ardhana-tanjungsekar-tipe-a-lowokwaru-malang-2
Kota Malang,Kost Kastil Tuan Putri Tipe B,Putri,Lowokwaru,0.0,Tidak,Ya,Ya,Ya,Ya,Ya,1104000,https://mamikos.com/room/kost-kota-malang-kost-putri-eksklusif-kost-apik-kastil-tuan-putri-tipe-b-lowokwaru-malang-2
Kota Malang,Kost Sufyan Dinoyo Tipe C,Putri,Lowokwaru,0.0,Tidak,Ya,Ya,Tidak,Tidak,Ya,455000,https://mamikos.com/room/kost-kota-malang-kost-putri-murah-kost-apik-sufyan-dinoyo-tipe-c-lowokwaru-malang-2
Kota Malang,Kost Suhartono Tlogomas Tipe B,Putri,Lowokwaru,5.0,Tidak,Tidak,Ya,Tidak,Tidak,Ya,510300,https://mamikos.com/room/kost-kota-malang-kost-putri-murah-kost-apik-suhartono-tlogomas-tipe-b-lowokwaru-malang-2
Kota Malang,Kost Adelinn Tipe C,Putri,Lowokwaru,5.0,Tidak,Tidak,Ya,Ya,Tidak,Ya,760000,https://mamikos.com/room/kost-kota-malang-kost-putri-murah-kost-apik-adelinn-tipe-c-lowokwaru-malang-2
Kota Malang,Kost Griya Maras Tipe B,Putra,Lowokwaru,4.8,Tidak,Ya,Ya,Tidak,Tidak,Ya,570000,https://mamikos.com/room/kost-kota-malang-kost-putra-murah-kost-apik-griya-maras-tipe-b-lowokwaru-malang-2
Kota Malang,Kost Sufyan Dinoyo Tipe A,Putri,Lowokwaru,0.0,Ya,Ya,Ya,Ya,Ya,Ya,1365000,https://mamikos.com/room/kost-kota-malang-kost-putri-eksklusif-kost-apik-sufyan-dinoyo-tipe-a-lowokwaru-malang-2
Kota Malang,Kost Trisan House Tipe B,Putri,Lowokwaru,4.9,Tidak,Tidak,Ya,Ya,Tidak,Ya,900000,https://mamikos.com/room/kost-kota-malang-kost-putri-eksklusif-kost-singgahsini-trisan-house-tipe-b-lowokwaru-malang-2
Kota Malang,Kost Omah PW Tipe C,Putra,Lowokwaru,4.9,Tidak,Tidak,Ya,Tidak,Tidak,Ya,450000,https://mamikos.com/room/kost-kota-malang-kost-putra-murah-kost-apik-omah-pw-tipe-c-lowokwaru-malang-2
Kota Malang,Kost Rajabasa Tipe C,Putri,Sukun,5.0,Tidak,Ya,Ya,Tidak,Tidak,Ya,800000,https://mamikos.com/room/kost-malang-kost-putri-murah-kost-apik-rajabasa-tipe-c-sukun-malang
Kota Malang,Kost Adelinn Tipe A,Putri,Lowokwaru,4.4,Tidak,Tidak,Ya,Ya,Tidak,Ya,900000,https://mamikos.com/room/kost-kota-malang-kost-putri-murah-kost-apik-adelinn-tipe-a-lowokwaru-malang-2
Kota Malang,Kost Kastil Tuan Putri Tipe A,Putri,Lowokwaru,0.0,Ya,Ya,Ya,Ya,Ya,Ya,1380000,https://mamikos.com/room/kost-kota-malang-kost-putri-eksklusif-kost-apik-kastil-tuan-putri-tipe-a-lowokwaru-malang-2
Kota Malang,Kost Omah PW Tipe A,Putra,Lowokwaru,4.6,Tidak,Tidak,Ya,Tidak,Ya,Ya,700000,https://mamikos.com/room/kost-kota-malang-kost-putra-murah-kost-apik-omah-pw-tipe-a-lowokwaru-malang-2
Kota Malang,Kost Omah Uty Tipe B,Putri,Blimbing,0.0,Ya,Ya,Ya,Ya,Tidak,Ya,1425000,https://mamikos.com/room/kost-kota-malang-kost-putri-eksklusif-kost-apik-omah-uty-tipe-b-blimbing-malang-2
Kota Malang,Kost Kastil Tuan Putri Tipe F,Putri,Lowokwaru,4.5,Tidak,Ya,Ya,Ya,Ya,Ya,828000,https://mamikos.com/room/kost-kota-malang-kost-putri-murah-kost-apik-kastil-tuan-putri-tipe-f-lowokwaru-malang-2
Kota Malang,Kost Kastil Tuan Putri Tipe C,Putri,Lowokwaru,4.0,Tidak,Ya,Ya,Ya,Ya,Ya,1104000,https://mamikos.com/room/kost-kota-malang-kost-putri-eksklusif-kost-apik-kastil-tuan-putri-tipe-c-lowokwaru-malang-2
Kota Malang,Kost Green House Universitas Brawijaya Tipe B,Putri,Lowokwaru,4.8,Tidak,Ya,Ya,Ya,Ya,Ya,1125000,https://mamikos.com/room/kost-kota-malang-kost-putri-eksklusif-kost-singgahsini-green-house-universitas-brawijaya-tipe-b-lowokwaru-malang
Kota Malang,Kost Tlogo Agung Ritgaze Tipe A,Putri,Lowokwaru,5.0,Tidak,Ya,Ya,Tidak,Tidak,Ya,550550,https://mamikos.com/room/kost-kota-malang-kost-putri-murah-kost-apik-tlogo-agung-ritgaze-tipe-a-lowokwaru-malang-2
Kota Malang,Kost Lokon 4 Tipe B,Putri,Sukun,0.0,Ya,Ya,Ya,Ya,Ya,Ya,1200000,https://mamikos.com/room/kost-malang-kost-putri-eksklusif-kost-lokon-4-sukun-malang
Kota Malang,Kost Griya Andika Executive,Putri,Lowokwaru,0.0,Ya,Ya,Ya,Ya,Ya,Ya,1700000,https://mamikos.com/room/kost-kota-malang-kost-putri-eksklusif-kost-griya-andika-executive-lowokwaru-malang
Kota Malang,Kost Bunga Desember Tipe A,Putra,Lowokwaru,0.0,Tidak,Ya,Ya,Tidak,Ya,Ya,950000,https://mamikos.com/room/kost-kota-malang-kost-putra-murah-kost-bunga-desember-tipe-a-lowokwaru-malang
Kota Malang,Kost SR Bylira Tipe A,Putri,Lowokwaru,0.0,Ya,Ya,Ya,Ya,Ya,Ya,1450000,https://mamikos.com/room/kost-malang-kost-putri-eksklusif-kost-sr-bylira-tipe-a-lowokwaru-malang-1
Kota Malang,Kost Adelinn Tipe E,Putri,Lowokwaru,4.3,Tidak,Tidak,Ya,Ya,Tidak,Ya,665000,https://mamikos.com/room/kost-kota-malang-kost-putri-murah-kost-apik-adelinn-tipe-e-lowokwaru-malang
Kota Malang,Kost Kastil Tuan Putri Tipe E,Putri,Lowokwaru,5.0,Tidak,Ya,Ya,Ya,Ya,Ya,1000000,https://mamikos.com/room/kost-kota-malang-kost-putri-eksklusif-kost-apik-kastil-tuan-putri-tipe-e-lowokwaru-malang-2
Kota Malang,Kost N Dan L,Putra,Lowokwaru,0.0,Ya,Ya,Ya,Ya,Ya,Ya,1600000,https://mamikos.com/room/kost-malang-kost-putra-eksklusif-kost-n-dan-l-lowokwaru-malang
Kota Malang,Kost Rajabasa Tipe A,Putri,Sukun,5.0,Tidak,Ya,Ya,Ya,Ya,Ya,1358000,https://mamikos.com/room/kost-malang-kost-putri-eksklusif-kost-apik-rajabasa-tipe-a-sukun-malang
Kota Malang,Kost Riverside Moslem,Putra,Kecamatan Lowokwaru,0.0,Tidak,Ya,Ya,Tidak,Ya,Ya,1050000,https://mamikos.com/room/kost-kota-malang-kost-putra-eksklusif-kost-riverside-moslem-lowokwaru-malang-2
Kota Malang,Kost Griya Tamansari Tipe A,Putri,Lowokwaru,0.0,Tidak,Tidak,Ya,Ya,Ya,Ya,850000,https://mamikos.com/room/kost-kota-malang-kost-putri-murah-kost-griya-tamansari-tipe-a-lowokwaru-malang
Kota Malang,Kost Omah Uty Tipe D,Putri,Blimbing,5.0,Tidak,Ya,Ya,Ya,Tidak,Ya,650000,https://mamikos.com/room/kost-kota-malang-kost-putri-murah-kost-apik-omah-uty-tipe-d-blimbing-malang-2
Kota Malang,Kost Lokon 4 Tipe D,Putri,Sukun,5.0,Ya,Ya,Ya,Ya,Tidak,Ya,850000,https://mamikos.com/room/kost-kota-malang-kost-putri-murah-kost-lokon-tipe-a-sukun-malang
Kota Malang,Kost Cantewa In The Tipe A,Putra,Lowokwaru,0.0,Tidak,Ya,Ya,Tidak,Tidak,Ya,650000,https://mamikos.com/room/kost-kota-malang-kost-putra-murah-kost-cantewa-in-the-tipe-a-lowokwaru-malang
Kota Malang,Kost Griya Maras Tipe A,Putra,Lowokwaru,0.0,Tidak,Ya,Ya,Tidak,Tidak,Ya,760000,https://mamikos.com/room/kost-kota-malang-kost-putra-murah-kost-apik-griya-maras-tipe-a-lowokwaru-malang-2
Kota Malang,Kost Bendungan Nawangan Tipe A,Putra,Lowokwaru,0.0,Tidak,Ya,Ya,Ya,Ya,Ya,1000000,https://mamikos.com/room/kost-kota-malang-kost-putra-eksklusif-kost-bendungan-nawangan-tipe-a-lowokwaru-malang-2
Kota Malang,Kost Premium Tipe Vip,Putra,Lowokwaru,5.0,Tidak,Ya,Ya,Ya,Ya,Ya,1500000,https://mamikos.com/room/kost-malang-kost-putra-eksklusif-kost-premium-tipe-vip-lowokwaru-malang
Kota Malang,Kost Candi Mendut Utara Executive,Putra,Lowokwaru,0.0,Tidak,Ya,Ya,Ya,Ya,Ya,650000,https://mamikos.com/room/kost-malang-kost-putra-murah-kost-candi-mendut-utara-executive-lowokwaru-malang
Kota Malang,Kost Rajabasa Tipe B,Putri,Sukun,0.0,Tidak,Ya,Ya,Ya,Ya,Ya,1100000,https://mamikos.com/room/kost-malang-kost-putri-eksklusif-kost-apik-rajabasa-tipe-b-sukun-malang
Kota Malang,Kost Omah Uty Tipe C,Putri,Blimbing,5.0,Ya,Ya,Ya,Ya,Tidak,Ya,950000,https://mamikos.com/room/kost-kota-malang-kost-putri-eksklusif-kost-apik-omah-uty-tipe-c-blimbing-malang-2
Kota Malang,Kost Samawa,Putri,Lowokwaru,5.0,Ya,Tidak,Ya,Ya,Ya,Ya,1500000,https://mamikos.com/room/kost-kota-malang-kost-putri-eksklusif-kost-samawa-lowokwaru-malang-2
Kota Malang,Kost UB Akordion,Putra,Lowokwaru,3.9,Tidak,Ya,Ya,Tidak,Tidak,Ya,600000,https://mamikos.com/room/kost-malang-kost-putra-eksklusif-kost-ub-akordion-lowokwaru-malang
Kota Malang,Kost Green House Universitas Brawijaya Tipe D,Putri,Lowokwaru,5.0,Tidak,Ya,Ya,Ya,Tidak,Ya,825000,https://mamikos.com/room/kost-kota-malang-kost-putri-murah-kost-singgahsini-green-house-universitas-brawijaya-tipe-d-lowokwaru-malang
Kota Malang,Kost Lokon 4 Tipe A,Putri,Sukun,5.0,Ya,Ya,Ya,Ya,Tidak,Ya,850000,https://mamikos.com/room/kost-malang-kost-putri-murah-kost-lokon-4-tipe-a-sukun-malang
Kota Malang,Kost Griyashanta Eksekutif Tipe B,Putri,Kecamatan Lowokwaru,0.0,Tidak,Ya,Ya,Ya,Ya,Ya,950000,https://mamikos.com/room/kost-kota-malang-kost-putri-eksklusif-kost-griyashanta-eksekutif-tipe-b-lowokwaru-malang-
Kota Malang,Kost Omah PW Tipe B,Putra,Lowokwaru,4.9,Tidak,Tidak,Ya,Tidak,Ya,Ya,650000,https://mamikos.com/room/kost-kota-malang-kost-putra-murah-kost-apik-omah-pw-tipe-b-lowokwaru-malang-2
Kota Malang,Kost Rajabasa Tipe D,Putri,Sukun,0.0,Tidak,Ya,Ya,Tidak,Tidak,Ya,750000,https://mamikos.com/room/kost-malang-kost-putri-murah-kost-apik-rajabasa-tipe-d-sukun-malang
Kota Malang,Kost Rayi House Tipe B,Putra,Lowokwaru,4.9,Ya,Ya,Ya,Ya,Ya,Ya,1675000,https://mamikos.com/room/kost-kota-malang-kost-putra-eksklusif-kost-singgahsini-rayi-house-tipe-b-lowokwaru-malang-2
Kota Malang,Kost De Rayo,Putra,Sukun,0.0,Tidak,Ya,Ya,Ya,Tidak,Ya,550000,https://mamikos.com/room/kost-kota-malang-kost-putra-murah-kost-de-rayo-sukun-malang
Kota Malang,Kost Ibu Yuni Joyo Utomo Tipe B,Putri,Kecamatan Lowokwaru,3.8,Tidak,Ya,Ya,Tidak,Tidak,Ya,667000,https://mamikos.com/room/kost-kota-malang-kost-putri-murah-kost-ibu-yuni-joyo-utomo-tipe-b-lowokwaru-malang
Kota Malang,Kost Shanum Soehat Tipe B,Putri,Lowokwaru,5.0,Tidak,Ya,Ya,Ya,Ya,Ya,950000,https://mamikos.com/room/kost-kota-malang-kost-putri-eksklusif-kost-shanum-soehat-tipe-b-lowokwaru-malang
Kota Malang,Kost Omah Uty Tipe A,Putri,Blimbing,0.0,Ya,Ya,Ya,Ya,Ya,Ya,1200000,https://mamikos.com/room/kost-kota-malang-kost-putri-eksklusif-kost-apik-omah-uty-tipe-a-blimbing-malang-2
Kota Malang,Kost Rara Dwiga Tipe C,Putra,Lowokwaru,5.0,Ya,Ya,Ya,Ya,Ya,Ya,1750000,https://mamikos.com/room/kost-kota-malang-kost-putra-eksklusif-kost-rara-dwiga-tipe-c-lowokwaru-malang
Kota Malang,Kost Corner,Putra,Lowokwaru,0.0,Ya,Ya,Ya,Ya,Ya,Ya,1750000,https://mamikos.com/room/kost-malang-kost-putra-eksklusif-kost-corner-lowokwaru-malang
Kota Malang,Kost Adelinn Tipe B,Putri,Lowokwaru,4.6,Tidak,Tidak,Ya,Ya,Tidak,Ya,807500,https://mamikos.com/room/kost-kota-malang-kost-putri-murah-kost-apik-adelinn-tipe-b-lowokwaru-malang-2
Kota Malang,Kost Premium Kalimaya 9 Tipe A,Putra,Kecamatan Lowokwaru,0.0,Ya,Ya,Ya,Ya,Ya,Ya,1850000,https://mamikos.com/room/kost-kota-malang-kost-putra-eksklusif-kost-premium-kalimaya-9-tipe-a-lowokwaru-malang-2
Kota Malang,Kost Purple House,Putri,Lowokwaru,5.0,Ya,Ya,Ya,Ya,Ya,Ya,1275000,https://mamikos.com/room/kost-kota-malang-kost-putri-eksklusif-kost-purple-house-lowokwaru-malang-2
Kota Malang,Kost Cempaka 3 Tipe A,Putri,Kecamatan Lowokwaru,0.0,Ya,Ya,Ya,Ya,Ya,Ya,1800000,https://mamikos.com/room/kost-kota-malang-kost-putri-eksklusif-kost-cempaka-3-tipe-a-lowokwaru-malang
Kota Malang,Kost 172,Putri,Kecamatan Klojen,0.0,Tidak,Ya,Ya,Ya,Ya,Ya,900000,https://mamikos.com/room/kost-kota-malang-kost-putri-eksklusif-kost-172-klojen-malang
Kota Malang,Kost Griya Toska Tipe A,Putri,Lowokwaru,0.0,Tidak,Ya,Ya,Ya,Ya,Ya,1100000,https://mamikos.com/room/kost-kota-malang-kost-putri-eksklusif-kost-griya-toska-tipe-a-lowokwaru-malang
Kota Malang,Kost Green House Universitas Brawijaya Tipe A,Putri,Lowokwaru,4.8,Tidak,Ya,Ya,Ya,Ya,Ya,1225000,https://mamikos.com/room/kost-kota-malang-kost-putri-eksklusif-kost-singgahsini-green-house-universitas-brawijaya-tipe-a-lowokwaru-malang
Kota Malang,Kost Lokon 4 Tipe C,Putri,Sukun,0.0,Ya,Ya,Ya,Ya,Ya,Ya,1200000,https://mamikos.com/room/kost-kota-malang-kost-putri-eksklusif-kost-lokon-tipe-b-sukun-malang-1
Kota Malang,Kost Cmb B50a Tipe A,Putri,Lowokwaru,0.0,Ya,Ya,Ya,Ya,Ya,Ya,1400000,https://mamikos.com/room/kost-kota-malang-kost-putri-eksklusif-kost-cmb-b50a-tipe-a-lowokwaru-malang
Kota Malang,Kost Green House Universitas Brawijaya Tipe C,Putri,Lowokwaru,4.9,Tidak,Ya,Ya,Ya,Ya,Ya,1025000,https://mamikos.com/room/kost-kota-malang-kost-putri-murah-kost-singgahsini-green-house-universitas-brawijaya-tipe-c-lowokwaru-malang
Kota Malang,Kost House Of California,Putri,Kecamatan Lowokwaru,4.3,Tidak,Tidak,Ya,Ya,Tidak,Ya,1050000,https://mamikos.com/room/kost-kota-malang-kost-putri-eksklusif-kost-house-of-california-lowokwaru-malang
Kota Malang,Kost Griya Prima Tipe A,Putra,Kecamatan Lowokwaru,4.9,Tidak,Tidak,Ya,Tidak,Tidak,Ya,850000,https://mamikos.com/room/kost-kota-malang-kost-putra-murah-kost-griya-prima-tipe-a-lowokwaru-malang
Kota Malang,Kost Alamanda,Putri,Dau,0.0,Ya,Tidak,Ya,Ya,Ya,Ya,1200000,https://mamikos.com/room/kost-kabupaten-malang-kost-putri-eksklusif-kost-alamanda-dau-malang
Kota Malang,Kost Boarding Shafa,Putri,Lowokwaru,0.0,Ya,Ya,Ya,Ya,Ya,Ya,1500000,https://mamikos.com/room/kost-kota-malang-kost-putri-eksklusif-kost-boarding-shafa-lowokwaru-malang
Kota Malang,Kost Naureen Eksklusif,Putri,Lowokwaru,5.0,Ya,Ya,Ya,Ya,Ya,Ya,1500000,https://mamikos.com/room/kost-kota-malang-kost-putri-eksklusif-kost-naureen-eksklusif-lowokwaru-malang
Kota Malang,Kost Home Stay Green Executive,Putra,Lowokwaru,3.9,Ya,Ya,Ya,Ya,Ya,Tidak,1250000,https://mamikos.com/room/kost-kota-malang-kost-putri-eksklusif-kost-home-stay-green-executive-lowokwaru-malang
Kota Malang,Kost Jl Lely,Putra,Lowokwaru,0.0,Tidak,Ya,Ya,Tidak,Tidak,Ya,700000,https://mamikos.com/room/kost-kota-malang-kost-putra-murah-kost-jl-lely-lowokwaru-malang-2
Kota Malang,Kost Al Birru,Putra,Lowokwaru,5.0,Ya,Ya,Ya,Ya,Ya,Ya,1500000,https://mamikos.com/room/kost-kota-malang-kost-putra-eksklusif-kost-al-birru-lowokwaru-malang-1
Kota Malang,Kost Griya Shanta J,Putri,Lowokwaru,0.0,Tidak,Ya,Ya,Ya,Ya,Ya,900000,https://mamikos.com/room/kost-kota-malang-kost-putri-eksklusif-kost-griya-shanta-j-lowokwaru-malang
Kota Malang,Kost Pak Slamet,Putri,Blimbing,0.0,Tidak,Tidak,Ya,Tidak,Tidak,Ya,500000,https://mamikos.com/room/kost-malang-kost-putri-murah-kost-pak-slamet-blimbing-malang-2
Kota Malang,Kost Omah Kaktus 10,Putri,Lowokwaru,0.0,Tidak,Ya,Ya,Ya,Ya,Ya,1100000,https://mamikos.com/room/kost-malang-kost-putri-eksklusif-kost-omah-kaktus-10-lowokwaru-malang-2
Kota Malang,Kost Puri Bunga,Putra,Lowokwaru,0.0,Tidak,Tidak,Ya,Ya,Tidak,Ya,650000,https://mamikos.com/room/kost-kota-malang-kost-putra-murah-kost-puri-bunga-lowokwaru-malang-2
Kota Malang,Kost Megamendung 15 Tipe Standar Satu Bed,Putri,Sukun,0.0,Tidak,Tidak,Ya,Ya,Tidak,Ya,750000,https://mamikos.com/room/kost-malang-kost-putri-murah-kost-megamendung-15-tipe-standar-satu-bed-sukun-malang
Kota Malang,Kost Sare Mreney Residence Tipe Ekslusif,Putra,Lowokwaru,5.0,Ya,Ya,Ya,Ya,Ya,Ya,1800000,https://mamikos.com/room/kost-malang-kost-putra-eksklusif-kost-sare-mreney-residence-tipe-ekslusif-lowokwaru-malang-2
Kota Malang,Kost Arumba 8 B 02,Putri,Kecamatan Lowokwaru,0.0,Tidak,Tidak,Ya,Ya,Ya,Ya,750000,https://mamikos.com/room/kost-kota-malang-kost-putri-murah-kost-arumba-8-b-02-lowokwaru-malang-2
Kota Malang,Kost Cendana Tipe Eksklusif,Putri,Lowokwaru,0.0,Ya,Ya,Ya,Ya,Ya,Ya,1400000,https://mamikos.com/room/kost-malang-kost-putri-eksklusif-kost-cendana-tipe-eksklusif-lowokwaru-malang
Kota Malang,Kost Wisma Kedaton Tipe VIP B AC,Putri,Lowokwaru,0.0,Ya,Ya,Ya,Ya,Ya,Ya,1500000,https://mamikos.com/room/kost-kota-malang-kost-putri-eksklusif-kost-wisma-kedaton-tipe-vip-b-ac-lowokwaru-malang
Kota Malang,Kost The Houston B2 Tipe AC,Putri,Kecamatan Lowokwaru,0.0,Ya,Tidak,Ya,Ya,Ya,Ya,1400000,https://mamikos.com/room/kost-kota-malang-kost-putri-eksklusif-kost-the-houston-b2-tipe-ac-lowokwaru-malang-2
Kota Malang,Kost Candi Badut,Putra,Sukun,0.0,Tidak,Ya,Ya,Ya,Tidak,Ya,600000,https://mamikos.com/room/kost-malang-kost-putra-murah-kost-candi-badut-sukun-malang
Kota Malang,Kost Kita 2,Putra,Kecamatan Lowokwaru,0.0,Tidak,Ya,Ya,Ya,Ya,Ya,1320000,https://mamikos.com/room/kost-kota-malang-kost-putra-eksklusif-kost-kita-2-lowokwaru-malang
Kota Malang,Kost Rumah Titi Tipe S,Putri,Kecamatan Lowokwaru,0.0,Tidak,Tidak,Ya,Ya,Tidak,Ya,750000,https://mamikos.com/room/kost-kota-malang-kost-putri-murah-kost-rumah-titi-tipe-s-lowokwaru-malang
Kota Malang,Kost Aa Tipe A,Putra,Lowokwaru,0.0,Ya,Tidak,Ya,Ya,Ya,Ya,1500000,https://mamikos.com/room/kost-kota-malang-kost-putra-eksklusif-kost-aa-tipe-a-lowokwaru-malang
Kota Malang,Kost Akasia ABM VIP,Putri,Kecamatan Lowokwaru,0.0,Ya,Ya,Ya,Ya,Ya,Ya,1500000,https://mamikos.com/room/kost-kota-malang-kost-putri-eksklusif-kost-akasia-abm-vip-lowokwaru-malang
Kota Malang,Kost Yoga Trianto Tipe C,Putra,Lowokwaru,0.0,Tidak,Tidak,Ya,Tidak,Ya,Ya,950000,https://mamikos.com/room/kost-kota-malang-kost-putra-murah-kost-yoga-trianto-tipe-c-lowokwaru-malang
Kota Malang,Kost Al Farizi,Putra,Lowokwaru,0.0,Ya,Tidak,Ya,Ya,Ya,Ya,1100000,https://mamikos.com/room/kost-kota-malang-kost-putra-eksklusif-kost-al-farizi-lowokwaru-malang-2
Kota Malang,Kost Ibu Yuni Kertosentono 52 Tipe A,Putri,Lowokwaru,0.0,Tidak,Ya,Ya,Tidak,Tidak,Ya,666667,https://mamikos.com/room/kost-malang-kost-putri-murah-kost-ibu-yuni-kertosentono-52-tipe-a-lowokwaru-malang-1
Kota Malang,Kost Nusa Indah Tipe B,Putri,Lowokwaru,0.0,Tidak,Ya,Ya,Ya,Ya,Ya,1050000,https://mamikos.com/room/kost-malang-kost-putri-eksklusif-kost-nusa-indah-tipe-b-lowokwaru-malang-2
Kota Malang,Kost Cm6,Putra,Lowokwaru,0.0,Tidak,Ya,Ya,Tidak,Tidak,Ya,950000,https://mamikos.com/room/kost-malang-kost-putra-murah-kost-cm6-lowokwaru-malang
Kota Malang,Kost Seroomah Suite Room,Putri,Kecamatan Lowokwaru,0.0,Tidak,Tidak,Ya,Ya,Ya,Ya,1350000,https://mamikos.com/room/kost-kota-malang-kost-putri-eksklusif-kost-seroomah-suite-room-lowokwaru-malang
Kota Malang,Kost De Rayo 2,Putra,Sukun,0.0,Tidak,Ya,Ya,Tidak,Tidak,Ya,600000,https://mamikos.com/room/kost-kota-malang-kost-putra-murah-kost-de-rayo-2-sukun-malang-2
Kota Malang,Kost Boarding House 82,Putri,Kecamatan Lowokwaru,0.0,Tidak,Ya,Ya,Ya,Tidak,Ya,600000,https://mamikos.com/room/kost-kota-malang-kost-putri-murah-kost-boarding-house-82-lowokwaru-malang-1
Kota Malang,Kost Arumba Hill Tipe A,Putra,Lowokwaru,5.0,Tidak,Ya,Ya,Ya,Tidak,Ya,600000,https://mamikos.com/room/kost-malang-kost-putra-murah-kost-arumba-hill-tipe-a-lowokwaru-malang
Kota Malang,Kost Sapphire Tipe A1,Putri,Lowokwaru,0.0,Ya,Tidak,Ya,Ya,Ya,Ya,1100000,https://mamikos.com/room/kost-malang-kost-putri-eksklusif-kost-sapphire-tipe-a1-lowokwaru-malang-2
Kota Malang,Kost Exclusive B5 Eazy Tipe A,Putri,Sukun,0.0,Ya,Ya,Ya,Ya,Ya,Ya,1500000,https://mamikos.com/room/kost-kota-malang-kost-putri-eksklusif-kost-exclusive-b5-eazy-tipe-a-sukun-malang-2
Kota Malang,Kost Kalingkang 17 Tipe A,Putra,Sukun,5.0,Tidak,Ya,Ya,Ya,Tidak,Ya,700000,https://mamikos.com/room/kost-kota-malang-kost-putra-murah-kost-kalingkang-17-tipe-a-sukun-malang
Kota Malang,Kost Joyo Fortuna Tipe Standar,Putra,Lowokwaru,0.0,Tidak,Tidak,Ya,Ya,Tidak,Ya,800000,https://mamikos.com/room/kost-malang-kost-putra-murah-kost-joyo-fortuna-tipe-standar-lowokwaru-malang
Kota Malang,Kost Papa Hijau,Putri,Lowokwaru,0.0,Tidak,Ya,Ya,Ya,Ya,Ya,1000000,https://mamikos.com/room/kost-malang-kost-putri-eksklusif-kost-papa-hijau-lowokwaru-malang
Kota Malang,Kost Arumba 8 Tipe B,Putri,Kecamatan Lowokwaru,0.0,Tidak,Tidak,Ya,Ya,Ya,Ya,1000000,https://mamikos.com/room/kost-kota-malang-kost-putri-eksklusif-kost-arumba-8-tipe-b-lowokwaru-malang
Kota Malang,Kost Rara Griya Tipe A,Putra,Kecamatan Lowokwaru,0.0,Ya,Tidak,Ya,Ya,Tidak,Ya,1750000,https://mamikos.com/room/kost-kota-malang-kost-putra-eksklusif-kost-rara-griya-tipe-a-lowokwaru-malang
Kota Malang,Kost Sidomulyo Jaya Superior,Putri,Blimbing,4.4,Tidak,Ya,Ya,Tidak,Ya,Ya,375000,https://mamikos.com/room/kost-kota-malang-kost-campur-murah-kost-sidomulyo-jaya-superior-blimbing-malang
Kota Malang,Kost Hellow Yellow Tipe Kamar Mandi Dalam,Putra,Kecamatan Lowokwaru,0.0,Tidak,Ya,Ya,Ya,Ya,Ya,1000000,https://mamikos.com/room/kost-kota-malang-kost-putra-eksklusif-kost-hellow-yellow-tipe-kamar-mandi-dalam-lowokwaru-malang-2
Kota Malang,Kost Kastil Tuan Putri Tipe D,Putri,Lowokwaru,0.0,Tidak,Ya,Ya,Ya,Ya,Ya,1012000,https://mamikos.com/room/kost-kota-malang-kost-putri-eksklusif-kost-apik-kastil-tuan-putri-tipe-d-lowokwaru-malang-2
Kota Malang,Kost Cakalang 1 Tipe Standart,Putri,Kecamatan Blimbing,0.0,Tidak,Ya,Ya,Tidak,Tidak,Ya,325000,https://mamikos.com/room/kost-kota-malang-kost-putri-murah-kost-cakalang-1-tipe-standart-blimbing-malang-2
Kota Malang,Kost Centia Tipe A,Putri,Lowokwaru,0.0,Tidak,Ya,Ya,Ya,Ya,Ya,1100000,https://mamikos.com/room/kost-malang-kost-putri-eksklusif-kost-centia-tipe-a-lowokwaru-malang
Kota Malang,Kost Clarissa 1 Tipe A,Putra,Kecamatan Lowokwaru,0.0,Ya,Ya,Ya,Ya,Ya,Ya,1200000,https://mamikos.com/room/kost-kota-malang-kost-putra-eksklusif-kost-clarissa-1-tipe-a-lowokwaru-malang
Kota Malang,Kost Saxopone,Putra,Kecamatan Lowokwaru,0.0,Tidak,Ya,Ya,Ya,Tidak,Ya,650000,https://mamikos.com/room/kost-kota-malang-kost-putra-murah-kost-saxopone-lowokwaru-malang
Kota Malang,Kost Kelapa Sawit Tipe B,Putri,Sukun,0.0,Tidak,Ya,Ya,Tidak,Tidak,Ya,550000,https://mamikos.com/room/kost-malang-kost-putri-murah-kost-kelapa-sawit-tipe-b-sukun-malang
Kota Malang,Kost Fathiyya Tipe D,Putri,Lowokwaru,0.0,Tidak,Tidak,Ya,Ya,Tidak,Ya,900000,https://mamikos.com/room/kost-kota-malang-kost-putri-murah-kost-singgahsini-fathiyya-tipe-d-lowokwaru-malang-2
Kota Malang,Kost Seven House Suhat VIP,Putri,Lowokwaru,0.0,Ya,Ya,Ya,Ya,Ya,Ya,1500000,https://mamikos.com/room/kost-kota-malang-kost-putri-eksklusif-kost-seven-house-suhat-vip-lowokwaru-malang-2
Kota Malang,Kost Eliza,Putri,Kecamatan Lowokwaru,0.0,Tidak,Ya,Ya,Ya,Tidak,Ya,775000,https://mamikos.com/room/kost-kota-malang-kost-putri-murah-kost-eliza-lowokwaru-malang
Kota Malang,Kost Saxophone 111B Tipe A,Putri,Lowokwaru,0.0,Ya,Tidak,Ya,Ya,Ya,Ya,1000000,https://mamikos.com/room/kost-malang-kost-putri-eksklusif-kost-saxophone-111b-tipe-a-lowokwaru-malang-1
Kota Malang,Kost Villa Zalfa,Putri,Lowokwaru,0.0,Tidak,Tidak,Ya,Ya,Ya,Ya,1300000,https://mamikos.com/room/kost-malang-kost-putri-eksklusif-kost-villa-zalfa-lowokwaru-malang
Kota Malang,Kost DX Dinoyo,Putra,Kecamatan Lowokwaru,0.0,Tidak,Ya,Ya,Ya,Tidak,Ya,600000,https://mamikos.com/room/kost-kota-malang-kost-putra-murah-kost-dx-dinoyo-lowokwaru-malang-2
Kota Malang,Kost Puri Bunga Tipe Standart,Putra,Lowokwaru,0.0,Tidak,Ya,Ya,Ya,Ya,Ya,950000,https://mamikos.com/room/kost-malang-kost-putra-murah-kost-puri-bunga-tipe-standart-lowokwaru-malang-2
Kota Malang,Kost Restu Dewantu,Putri,Sukun,0.0,Tidak,Ya,Ya,Ya,Tidak,Ya,650000,https://mamikos.com/room/kost-malang-kost-putri-murah-kost-restu-dewantu-sukun-malang
Kota Malang,Kost Wisma Kedaton Tipe Standard B Non AC,Putri,Lowokwaru,0.0,Tidak,Ya,Ya,Ya,Ya,Ya,1200000,https://mamikos.com/room/kost-kota-malang-kost-putri-eksklusif-kost-wisma-kedaton-tipe-standard-b-non-ac-lowokwaru-malang-2
Kota Malang,Kost Betiga Tipe Eksklusif,Putri,Lowokwaru,0.0,Tidak,Tidak,Ya,Ya,Tidak,Ya,1300000,https://mamikos.com/room/kost-malang-kost-putri-eksklusif-kost-betiga-tipe-eksklusif-lowokwaru-malang
Kota Malang,Kost Cakalang V Residence VVIP,Putra,Blimbing,0.0,Ya,Ya,Ya,Ya,Ya,Ya,1600000,https://mamikos.com/room/kost-kota-malang-kost-putra-eksklusif-kost-cakalang-v-residence-vvip-blimbing-malang
Kota Malang,Kost Kenanga Indah Baru Tipe A,Putri,Lowokwaru,0.0,Tidak,Tidak,Ya,Tidak,Tidak,Ya,550000,https://mamikos.com/room/kost-malang-kost-putri-murah-kost-kenanga-indah-baru-tipe-a-lowokwaru-malang-1
Kota Malang,Kost Bu Heru Tipe A,Putri,Lowokwaru,0.0,Tidak,Tidak,Ya,Ya,Ya,Ya,700000,https://mamikos.com/room/kost-kota-malang-kost-putri-murah-kost-bu-heru-tipe-a-lowokwaru-malang
Kota Malang,Kost Cozy Dozy Agung 8 Tipe A,Putra,Kecamatan Lowokwaru,0.0,Tidak,Tidak,Ya,Ya,Tidak,Ya,600000,https://mamikos.com/room/kost-kota-malang-kost-putra-murah-kost-cozy-dozy-agung-8-tipe-a-lowokwaru-malang-2
Kota Malang,Kost Arema Kumis Kucing,Putra,Lowokwaru,0.0,Tidak,Tidak,Ya,Tidak,Tidak,Ya,750000,https://mamikos.com/room/kost-kota-malang-kost-putra-murah-kost-arema-kumis-kucing-lowokwaru-malang
Kota Malang,Kost Griya Al Baroqah Tlogomas,Putri,Lowokwaru,0.0,Tidak,Ya,Ya,Ya,Ya,Ya,900000,https://mamikos.com/room/kost-kota-malang-kost-putri-murah-kost-griya-al-baroqah-tlogomas-lowokwaru-malang-2
Kota Malang,Kost Pesona Tatasurya,Putri,Kecamatan Lowokwaru,0.0,Ya,Ya,Ya,Ya,Ya,Ya,1300000,https://mamikos.com/room/kost-kota-malang-kost-putri-eksklusif-kost-pesona-tatasurya-lowokwaru-malang
Kota Malang,Kost Muhammad Choirul Anam,Putra,Sukun,3.8,Tidak,Ya,Ya,Tidak,Tidak,Ya,650000,https://mamikos.com/room/kost-kota-malang-kost-putra-murah-kost-muhammad-choirul-anam-sukun-malang-2
Kota Malang,Kost Griyashanta Eksekutif Tipe A1,Putri,Kecamatan Lowokwaru,0.0,Tidak,Ya,Ya,Ya,Ya,Ya,850000,https://mamikos.com/room/kost-kota-malang-kost-putri-murah-kost-griyashanta-eksekutif-tipe-a1-lowokwaru-malang-
Kota Malang,Kost Pelangi,Putri,Kecamatan Lowokwaru,0.0,Tidak,Tidak,Ya,Tidak,Tidak,Ya,600000,https://mamikos.com/room/kost-kota-malang-kost-putri-murah-kost-pelangi-lowokwaru-malang-2
Kota Malang,Kost Indie Griya Shanta Suhat Tipe Eksklusif,Putri,Lowokwaru,0.0,Ya,Tidak,Ya,Ya,Ya,Ya,1700000,https://mamikos.com/room/kost-malang-kost-putri-eksklusif-kost-indie-griya-shanta-suhat-tipe-eksklusif-lowokwaru-malang
Kota Malang,Kost Mauzza Executive,Putri,Kecamatan Dau,0.0,Tidak,Ya,Ya,Tidak,Ya,Ya,800000,https://mamikos.com/room/kost-kabupaten-malang-kost-putri-murah-kost-mauzza-executive-dau-malang
Kota Malang,Kost Griya Kyara Executive,Putri,Kecamatan Lowokwaru,0.0,Tidak,Ya,Ya,Ya,Ya,Ya,1000000,https://mamikos.com/room/kost-kota-malang-kost-putri-eksklusif-kost-griya-kyara-executive-lowokwaru-malang
Kota Malang,Kost Ameena Tipe A,Putri,Kecamatan Lowokwaru,0.0,Tidak,Ya,Ya,Ya,Ya,Ya,1150000,https://mamikos.com/room/kost-kota-malang-kost-putri-eksklusif-kost-ameena-tipe-a-lowokwaru-malang
Kota Malang,Kost Arumba 8 Ac,Putri,Kecamatan Lowokwaru,0.0,Ya,Tidak,Ya,Ya,Ya,Ya,1400000,https://mamikos.com/room/kost-kota-malang-kost-putri-eksklusif-kost-arumba-8-ac-lowokwaru-malang
Kota Malang,Kost 600,Putra,Kecamatan Lowokwaru,0.0,Tidak,Ya,Ya,Tidak,Tidak,Ya,600000,https://mamikos.com/room/kost-kota-malang-kost-putra-murah-kost-600-lowokwaru-malang
Kota Malang,Kost Manggar Tipe C,Putri,Lowokwaru,4.8,Tidak,Tidak,Ya,Tidak,Tidak,Ya,630000,https://mamikos.com/room/kost-kota-malang-kost-putri-murah-kost-apik-manggar-tipe-c-lowokwaru-malang-2
Kota Malang,Kost 203 Tipe Premium,Putri,Lowokwaru,0.0,Tidak,Tidak,Ya,Ya,Tidak,Ya,750000,https://mamikos.com/room/kost-malang-kost-putri-murah-kost-203-tipe-premium-lowokwaru-malang
Kota Malang,Kost Bantaran Tipe 1,Putri,Lowokwaru,0.0,Tidak,Tidak,Ya,Ya,Ya,Ya,1000000,https://mamikos.com/room/kost-kota-malang-kost-putri-eksklusif-kost-bantaran-tipe-1-lowokwaru-malang
Kota Malang,Kost Pratama Bababunda Tipe A,Putra,Sukun,0.0,Tidak,Ya,Ya,Ya,Tidak,Ya,750000,https://mamikos.com/room/kost-malang-kost-putra-murah-kost-pratama-bababunda-tipe-a-sukun-malang
Kota Malang,Kost Safiya Tipe A,Putri,Lowokwaru,5.0,Ya,Tidak,Ya,Ya,Tidak,Ya,1000000,https://mamikos.com/room/kost-malang-kost-putri-eksklusif-kost-safiya-tipe-a-lowokwaru-malang
Kota Malang,Kost New Pondok Gloria Tipe B,Putri,Lowokwaru,0.0,Ya,Ya,Ya,Ya,Ya,Ya,1700000,https://mamikos.com/room/kost-malang-kost-putri-eksklusif-kost-new-pondok-gloria-tipe-b-lowokwaru-malang-2
Kota Malang,Kost Alifah,Putri,Kecamatan Lowokwaru,0.0,Tidak,Tidak,Ya,Tidak,Tidak,Ya,900000,https://mamikos.com/room/kost-kota-malang-kost-putri-murah-kost-alifah-lowokwaru-malang-2
Kota Malang,Kost Kurnia Tipe A,Putri,Dau,0.0,Tidak,Tidak,Ya,Tidak,Tidak,Ya,550000,https://mamikos.com/room/kost-kabupaten-malang-kost-putri-murah-kost-kurnia-tipe-a-dau-malang-2
Kota Malang,Kost Wisma Aulia Tipe A,Putri,Kecamatan Lowokwaru,0.0,Tidak,Ya,Ya,Ya,Ya,Ya,1200000,https://mamikos.com/room/kost-kota-malang-kost-putri-eksklusif-kost-wisma-aulia-tipe-a-lowokwaru-malang
Kota Malang,Kost 881,Putri,Kecamatan Lowokwaru,0.0,Tidak,Ya,Ya,Ya,Tidak,Ya,700000,https://mamikos.com/room/kost-kota-malang-kost-putri-murah-kost-881-lowokwaru-malang-1
Kota Malang,Kost Bu Etik Tipe A,Putri,Lowokwaru,0.0,Ya,Ya,Ya,Ya,Ya,Ya,1400000,https://mamikos.com/room/kost-kota-malang-kost-putri-eksklusif-kost-bu-etik-tipe-a-lowokwaru-malang
Kota Malang,Kost De Pamma Syariah Executive,Putri,Lowokwaru,4.9,Ya,Ya,Ya,Ya,Ya,Ya,1500000,https://mamikos.com/room/kost-malang-kost-putri-eksklusif-kost-de-pamma-syariah-executive-lowokwaru-malang
Kota Malang,Kost Inas,Putri,Lowokwaru,0.0,Ya,Tidak,Ya,Ya,Ya,Ya,1200000,https://mamikos.com/room/kost-kota-malang-kost-putri-eksklusif-kost-inas-lowokwaru-malang
Kota Malang,Kost Griya Lumba Lumba Tipe Vvip,Putra,Lowokwaru,0.0,Ya,Ya,Ya,Ya,Ya,Ya,1200000,https://mamikos.com/room/kost-kota-malang-kost-putra-eksklusif-kost-griya-lumba-lumba-tipe-vvip-lowokwaru-malang
Kota Malang,Kost Ayza Tipe A,Putra,Lowokwaru,5.0,Ya,Tidak,Ya,Ya,Ya,Ya,1455000,https://mamikos.com/room/kost-kota-malang-kost-putra-eksklusif-kost-singgahsini-ayza-tipe-a-lowokwaru-malang-2
Kota Malang,Kost Kunthbhaswara,Putri,Blimbing,0.0,Tidak,Ya,Ya,Ya,Ya,Ya,850000,https://mamikos.com/room/kost-malang-kost-putri-murah-kost-kunthbhaswara-blimbing-malang-2
Kota Malang,Kost Pondok Pinus Tipe Eksklusif,Putra,Lowokwaru,0.0,Ya,Ya,Ya,Ya,Ya,Ya,1750000,https://mamikos.com/room/kost-malang-kost-putra-eksklusif-kost-pondok-pinus-tipe-eksklusif-lowokwaru-malang
Kota Malang,Kost Griya Puspanadi Cengger Ayam,Putra,Kecamatan Lowokwaru,0.0,Ya,Ya,Ya,Ya,Ya,Ya,1400000,https://mamikos.com/room/kost-kota-malang-kost-putra-eksklusif-kost-griya-puspanadi-cengger-ayam-lowokwaru-malang-2
Kota Malang,Kost Manggar Tipe A,Putri,Lowokwaru,4.4,Tidak,Tidak,Ya,Ya,Ya,Ya,1164000,https://mamikos.com/room/kost-kota-malang-kost-putri-eksklusif-kost-apik-manggar-tipe-a-lowokwaru-malang-2
Kota Malang,Kost Fimely Tipe A,Putri,Lowokwaru,0.0,Tidak,Ya,Ya,Ya,Tidak,Ya,600000,https://mamikos.com/room/kost-kota-malang-kost-putri-murah-kost-fimely-tipe-a-lowokwaru-malang
Kota Malang,Kost Nadita Tipe A,Putri,Kecamatan Lowokwaru,0.0,Ya,Ya,Ya,Ya,Ya,Ya,1300000,https://mamikos.com/room/kost-kota-malang-kost-putri-eksklusif-kost-nadita-tipe-a-lowokwaru-malang
Kota Malang,Kost Kawan Tipe Standart,Putra,Lowokwaru,4.5,Tidak,Ya,Ya,Tidak,Tidak,Ya,700000,https://mamikos.com/room/kost-kota-malang-kost-putra-murah-kost-kawan-tipe-standart-lowokwaru-malang-2
Kota Malang,Kost Rumah Kakek Zizan Standar,Putra,Kecamatan Dau,0.0,Tidak,Ya,Ya,Tidak,Tidak,Ya,600000,https://mamikos.com/room/kost-kabupaten-malang-kost-putra-eksklusif-kost-rumah-kakek-zizan-standar-dau-malang
Kota Malang,Kost Srigading 2C Tipe B,Putra,Kecamatan Lowokwaru,0.0,Tidak,Ya,Ya,Ya,Ya,Ya,1100000,https://mamikos.com/room/kost-kota-malang-kost-putra-eksklusif-kost-srigading-2c-tipe-b-lowokwaru-malang
Kota Malang,Kost Ita,Putri,Klojen,0.0,Ya,Ya,Ya,Ya,Ya,Ya,1100000,https://mamikos.com/room/kost-kota-malang-kost-putri-eksklusif-kost-ita-klojen-malang-2
Kota Malang,Kost Wisma Kedaton Tipe Standard A Non AC,Putri,Lowokwaru,0.0,Tidak,Ya,Ya,Ya,Ya,Ya,1400000,https://mamikos.com/room/kost-kota-malang-kost-putri-eksklusif-kost-wisma-kedaton-tipe-standard-a-non-ac-lowokwaru-malang-2
Kota Malang,Kost Caritas Exclusive,Putri,Kecamatan Lowokwaru,0.0,Ya,Ya,Ya,Ya,Ya,Ya,1500000,https://mamikos.com/room/kost-kota-malang-kost-putri-eksklusif-kost-caritas-exclusive-lowokwaru-malang
Kota Malang,Kost Cbr 22 Bajang Ratu Tipe B,Putra,Kecamatan Blimbing,0.0,Ya,Ya,Ya,Ya,Tidak,Ya,1500000,https://mamikos.com/room/kost-kota-malang-kost-putra-eksklusif-kost-cbr-22-bajang-ratu-tipe-b-blimbing-malang
Kota Malang,Kost Astri,Putra,Kecamatan Blimbing,0.0,Ya,Ya,Ya,Ya,Ya,Ya,1500000,https://mamikos.com/room/kost-kota-malang-kost-putra-eksklusif-kost-astri-blimbing-malang-2
Kota Malang,Kost Radin,Putri,Lowokwaru,0.0,Tidak,Tidak,Ya,Tidak,Ya,Ya,900000,https://mamikos.com/room/kost-kota-malang-kost-putri-murah-kost-radin-lowokwaru-malang-2
Kota Malang,Kost Maryam Parc Tipe Orchid,Putri,Kecamatan Lowokwaru,0.0,Ya,Tidak,Ya,Ya,Ya,Ya,1600000,https://mamikos.com/room/kost-kota-malang-kost-putri-eksklusif-kost-maryam-parc-tipe-orchid-lowokwaru-malang
Kota Malang,Kost Rumah Paus,Putra,Lowokwaru,5.0,Tidak,Ya,Ya,Ya,Ya,Ya,650000,https://mamikos.com/room/kost-kota-malang-kost-putra-murah-kost-rumah-paus-lowokwaru-malang-2
Kota Malang,Kost New Pondok Gloria Tipe C,Putri,Lowokwaru,0.0,Tidak,Ya,Ya,Ya,Ya,Ya,1200000,https://mamikos.com/room/kost-malang-kost-putri-eksklusif-kost-new-pondok-gloria-tipe-c-lowokwaru-malang
Kota Malang,Kost Nana,Putri,Lowokwaru,0.0,Tidak,Ya,Ya,Ya,Ya,Ya,650000,https://mamikos.com/room/kost-kota-malang-kost-putri-murah-kost-nana-lowokwaru-malang-2
Kota Malang,Kost 7Suites Tipe Standard,Putra,Klojen,0.0,Ya,Ya,Ya,Ya,Ya,Ya,1500000,https://mamikos.com/room/kost-malang-kost-putra-eksklusif-kost-7suites-tipe-standard-klojen-malang-2
Kota Malang,Kost Oktaviani VVIP,Putra,Lowokwaru,0.0,Tidak,Ya,Ya,Ya,Ya,Ya,1000000,https://mamikos.com/room/kost-kota-malang-kost-putra-murah-kos-oktaviani-vvip-lowokwaru-malang-2
Kota Malang,Kost Lavender 1,Putri,Lowokwaru,0.0,Tidak,Tidak,Ya,Ya,Ya,Ya,1100000,https://mamikos.com/room/kost-malang-kost-putri-eksklusif-kost-lavender-1-lowokwaru-malang
Kota Malang,Kost Al Baroqah,Putri,Kecamatan Lowokwaru,0.0,Tidak,Ya,Ya,Ya,Ya,Ya,900000,https://mamikos.com/room/kost-kota-malang-kost-putri-murah-kost-al-baroqah-lowokwaru-malang
Kota Malang,Kost Betiga Tipe Standar,Putri,Lowokwaru,0.0,Tidak,Tidak,Ya,Ya,Tidak,Ya,1100000,https://mamikos.com/room/kost-malang-kost-putri-eksklusif-kost-betiga-tipe-standar-lowokwaru-malang
Kota Malang,Kost 1,Putri,Kecamatan Lowokwaru,0.0,Tidak,Ya,Ya,Tidak,Tidak,Ya,700000,https://mamikos.com/room/kost-kota-malang-kost-putri-murah-kost-1-lowokwaru-malang
Kota Malang,Kost Ibu Lilis,Putri,Kecamatan Lowokwaru,0.0,Tidak,Ya,Ya,Ya,Tidak,Ya,650000,https://mamikos.com/room/kost-kota-malang-kost-putri-murah-kost-ibu-lilis-lowokwaru-malang-1
Kota Malang,Kost Srigading Indah Tipe A,Putra,Lowokwaru,5.0,Tidak,Ya,Ya,Tidak,Tidak,Ya,750000,https://mamikos.com/room/kost-kota-malang-kost-putra-murah-kost-srigading-indah-tipe-a-lowokwaru-malang
Kota Malang,Kost Bangkit Boarding House Tipe A,Putra,Lowokwaru,4.5,Tidak,Ya,Ya,Tidak,Tidak,Ya,700000,https://mamikos.com/room/kost-kota-malang-kost-putra-eksklusif-kost-bangkit-boarding-house-tipe-a-lowokwaru-malang
Kota Malang,Kost Ijen Living Tipe 1,Putri,Klojen,0.0,Tidak,Ya,Ya,Ya,Ya,Ya,650000,https://mamikos.com/room/kost-kota-malang-kost-putri-murah-kost-ijen-living-tipe-1-klojen-malang
Kota Mojokerto,Kost Verona Homestay Executive,Campur,Magersari,4.9,Ya,Ya,Ya,Ya,Ya,Ya,1250000,https://mamikos.com/room/kost-mojokerto-kost-campur-eksklusif-kost-verona-homestay-executive-magersari-mojokerto
Kota Mojokerto,Kost Berkah Tipe Suite,Putri,Kecamatan Sooko,0.0,Tidak,Ya,Ya,Tidak,Ya,Ya,675000,https://mamikos.com/room/kost-kabupaten-mojokerto-kost-putri-murah-kost-berkah-tipe-suite-sooko-mojokerto
Kota Mojokerto,Kost Wisma Jaya Hartono I,Campur,Kecamatan Magersari,0.0,Ya,Ya,Ya,Ya,Ya,Ya,1000000,https://mamikos.com/room/kost-kota-mojokerto-kost-campur-eksklusif-kost-wisma-jaya-hartono-i-magersari-mojokerto
Kota Mojokerto,Kost Triendah Tipe A,Campur,Kecamatan Mojoanyar,0.0,Tidak,Tidak,Ya,Tidak,Ya,Ya,700000,https://mamikos.com/room/kost-kabupaten-mojokerto-kost-campur-murah-kost-triendah-tipe-a-mojoanyar-mojokerto
Kota Mojokerto,Kost Berkah Pitaloka Tipe A,Putri,Kecamatan Sooko,0.0,Tidak,Ya,Ya,Tidak,Ya,Ya,650000,https://mamikos.com/room/kost-kabupaten-mojokerto-kost-putri-murah-kost-berkah-pitaloka-tipe-a-sooko-mojokerto-2
Kota Mojokerto,Kost Graha Kirana,Putri,Mojosari,0.0,Ya,Ya,Ya,Ya,Ya,Ya,1300000,https://mamikos.com/room/kost-mojokerto-kost-putri-eksklusif-kost-graha-kirana-mojosari-mojokerto
Kota Mojokerto,Kost Griya NiNo Cinde Tipe A,Putra,Kecamatan Prajurit Kulon,0.0,Ya,Ya,Ya,Tidak,Ya,Ya,980000,https://mamikos.com/room/kost-kota-mojokerto-kost-putra-murah-kost-griya-nino-cinde-prajurit-kulon-mojokerto
Kota Mojokerto,Kost Femdika I,Campur,Mojosari,0.0,Tidak,Tidak,Ya,Tidak,Ya,Ya,450000,https://mamikos.com/room/kost-mojokerto-kost-campur-murah-kost-femdika-i-mojosari-mojokerto
Kota Mojokerto,Kost Pak Suhaji Surodinawan Tipe Superior,Putri,Prajurit Kulon,0.0,Tidak,Tidak,Ya,Ya,Tidak,Ya,500000,https://mamikos.com/room/kost-mojokerto-kost-putri-murah-kost-pak-suhaji-surodinawan-tipe-superior-prajurit-kulon-mojokerto-2
Kota Mojokerto,Kost Syariah Griya Permata Meri Tipe A,Putri,Magersari,0.0,Tidak,Tidak,Ya,Ya,Ya,Ya,650000,https://mamikos.com/room/kost-mojokerto-kost-putri-murah-kost-syariah-griya-permata-meri-tipe-a-magersari-mojokerto
Kota Mojokerto,Kost Litha Tipe A,Campur,Kecamatan Jetis,0.0,Tidak,Ya,Ya,Tidak,Tidak,Ya,550000,https://mamikos.com/room/kost-kabupaten-mojokerto-kost-campur-murah-kost-litha-tipe-a-jetis-mojokerto
Kota Mojokerto,Kost Dewanti Tipe C,Putri,Pungging,0.0,Tidak,Tidak,Ya,Tidak,Ya,Ya,600000,https://mamikos.com/room/kost-mojokerto-kost-putri-murah-kost-dewanti-tipe-c-pungging-mojokerto-2
Kota Mojokerto,Kost Satrio,Campur,Prajurit Kulon,0.0,Ya,Ya,Ya,Ya,Ya,Ya,1000000,https://mamikos.com/room/kost-mojokerto-kost-campur-eksklusif-kost-satrio-prajurit-kulon-mojokerto-2
Kota Mojokerto,Kost Dewanti Tipe B,Putri,Kecamatan Pungging,0.0,Tidak,Tidak,Ya,Tidak,Tidak,Ya,400000,https://mamikos.com/room/kost-kabupaten-mojokerto-kost-putri-murah-kost-dewanti-tipe-b-pungging-mojokerto
Kota Mojokerto,Kost Dindania Tipe A,Putri,Kecamatan Magersari,5.0,Tidak,Ya,Ya,Tidak,Tidak,Ya,400000,https://mamikos.com/room/kost-kota-mojokerto-kost-putri-murah-kost-dindania-tipe-a-magersari-mojokerto-2
Kota Mojokerto,Kost Oma Siti Syariah Tipe A,Campur,Sooko,0.0,Ya,Ya,Ya,Ya,Ya,Ya,1000000,https://mamikos.com/room/kost-kabupaten-mojokerto-kost-campur-eksklusif-kost-oma-siti-syariah-tipe-a-sooko-mojokerto
Kota Mojokerto,Kost Surodinawan Tipe Eksklusif,Putri,Prajurit Kulon,0.0,Ya,Ya,Ya,Ya,Ya,Ya,800000,https://mamikos.com/room/kost-mojokerto-kost-putri-eksklusif-kost-surodinawan-tipe-eksklusif-prajurit-kulon-mojokerto
Kota Mojokerto,Kost Raya 1 Executive 1,Putra,Mojosari,0.0,Ya,Ya,Ya,Ya,Ya,Ya,1500000,https://mamikos.com/room/kost-kabupaten-mojokerto-kost-putra-eksklusif-kost-raya-mojosari-1-executive-1-mojosari-mojokerto-2
Kota Mojokerto,Kost Raya 1 Executive 2,Putra,Mojosari,0.0,Ya,Ya,Ya,Ya,Ya,Ya,1500000,https://mamikos.com/room/kost-kabupaten-mojokerto-kost-putra-eksklusif-kost-raya-mojosari-1-executive-2-mojosari-mojokerto-2
Kota Mojokerto,Kost 19 Cse Surodinawan,Putri,Prajurit Kulon,5.0,Ya,Ya,Ya,Ya,Ya,Ya,920000,https://mamikos.com/room/kost-mojokerto-kost-putri-murah-kost-19-cse-surodinawan-prajurit-kulon-mojokerto
Kota Mojokerto,Rumah Kontrakan Pak Agus,Campur,Mojosari,0.0,Tidak,Ya,Tidak,Tidak,Ya,Tidak,800000,https://mamikos.com/room/kost-kabupaten-mojokerto-kost-campur-murah-rumah-kontrakan-pak-agus-mojosari-mojokerto
Kota Mojokerto,Kost Jaya Tipe Standar,Campur,Puri,0.0,Tidak,Ya,Ya,Tidak,Tidak,Ya,500000,https://mamikos.com/room/kost-mojokerto-kost-campur-murah-kost-jaya-tipe-standar-puri-mojokerto
Kota Mojokerto,Kost Rizky,Campur,Kranggan,0.0,Tidak,Ya,Ya,Ya,Ya,Tidak,600000,https://mamikos.com/room/kost-kota-mojokerto-kost-campur-murah-kost-rizky-kranggan-mojokerto
Kota Mojokerto,Kost Utomo Tipe Standar,Putri,Prajurit Kulon,0.0,Tidak,Ya,Ya,Tidak,Tidak,Ya,400000,https://mamikos.com/room/kost-mojokerto-kost-putri-murah-kost-utomo-tipe-standar-prajurit-kulon-mojokerto-2
Kota Mojokerto,Kost Dewa Rooms Tipe Vip,Campur,Mojosari,5.0,Ya,Ya,Ya,Ya,Ya,Tidak,1500000,https://mamikos.com/room/kost-kabupaten-mojokerto-kost-campur-eksklusif-kost-dewa-rooms-tipe-vip-mojosari-mojokerto
Kota Mojokerto,Kost Nino Tipe A,Putra,Magersari,0.0,Tidak,Tidak,Ya,Tidak,Ya,Ya,980000,https://mamikos.com/room/kost-kota-mojokerto-kost-putra-murah-kost-nino-tipe-a-magersari-mojokerto
Kota Mojokerto,Kost Dapur Hawa Tipe A,Putri,Puri,0.0,Tidak,Ya,Ya,Tidak,Ya,Ya,450000,https://mamikos.com/room/kost-kabupaten-mojokerto-kost-putri-murah-kost-dapur-hawa-tipe-a-puri-mojokerto-2
Kota Mojokerto,Kost Griya NiNo Cinde Tipe B,Putra,Kecamatan Prajurit Kulon,0.0,Tidak,Ya,Ya,Tidak,Ya,Ya,780000,https://mamikos.com/room/kost-kota-mojokerto-kost-putra-murah-kost-griya-nino-cinde-tipe-b-prajurit-kulon-mojokerto
Kota Mojokerto,Kost Ayu Tipe A,Campur,Mojosari,0.0,Tidak,Ya,Ya,Ya,Ya,Ya,400000,https://mamikos.com/room/kost-kabupaten-mojokerto-kost-campur-murah-kost-ayu-tipe-a-mojosari-mojokerto
Kota Mojokerto,Kost Gading Permai Tipe B,Campur,Mojosari,5.0,Ya,Ya,Ya,Ya,Ya,Ya,1000000,https://mamikos.com/room/kost-mojokerto-kost-campur-eksklusif-kost-gading-permai-tipe-b-mojosari-mojokerto-2
Kota Mojokerto,Kost Alphine Home Sumbertanggul Tipe Eksklusif,Campur,Kecamatan Mojosari,0.0,Ya,Ya,Ya,Ya,Ya,Ya,1250000,https://mamikos.com/room/kost-kabupaten-mojokerto-kost-campur-eksklusif-kost-alphine-home-sumbertanggul-tipe-eksklusif-mojosari-mojokerto-2
Kota Mojokerto,Kost Surya Abadi 30A,Putri,Kecamatan Magersari,0.0,Tidak,Ya,Ya,Tidak,Ya,Tidak,500000,https://mamikos.com/room/kost-kota-mojokerto-kost-putri-murah-kost-surya-abadi-30a-magersari-mojokerto
Kota Mojokerto,Kost ArIza,Putra,Kecamatan Jetis,0.0,Tidak,Ya,Ya,Tidak,Ya,Ya,500000,https://mamikos.com/room/kost-kabupaten-mojokerto-kost-putra-murah-kost-ariza-jetis-mojokerto
Kota Mojokerto,Kost Griya Lestari Tipe A,Putri,Mojosari,0.0,Tidak,Ya,Ya,Tidak,Ya,Ya,600000,https://mamikos.com/room/kost-kabupaten-mojokerto-kost-putri-murah-kost-griya-lestari-tipe-a-mojosari-mojokerto-2
Kota Mojokerto,Kost Jaya Negara Tipe A,Campur,Puri,0.0,Tidak,Ya,Ya,Ya,Tidak,Ya,350000,https://mamikos.com/room/kost-kabupaten-mojokerto-kost-campur-murah-kost-jaya-negara-tipe-a-puri-mojokerto
Kota Mojokerto,Kost Griya 1 Tipe A,Campur,Jetis,0.0,Tidak,Ya,Tidak,Tidak,Tidak,Tidak,400000,https://mamikos.com/room/kost-kabupaten-mojokerto-kost-campur-murah-kost-griya-jetis-1-tipe-a-jetis-mojokerto-2
Kota Mojokerto,Kost Samawa Tipe A,Campur,Mojosari,0.0,Ya,Ya,Ya,Tidak,Ya,Ya,700000,https://mamikos.com/room/kost-mojokerto-kost-campur-murah-kost-samawa-tipe-a-mojosari-mojokerto
Kota Mojokerto,Kost Elmira,Campur,Magersari,0.0,Ya,Tidak,Ya,Tidak,Ya,Ya,1200000,https://mamikos.com/room/kost-kota-mojokerto-kost-campur-eksklusif-kost-elmira-magersari-mojokerto-2
Kota Mojokerto,Kost Samawa,Campur,Mojosari,0.0,Tidak,Ya,Ya,Tidak,Ya,Ya,700000,https://mamikos.com/room/kost-kabupaten-mojokerto-kost-campur-murah-kost-samawa-mojosari-mojokerto-2
Kota Mojokerto,Kost Pria Suronatan,Putra,Magersari,5.0,Tidak,Tidak,Ya,Tidak,Ya,Ya,500000,https://mamikos.com/room/kost-mojokerto-kost-putra-murah-kost-pria-suronatan-magersari-mojokerto-1
Kota Mojokerto,Kost Bintang Tipe A,Putra,Kranggan,5.0,Ya,Ya,Ya,Tidak,Ya,Ya,900000,https://mamikos.com/room/kost-kota-mojokerto-kost-putra-murah-kost-bintang-tipe-a-kranggan-mojokerto
Kota Mojokerto,Kost Dahlia 1 Tipe Standar,Campur,Sooko,0.0,Tidak,Ya,Ya,Ya,Ya,Ya,350000,https://mamikos.com/room/kost-kabupaten-mojokerto-kost-campur-murah-kost-dahlia-1-tipe-standar-sooko-mojokerto
Kota Mojokerto,Kost BLA,Campur,Kecamatan Prajurit Kulon,5.0,Tidak,Ya,Ya,Ya,Ya,Ya,600000,https://mamikos.com/room/kost-kota-mojokerto-kost-campur-murah-kost-bla-prajurit-kulon-mojokerto
Kota Mojokerto,Kost Jl Candirejo,Campur,Kecamatan Mojosari,0.0,Tidak,Tidak,Ya,Ya,Ya,Ya,500000,https://mamikos.com/room/kost-mojokerto-kost-campur-murah-kost-jl-candirejo-mojosari-mojokerto-1
Kota Mojokerto,Kost Alula,Putri,Kranggan,0.0,Ya,Ya,Ya,Ya,Ya,Ya,650000,https://mamikos.com/room/kost-kota-mojokerto-kost-putri-murah-kost-alula-kranggan-mojokerto
Kota Mojokerto,Kost Bintang 2 Tipe A,Putri,Kranggan,0.0,Ya,Ya,Ya,Tidak,Ya,Ya,900000,https://mamikos.com/room/kost-kota-mojokerto-kost-putri-eksklusif-kost-bintang-2-tipe-a-kranggan-mojokerto-2
Kota Mojokerto,Kost New Normal Wilis Tipe A,Putra,Magersari,5.0,Ya,Ya,Ya,Tidak,Ya,Ya,750000,https://mamikos.com/room/kost-kota-mojokerto-kost-putra-murah-kost-new-normal-wilis-tipe-a-magersari-mojokerto
Kota Mojokerto,Kost Alphine Home Sumbertanggul Tipe Premium,Campur,Kecamatan Mojosari,0.0,Tidak,Ya,Ya,Ya,Ya,Ya,950000,https://mamikos.com/room/kost-kabupaten-mojokerto-kost-campur-murah-kost-alphine-home-sumbertanggul-tipe-premium-mojosari-mojokerto-2
Kota Mojokerto,Kost Ayu Tipe B,Campur,Mojosari,0.0,Tidak,Ya,Tidak,Tidak,Ya,Ya,500000,https://mamikos.com/room/kost-kabupaten-mojokerto-kost-campur-murah-kost-ayu-tipe-b-mojosari-mojokerto
Kota Mojokerto,Kost Syariah Griya Permata Meri Tipe B,Putri,Magersari,0.0,Tidak,Tidak,Ya,Ya,Tidak,Ya,550000,https://mamikos.com/room/kost-mojokerto-kost-putri-murah-kost-syariah-griya-permata-meri-tipe-b-magersari-mojokerto
Kota Mojokerto,Kost Gading Permai Executive,Campur,Kecamatan Mojosari,0.0,Ya,Ya,Ya,Ya,Ya,Ya,1500000,https://mamikos.com/room/kost-kabupaten-mojokerto-kost-campur-eksklusif-kost-gading-permai-executive-mojosari-mojokerto
Kota Mojokerto,Rumah Kontrakan Femdika,Campur,Kecamatan Mojosari,0.0,Tidak,Tidak,Tidak,Tidak,Tidak,Tidak,750000,https://mamikos.com/room/kost-kabupaten-mojokerto-kost-campur-murah-rumah-kontrakan-femdika-mojosari-mojokerto-2
Kota Mojokerto,Kost Perum Canggu Permai Tipe A,Putra,Kecamatan Jetis,0.0,Ya,Ya,Ya,Ya,Ya,Tidak,600000,https://mamikos.com/room/kost-mojokerto-kost-campur-murah-kost-perum-canggu-permai-tipe-a-jetis-mojokerto
Kota Mojokerto,Kost Griya Lestari Tipe B,Putra,Mojosari,0.0,Tidak,Ya,Ya,Tidak,Ya,Ya,650000,https://mamikos.com/room/kost-kabupaten-mojokerto-kost-putra-murah-kost-griya-lestari-tipe-b-mojosari-mojokerto
Kota Mojokerto,Kost Griya Lestari Tipe AC,Campur,Mojosari,0.0,Ya,Ya,Ya,Tidak,Ya,Ya,1000000,https://mamikos.com/room/kost-kabupaten-mojokerto-kost-campur-eksklusif-kost-griya-lestari-tipe-ac-mojosari-mojokerto
Kota Mojokerto,Kost Kacapiring,Campur,Sooko,0.0,Ya,Ya,Ya,Ya,Ya,Ya,850000,https://mamikos.com/room/kost-mojokerto-kost-campur-murah-kost-kacapiring-sooko-mojokerto
Kota Mojokerto,Kost Amanah,Campur,Magersari,0.0,Tidak,Ya,Ya,Tidak,Ya,Tidak,450000,https://mamikos.com/room/kost-kota-mojokerto-kost-campur-murah-kost-amanah-magersari-mojokerto-2
Kota Mojokerto,Kost Resmi Jotangan,Campur,Mojosari,0.0,Tidak,Ya,Ya,Tidak,Ya,Ya,600000,https://mamikos.com/room/kost-kabupaten-mojokerto-kost-campur-murah-kost-resmi-jotangan-mojosari-mojokerto
Kota Mojokerto,Kost Wisma Ananda Rizky VVIP,Putri,Mojoanyar,0.0,Tidak,Tidak,Ya,Tidak,Ya,Tidak,500000,https://mamikos.com/room/kost-kabupaten-mojokerto-kost-putri-murah-kost-wisma-ananda-rizky-vvip-mojoanyar-mojokerto
Kota Mojokerto,Kost Miji Jaya 2 Tipe A,Campur,Kecamatan Prajurit Kulon,0.0,Ya,Ya,Ya,Tidak,Ya,Ya,1200000,https://mamikos.com/room/kost-kota-mojokerto-kost-campur-eksklusif-kost-miji-jaya-2-tipe-a-prajurit-kulon-mojokerto
Kota Mojokerto,Kost Bsp Regency Tipe A,Campur,Puri,0.0,Tidak,Tidak,Ya,Ya,Ya,Tidak,750000,https://mamikos.com/room/kost-kabupaten-mojokerto-kost-campur-murah-kost-bsp-regency-tipe-a-puri-mojokerto--2
Kota Mojokerto,Kost Merbabu Tipe A,Putri,Mojosari,0.0,Tidak,Ya,Ya,Ya,Ya,Ya,800000,https://mamikos.com/room/kost-kabupaten-mojokerto-kost-putri-murah-kost-merbabu-tipe-a-mojosari-mojokerto-2
Kota Mojokerto,Kost Garuda Tipe A,Putri,Kecamatan Magersari,0.0,Tidak,Tidak,Ya,Tidak,Ya,Ya,600000,https://mamikos.com/room/kost-kota-mojokerto-kost-putri-murah-kost-garuda-tipe-a-magersari-mojokerto-2
Kota Mojokerto,Kost Surodinawan,Putri,Kecamatan Prajurit Kulon,0.0,Tidak,Ya,Ya,Tidak,Ya,Ya,500000,https://mamikos.com/room/kost-kota-mojokerto-kost-putri-murah-kost-surodinawan-prajurit-kulon-mojokerto
Kota Mojokerto,Kost Bapak Muin,Putra,Sooko,0.0,Tidak,Ya,Ya,Tidak,Ya,Ya,550000,https://mamikos.com/room/kost-mojokerto-kost-putra-murah-kost-bapak-muin-sooko-mojokerto
Kota Mojokerto,Kost Roudatul Jannah VIP,Campur,Sooko,0.0,Ya,Ya,Ya,Ya,Ya,Ya,1000000,https://mamikos.com/room/kost-kabupaten-mojokerto-kost-campur-eksklusif-kost-roudatul-jannah-vip-sooko-mojokerto-2
Kota Mojokerto,Kost Miji Jaya Tipe A,Campur,Kecamatan Prajurit Kulon,5.0,Ya,Tidak,Ya,Ya,Ya,Ya,950000,https://mamikos.com/room/kost-kota-mojokerto-kost-campur-murah-kost-miji-jaya-tipe-a-prajurit-kulon-mojokerto
Kota Mojokerto,Kost Griya Firdaus Tipe B,Putri,Kecamatan Magersari,0.0,Ya,Ya,Ya,Ya,Ya,Ya,1100000,https://mamikos.com/room/kost-kota-mojokerto-kost-putri-eksklusif-kost-griya-firdaus-tipe-b-magersari-mojokerto
Kota Mojokerto,Kost Griya Firdaus 2 Tipe A,Putri,Jetis,0.0,Ya,Ya,Ya,Ya,Ya,Ya,1000000,https://mamikos.com/room/kost-kabupaten-mojokerto-kost-campur-murah--13
Kota Mojokerto,Kost Suratan Tipe B,Campur,Kecamatan Prajurit Kulon,5.0,Ya,Ya,Ya,Tidak,Ya,Ya,800000,https://mamikos.com/room/kost-kota-mojokerto-kost-campur-murah-kost-suratan-tipe-b-prajurit-kulon-mojokerto
Kota Mojokerto,Kost Satriya 500 ribu rapur di luar untuk bersama 600 ribu dapur berada di dalam kamar,Putri,Sooko,0.0,Tidak,Tidak,Ya,Tidak,Ya,Tidak,500000,https://mamikos.com/room/kost-kabupaten-mojokerto-kost-putri-murah-kost-satriya-500-ribu-rapur-di-luar-untuk-bersama-600-ribu-dapur-berada-di-dalam-kamar-sooko-mojokerto-2
Kota Mojokerto,Kost Miji Jaya 2 Tipe C,Campur,Kecamatan Prajurit Kulon,0.0,Ya,Ya,Ya,Tidak,Ya,Ya,1200000,https://mamikos.com/room/kost-kota-mojokerto-kost-campur-eksklusif-kost-miji-jaya-2-tipe-c-prajurit-kulon-mojokerto
Kota Mojokerto,Kost Yoga Tipe 1,Putra,Mojoanyar,0.0,Tidak,Tidak,Ya,Tidak,Ya,Ya,500000,https://mamikos.com/room/kost-kabupaten-mojokerto-kost-putra-murah-kost-yoga-tipe-1-mojoanyar-mojokerto
Kota Mojokerto,Kost Berkah Syariah Tipe A,Putra,Kranggan,5.0,Tidak,Ya,Ya,Tidak,Ya,Tidak,500000,https://mamikos.com/room/kost-kota-mojokerto-kost-campur-murah-kost-berkah-syariah-tipe-a-kranggan-mojokerto
Kota Mojokerto,Kost 72 Tipe Standart,Putri,Kecamatan Sooko,0.0,Tidak,Tidak,Ya,Tidak,Tidak,Ya,350000,https://mamikos.com/room/kost-kabupaten-mojokerto-kost-putri-murah-kost-72-tipe-standart-sooko-mojokerto
Kota Mojokerto,Kost Nugroho Tipe C,Campur,Kecamatan Magersari,0.0,Ya,Ya,Ya,Ya,Ya,Ya,1000000,https://mamikos.com/room/kost-kota-mojokerto-kost-putri-eksklusif-kost-nugroho-tipe-b-ac-magersari-mojokerto
Kota Mojokerto,Kost Rizki Bje 1 Tipe Reguler Premium,Putra,Mojoanyar,0.0,Tidak,Ya,Ya,Tidak,Ya,Ya,450000,https://mamikos.com/room/kost-mojokerto-kost-putra-murah-kost-rizki-bje-1-tipe-reguler-premium-mojoanyar-mojokerto
Kota Mojokerto,Kost Andara Kamar 04,Putri,Kecamatan Prajurit Kulon,0.0,Tidak,Tidak,Ya,Ya,Ya,Ya,800000,https://mamikos.com/room/kost-kota-mojokerto-kost-putri-murah-kost-andara-kamar-04-prajurit-kulon-mojokerto-2
Kota Mojokerto,Kost Meri Tipe A,Campur,Kecamatan Magersari,5.0,Ya,Ya,Ya,Tidak,Ya,Ya,850000,https://mamikos.com/room/kost-kota-mojokerto-kost-campur-murah-kost-meri-tipe-a-magersari-mojokerto
Kota Mojokerto,Kost Sunset Griya Vvip,Campur,Mojosari,0.0,Ya,Ya,Ya,Ya,Ya,Ya,1000000,https://mamikos.com/room/kost-kabupaten-mojokerto-kost-campur-eksklusif-kost-sunset-griya-vvip-mojosari-mojokerto
Kota Mojokerto,Kost Villa Pulorejo,Campur,Prajurit Kulon,0.0,Tidak,Tidak,Ya,Tidak,Ya,Tidak,500000,https://mamikos.com/room/kost-mojokerto-kost-campur-murah-kost-villa-pulorejo-prajurit-kulon-mojokerto
Kota Mojokerto,Kost Miji Jaya 2 Tipe H,Campur,Kecamatan Prajurit Kulon,0.0,Ya,Ya,Ya,Tidak,Ya,Ya,1100000,https://mamikos.com/room/kost-kota-mojokerto-kost-campur-eksklusif-kost-miji-jaya-2-tipe-h-prajurit-kulon-mojokerto
Kota Mojokerto,Kost Airlangga 19 Tipe A,Campur,Kecamatan Mojosari,0.0,Tidak,Ya,Ya,Tidak,Ya,Tidak,400000,https://mamikos.com/room/kost-kabupaten-mojokerto-kost-campur-murah-kost-airlangga-19-tipe-a-mojosari-mojokerto
Kota Mojokerto,Kost Miji Jaya 2 Tipe E,Campur,Kecamatan Prajurit Kulon,0.0,Ya,Ya,Ya,Tidak,Ya,Ya,900000,https://mamikos.com/room/kost-kota-mojokerto-kost-campur-murah-kost-miji-jaya-2-tipe-e-prajurit-kulon-mojokerto
Kota Mojokerto,Kost Merbabu Tipe B,Putri,Kecamatan Mojosari,0.0,Tidak,Ya,Ya,Ya,Ya,Ya,800000,https://mamikos.com/room/kost-kabupaten-mojokerto-kost-putri-murah-kost-merbabu-tipe-b-mojosari-mojokerto
Kota Mojokerto,Kost Brawijaya Exclusive,Putra,Prajurit Kulon,4.4,Ya,Ya,Ya,Ya,Ya,Ya,800000,https://mamikos.com/room/kost-mojokerto-kost-putra-eksklusif-kost-brawijaya-exclusive-prajurit-kulon-mojokerto-2
Kota Mojokerto,Kost Meri Tipe C,Campur,Kecamatan Magersari,5.0,Ya,Ya,Ya,Tidak,Ya,Ya,1350000,https://mamikos.com/room/kost-kota-mojokerto-kost-campur-eksklusif-kost-meri-tipe-c-magersari-mojokerto
Kota Mojokerto,Kost Ambience By Atthar Executive,Campur,Kecamatan Prajurit Kulon,0.0,Ya,Ya,Ya,Tidak,Ya,Ya,1300000,https://mamikos.com/room/kost-kota-mojokerto-kost-campur-eksklusif-kost-ambience-by-atthar-executive-prajurit-kulon-mojokerto-2
Kota Mojokerto,Kost Bsp Regency Tipe B,Campur,Puri,0.0,Ya,Tidak,Ya,Ya,Ya,Ya,1000000,https://mamikos.com/room/kost-kabupaten-mojokerto-kost-campur-eksklusif-kost-bsp-regency-tipe-b-puri-mojokerto
Kota Mojokerto,Kost Ibram,Putra,Magersari,0.0,Tidak,Ya,Ya,Tidak,Ya,Tidak,450000,https://mamikos.com/room/kost-kota-mojokerto-kost-putra-murah-kost-ibram-magersari-mojokerto-2
Kota Mojokerto,Kost Putri Rahmat Jaya Tipe A,Putri,Prajurit Kulon,5.0,Tidak,Ya,Ya,Ya,Ya,Ya,600000,https://mamikos.com/room/kost-kota-mojokerto-kost-putri-eksklusif-kost-putri-rahmat-jaya-tipe-a-prajurit-kulon-mojokerto
Kota Mojokerto,Kost Meri Tipe B,Campur,Kecamatan Magersari,0.0,Ya,Ya,Ya,Tidak,Ya,Ya,1250000,https://mamikos.com/room/kost-kota-mojokerto-kost-campur-eksklusif-kost-meri-tipe-b-magersari-mojokerto
Kota Mojokerto,Kost Pak Edy,Campur,Kecamatan Mojoanyar,0.0,Tidak,Ya,Ya,Tidak,Tidak,Ya,350000,https://mamikos.com/room/kost-kabupaten-mojokerto-kost-campur-murah-kos-pak-edy-kamar-biasa-mojoanyar-mojokerto-2
Kota Mojokerto,Kost Vitra 1 Tipe Standar,Campur,Sooko,0.0,Tidak,Ya,Ya,Tidak,Ya,Tidak,500000,https://mamikos.com/room/kost-mojokerto-kost-campur-murah-kost-vitra-1-tipe-standar-sooko-mojokerto
Kota Mojokerto,Kost Suratan Tipe D Tanpa TV Non Ac,Campur,Kecamatan Prajurit Kulon,0.0,Tidak,Ya,Ya,Tidak,Ya,Ya,500000,https://mamikos.com/room/kost-kota-mojokerto-kost-campur-murah-kost-suratan-tipe-d-kipas-angin-khusus-tanpa-tv-dan-ac-prajurit-kulon-mojokerto-1
Kota Mojokerto,Kost Suratan Tipe A,Campur,Kecamatan Prajurit Kulon,5.0,Ya,Ya,Ya,Tidak,Ya,Ya,700000,https://mamikos.com/room/kost-kota-mojokerto-kost-campur-murah-kost-suratan-tipe-a-prajurit-kulon-mojokerto
Kota Mojokerto,Kost Rumah Pintar,Putri,Prajurit Kulon,0.0,Tidak,Tidak,Ya,Tidak,Ya,Ya,500000,https://mamikos.com/room/kost-mojokerto-kost-putri-murah-kost-rumah-pintar-prajurit-kulon-mojokerto
Kota Mojokerto,Kost Cozy Benteng Pancasila Tipe A,Campur,Kecamatan Magersari,0.0,Ya,Ya,Ya,Ya,Ya,Ya,1100000,https://mamikos.com/room/kost-kota-mojokerto-kost-campur-eksklusif-kost-cozy-benteng-pancasila-tipe-a-magersari-mojokerto
Kota Mojokerto,Kost Rumah Faizah,Campur,Mojosari,0.0,Tidak,Ya,Ya,Tidak,Ya,Tidak,450000,https://mamikos.com/room/kost-kabupaten-mojokerto-kost-campur-murah-kost-rumah-faizah-mojosari-mojokerto-2
Kota Mojokerto,Kost Griya Deana Tipe A1,Putra,Kranggan,0.0,Ya,Ya,Ya,Ya,Ya,Ya,900000,https://mamikos.com/room/kost-kota-mojokerto-kost-putra-murah-kost-griya-deana-kranggan-mojokerto
Kota Mojokerto,Kost Bapak Suwarno,Campur,Magersari,0.0,Tidak,Ya,Ya,Ya,Ya,Tidak,455000,https://mamikos.com/room/kost-kota-mojokerto-kost-campur-murah-kost-bapak-suwarno-magersari-mojokerto
Kota Mojokerto,Kost Miji Jaya 2 Tipe B,Campur,Kecamatan Prajurit Kulon,0.0,Ya,Ya,Ya,Tidak,Ya,Ya,1300000,https://mamikos.com/room/kost-kota-mojokerto-kost-campur-eksklusif-kost-miji-jaya-2-tipe-b-prajurit-kulon-mojokerto
Kota Mojokerto,Kost Sugiyo,Campur,Kecamatan Magersari,0.0,Tidak,Tidak,Tidak,Tidak,Ya,Tidak,600000,https://mamikos.com/room/kost-kota-mojokerto-kost-campur-murah-kost-sugiyo-magersari-mojokerto
Kota Mojokerto,Kost Berkah 1 Tropodo,Campur,Magersari,0.0,Tidak,Tidak,Ya,Tidak,Ya,Ya,500000,https://mamikos.com/room/kost-mojokerto-kost-campur-murah-kost-berkah-1-tropodo-magersari-mojokerto-1
Kota Mojokerto,Kost Meila Tipe C,Campur,Kecamatan Magersari,0.0,Ya,Ya,Ya,Tidak,Ya,Ya,1500000,https://mamikos.com/room/kost-kota-mojokerto-kost-campur-eksklusif-kost-meila-tipe-c-magersari-mojokerto-2
Kota Mojokerto,Kost Mutiara Tipe A,Putra,Kecamatan Sooko,4.5,Ya,Ya,Ya,Ya,Ya,Ya,1000000,https://mamikos.com/room/kost-mojokerto-kost-putra-eksklusif-kost-mutiara-tipe-a-sooko-mojokerto-1
Kota Mojokerto,Kost Permai,Putra,Jetis,0.0,Ya,Ya,Ya,Ya,Ya,Tidak,600000,https://mamikos.com/room/kost-kabupaten-mojokerto-kost-putra-murah-kost-permai-jetis-mojokerto
Kota Mojokerto,Kost Roudatul Jannah Tipe VVIP,Campur,Sooko,0.0,Ya,Ya,Ya,Ya,Ya,Ya,1100000,https://mamikos.com/room/kost-kabupaten-mojokerto-kost-campur-eksklusif-kost-roudatul-jannah-tipe-vvip-sooko-mojokerto-2
Kota Mojokerto,Kost Teratai Tipe Standar,Campur,Sooko,0.0,Ya,Tidak,Ya,Ya,Ya,Ya,950000,https://mamikos.com/room/kost-mojokerto-kost-campur-eksklusif-kost-teratai-tipe-standar-sooko-mojokerto
Kota Mojokerto,Kost Shella Tipe A,Campur,Kecamatan Mojosari,0.0,Tidak,Tidak,Ya,Tidak,Ya,Tidak,300000,https://mamikos.com/room/kost-kabupaten-mojokerto-kost-campur-murah-kost-shella-tipe-a-mojosari-mojokerto
Kota Mojokerto,Kost Chintya,Putri,Kecamatan Puri,0.0,Tidak,Ya,Ya,Tidak,Ya,Ya,500000,https://mamikos.com/room/kost-kabupaten-mojokerto-kost-putri-murah-kost-chintya-puri-mojokerto
Kota Mojokerto,Kost Rahmat Jaya Tipe B,Putri,Prajurit Kulon,5.0,Ya,Ya,Ya,Ya,Ya,Ya,900000,https://mamikos.com/room/kost-kota-mojokerto-kost-putri-eksklusif-kost-rahmat-jaya-tipe-b-prajurit-kulon-mojokerto
Kota Mojokerto,Kost Nugroho Tipe AC VIP,Campur,Magersari,0.0,Ya,Ya,Ya,Ya,Ya,Ya,1100000,https://mamikos.com/room/kost-kota-mojokerto-kost-putri-eksklusif-kost-nugroho-tipe-ac-vip-magersari-mojokerto
Kota Mojokerto,Kost Mutiara Kamar Mandi Dalam,Putra,Kecamatan Mojoanyar,0.0,Tidak,Ya,Ya,Tidak,Ya,Ya,300000,https://mamikos.com/room/kost-kabupaten-mojokerto-kost-campur-murah-kost-mutiara-kamar-mandi-dalam-mojoanyar-mojokerto
Kota Mojokerto,Kost Wonokusumo Tipe B,Campur,Mojosari,0.0,Tidak,Tidak,Ya,Tidak,Ya,Ya,450000,https://mamikos.com/room/kost-mojokerto-kost-campur-murah-kost-wonokusumo-tipe-b-mojosari-mojokerto
Kota Mojokerto,Kost Buana Tipe A,Putri,Magersari,0.0,Ya,Ya,Ya,Tidak,Ya,Ya,1000000,https://mamikos.com/room/kost-kota-mojokerto-kost-putri-eksklusif-kost-buana-tipe-a-magersari-mojokerto
Kota Mojokerto,Kost PT As Shofa,Putri,Sooko,0.0,Tidak,Ya,Ya,Ya,Ya,Ya,300000,https://mamikos.com/room/kost-kabupaten-mojokerto-kost-campur-murah-kost-pt-as-shofa-sooko-mojokerto-1
Kota Mojokerto,Kost Bhumi Barokah,Putri,Kranggan,0.0,Tidak,Ya,Ya,Tidak,Ya,Ya,650000,https://mamikos.com/room/kost-kota-mojokerto-kost-putri-murah-kost-bhumi-barokah-kranggan-mojokerto
Kota Mojokerto,Kost Halmahera Premium,Putri,Kecamatan Prajurit Kulon,0.0,Ya,Ya,Ya,Ya,Ya,Ya,1700000,https://mamikos.com/room/kost-kota-mojokerto-kost-putri-eksklusif-kost-halmahera-premium-prajurit-kulon-mojokerto
Kota Mojokerto,Kost 563,Campur,Kecamatan Magersari,0.0,Ya,Tidak,Ya,Ya,Ya,Ya,1050000,https://mamikos.com/room/kost-kota-mojokerto-kost-campur-eksklusif-kost-563-magersari-mojokerto-2
Kota Mojokerto,Kost Bu Endah,Campur,Magersari,0.0,Tidak,Ya,Ya,Tidak,Ya,Tidak,450000,https://mamikos.com/room/kost-kota-mojokerto-kost-campur-murah-kost-bu-endah-magersari-mojokerto-2
Kota Mojokerto,Kost Pentris 04 Tipe A,Putra,Kecamatan Sooko,0.0,Ya,Ya,Ya,Ya,Ya,Ya,1000000,https://mamikos.com/room/kost-kabupaten-mojokerto-kost-putra-eksklusif-kost-pentris-04-tipe-a-sooko-mojokerto
Kota Mojokerto,Kost Bang Jhons Tipe Golden,Campur,Kecamatan Prajurit Kulon,0.0,Tidak,Tidak,Ya,Tidak,Ya,Ya,675000,https://mamikos.com/room/kost-kota-mojokerto-kost-campur-murah-kost-bang-jhons-tipe-golden-prajurit-kulon-mojokerto-2
Kota Mojokerto,Kost Miji Jaya 2 Tipe G,Campur,Kecamatan Prajurit Kulon,0.0,Tidak,Ya,Ya,Tidak,Ya,Ya,800000,https://mamikos.com/room/kost-kota-mojokerto-kost-campur-murah-kost-miji-jaya-2-tipe-g-prajurit-kulon-mojokerto
Kota Mojokerto,Kost Wonokusumo 15 Tipe A,Campur,Mojosari,0.0,Tidak,Tidak,Ya,Tidak,Ya,Ya,500000,https://mamikos.com/room/kost-mojokerto-kost-campur-murah-kost-wonokusumo-15-tipe-a-mojosari-mojokerto
Kota Mojokerto,Kost Roudatul Jannah Tipe quind,Putri,Kecamatan Sooko,0.0,Ya,Ya,Ya,Ya,Ya,Ya,1000000,https://mamikos.com/room/kost-kabupaten-mojokerto-kost-putri-murah-kost-roudatul-jannah-tipe-quind-sooko-mojokerto-2
Kota Mojokerto,Kost Andara Tipe B,Putri,Kecamatan Prajurit Kulon,0.0,Ya,Tidak,Ya,Ya,Ya,Ya,1100000,https://mamikos.com/room/kost-kota-mojokerto-kost-putri-murah-kost-andara-tipe-b-prajurit-kulon-mojokerto
Kota Mojokerto,Kost Andara Tipe A,Putri,Kecamatan Prajurit Kulon,0.0,Ya,Tidak,Ya,Ya,Ya,Ya,1200000,https://mamikos.com/room/kost-kota-mojokerto-kost-putri-eksklusif-kost-andara-tipe-a-prajurit-kulon-mojokerto
Kota Mojokerto,Kost Shofa Marwah Executive,Campur,Kecamatan Pacet,0.0,Ya,Ya,Ya,Ya,Ya,Ya,700000,https://mamikos.com/room/kost-kabupaten-mojokerto-kost-campur-eksklusif-kost-shofa-marwah-executive-pacet-mojokerto
Kota Mojokerto,Kost Meila Tipe A,Putra,Kecamatan Magersari,0.0,Tidak,Ya,Ya,Tidak,Ya,Ya,800000,https://mamikos.com/room/kost-kota-mojokerto-kost-putra-eksklusif-kost-meila-tipe-a-magersari-mojokerto
Kota Mojokerto,Kost Brawijaya Tipe A,Putra,Prajurit Kulon,5.0,Tidak,Ya,Ya,Ya,Ya,Ya,600000,https://mamikos.com/room/kost-mojokerto-kost-putra-eksklusif-kost-brawijaya-tipe-a-prajurit-kulon-mojokerto
Kota Mojokerto,Kost Widya,Putri,Prajurit Kulon,0.0,Tidak,Tidak,Ya,Tidak,Ya,Ya,500000,https://mamikos.com/room/kost-kota-mojokerto-kost-putri-murah-kost-widya-prajurit-kulon-mojokerto
Kota Mojokerto,Kost Gandiwa Tipe A,Campur,Pungging,0.0,Tidak,Ya,Ya,Tidak,Ya,Ya,500000,https://mamikos.com/room/kost-kabupaten-mojokerto-kost-campur-murah-kost-gandiwa-tipe-a-pungging-mojokerto
Kota Mojokerto,Kost Miji Jaya 2 Tipe D,Campur,Kecamatan Prajurit Kulon,0.0,Ya,Ya,Ya,Tidak,Ya,Ya,1300000,https://mamikos.com/room/kost-kota-mojokerto-kost-campur-eksklusif-kost-miji-jaya-2-tipe-d-prajurit-kulon-mojokerto
Kota Mojokerto,Kost Berkah,Campur,Magersari,0.0,Ya,Ya,Ya,Ya,Ya,Tidak,850000,https://mamikos.com/room/kost-kota-mojokerto-kost-campur-eksklusif-kost-berkah-magersari-mojokerto-2
Kota Mojokerto,Kost Nufaza,Campur,Mojosari,0.0,Tidak,Ya,Ya,Ya,Ya,Ya,600000,https://mamikos.com/room/kost-mojokerto-kost-campur-murah-kost-nufaza-mojosari-mojokerto
Kota Mojokerto,Kost Cozy Benteng Pancasila Tipe Vip B,Campur,Kecamatan Magersari,0.0,Ya,Ya,Ya,Tidak,Ya,Ya,1000000,https://mamikos.com/room/kost-kota-mojokerto-kost-campur-eksklusif-kost-cozy-benteng-pancasila-tipe-vip-b-magersari-mojokerto-2
Kota Mojokerto,Kost Greenecoste,Putri,Kecamatan Magersari,0.0,Tidak,Ya,Ya,Tidak,Ya,Ya,700000,https://mamikos.com/room/kost-kota-mojokerto-kost-putri-murah-kost-greenecoste-magersari-mojokerto-2
Kota Mojokerto,Kost Miji Jaya 2 Tipe I,Campur,Kecamatan Prajurit Kulon,0.0,Ya,Ya,Ya,Tidak,Ya,Ya,1500000,https://mamikos.com/room/kost-kota-mojokerto-kost-campur-eksklusif-kost-miji-jaya-2-tipe-i-prajurit-kulon-mojokerto
Kota Mojokerto,Kost Ibu Sukar Tipe A,Campur,Kecamatan Mojosari,0.0,Tidak,Ya,Ya,Tidak,Ya,Tidak,500001,https://mamikos.com/room/kost-kabupaten-mojokerto-kost-campur-murah-kos-wonokusumo-mojosari-tipe-a-mojosari-mojokerto-2
Kota Mojokerto,Kost Clavins,Putri,Kecamatan Sooko,0.0,Ya,Ya,Ya,Tidak,Tidak,Ya,1000000,https://mamikos.com/room/kost-kabupaten-mojokerto-kost-putri-eksklusif-kost-clavins-sooko-mojokerto-2
Kota Mojokerto,Kost Triendah Tipe B,Campur,Kecamatan Mojoanyar,0.0,Tidak,Tidak,Ya,Tidak,Ya,Ya,400000,https://mamikos.com/room/kost-kabupaten-mojokerto-kost-campur-murah-kost-triendah-tipe-b-mojoanyar-mojokerto-2
Kota Mojokerto,Kost Jalan Wonokusumo Tipe A,Campur,Kecamatan Mojosari,0.0,Tidak,Ya,Ya,Tidak,Tidak,Ya,500000,https://mamikos.com/room/kost-kabupaten-mojokerto-kost-campur-murah-kost-jalan-wonokusumo-tipe-a-mojosari-mojokerto
Kota Mojokerto,Kost Mia 113 Tipe A,Campur,Kecamatan Mojosari,0.0,Tidak,Ya,Tidak,Tidak,Ya,Tidak,500000,https://mamikos.com/room/kost-kabupaten-mojokerto-kost-campur-murah-kost-mia-113-tipe-a-mojosari-mojokerto
Kota Mojokerto,Kost Niki Sae,Putra,Kecamatan Mojoanyar,0.0,Tidak,Ya,Ya,Tidak,Tidak,Ya,300000,https://mamikos.com/room/kost-kabupaten-mojokerto-kost-putra-murah-kost-niki-sae-mojoanyar-mojokerto
Kota Mojokerto,Kost Nirwana Tipe B,Campur,Prajurit Kulon,0.0,Tidak,Tidak,Ya,Tidak,Ya,Tidak,700000,https://mamikos.com/room/kost-kota-mojokerto-kost-campur-murah-kost-nirwana-tipe-b-prajurit-kulon-mojokerto-2
Kota Mojokerto,Kost Aksa Tipe A,Campur,Kecamatan Mojosari,0.0,Tidak,Ya,Ya,Ya,Ya,Tidak,600000,https://mamikos.com/room/kost-kabupaten-mojokerto-kost-campur-murah-kost-aksa-tipe-a-mojosari-mojokerto
Kota Mojokerto,Kost Emanuel Asa,Putra,Dawar Blandong,0.0,Tidak,Ya,Ya,Ya,Tidak,Tidak,1500000,https://mamikos.com/room/kost-kabupaten-mojokerto-kost-putra-eksklusif-kost-emanuel-asa-dawar-blandong-mojokerto-1
Kota Mojokerto,Kost Sativa Tipe VIP B,Campur,Kecamatan Magersari,0.0,Ya,Tidak,Ya,Ya,Ya,Ya,1400000,https://mamikos.com/room/kost-kota-mojokerto-kost-campur-eksklusif-kost-sativa-tipe-vip-b-magersari-mojokerto
Kota Mojokerto,Kost Bagus Tipe Large,Putra,Sooko,0.0,Ya,Ya,Ya,Ya,Ya,Tidak,1000000,https://mamikos.com/room/kost-mojokerto-kost-putra-murah-kost-bagus-tipe-large-sooko-mojokerto
Kota Mojokerto,Kost Ijen Homestay,Campur,Kecamatan Magersari,0.0,Ya,Tidak,Ya,Ya,Ya,Ya,1300000,https://mamikos.com/room/kost-kota-mojokerto-kost-campur-eksklusif-kost-ijen-homestay-magersari-mojokerto
Kota Mojokerto,Kost Buana Tipe B,Putri,Magersari,0.0,Tidak,Ya,Ya,Tidak,Ya,Ya,700000,https://mamikos.com/room/kost-kota-mojokerto-kost-putri-eksklusif-kost-buana-tipe-b-magersari-mojokerto
Kota Mojokerto,Kost Eriska,Campur,Mojosari,0.0,Tidak,Ya,Ya,Tidak,Ya,Ya,500000,https://mamikos.com/room/kost-kabupaten-mojokerto-kost-campur-murah-kost-eriska-mojosari-mojokerto-2
Kota Mojokerto,Kost Biru Tipe A Purwotengah,Campur,Magersari,0.0,Tidak,Ya,Ya,Ya,Ya,Ya,700000,https://mamikos.com/room/kost-mojokerto-kost-campur-eksklusif-kost-biru-purwotengah-magersari-mojokerto
Kota Mojokerto,Kost Bunda Ervina,Putri,Kecamatan Sooko,0.0,Tidak,Ya,Ya,Ya,Tidak,Ya,350000,https://mamikos.com/room/kost-kabupaten-mojokerto-kost-putri-murah-kost-bunda-ervina-sooko-mojokerto
Kota Mojokerto,Kost Griya Lestari,Putri,Prajurit Kulon,0.0,Ya,Ya,Ya,Ya,Ya,Ya,1300000,https://mamikos.com/room/kost-kota-mojokerto-kost-putri-eksklusif-kost-griya-lestari-prajurit-kulon-mojokerto-2
Kota Mojokerto,Kost Griya Qonita,Campur,Mojosari,0.0,Ya,Ya,Ya,Ya,Ya,Tidak,1100000,https://mamikos.com/room/kost-kabupaten-mojokerto-kost-campur-eksklusif-kost-griya-qonita-mojosari-mojokerto-2
Kota Mojokerto,Kost Salmas Homestay,Campur,Kecamatan Magersari,0.0,Ya,Tidak,Ya,Ya,Ya,Ya,1800000,https://mamikos.com/room/kost-kota-mojokerto-kost-campur-eksklusif-kost-salmas-homestay-magersari-mojokerto
Kota Mojokerto,Kost Pinkky Type A,Campur,Puri,0.0,Ya,Ya,Ya,Ya,Ya,Ya,850000,https://mamikos.com/room/kost-kabupaten-mojokerto-kost-campur-murah-kost-pinkky-type-a-puri-mojokerto
Kota Mojokerto,Kost A3 Tipe A,Putri,Kecamatan Mojosari,0.0,Tidak,Tidak,Ya,Tidak,Tidak,Ya,550000,https://mamikos.com/room/kost-kabupaten-mojokerto-kost-putri-murah-kost-a3-tipe-a-mojosari-mojokerto-2
Kota Mojokerto,Kost Omahe Pak Edi,Putri,Kecamatan Prajurit Kulon,0.0,Tidak,Ya,Ya,Tidak,Tidak,Tidak,750000,https://mamikos.com/room/kost-kota-mojokerto-kost-putri-murah-kost-omahe-pak-edi-prajurit-kulon-mojokerto
Kota Mojokerto,Rumah Kontrakan Bu Ranti,Campur,Kecamatan Magersari,0.0,Tidak,Tidak,Tidak,Tidak,Tidak,Tidak,1166000,https://mamikos.com/room/kost-kota-mojokerto-kost-campur-eksklusif-rumah-kontrakan-bu-ranti-magersari-mojokerto
Kota Mojokerto,Kost Aliyah Tipe A,Putri,Sooko,0.0,Ya,Tidak,Ya,Ya,Ya,Tidak,800000,https://mamikos.com/room/kost-kabupaten-mojokerto-kost-putri-murah-kost-aliyah-tipe-a-sooko-mojokerto-2
Kota Mojokerto,Kost Nharhegha Tipe A,Putri,Sooko,0.0,Ya,Ya,Ya,Tidak,Ya,Ya,1200000,https://mamikos.com/room/kost-kabupaten-mojokerto-kost-putri-eksklusif-kost-nharhegha-tipe-a-sooko-mojokerto
Kota Mojokerto,Kost Abah Amin,Campur,Kecamatan Dawar Blandong,0.0,Tidak,Ya,Ya,Ya,Tidak,Ya,375000,https://mamikos.com/room/kost-kabupaten-mojokerto-kost-campur-murah-kost-abah-amin-dawar-blandong-mojokerto
Kota Mojokerto,Kost 578,Campur,Sooko,0.0,Tidak,Ya,Ya,Ya,Ya,Tidak,700000,https://mamikos.com/room/kost-kabupaten-mojokerto-kost-campur-murah-kost-578-sooko-mojokerto
Kota Mojokerto,Kost Wijaya,Putra,Kecamatan Magersari,0.0,Tidak,Ya,Ya,Tidak,Tidak,Ya,500000,https://mamikos.com/room/kost-kota-mojokerto-kost-putra-murah-kost-wijaya-magersari-mojokerto-2
Kota Mojokerto,Kost Filia Tipe Standard,Campur,Kecamatan Magersari,0.0,Tidak,Ya,Ya,Tidak,Tidak,Ya,600000,https://mamikos.com/room/kost-kota-mojokerto-kost-campur-murah-kost-filia-tipe-standard-magersari-mojokerto-2
Kota Mojokerto,Kost Lotus Tipe A,Putra,Kecamatan Sooko,0.0,Ya,Tidak,Ya,Ya,Ya,Ya,1000000,https://mamikos.com/room/kost-kabupaten-mojokerto-kost-putra-eksklusif-kost-lotus-tipe-a-sooko-mojokerto
Kota Mojokerto,Kost Wilujeng Rahayu Tipe VVIP,Campur,Mojosari,0.0,Tidak,Ya,Ya,Ya,Ya,Ya,800000,https://mamikos.com/room/kost-kabupaten-mojokerto-kost-putri-murah-kost-wilujeng-rahayu-tipe-vvip-mojosari-mojokerto
Kota Mojokerto,Kost Pojok Tipe A,Campur,Kecamatan Magersari,0.0,Ya,Ya,Ya,Tidak,Ya,Ya,1300000,https://mamikos.com/room/kost-kota-mojokerto-kost-campur-eksklusif-kost-pojok-tipe-a-magersari-mojokerto
Kota Mojokerto,Kost Jaya Abadi,Campur,Kecamatan Mojosari,0.0,Tidak,Ya,Tidak,Tidak,Ya,Tidak,500000,https://mamikos.com/room/kost-kabupaten-mojokerto-kost-campur-murah-kost-jaya-abadi-mojosari-mojokerto
Kota Mojokerto,Kost Abah Tris Tipe A,Campur,Magersari,0.0,Tidak,Tidak,Tidak,Tidak,Tidak,Ya,500000,https://mamikos.com/room/kost-kota-mojokerto-kost-campur-murah-kost-abah-tris-tipe-a-magersari-mojokerto-2
Kota Mojokerto,Kost Filia Tipe Ekonomis 1,Campur,Kecamatan Magersari,0.0,Tidak,Ya,Ya,Tidak,Tidak,Ya,450000,https://mamikos.com/room/kost-kota-mojokerto-kost-campur-murah-kost-filia-tipe-ekonomis-1-magersari-mojokerto-2
Kota Mojokerto,Kost Salon Novi 1,Campur,Kecamatan Gedek,0.0,Tidak,Ya,Ya,Tidak,Ya,Tidak,450000,https://mamikos.com/room/kost-kabupaten-mojokerto-kost-campur-murah-kost-salon-novi-1-gedek-mojokerto-2
Kota Mojokerto,Kost Griya Firdaus Tipe A,Putri,Kecamatan Magersari,0.0,Tidak,Ya,Ya,Ya,Ya,Ya,750000,https://mamikos.com/room/kost-kota-mojokerto-kost-putri-murah-kost-griya-firdaus-tipe-a-magersari-mojokerto
Kota Mojokerto,Kost London,Campur,Kecamatan Mojosari,0.0,Tidak,Ya,Ya,Tidak,Ya,Tidak,400000,https://mamikos.com/room/kost-kabupaten-mojokerto-kost-campur-murah-kost-london-mojosari-mojokerto
Kota Mojokerto,Kost Priti Tipe A,Campur,Prajurit Kulon,0.0,Tidak,Tidak,Ya,Ya,Ya,Ya,700000,https://mamikos.com/room/kost-kota-mojokerto-kost-campur-murah-kost-priti-tipe-a-prajurit-kulon-mojokerto
Kota Mojokerto,Kost Mas Okik,Campur,Kecamatan Gedek,0.0,Tidak,Tidak,Tidak,Tidak,Ya,Tidak,600000,https://mamikos.com/room/kost-kabupaten-mojokerto-kost-campur-murah-kost-mas-okik-gedek-mojokerto
Kota Mojokerto,Kost Bu Yati Tipe A,Putri,Kecamatan Puri,0.0,Tidak,Ya,Ya,Tidak,Tidak,Ya,300000,https://mamikos.com/room/kost-kabupaten-mojokerto-kost-putri-murah-kost-bu-yati-tipe-a-puri-mojokerto
Kota Mojokerto,Kost Meila Tipe E,Campur,Kecamatan Magersari,0.0,Ya,Ya,Ya,Tidak,Ya,Ya,1700000,https://mamikos.com/room/kost-kota-mojokerto-kost-campur-eksklusif-kost-meila-tipe-e-magersari-mojokerto-2
Kota Mojokerto,Kost Bu Yun Murukan,Campur,Prajurit Kulon,3.8,Ya,Ya,Ya,Tidak,Ya,Tidak,1000000,https://mamikos.com/room/kost-kota-mojokerto-kost-campur-eksklusif-kost-bu-yun-murukan-prajurit-kulon-mojokerto
Kota Mojokerto,Kost Meila Tipe D,Campur,Kecamatan Magersari,0.0,Ya,Ya,Ya,Tidak,Ya,Ya,1700000,https://mamikos.com/room/kost-kota-mojokerto-kost-campur-eksklusif-kost-meila-tipe-d-magersari-mojokerto
Kota Mojokerto,Kost Zayra,Campur,Kecamatan Sooko,0.0,Tidak,Ya,Ya,Tidak,Ya,Ya,450000,https://mamikos.com/room/kost-kabupaten-mojokerto-kost-campur-murah-kost-zayra-sooko-mojokerto-2
Kota Mojokerto,Kost Novi,Campur,Gedek,0.0,Tidak,Ya,Ya,Tidak,Ya,Tidak,450000,https://mamikos.com/room/kost-kabupaten-mojokerto-kost-campur-murah-kost-novi-gedek-mojokerto-2
Kota Mojokerto,Kost Yoga Tipe A,Putra,Mojoanyar,0.0,Tidak,Ya,Ya,Tidak,Tidak,Tidak,400000,https://mamikos.com/room/kost-kabupaten-mojokerto-kost-putra-murah-kost-yoga-tipe-a-mojoanyar-mojokerto
Kota Mojokerto,Kost Pbs,Putri,Kecamatan Mojosari,0.0,Tidak,Tidak,Ya,Tidak,Ya,Tidak,550000,https://mamikos.com/room/kost-kabupaten-mojokerto-kost-putri-murah-kost-pbs-mojosari-mojokerto
Kota Mojokerto,Kost The Hawa,Putri,Pungging,0.0,Tidak,Ya,Ya,Tidak,Ya,Ya,550000,https://mamikos.com/room/kost-mojokerto-kost-putri-murah-kost-the-hawa-pungging-mojokerto
Kota Mojokerto,Kost Sulis Tipe A,Campur,Kecamatan Prajurit Kulon,0.0,Ya,Tidak,Ya,Tidak,Ya,Ya,1200000,https://mamikos.com/room/kost-kota-mojokerto-kost-campur-eksklusif-kost-sulis-tipe-a-prajurit-kulon-mojokerto
Kota Mojokerto,Kost Pinkky Tipe B,Campur,Puri,0.0,Ya,Tidak,Ya,Tidak,Ya,Tidak,850000,https://mamikos.com/room/kost-mojokerto-kost-campur-murah-kost-pinkky-tipe-b-puri-mojokerto-1
Kota Mojokerto,Rumah Kontrakan Abdul Khamid Awang Awang,Campur,Kecamatan Mojosari,0.0,Tidak,Ya,Tidak,Tidak,Ya,Tidak,600000,https://mamikos.com/room/kost-kabupaten-mojokerto-kost-campur-murah-rumah-kontrakan-abdul-khamid-awang-awang-mojosari-mojokerto
Kota Mojokerto,Kost Gatul Tipe A,Putri,Kecamatan Puri,0.0,Tidak,Tidak,Ya,Ya,Tidak,Ya,350000,https://mamikos.com/room/kost-kabupaten-mojokerto-kost-putri-murah-kost-gatul-tipe-a-puri-mojokerto
Kota Mojokerto,Kost 68 Tipe Non AC,Putri,Magersari,0.0,Tidak,Ya,Ya,Ya,Tidak,Tidak,700000,https://mamikos.com/room/kost-kota-mojokerto-kost-putri-murah-kost-68-tipe-non-ac-magersari-mojokerto
Kota Mojokerto,Kost Mia Tipe A1,Campur,Kecamatan Mojosari,0.0,Tidak,Ya,Tidak,Tidak,Ya,Tidak,550000,https://mamikos.com/room/kost-kabupaten-mojokerto-kost-campur-murah-kost-mia-tipe-a-mojosari-mojokerto-2
Kota Mojokerto,Kost Abah Didin,Campur,Magersari,0.0,Ya,Tidak,Ya,Ya,Tidak,Tidak,1100000,https://mamikos.com/room/kost-kota-mojokerto-kost-campur-eksklusif-kost-abah-didin-magersari-mojokerto-2
Kota Mojokerto,Kost Rumah Bata Merah,Putri,Prajurit Kulon,0.0,Tidak,Ya,Tidak,Ya,Ya,Tidak,850000,https://mamikos.com/room/kost-kota-mojokerto-kost-putri-murah-kost-rumah-bata-merah-prajurit-kulon-mojokerto
Kota Mojokerto,Kost Bu Allik Tipe Standart,Putri,Jatirejo,0.0,Tidak,Ya,Ya,Tidak,Tidak,Ya,500000,https://mamikos.com/room/kost-mojokerto-kost-putri-murah-kost-bu-allik-tipe-standart-jatirejo-mojokerto
Kota Mojokerto,Kost Griya Cj Tipe A,Campur,Kecamatan Sooko,0.0,Tidak,Ya,Ya,Ya,Ya,Ya,750000,https://mamikos.com/room/kost-kabupaten-mojokerto-kost-campur-murah-kost-griya-cj-tipe-a-sooko-mojokerto
Kota Mojokerto,Kost Wonokusumo 15,Campur,Mojosari,0.0,Tidak,Tidak,Ya,Tidak,Ya,Ya,550000,https://mamikos.com/room/kost-mojokerto-kost-campur-murah-kost-wonokusumo-15-mojosari-mojokerto
Kota Mojokerto,Kost Banu,Putra,Sooko,0.0,Tidak,Ya,Ya,Ya,Ya,Tidak,650000,https://mamikos.com/room/kost-kabupaten-mojokerto-kost-putra-murah-kost-banu-sooko-mojokerto
Kota Mojokerto,Kost Mr Khan De Tipe A,Campur,Jetis,0.0,Tidak,Ya,Ya,Tidak,Ya,Ya,700000,https://mamikos.com/room/kost-kabupaten-mojokerto-kost-campur-murah-kost-mr-khan-de-tipe-a-jetis-mojokerto
Kota Mojokerto,Kost Hijau,Putri,Kecamatan Prajurit Kulon,0.0,Tidak,Ya,Ya,Tidak,Ya,Ya,550000,https://mamikos.com/room/kost-kota-mojokerto-kost-putri-murah-kost-hijau-putri-prajurit-kulon-mojokerto
Kota Mojokerto,Kost Jaya Negara Tipe 1,Campur,Kecamatan Puri,0.0,Tidak,Tidak,Ya,Tidak,Ya,Ya,500000,https://mamikos.com/room/kost-kabupaten-mojokerto-kost-campur-murah-kost-jaya-negara-tipe-1-puri-mojokerto
Kota Mojokerto,Kost Miji Jaya 2 Tipe F,Campur,Kecamatan Prajurit Kulon,0.0,Tidak,Ya,Ya,Tidak,Ya,Ya,750000,https://mamikos.com/room/kost-kota-mojokerto-kost-campur-murah-kost-miji-jaya-2-tipe-f-prajurit-kulon-mojokerto
Kota Mojokerto,Kost Keluarga Bunda Yuli Tipe A,Putri,Mojosari,0.0,Tidak,Ya,Ya,Tidak,Tidak,Tidak,550000,https://mamikos.com/room/kost-kabupaten-mojokerto-kost-putri-murah-kost-keluarga-bunda-yuli-tipe-a-mojosari-mojokerto-2
Kota Mojokerto,Kost Rumah Jelita,Campur,Kecamatan Jetis,0.0,Ya,Ya,Ya,Tidak,Ya,Tidak,1000000,https://mamikos.com/room/kost-kabupaten-mojokerto-kost-campur-eksklusif-kost-rumah-jelita-jetis-mojokerto-2
Kota Mojokerto,Kost Airlangga Type A,Campur,Kecamatan Mojosari,0.0,Tidak,Tidak,Ya,Tidak,Tidak,Ya,500000,https://mamikos.com/room/kost-kabupaten-mojokerto-kost-campur-murah-kost-airlangga-type-a-mojosari-mojokerto
Kota Mojokerto,Kost Emy,Campur,Magersari,0.0,Tidak,Ya,Ya,Ya,Ya,Tidak,450000,https://mamikos.com/room/kost-kota-mojokerto-kost-campur-murah-kost-emy-magersari-mojokerto
Kota Mojokerto,Kost Anzhar,Putri,Mojoanyar,0.0,Tidak,Tidak,Ya,Tidak,Tidak,Tidak,500000,https://mamikos.com/room/kost-kabupaten-mojokerto-kost-putri-murah-kost-anzhar-mojoanyar-mojokerto
Kota Mojokerto,Kost Meila Tipe B,Putra,Kecamatan Magersari,0.0,Tidak,Ya,Ya,Tidak,Ya,Ya,750000,https://mamikos.com/room/kost-kota-mojokerto-kost-campur-murah-kost-meila-tipe-b-magersari-mojokerto
Kota Mojokerto,Kost Happy Homey Tipe Regular,Putri,Kecamatan Magersari,0.0,Tidak,Ya,Ya,Ya,Tidak,Tidak,550000,https://mamikos.com/room/kost-kota-mojokerto-kost-putri-murah-kost-ndalem-ibu-happy-fanoo-tipe-executive-homey-magersari-mojokerto-2
Kota Mojokerto,Kost Nugroho Tipe A,Campur,Kecamatan Magersari,0.0,Tidak,Ya,Ya,Ya,Ya,Ya,700000,https://mamikos.com/room/kost-kota-mojokerto-kost-campur-murah-kost-nugroho-tipe-a-magersari-mojokerto
Kota Mojokerto,Kost Priti Tipe VIP B,Putri,Prajurit Kulon,0.0,Tidak,Tidak,Ya,Tidak,Ya,Ya,600000,https://mamikos.com/room/kost-kota-mojokerto-kost-putri-murah-kost-priti-tipe-vip-b-prajurit-kulon-mojokerto
Kota Pasuruan,Kost Cassano Hasanudin Tipe Kipas,Campur,Kecamatan Panggungrejo,0.0,Tidak,Ya,Ya,Ya,Ya,Ya,800000,https://mamikos.com/room/kost-kota-pasuruan-kost-campur-murah-kost-cassano-hasanudin-tipe-kipas-panggungrejo-pasuruan
Kota Pasuruan,Kost Sekarasri,Putri,Kecamatan Purworejo,0.0,Tidak,Ya,Ya,Tidak,Ya,Tidak,650000,https://mamikos.com/room/kost-kota-pasuruan-kost-putri-murah-kost-sekarasri-purworejo-pasuruan-2
Kota Pasuruan,Kost Arafat Tipe B,Putri,Bugulkidul,5.0,Tidak,Ya,Ya,Tidak,Ya,Ya,485000,https://mamikos.com/room/kost-pasuruan-kost-putri-murah-kost-arafat-tipe-b-bugulkidul-pasuruan
Kota Pasuruan,Kost D 78,Campur,Purworejo,5.0,Ya,Ya,Ya,Ya,Ya,Ya,1200000,https://mamikos.com/room/kost-pasuruan-kost-campur-eksklusif-kost-d-78-purworejo-pasuruan
Kota Pasuruan,Kost Eksklusif Tipe A,Putri,Kecamatan Purworejo,0.0,Tidak,Ya,Ya,Tidak,Tidak,Ya,550000,https://mamikos.com/room/kost-kota-pasuruan-kost-putri-murah-kost-eksklusif-pasuruan-tipe-a-purworejo-pasuruan
Kota Pasuruan,Kost Arafat Tipe A,Putri,Bugulkidul,0.0,Tidak,Ya,Ya,Tidak,Tidak,Ya,460000,https://mamikos.com/room/kost-pasuruan-kost-putri-murah-kost-arafat-tipe-a-bugulkidul-pasuruan
Kota Pasuruan,Kost Citra Nr Eksklusif Kamar Mandi Dalam,Campur,Kecamatan Purworejo,0.0,Ya,Ya,Ya,Ya,Ya,Ya,1150000,https://mamikos.com/room/kost-kota-pasuruan-kost-campur-eksklusif-kost-citra-nr-eksklusif-kamar-mandi-dalam-purworejo-pasuruan
Kota Pasuruan,Kost Cassano Hasanudin Tipe AC Waterheater,Campur,Kecamatan Panggungrejo,0.0,Ya,Ya,Ya,Ya,Ya,Ya,1200000,https://mamikos.com/room/kost-kota-pasuruan-kost-campur-eksklusif-kost-cassano-hasanudin-tipe-ac-dengan-air-panas-panggungrejo-pasuruan
Kota Pasuruan,Kost Arafat Tipe C,Putra,Bugulkidul,0.0,Tidak,Tidak,Ya,Tidak,Tidak,Tidak,475000,https://mamikos.com/room/kost-pasuruan-kost-putra-murah-kost-arafat-tipe-c-bugulkidul-pasuruan-2
Kota Pasuruan,Kost Cassano Hasanudin Tipe AC,Campur,Kecamatan Panggungrejo,0.0,Ya,Ya,Ya,Ya,Ya,Ya,1100000,https://mamikos.com/room/kost-kota-pasuruan-kost-campur-eksklusif-kost-cassano-hasanudin-tipe-ac-panggungrejo-pasuruan
Kota Pasuruan,Kost Eksklusif Jl Raden Patah,Putri,Kecamatan Gadingrejo,0.0,Ya,Ya,Ya,Ya,Ya,Ya,1000000,https://mamikos.com/room/kost-kota-pasuruan-kost-putri-eksklusif-kost-eksklusif-jl-raden-patah-gadingrejo-pasuruan-1
Kota Pasuruan,Kost Cassano Pondok Surya Kencana Tipe VIP,Campur,Kecamatan Gadingrejo,0.0,Ya,Ya,Ya,Ya,Tidak,Ya,1500000,https://mamikos.com/room/kost-kota-pasuruan-kost-campur-eksklusif-kost-cassano-pondok-surya-kencana-tipe-vip-gadingrejo-pasuruan
Kota Pasuruan,Kost Achmadi Masrur,Putra,Bugulkidul,0.0,Tidak,Ya,Ya,Tidak,Tidak,Ya,550000,https://mamikos.com/room/kost-kota-pasuruan-kost-putra-murah-kost-achmadi-masrur-bugulkidul-pasuruan
Kota Pasuruan,Kost Elite Tipe Standar,Putri,Purworejo,0.0,Tidak,Tidak,Ya,Ya,Tidak,Ya,550000,https://mamikos.com/room/kost-kota-pasuruan-kost-putri-murah-kost-elite-tipe-standar-purworejo-pasuruan
Kota Pasuruan,Kost Pingkal Thohari Tipe B,Campur,Kecamatan Purworejo,0.0,Tidak,Ya,Ya,Tidak,Ya,Ya,700000,https://mamikos.com/room/kost-kota-pasuruan-kost-campur-eksklusif-kost-pingkal-thohari-tipe-b-purworejo-pasuruan
Kota Pasuruan,Kost AFI Tipe A,Campur,Kecamatan Gadingrejo,0.0,Tidak,Ya,Ya,Tidak,Ya,Ya,650000,https://mamikos.com/room/kost-kota-pasuruan-kost-campur-murah-kost-afi-tipe-a-gadingrejo-pasuruan-2
Kota Pasuruan,Kost D Area Living Space Tipe Premium,Campur,Purworejo,0.0,Ya,Tidak,Ya,Ya,Ya,Ya,1800000,https://mamikos.com/room/kost-pasuruan-kost-campur-eksklusif-kost-d-area-living-space-tipe-premium-purworejo-pasuruan
Kota Pasuruan,Kost Al Huda Tipe Ab,Putri,Bugulkidul,0.0,Tidak,Ya,Ya,Ya,Tidak,Ya,600000,https://mamikos.com/room/kost-pasuruan-kost-putri-murah-kost-al-huda-tipe-ab-bugulkidul-pasuruan
Kota Pasuruan,Kost Slagah Tipe A,Putri,Kecamatan Panggungrejo,0.0,Tidak,Tidak,Ya,Tidak,Tidak,Ya,400000,https://mamikos.com/room/kost-kota-pasuruan-kost-putri-murah-kost-slagah-tipe-a-panggungrejo-pasuruan-2
Kota Pasuruan,Kost Airlangga Tipe A,Putra,Bugulkidul,0.0,Tidak,Ya,Ya,Tidak,Ya,Tidak,600000,https://mamikos.com/room/kost-pasuruan-kost-putri-murah-kost-airlangga-tipe-a-bugulkidul-pasuruan
Kota Pasuruan,Kost Anjasmoro Tipe B,Putra,Panggungrejo,0.0,Tidak,Tidak,Ya,Ya,Ya,Tidak,700000,https://mamikos.com/room/kost-kota-pasuruan-kost-putra-murah-kost-anjasmoro-tipe-b-panggungrejo-pasuruan-2
Kota Pasuruan,Kost Green Kanca Tipe Standart,Campur,Kecamatan Bugulkidul,0.0,Ya,Ya,Ya,Ya,Ya,Ya,1350000,https://mamikos.com/room/kost-kota-pasuruan-kost-campur-eksklusif-kost-green-kanca-tipe-standart-bugulkidul-pasuruan
Kota Pasuruan,Kost Airlangga Tipe AC,Putra,Bugulkidul,0.0,Ya,Ya,Ya,Tidak,Ya,Tidak,1000000,https://mamikos.com/room/kost-pasuruan-kost-putri-eksklusif-kost-airlangga-tipe-ac-bugulkidul-pasuruan
Kota Pasuruan,Kost Anggrek Darmoyudho Tipe Standar,Putri,Purworejo,0.0,Ya,Tidak,Ya,Ya,Tidak,Ya,850000,https://mamikos.com/room/kost-pasuruan-kost-putri-murah-kost-anggrek-darmoyudho-tipe-standar-purworejo-pasuruan-2
Kota Pasuruan,Kost Anjasmoro Tipe A,Putra,Panggungrejo,0.0,Ya,Tidak,Ya,Ya,Ya,Tidak,900000,https://mamikos.com/room/kost-kota-pasuruan-kost-putra-murah-kost-anjasmoro-tipe-a-panggungrejo-pasuruan-2
Kota Pasuruan,Kost Green Kanca Premier,Campur,Bugulkidul,0.0,Ya,Ya,Ya,Ya,Ya,Ya,1550000,https://mamikos.com/room/kost-kota-pasuruan-kost-campur-eksklusif-kost-green-kanca-premier-bugulkidul-pasuruan-1
Kota Pasuruan,Kost Anugrah Tipe B,Putra,Bugulkidul,0.0,Tidak,Ya,Ya,Ya,Ya,Ya,600000,https://mamikos.com/room/kost-kota-pasuruan-kost-putra-murah-kost-anugrah-tipe-b-bugulkidul-pasuruan
Kota Pasuruan,Kost Kebonsari,Putri,Panggungrejo,0.0,Tidak,Ya,Ya,Ya,Ya,Ya,450000,https://mamikos.com/room/kost-kota-pasuruan-kost-putri-murah-kost-kebonsari-panggungrejo-pasuruan
Kota Pasuruan,Kost Anugrah Tipe A,Putra,Kecamatan Bugulkidul,0.0,Ya,Tidak,Ya,Ya,Ya,Ya,850000,https://mamikos.com/room/kost-kota-pasuruan-kost-putra-murah-kost-anugrah-tipe-a-bugulkidul-pasuruan
Kota Pasuruan,Kost Mas Afi 1 Vvip,Campur,Kecamatan Gadingrejo,0.0,Ya,Ya,Ya,Tidak,Ya,Ya,800000,https://mamikos.com/room/kost-kota-pasuruan-kost-campur-eksklusif-kost-mas-afi-1-vvip-gadingrejo-pasuruan
Kota Pasuruan,Kost Badengaso Panglima Sudirman,Campur,Purworejo,0.0,Ya,Tidak,Ya,Ya,Ya,Ya,1500000,https://mamikos.com/room/kost-pasuruan-kost-campur-eksklusif-kost-badengaso-panglima-sudirman-purworejo-pasuruan
Kota Pasuruan,Kost Putri Semangka Asri Tipe A,Putri,Bugulkidul,0.0,Tidak,Tidak,Ya,Ya,Tidak,Tidak,500000,https://mamikos.com/room/kost-pasuruan-kost-putri-murah-kost-putri-semangka-asri-tipe-a-bugulkidul-pasuruan-2
Kota Pasuruan,Kost HayamWuruk 7 Tipe A,Putri,Kecamatan Panggungrejo,0.0,Ya,Tidak,Ya,Ya,Ya,Ya,500000,https://mamikos.com/room/kost-kota-pasuruan-kost-putri-murah-kost-hayamwuruk-7-tipe-a-panggungrejo-pasuruan-2
Kota Pasuruan,Kost Puri Candi,Putri,Kecamatan Purworejo,0.0,Tidak,Tidak,Tidak,Tidak,Ya,Tidak,600000,https://mamikos.com/room/kost-kota-pasuruan-kost-putri-murah-kost-puri-candi-purworejo-pasuruan-3
Kota Pasuruan,Kost Rumah Rahayu,Putri,Panggungrejo,0.0,Tidak,Tidak,Ya,Ya,Tidak,Ya,500000,https://mamikos.com/room/kost-kota-pasuruan-kost-putri-murah-kost-rumah-rahayu-panggungrejo-pasuruan
Kota Pasuruan,Kost Sida Bara,Putra,Kecamatan Purworejo,0.0,Ya,Tidak,Ya,Ya,Ya,Ya,1100000,https://mamikos.com/room/kost-kota-pasuruan-kost-putra-eksklusif-kost-sida-bara-purworejo-pasuruan
Kota Pasuruan,Kost Damor Bugul Kidul,Putra,Kecamatan Panggungrejo,0.0,Tidak,Ya,Ya,Tidak,Tidak,Tidak,550000,https://mamikos.com/room/kost-kota-pasuruan-kost-putra-murah-kos-damor-bugul-kidul-pasuruan-2
Kota Pasuruan,Kost Margo Utomo,Putra,Purworejo,0.0,Tidak,Ya,Tidak,Ya,Tidak,Tidak,600000,https://mamikos.com/room/kost-pasuruan-kost-putra-murah-kost-margo-utomo-purworejo-pasuruan
Kota Pasuruan,Kost Sovia 3,Putra,Panggungrejo,0.0,Tidak,Ya,Ya,Tidak,Tidak,Tidak,350000,https://mamikos.com/room/kost-kota-pasuruan-kost-putra-murah-kost-sovia-3-panggungrejo-pasuruan
Kota Pasuruan,Kost Sunan Ampel,Campur,Panggungrejo,0.0,Tidak,Ya,Ya,Tidak,Tidak,Ya,550000,https://mamikos.com/room/kost-kota-pasuruan-kost-campur-eksklusif-kost-sunan-ampel-pasuruan
Kota Pasuruan,Kost Sultan Agung VVIP,Putri,Purworejo,0.0,Ya,Ya,Ya,Tidak,Ya,Ya,1500000,https://mamikos.com/room/kost-kota-pasuruan-kost-putri-eksklusif-kost-sultan-agung-vvip-purworejo-pasuruan
Kota Pasuruan,Kost Rm Tipe A,Campur,Kecamatan Purworejo,0.0,Ya,Tidak,Ya,Tidak,Ya,Ya,1000000,https://mamikos.com/room/kost-kota-pasuruan-kost-campur-eksklusif-kost-rm-homestay-tipe-a-purworejo-pasuruan
Kota Pasuruan,Kost Ibu Linawati 1,Putri,Gadingrejo,0.0,Tidak,Tidak,Ya,Tidak,Tidak,Tidak,400000,https://mamikos.com/room/kost-pasuruan-kost-putri-murah-kost-muslimah-perumahan-karya-bakti-gadingrejo-pasuruan
Kota Pasuruan,Rumah Kontrakan Kharisma,Campur,Kecamatan Purworejo,0.0,Tidak,Ya,Ya,Ya,Ya,Tidak,500000,https://mamikos.com/room/kost-kota-pasuruan-kost-campur-murah-rumah-kontrakan-kharisma-purworejo-pasuruan-2
Kota Pasuruan,Kost Anindita Tipe A,Putri,Kecamatan Bugul Kidul,0.0,Tidak,Tidak,Ya,Tidak,Ya,Ya,600000,https://mamikos.com/room/kost-kota-pasuruan-kost-campur-murah--19
Kota Pasuruan,Kost Anugrah Tipe C,Putra,Kecamatan Bugulkidul,0.0,Tidak,Tidak,Ya,Ya,Ya,Ya,600000,https://mamikos.com/room/kost-kota-pasuruan-kost-putra-murah-kost-anugrah-tipe-c-bugulkidul-pasuruan-2
Kota Pasuruan,Kost Cahaya,Putra,Purworejo,0.0,Tidak,Ya,Ya,Tidak,Tidak,Tidak,500000,https://mamikos.com/room/kost-pasuruan-kost-putra-murah-kost-cahaya-purworejo-pasuruan-1
Kota Pasuruan,Kost Luhur Habibie,Putra,Kecamatan Purworejo,0.0,Tidak,Ya,Ya,Tidak,Tidak,Ya,330000,https://mamikos.com/room/kost-kota-pasuruan-kost-putra-murah-kost-luhur-habibie-purworejo-pasuruan-2
Kota Pasuruan,Kost Bu Agus,Campur,Panggungrejo,0.0,Tidak,Ya,Ya,Tidak,Tidak,Ya,380000,https://mamikos.com/room/kost-pasuruan-kost-campur-murah-kost-bu-agus-panggungrejo-pasuruan-2
Kota Pasuruan,Kost Kebon Agung Mas,Putri,Kecamatan Purworejo,0.0,Tidak,Ya,Ya,Ya,Tidak,Ya,600000,https://mamikos.com/room/kost-kota-pasuruan-kost-putri-murah-kost-kebon-agung-mas-purworejo-pasuruan-2
Kota Pasuruan,Kost Sovia 4,Campur,Panggungrejo,0.0,Tidak,Tidak,Ya,Ya,Tidak,Tidak,500000,https://mamikos.com/room/kost-kota-pasuruan-kost-campur-murah-kost-sovia-4-panggungrejo-pasuruan
Kota Pasuruan,Kost Anindita Tipe A,Putri,Panggungrejo,0.0,Tidak,Tidak,Ya,Tidak,Ya,Ya,600000,https://mamikos.com/room/kost-kota-pasuruan-kost-putri-murah-kost-anindita-tipe-a-panggungrejo-pasuruan-2
Kota Pasuruan,Kost Comfy Living,Campur,Kecamatan Purworejo,0.0,Ya,Ya,Ya,Ya,Ya,Tidak,1500000,https://mamikos.com/room/kost-kota-pasuruan-kost-campur-eksklusif-kost-comfy-living-purworejo-pasuruan
Kota Pasuruan,Kost Marlina Tipe A,Campur,Kecamatan Purworejo,0.0,Tidak,Ya,Ya,Tidak,Ya,Tidak,700000,https://mamikos.com/room/kost-kota-pasuruan-kost-campur-eksklusif-kost-marlina-tipe-a-purworejo-pasuruan
Kota Pasuruan,Kost Bu Biba,Campur,Kecamatan Bugul Kidul,0.0,Tidak,Tidak,Tidak,Tidak,Ya,Tidak,750000,https://mamikos.com/room/kost-kota-pasuruan-kost-campur-murah-kost-bu-biba-bugul-kidul-pasuruan
Kota Pasuruan,Kost Anindita Tipe 1,Putri,Panggungrejo,0.0,Tidak,Tidak,Ya,Tidak,Ya,Ya,600000,https://mamikos.com/room/kost-kota-pasuruan-kost-putri-murah-kost-anindita-tipe-1-panggungrejo-pasuruan-2
Kota Pasuruan,Kost Kelapa Gading,Campur,Bugulkidul,0.0,Tidak,Ya,Ya,Tidak,Ya,Ya,600000,https://mamikos.com/room/kost-pasuruan-kost-campur-murah-kost-kelapa-gading-bugulkidul-pasuruan-2
Kota Pasuruan,Kost Semangka Asri Tipe B,Putri,Bugulkidul,0.0,Tidak,Ya,Ya,Ya,Tidak,Tidak,475000,https://mamikos.com/room/kost-pasuruan-kost-putri-murah-kost-semangka-asri-tipe-b-bugulkidul-pasuruan-1
Kota Pasuruan,Kost Afi Vvip,Campur,Kecamatan Gadingrejo,0.0,Ya,Ya,Ya,Tidak,Ya,Ya,800000,https://mamikos.com/room/kost-kota-pasuruan-kost-campur-eksklusif-kost-afi-vvip-gadingrejo-pasuruan
Kota Pasuruan,Kost Pak Efendie,Campur,Purworejo,0.0,Tidak,Ya,Ya,Tidak,Ya,Tidak,500000,https://mamikos.com/room/kost-kota-pasuruan-kost-campur-murah-kost-pak-efendie-purworejo-pasuruan-2
Kota Pasuruan,Kost Karya Bhakti,Campur,Gadingrejo,0.0,Tidak,Tidak,Ya,Tidak,Tidak,Tidak,400000,https://mamikos.com/room/kost-pasuruan-kost-campur-murah-kost-karya-bhakti-gadingrejo-pasuruan
Kota Pasuruan,Kost Garoeda Tipe A Kota,Putra,Bugulkidul,0.0,Ya,Tidak,Ya,Ya,Ya,Tidak,700000,https://mamikos.com/room/kost-pasuruan-kost-putra-murah-kost-garoeda-a-kota-pasuruan
Kota Pasuruan,Kost Sumatra Tipe A,Putra,Panggungrejo,0.0,Tidak,Ya,Ya,Ya,Tidak,Tidak,400000,https://mamikos.com/room/kost-kota-pasuruan-kost-putra-murah-kost-sumatra-tipe-a-panggungrejo-pasuruan
Kota Pasuruan,Kost Habibie Panggungrejo,Putra,Purworejo,0.0,Tidak,Tidak,Ya,Tidak,Tidak,Tidak,280000,https://mamikos.com/room/kost-pasuruan-kost-putra-murah-kost-habibie-panggungrejo-pasuruan-1
Kota Pasuruan,Kost Griya Manggis,Putri,Kecamatan Purworejo,0.0,Tidak,Tidak,Ya,Tidak,Ya,Ya,650000,https://mamikos.com/room/kost-kota-pasuruan-kost-putri-murah-kost-griya-manggis-purworejo-pasuruan-1
Kota Pasuruan,Kost Barokkah,Campur,Purworejo,0.0,Tidak,Ya,Ya,Ya,Tidak,Tidak,300000,https://mamikos.com/room/kost-kota-pasuruan-kost-campur-murah-kost-barokkah-purworejo-pasuruan
Kota Pasuruan,Kost Amel Panggungrejo,Putra,Gadingrejo,0.0,Tidak,Ya,Ya,Tidak,Tidak,Tidak,450000,https://mamikos.com/room/kost-pasuruan-kost-putra-eksklusif-kost-amel-panggungrejo-pasuruan
Kota Pasuruan,Kost Vino Tipe A,Putri,Kecamatan Panggungrejo,0.0,Tidak,Tidak,Ya,Tidak,Ya,Ya,550000,https://mamikos.com/room/kost-kota-pasuruan-kost-putri-murah-kost-vino-tipe-a-panggungrejo-pasuruan
Kota Pasuruan,Kost Rumah Handayani,Putri,Panggungrejo,0.0,Ya,Ya,Ya,Ya,Ya,Ya,1050000,https://mamikos.com/room/kost-kota-pasuruan-kost-putri-murah-kost-rumah-handayani-kost-putri-panggungrejo-pasuruan-2
Kota Pasuruan,Kost MJBM Tipe B,Putra,Bugulkidul,0.0,Tidak,Tidak,Ya,Tidak,Tidak,Tidak,600000,https://mamikos.com/room/kost-pasuruan-kost-putra-murah-kost-mjbm-tipe-b-bugulkidul-pasuruan
Kota Pasuruan,Kost Marsya,Campur,Panggungrejo,0.0,Ya,Ya,Ya,Ya,Ya,Ya,650000,https://mamikos.com/room/kost-kota-pasuruan-kost-campur-murah-kost-marsya-panggungrejo-pasuruan-2
Kota Pasuruan,Kost Ibu Linawati 2,Putri,Gadingrejo,0.0,Ya,Tidak,Ya,Tidak,Tidak,Tidak,700000,https://mamikos.com/room/kost-kost-putri-murah-kost-muslimah-gadingrejo-pasuruan
Kota Pasuruan,Kost Pak Tri Panggungrejo,Campur,Bugulkidul,5.0,Tidak,Ya,Ya,Tidak,Tidak,Ya,400000,https://mamikos.com/room/kost-pasuruan-kost-campur-murah-kost-pak-tri-panggungrejo-pasuruan-1
Kota Pasuruan,Kost Athallah,Campur,Panggungrejo,0.0,Tidak,Tidak,Ya,Tidak,Ya,Ya,550000,https://mamikos.com/room/kost-kota-pasuruan-kost-campur-murah-kost-athallah-panggungrejo-pasuruan-1
Kota Pasuruan,Kost Bu Wardoyo,Putra,Purworejo,0.0,Tidak,Tidak,Ya,Ya,Ya,Tidak,600000,https://mamikos.com/room/kost-pasuruan-kost-putra-murah-kost-bu-wardoyo-purworejo-pasuruan
Kota Pasuruan,Kost Semangka Asri Tipe A,Putri,Bugulkidul,0.0,Tidak,Ya,Ya,Ya,Tidak,Tidak,400000,https://mamikos.com/room/kost-pasuruan-kost-putri-murah-kost-semangka-asri-tipe-a-bugulkidul-pasuruan-1
Kota Pasuruan,Kost MJBM Tipe A,Putra,Bugulkidul,0.0,Tidak,Tidak,Ya,Tidak,Tidak,Tidak,500000,https://mamikos.com/room/kost-pasuruan-kost-putra-murah-kost-mjbm-tipe-a-bugulkidul-pasuruan-2
Kota Pasuruan,Kost AE Tipe A,Putri,Kecamatan Bugul Kidul,0.0,Tidak,Ya,Ya,Ya,Tidak,Ya,600000,https://mamikos.com/room/kost-kota-pasuruan-kost-putri-murah-kost-ae-type-a-bugul-kidul-pasuruan-2
Kota Pasuruan,Kost Bu Jayadi Sunan Ampel,Campur,Kecamatan Panggungrejo,0.0,Tidak,Tidak,Ya,Tidak,Tidak,Tidak,500000,https://mamikos.com/room/kost-kota-pasuruan-kost-campur-murah-kost-bu-jayadi-sunan-ampel-panggungrejo-pasuruan
Kota Probolinggo,Kost Pilang Permai,Campur,Kademangan,4.4,Ya,Ya,Ya,Ya,Ya,Ya,1000000,https://mamikos.com/room/kost-probolinggo-kost-campur-eksklusif-kost-pilang-permai-kademangan-probolinggo
Kota Probolinggo,Kost Saddam Tipe B,Campur,Kanigaran,0.0,Tidak,Ya,Ya,Ya,Ya,Ya,600000,https://mamikos.com/room/kost-kota-probolinggo-kost-campur-murah-kost-saddam-tipe-b-kanigaran-probolinggo-2
Kota Probolinggo,Kost Saddam Tipe A,Campur,Kanigaran,0.0,Ya,Ya,Ya,Ya,Ya,Ya,1200000,https://mamikos.com/room/kost-kota-probolinggo-kost-campur-eksklusif-kost-saddam-tipe-a-kanigaran-probolinggo-2
Kota Probolinggo,Kost Mastrip Dr Ika Dewi Tipe A,Campur,Kecamatan Kanigaran,5.0,Ya,Ya,Ya,Ya,Ya,Ya,1000000,https://mamikos.com/room/kost-kota-probolinggo-kost-campur-eksklusif-kost-mastrip-dr-ika-dewi-tipe-a-kanigaran-probolinggo-2
Kota Probolinggo,Kost Ristina Tipe Ac,Putri,Mayangan,0.0,Ya,Ya,Ya,Tidak,Ya,Ya,750000,https://mamikos.com/room/kost-probolinggo-kost-putri-murah-kost-ristina-tipe-ac-mayangan-probolinggo-2
Kota Probolinggo,Kost Camelia,Campur,Kecamatan Mayangan,0.0,Ya,Ya,Ya,Ya,Ya,Ya,1300000,https://mamikos.com/room/kost-kota-probolinggo-kost-campur-eksklusif-kost-camelia-mayangan-probolinggo
Kota Probolinggo,Kost Griya Asri Tipe Standar,Putri,Kanigaran,0.0,Tidak,Ya,Ya,Tidak,Ya,Ya,500000,https://mamikos.com/room/kost-probolinggo-kost-putri-murah-kost-griya-asri-tipe-standar-kanigaran-probolinggo
Kota Probolinggo,Kost Ermin,Campur,Kecamatan Mayangan,0.0,Ya,Tidak,Ya,Ya,Ya,Ya,1100000,https://mamikos.com/room/kost-kota-probolinggo-kost-campur-eksklusif-kost-ermin-mayangan-probolinggo-1
Kota Probolinggo,Kost Camelia Tipe Deluxe,Campur,Mayangan,0.0,Ya,Ya,Ya,Ya,Ya,Ya,1400000,https://mamikos.com/room/kost-probolinggo-kost-campur-eksklusif-kost-camelia-tipe-deluxe-mayangan-probolinggo
Kota Probolinggo,Kost Fery Romidhoni Eprilianto,Campur,Kademangan,0.0,Ya,Ya,Ya,Ya,Ya,Ya,1200000,https://mamikos.com/room/kost-kota-probolinggo-kost-campur-eksklusif-kost-fery-romidhoni-eprilianto-kademangan-probolinggo-2
Kota Probolinggo,Kost Blok G Istana Ar Rafif,Campur,Kecamatan Kanigaran,0.0,Tidak,Ya,Ya,Tidak,Tidak,Tidak,800000,https://mamikos.com/room/kost-kota-probolinggo-kost-campur-murah-kost-blok-g-istana-ar-rafif-kanigaran-probolinggo
Kota Probolinggo,Kost Mastrip Dr Ika Dewi Tipe C,Campur,Kecamatan Kanigaran,0.0,Tidak,Ya,Ya,Tidak,Ya,Ya,600000,https://mamikos.com/room/kost-kota-probolinggo-kost-campur-eksklusif-kost-mastrip-dr-ika-dewi-tipe-c-kanigaran-probolinggo-2
Kota Probolinggo,Kost Kusuma,Campur,Mayangan,0.0,Ya,Ya,Ya,Ya,Ya,Ya,1150000,https://mamikos.com/room/kost-kota-probolinggo-kost-campur-eksklusif-kost-kusuma-mayangan-probolinggo
Kota Probolinggo,Kost Blok B Istana Arrafif,Campur,Kecamatan Kanigaran,0.0,Tidak,Ya,Ya,Tidak,Ya,Tidak,500000,https://mamikos.com/room/kost-kota-probolinggo-kost-campur-eksklusif-kost-blok-b-istana-arrafif-kanigaran-probolinggo
Kota Probolinggo,Kost Mawar 26 Tipe A,Putra,Mayangan,0.0,Ya,Ya,Ya,Ya,Ya,Ya,1200000,https://mamikos.com/room/kost-kota-probolinggo-kost-putra-eksklusif-kost-mawar-26-tipe-a-mayangan-probolinggo
Kota Probolinggo,Kost Dearvi Tipe Ekonomis 04,Putri,Kanigaran,0.0,Tidak,Tidak,Ya,Ya,Ya,Ya,500000,https://mamikos.com/room/kost-kota-probolinggo-kost-putri-eksklusif-kost-dearvi-tipe-ekonomis-04-kanigaran-probolinggo-2
Kota Probolinggo,Kost Alfa Tipe B,Campur,Kademangan,0.0,Tidak,Ya,Tidak,Tidak,Ya,Tidak,600000,https://mamikos.com/room/kost-kota-probolinggo-kost-campur-murah-kost-alfa-tipe-b-kademangan-probolinggo
Kota Probolinggo,Kost Evi,Putri,Mayangan,0.0,Tidak,Ya,Ya,Tidak,Tidak,Tidak,400000,https://mamikos.com/room/kost-kota-probolinggo-kost-putri-murah-kost-evi-mayangan-probolinggo
Kota Probolinggo,Kost Nafara Tipe A,Putri,Kecamatan Mayangan,0.0,Tidak,Tidak,Ya,Tidak,Ya,Ya,500000,https://mamikos.com/room/kost-kota-probolinggo-kost-putri-murah-kost-nafara-tipe-a-mayangan-probolinggo
Kota Probolinggo,Kost Incess Diana Tipe A,Campur,Kedopok,0.0,Ya,Ya,Ya,Ya,Ya,Ya,1300000,https://mamikos.com/room/kost-kota-probolinggo-kost-campur-eksklusif-kost-incess-diana-tipe-a-kedopok-probolinggo
Kota Probolinggo,Kost Dearvi Vvip,Putri,Kanigaran,0.0,Ya,Ya,Ya,Ya,Tidak,Ya,1500000,https://mamikos.com/room/kost-kota-probolinggo-kost-putri-eksklusif-kost-dearvi-vvip-kanigaran-probolinggo
Kota Probolinggo,Kost Inces Diana Executive,Campur,Kanigaran,0.0,Ya,Ya,Ya,Ya,Ya,Ya,1300000,https://mamikos.com/room/kost-kota-probolinggo-kost-campur-eksklusif-kost-inces-diana-executive-kanigaran-probolinggo
Kota Probolinggo,Kost Dearvi Standar 02,Putri,Kanigaran,0.0,Ya,Tidak,Ya,Ya,Ya,Ya,1000000,https://mamikos.com/room/kost-kota-probolinggo-kost-putri-eksklusif-kost-dearvi-standar-02-kanigaran-probolinggo-2
Kota Probolinggo,Kost Dearvi Standart 03,Putri,Kanigaran,0.0,Ya,Tidak,Ya,Ya,Ya,Ya,1000000,https://mamikos.com/room/kost-kota-probolinggo-kost-putri-eksklusif-kost-dearvi-standart-03-kanigaran-probolinggo-2
Kota Probolinggo,Kost Griya Hawa,Putri,Kanigaran,0.0,Tidak,Ya,Ya,Ya,Ya,Ya,510000,https://mamikos.com/room/kost-probolinggo-kost-putri-murah-kost-griya-hawa-kanigaran-probolinggo
Kota Probolinggo,Kost Phalawan,Putri,Kecamatan Kanigaran,0.0,Ya,Ya,Ya,Ya,Ya,Ya,1050000,https://mamikos.com/room/kost-kota-probolinggo-kost-putri-eksklusif-kost-phalawan-kanigaran-probolinggo
Kota Probolinggo,Kost Walikota Gatot Tipe B,Putra,Kanigaran,0.0,Tidak,Tidak,Ya,Tidak,Ya,Ya,350000,https://mamikos.com/room/kost-kota-probolinggo-kost-putra-murah-kost-walikota-gatot-tipe-b-kanigaran-probolinggo
Kota Probolinggo,Kost Griya,Putri,Kanigaran,0.0,Tidak,Ya,Ya,Ya,Ya,Ya,550000,https://mamikos.com/room/kost-probolinggo-kost-putri-eksklusif-kost-griya-kanigaran-probolinggo
Kota Probolinggo,Kost Ca Tipe A,Putri,Kanigaran,0.0,Tidak,Ya,Ya,Ya,Ya,Ya,500000,https://mamikos.com/room/kost-kota-probolinggo-kost-putri-murah-kost-ca-tipe-a-kanigaran-probolinggo-2
Kota Probolinggo,Kost Mamici,Putri,Kanigaran,0.0,Tidak,Tidak,Ya,Tidak,Tidak,Ya,500000,https://mamikos.com/room/kost-probolinggo-kost-putri-murah-kost-mamici-kanigaran-probolinggo-1
Kota Probolinggo,Kost Diska Tipe Eksklusif,Campur,Kanigaran,0.0,Ya,Tidak,Ya,Ya,Ya,Ya,1100000,https://mamikos.com/room/kost-probolinggo-kost-campur-eksklusif-kost-diska-tipe-eksklusif-kanigaran-probolinggo
Kota Probolinggo,Kost Rumah Barito,Campur,Kedopok,0.0,Tidak,Ya,Ya,Ya,Ya,Ya,300000,https://mamikos.com/room/kost-probolinggo-kost-campur-murah-kost-rumah-barito-kedopok-probolinggo
Kota Probolinggo,Kost Ibu Dini Tipe A,Putra,Kecamatan Kanigaran,0.0,Tidak,Ya,Ya,Tidak,Tidak,Tidak,300000,https://mamikos.com/room/kost-kota-probolinggo-kost-putra-murah-kost-ibu-dini-tipe-a-kanigaran-probolinggo
Kota Probolinggo,Kost Ibu Dini Tipe VVIP,Putra,Kecamatan Kanigaran,0.0,Tidak,Ya,Ya,Tidak,Ya,Tidak,420000,https://mamikos.com/room/kost-kota-probolinggo-kost-putra-murah-kost-ibu-dini-tipe-vvip-kanigaran-probolinggo-2
Kota Probolinggo,Kost Alsha,Putra,Mayangan,0.0,Ya,Ya,Ya,Ya,Ya,Ya,1000000,https://mamikos.com/room/kost-kota-probolinggo-kost-putra-murah-kost-alsha-mayangan-probolinggo
Kota Probolinggo,Kost Kartika Wijaya Kusuma,Campur,Kecamatan Mayangan,4.9,Ya,Ya,Ya,Ya,Ya,Ya,800000,https://mamikos.com/room/kost-probolinggo-kost-campur-murah-kost-kartika-wijaya-kusuma-mayangan-probolinggo
Kota Probolinggo,Kost Nasution Eagle,Putri,Kecamatan Mayangan,0.0,Ya,Ya,Ya,Ya,Ya,Ya,1450000,https://mamikos.com/room/kost-kota-probolinggo-kost-putri-eksklusif-kost-nasution-eagle-mayangan-probolinggo-2
Kota Probolinggo,Kost Dian Azizah Kaningaran,Putri,Kanigaran,0.0,Tidak,Tidak,Ya,Tidak,Ya,Ya,450000,https://mamikos.com/room/kost-kota-probolinggo-kost-putri-murah-kost-dian-azizah-kaningaran-probolinggo
Kota Probolinggo,Kost Citarum Tipe A,Putri,Kanigaran,0.0,Tidak,Tidak,Ya,Tidak,Ya,Ya,450000,https://mamikos.com/room/kost-kota-probolinggo-kost-putri-murah-kost-citarum-tipe-a-kanigaran-probolinggo-2
Kota Probolinggo,Kost Omah Green House,Campur,Kecamatan Mayangan,0.0,Ya,Ya,Ya,Ya,Ya,Ya,1100000,https://mamikos.com/room/kost-kota-probolinggo-kost-campur-eksklusif-kost-omah-green-house-mayangan-probolinggo-1
Kota Probolinggo,Kost Asyari Tipe B,Putri,Kanigaran,0.0,Tidak,Tidak,Ya,Ya,Ya,Ya,450000,https://mamikos.com/room/kost-kota-probolinggo-kost-putri-murah-kost-asyari-tipe-b-kanigaran-probolinggo
Kota Probolinggo,Kost Pelangi Executive,Campur,Kecamatan Kanigaran,0.0,Ya,Ya,Ya,Tidak,Ya,Ya,900000,https://mamikos.com/room/kost-kota-probolinggo-kost-campur-murah-kos-pelangi-executive-kanigaran-probolinggo-2
Kota Probolinggo,Kost Yellow Doors,Putra,Kademangan,4.8,Ya,Ya,Ya,Tidak,Ya,Ya,850000,https://mamikos.com/room/kost-kota-probolinggo-kost-putra-eksklusif-kost-yellow-doors-kademangan-probolinggo
Kota Probolinggo,Kost Asri Barokah 3,Putra,Kecamatan Kanigaran,0.0,Tidak,Ya,Ya,Ya,Tidak,Ya,500000,https://mamikos.com/room/kost-kota-probolinggo-kost-putra-murah-kost-asri-barokah-3-kanigaran-probolinggo-2
Kota Probolinggo,Kost Jatim Tipe Exclusive,Campur,Mayangan,0.0,Ya,Tidak,Ya,Ya,Ya,Ya,1100000,https://mamikos.com/room/kost-probolinggo-kost-campur-eksklusif-kost-jatim-tipe-exclusive-mayangan-probolinggo-2
Kota Probolinggo,Kost Rumah Kaloka Tipe AC,Putri,Kademangan,0.0,Ya,Ya,Ya,Tidak,Ya,Ya,900000,https://mamikos.com/room/kost-kota-probolinggo-kost-putri-eksklusif-kost-rumah-kaloka-tipe-ac-kademangan-probolinggo-2
Kota Probolinggo,Kost Budi,Putri,Kanigaran,0.0,Tidak,Tidak,Ya,Tidak,Tidak,Tidak,350000,https://mamikos.com/room/kost-kota-probolinggo-kost-putri-murah-kost-budi-kanigaran-probolinggo
Kota Probolinggo,Kost Ferdyans Tipe A,Campur,Mayangan,0.0,Tidak,Tidak,Ya,Tidak,Tidak,Tidak,350000,https://mamikos.com/room/kost-kota-probolinggo-kost-campur-murah-kost-ferdyans-tipe-a-mayangan-probolinggo
Kota Probolinggo,Kost Juniwati,Campur,Mayangan,0.0,Tidak,Ya,Ya,Tidak,Tidak,Tidak,250000,https://mamikos.com/room/kost-probolinggo-kost-campur-murah-kost-juniwati-mayangan-probolinggo
Kota Probolinggo,Kost Haryono Tipe B,Campur,Kecamatan Mayangan,0.0,Tidak,Tidak,Ya,Ya,Tidak,Ya,370000,https://mamikos.com/room/kost-kota-probolinggo-kost-campur-murah-kost-haryono-tipe-b-mayangan-probolinggo
Kota Probolinggo,Kost Simple Stay 1,Campur,Mayangan,0.0,Ya,Ya,Ya,Ya,Ya,Ya,850000,https://mamikos.com/room/kost-probolinggo-kost-campur-murah-kost-simple-stay-1-mayangan-probolinggo
Kota Probolinggo,Kost Walikota Gatot Tipe A,Putra,Kanigaran,0.0,Tidak,Tidak,Ya,Tidak,Tidak,Ya,350000,https://mamikos.com/room/kost-kota-probolinggo-kost-putra-murah-kost-walikota-gatot-tipe-a-kanigaran-probolinggo
Kota Probolinggo,Kost Ema Nigeren,Putri,Kecamatan Kanigaran,0.0,Tidak,Tidak,Ya,Tidak,Ya,Ya,550000,https://mamikos.com/room/kost-kota-probolinggo-kost-putri-murah-kost-ema-nigeren-kanigaran-probolinggo
Kota Probolinggo,Kost Wahidin Tipe B,Putra,Mayangan,0.0,Ya,Tidak,Ya,Ya,Tidak,Tidak,1100000,https://mamikos.com/room/kost-probolinggo-kost-putra-eksklusif-kost-wahidin-tipe-b-mayangan-probolinggo
Kota Probolinggo,Kost Ibu Sofia I,Campur,Kecamatan Leces,0.0,Tidak,Ya,Ya,Tidak,Tidak,Ya,250000,https://mamikos.com/room/kost-kabupaten-probolinggo-kost-campur-murah-kost-ibu-sofia-i-probolinggo
Kota Probolinggo,Kost Cantika Tipe Executive,Putri,Kecamatan Dringu,0.0,Ya,Ya,Ya,Ya,Ya,Ya,900000,https://mamikos.com/room/kost-kabupaten-probolinggo-kost-putri-murah-kost-cantika-tipe-executive-dringu-probolinggo
Kota Probolinggo,Kost Rumah Kaca Piring,Putra,Mayangan,0.0,Ya,Ya,Ya,Ya,Tidak,Ya,700000,https://mamikos.com/room/kost-probolinggo-kost-putra-murah-kost-rumah-kaca-piring-mayangan-probolinggo
Kota Probolinggo,Kost Asri Barokah,Putra,Kanigaran,0.0,Tidak,Ya,Ya,Tidak,Ya,Ya,500000,https://mamikos.com/room/kost-kota-probolinggo-kost-putra-murah-kost-asri-barokah-kanigaran-probolinggo
Kota Probolinggo,Kost Nusa Indah Tipe Standar,Campur,Kecamatan Mayangan,0.0,Tidak,Tidak,Ya,Tidak,Tidak,Ya,450000,https://mamikos.com/room/kost-kota-probolinggo-kost-campur-murah-kost-nusa-indah-tipe-standar-mayangan-probolinggo
Kota Probolinggo,Kost Rumah HMB Tipe C,Campur,Kecamatan Mayangan,0.0,Tidak,Ya,Ya,Tidak,Tidak,Ya,450000,https://mamikos.com/room/kost-kota-probolinggo-kost-campur-murah-kost-rumah-hmb-tipe-c-mayangan-probolinggo
Kota Probolinggo,Kost Queen Tipe A,Putra,Kecamatan Mayangan,0.0,Ya,Ya,Ya,Ya,Ya,Ya,1000000,https://mamikos.com/room/kost-kota-probolinggo-kost-putra-eksklusif-kost-queen-tipe-a-mayangan-probolinggo
Kota Probolinggo,Kost Rohmatul,Putri,Dringu,0.0,Tidak,Ya,Ya,Tidak,Tidak,Tidak,350000,https://mamikos.com/room/kost-kabupaten-probolinggo-kost-putri-murah-kost-rohmatul-dringu-probolinggo
Kota Probolinggo,Kost Cempaka Sweet,Campur,Mayangan,0.0,Tidak,Tidak,Ya,Tidak,Tidak,Tidak,520000,https://mamikos.com/room/kost-probolinggo-kost-campur-murah-kost-cempaka-sweet-mayangan-probolinggo
Kota Probolinggo,Kost Nusa Indah Baru Tipe B,Campur,Mayangan,0.0,Ya,Tidak,Ya,Tidak,Ya,Tidak,1000000,https://mamikos.com/room/kost-probolinggo-kost-campur-eksklusif-kost-nusa-indah-baru-tipe-b-mayangan-probolinggo
Kota Probolinggo,Kost Diana Tipe A,Campur,Kecamatan Kedopok,0.0,Ya,Ya,Ya,Ya,Ya,Ya,800000,https://mamikos.com/room/kost-kota-probolinggo-kost-campur-murah-kost-diana-tipe-a-kedopok-probolinggo
Kota Probolinggo,Kost Mutiara Tipe Standar,Putri,Mayangan,0.0,Tidak,Ya,Ya,Ya,Tidak,Ya,450000,https://mamikos.com/room/kost-probolinggo-kost-putri-murah-kost-mutiara-tipe-standar-mayangan-probolinggo-2
Kota Probolinggo,Kost Budiarto,Putri,Kecamatan Leces,0.0,Tidak,Ya,Ya,Ya,Tidak,Ya,500000,https://mamikos.com/room/kost-kabupaten-probolinggo-kost-putri-murah-kost-budiarto-leces-probolinggo-2
Kota Probolinggo,Kost Misha,Putri,Kecamatan Kademangan,0.0,Ya,Tidak,Ya,Ya,Ya,Ya,800000,https://mamikos.com/room/kost-kota-probolinggo-kost-putri-murah-kost-misha-kademangan-probolinggo-1
Kota Probolinggo,Kost Rumah Anggrek Pilang AC,Putra,Kademangan,0.0,Ya,Tidak,Ya,Ya,Ya,Ya,1200000,https://mamikos.com/room/kost-kota-probolinggo-kost-putra-eksklusif-kost-rumah-anggrek-pilang-ac-kademangan-probolinggo
Kota Probolinggo,Kost Hunter Tipe 1,Putri,Kanigaran,0.0,Tidak,Ya,Ya,Tidak,Ya,Ya,300000,https://mamikos.com/room/kost-kota-probolinggo-kost-putri-murah-kost-hunter-tipe-1-kanigaran-probolinggo
Kota Probolinggo,Kost Melati 3 Tipe Kipas,Campur,Kanigaran,0.0,Tidak,Ya,Ya,Tidak,Ya,Ya,650000,https://mamikos.com/room/kost-probolinggo-kost-campur-murah-kost-melati-3-tipe-kipas-kanigaran-probolinggo-2
Kota Probolinggo,Kost Serma Abd Tipe A,Putra,Mayangan,0.0,Tidak,Ya,Tidak,Ya,Ya,Ya,750000,https://mamikos.com/room/kost-kota-probolinggo-kost-putra-murah-kost-serma-abd-tipe-a-mayangan-probolinggo-2
Kota Probolinggo,Kost Pahlawan,Putri,Kanigaran,0.0,Tidak,Ya,Ya,Ya,Ya,Ya,600000,https://mamikos.com/room/kost-kota-probolinggo-kost-putri-murah-kost-pahlawan-kanigaran-probolinggo
Kota Probolinggo,Kost Kartika Tipe A,Campur,Mayangan,0.0,Tidak,Ya,Ya,Ya,Tidak,Ya,700000,https://mamikos.com/room/kost-probolinggo-kost-campur-murah-kost-kartika-tipe-a-mayangan-probolinggo-1
Kota Probolinggo,Kost Kamila Tipe Standar,Putri,Mayangan,0.0,Tidak,Tidak,Ya,Ya,Ya,Ya,600000,https://mamikos.com/room/kost-probolinggo-kost-putri-murah-kost-kamila-tipe-standar-mayangan-probolinggo
Kota Probolinggo,Kost Pahlawan 2,Campur,Kecamatan Kanigaran,0.0,Ya,Ya,Ya,Ya,Ya,Ya,700000,https://mamikos.com/room/kost-kota-probolinggo-kost-campur-eksklusif-kost-pahlawan-2-kanigaran-probolinggo-2
Kota Probolinggo,Kost Anjasmoro Co Living Tipe Exclusive,Putri,Mayangan,0.0,Ya,Ya,Ya,Ya,Ya,Ya,1200000,https://mamikos.com/room/kost-probolinggo-kost-putri-eksklusif-kost-anjasmoro-co-living-tipe-exclusive-mayangan-probolinggo
Kota Probolinggo,Kost Zafran,Campur,Kecamatan Kanigaran,0.0,Tidak,Tidak,Ya,Ya,Ya,Ya,450000,https://mamikos.com/room/kost-kota-probolinggo-kost-campur-murah-kost-zafran-kanigaran-probolinggo-2
Kota Probolinggo,Kost Rumah Karina,Campur,Dringu,0.0,Tidak,Tidak,Ya,Tidak,Tidak,Tidak,400000,https://mamikos.com/room/kost-kabupaten-probolinggo-kost-campur-murah-kost-rumah-karina-dringu-probolinggo
Kota Probolinggo,Kost Sion,Campur,Mayangan,5.0,Ya,Tidak,Ya,Ya,Ya,Tidak,1200000,https://mamikos.com/room/kost-probolinggo-kost-campur-eksklusif-kost-sion-mayangan-probolinggo-1
Kota Probolinggo,Kost Bu Mol,Putra,Kecamatan Mayangan,0.0,Tidak,Ya,Ya,Tidak,Tidak,Tidak,350000,https://mamikos.com/room/kost-kota-probolinggo-kost-putra-murah-kost-bu-mol-mayangan-probolinggo
Kota Probolinggo,Kost Camelia,Campur,Mayangan,0.0,Ya,Tidak,Ya,Ya,Ya,Ya,1400000,https://mamikos.com/room/kost-kota-probolinggo-kost-campur-eksklusif-kost-camelia-mayangan-probolinggo-4
Kota Probolinggo,Kost Pesona Pattimura,Campur,Mayangan,0.0,Tidak,Ya,Ya,Tidak,Ya,Tidak,450000,https://mamikos.com/room/kost-kota-probolinggo-kost-campur-murah-kost-pesona-pattimura-mayangan-probolinggo
Kota Probolinggo,Kost Asyari Tipe A,Campur,Kanigaran,0.0,Ya,Tidak,Ya,Ya,Ya,Ya,450000,https://mamikos.com/room/kost-kota-probolinggo-kost-campur-murah-kost-asyari-tipe-a-kanigaran-probolinggo-1
Kota Probolinggo,Kost Bu Wulan,Putri,Kecamatan Kademangan,0.0,Tidak,Tidak,Ya,Ya,Ya,Ya,500000,https://mamikos.com/room/kost-kota-probolinggo-kost-putri-murah-kost-bu-wulan-kademangan-probolinggo
Kota Probolinggo,Kost Teratai,Campur,Kecamatan Kanigaran,0.0,Ya,Ya,Ya,Ya,Ya,Ya,1500000,https://mamikos.com/room/kost-kota-probolinggo-kost-campur-eksklusif-kost-teratai-kanigaran-probolinggo-1
Kota Probolinggo,Kost 88A Tipe A,Putra,Mayangan,0.0,Tidak,Tidak,Ya,Tidak,Ya,Ya,500000,https://mamikos.com/room/kost-probolinggo-kost-putra-murah-kost-88a-tipe-a-mayangan-probolinggo
Kota Probolinggo,Kost Marindah Home,Campur,Kecamatan Mayangan,0.0,Ya,Ya,Ya,Ya,Ya,Tidak,1750000,https://mamikos.com/room/kost-kota-probolinggo-kost-campur-eksklusif-kost-marindah-home-mayangan-probolinggo
Kota Probolinggo,Kost Serma Abd Rahman,Campur,Mayangan,0.0,Tidak,Tidak,Ya,Tidak,Ya,Ya,350000,https://mamikos.com/room/kost-probolinggo-kost-campur-murah-kost-serma-abd-rahman-mayangan-probolinggo
Kota Probolinggo,Kost Rumah Wahidin,Campur,Kecamatan Mayangan,0.0,Ya,Ya,Ya,Ya,Ya,Ya,1500000,https://mamikos.com/room/kost-kota-probolinggo-kost-campur-eksklusif-kost-rumah-wahidin-mayangan-probolinggo
Kota Probolinggo,Kost Asri Barokah 2,Putra,Kecamatan Kanigaran,0.0,Tidak,Ya,Ya,Ya,Ya,Ya,500000,https://mamikos.com/room/kost-kota-probolinggo-kost-putra-murah-kost-asri-barokah-2-kanigaran-probolinggo
Kota Probolinggo,Kost Griya Azzahra,Putri,Kanigaran,0.0,Tidak,Tidak,Ya,Ya,Ya,Ya,650000,https://mamikos.com/room/kost-kota-probolinggo-kost-putri-murah-kost-griya-azzahra-kanigaran-probolinggo-2
Kota Probolinggo,Kost Brak,Campur,Kecamatan Mayangan,0.0,Ya,Tidak,Ya,Ya,Ya,Ya,1300000,https://mamikos.com/room/kost-kota-probolinggo-kost-campur-eksklusif-kost-brak-mayangan-probolinggo-1
Kota Probolinggo,Kost YS Indekost AC,Campur,Kademangan,0.0,Ya,Ya,Ya,Ya,Ya,Ya,700000,https://mamikos.com/room/kost-kota-probolinggo-kost-campur-murah-kost-ys-indekost-ac-kademangan-probolinggo-2
Kota Probolinggo,Kost_Q,Campur,Kecamatan Kanigaran,0.0,Tidak,Ya,Ya,Ya,Ya,Ya,500000,https://mamikos.com/room/kost-kota-probolinggo-kost-campur-murah-kostq-kanigaran-probolinggo-2
Kota Probolinggo,Kost Menara Mastrip,Campur,Kecamatan Wonoasih,0.0,Tidak,Ya,Ya,Tidak,Ya,Ya,700000,https://mamikos.com/room/kost-kota-probolinggo-kost-campur-eksklusif-kost-menara-mastrip-wonoasih-probolinggo-1
Kota Probolinggo,Kost Ganjoe Tipe A,Putri,Kecamatan Mayangan,0.0,Tidak,Ya,Ya,Tidak,Tidak,Ya,375000,https://mamikos.com/room/kost-kota-probolinggo-kost-putri-murah-kost-ganjoe-tipe-a-mayangan-probolinggo-2
Kota Probolinggo,Kost YS Indekost Non AC,Campur,Kademangan,0.0,Tidak,Ya,Ya,Ya,Ya,Ya,500000,https://mamikos.com/room/kost-kota-probolinggo-kost-campur-murah-kost-ys-indekost-non-ac-kademangan-probolinggo-2
Kota Probolinggo,Kost Surya Citarum,Putra,Kanigaran,0.0,Tidak,Tidak,Ya,Tidak,Ya,Tidak,585000,https://mamikos.com/room/kost-probolinggo-kost-putra-murah-kost-surya-citarum-kanigaran-probolinggo-1
Kota Probolinggo,Kost Oma Tipe B,Campur,Kademangan,0.0,Ya,Ya,Ya,Ya,Ya,Ya,900000,https://mamikos.com/room/kost-kota-probolinggo-kost-campur-murah-kost-oma-tipe-b-kademangan-probolinggo
Kota Probolinggo,Kost Doni,Putra,Kecamatan Mayangan,0.0,Tidak,Ya,Ya,Ya,Tidak,Tidak,400000,https://mamikos.com/room/kost-kota-probolinggo-kost-putra-murah-kost-doni-mayangan-probolinggo-1
Kota Probolinggo,Kost Brociel Tipe A,Campur,Kecamatan Mayangan,0.0,Tidak,Ya,Ya,Tidak,Tidak,Tidak,450000,https://mamikos.com/room/kost-kota-probolinggo-kost-putri-murah-kost-brociel-tipe-a-mayangan-probolinggo-1
Kota Probolinggo,Kost Anasha,Campur,Kecamatan Kademangan,0.0,Tidak,Ya,Ya,Ya,Ya,Tidak,600000,https://mamikos.com/room/kost-kota-probolinggo-kost-campur-murah-kost-anasha-kademangan-probolinggo-2
Kota Probolinggo,Kost Delima Tipe A,Putri,Kecamatan Kanigaran,0.0,Tidak,Ya,Ya,Tidak,Tidak,Ya,375000,https://mamikos.com/room/kost-kota-probolinggo-kost-putri-murah-kost-delima-tipe-a-kanigaran-probolinggo
Kota Probolinggo,Kost Cendana House,Campur,Mayangan,0.0,Ya,Ya,Ya,Ya,Ya,Ya,1000000,https://mamikos.com/room/kost-kota-probolinggo-kost-campur-eksklusif-kost-cendana-house-mayangan-probolinggo
Kota Probolinggo,Kost 88A Tipe B,Putra,Mayangan,0.0,Ya,Tidak,Ya,Tidak,Ya,Ya,800000,https://mamikos.com/room/kost-probolinggo-kost-putra-murah-kost-88a-tipe-b-mayangan-probolinggo--1
Kota Probolinggo,Kost Syivania Tipe A,Putri,Kanigaran,0.0,Tidak,Ya,Ya,Ya,Ya,Ya,900000,https://mamikos.com/room/kost-probolinggo-kost-putri-murah-kost-syivania-tipe-a-kanigaran-probolinggo-2
Kota Probolinggo,Kost Saddam Tipe C,Campur,Kanigaran,0.0,Ya,Tidak,Ya,Tidak,Ya,Ya,600000,https://mamikos.com/room/kost-probolinggo-kost-campur-eksklusif-kost-saddam-tipe-c-kanigaran-probolinggo
Kota Probolinggo,Kost Cendana Tipe 1,Putra,Kanigaran,0.0,Ya,Tidak,Ya,Ya,Tidak,Ya,400000,https://mamikos.com/room/kost-probolinggo-kost-putra-murah-kost-cendana-tipe-1-kanigaran-probolinggo
Kota Probolinggo,Kost Anda I,Putra,Kecamatan Mayangan,0.0,Tidak,Ya,Ya,Ya,Tidak,Tidak,350000,https://mamikos.com/room/kost-kota-probolinggo-kost-putra-murah-kost-anda-i-mayangan-probolinggo
Kota Probolinggo,Kost Oma Tipe Executive,Campur,Kademangan,0.0,Ya,Ya,Ya,Ya,Ya,Ya,900000,https://mamikos.com/room/kost-kota-probolinggo-kost-campur-murah-kost-oma-tipe-executive-kademangan-probolinggo
Kota Probolinggo,Kost Nasution Ant,Putri,Kecamatan Mayangan,0.0,Ya,Ya,Tidak,Ya,Ya,Ya,1250000,https://mamikos.com/room/kost-kota-probolinggo-kost-putri-eksklusif-kost-nasution-ant-mayangan-probolinggo-2
Kota Probolinggo,Kost Kenongo Tipe Aa,Putri,Kecamatan Kanigaran,0.0,Tidak,Tidak,Ya,Ya,Ya,Ya,400000,https://mamikos.com/room/kost-kota-probolinggo-kost-putri-murah-kost-kenongo-tipe-aa-kanigaran-probolinggo-2
Kota Probolinggo,Kost Avegaa,Putra,Kanigaran,0.0,Tidak,Ya,Ya,Tidak,Ya,Ya,550000,https://mamikos.com/room/kost-kota-probolinggo-kost-putra-murah-kost-avegaa-kanigaran-probolinggo
Kota Probolinggo,Kost Wella Barokah,Campur,Kanigaran,0.0,Tidak,Ya,Ya,Ya,Ya,Ya,600000,https://mamikos.com/room/kost-probolinggo-kost-campur-murah-kost-wella-barokah-kanigaran-probolinggo
Kota Probolinggo,Kost Incess Diana Tipe Executive,Campur,Kanigaran,0.0,Ya,Ya,Ya,Ya,Ya,Ya,1500000,https://mamikos.com/room/kost-kota-probolinggo-kost-campur-eksklusif-kost-incess-diana-tipe-executive-kanigaran-probolinggo-2
Kota Probolinggo,Kost H Zen,Putri,Kecamatan Mayangan,0.0,Tidak,Tidak,Ya,Tidak,Ya,Ya,500000,https://mamikos.com/room/kost-kota-probolinggo-kost-putri-murah-kost-h-zen-mayangan-probolinggo-2
Kota Probolinggo,Kost Melati,Putri,Kanigaran,0.0,Tidak,Ya,Ya,Ya,Tidak,Ya,500000,https://mamikos.com/room/kost-kota-probolinggo-kost-putri-murah-kost-melati-kanigaran-probolinggo
Kota Probolinggo,Kost Widiono,Campur,Kecamatan Kanigaran,0.0,Tidak,Ya,Ya,Ya,Ya,Tidak,450000,https://mamikos.com/room/kost-kota-probolinggo-kost-campur-murah-kost-widiono-kanigaran-probolinggo
Kota Probolinggo,Kost Cahaya Arum,Putri,Kademangan,0.0,Tidak,Tidak,Ya,Tidak,Ya,Tidak,600000,https://mamikos.com/room/kost-kota-probolinggo-kost-putri-murah-kost-cahaya-arum-kademangan-probolinggo
Kota Probolinggo,Kost Kharisma,Campur,Kanigaran,0.0,Tidak,Ya,Ya,Tidak,Ya,Ya,550000,https://mamikos.com/room/kost-kota-probolinggo-kost-campur-eksklusif-kost-kharisma-kanigaran-probolinggo-2
Kota Probolinggo,Kost Namira AC,Putri,Dringu,0.0,Tidak,Ya,Ya,Ya,Ya,Ya,950000,https://mamikos.com/room/kost-kabupaten-probolinggo-kost-putri-murah-kost-namira-ac-dringu-probolinggo-2
Kota Probolinggo,Kost Haryono Tipe A,Campur,Kecamatan Mayangan,0.0,Tidak,Tidak,Ya,Tidak,Ya,Ya,470000,https://mamikos.com/room/kost-kota-probolinggo-kost-campur-murah-kos-haryono-816-tipe-a-mayangan-probolinggo-2
Kota Probolinggo,Kost Dannia Vip,Campur,Kecamatan Mayangan,0.0,Ya,Ya,Ya,Ya,Ya,Ya,850000,https://mamikos.com/room/kost-kota-probolinggo-kost-campur-murah-kost-dannia-vip-mayangan-probolinggo
Kota Probolinggo,Kost Wahidin Tipe A,Putra,Mayangan,0.0,Ya,Tidak,Ya,Ya,Tidak,Tidak,850000,https://mamikos.com/room/kost-probolinggo-kost-putra-murah-kost-wahidin-79-tipe-a-mayangan-probolinggo
Kota Probolinggo,Kost Walikota Gatot Tipe C,Putra,Kanigaran,0.0,Tidak,Tidak,Ya,Tidak,Tidak,Ya,350000,https://mamikos.com/room/kost-kota-probolinggo-kost-putra-murah-kost-walikota-gatot-tipe-c-kanigaran-probolinggo-1
Kota Probolinggo,Kost Citarum Tipe B,Putri,Kanigaran,4.9,Tidak,Ya,Ya,Ya,Ya,Ya,525000,https://mamikos.com/room/kost-kota-probolinggo-kost-putri-murah-kost-citarum-tipe-b-kanigaran-probolinggo-2
Kota Probolinggo,Kost Artha Tipe A,Putri,Kecamatan Mayangan,0.0,Ya,Tidak,Ya,Ya,Tidak,Ya,1100000,https://mamikos.com/room/kost-kota-probolinggo-kost-putri-eksklusif-kost-artha-tipe-a-mayangan-probolinggo-2
Kota Probolinggo,Kost Alhamdulillah Vvip,Campur,Kecamatan Kedopok,0.0,Tidak,Ya,Ya,Tidak,Ya,Ya,500000,https://mamikos.com/room/kost-kota-probolinggo-kost-campur-murah-kost-alhamdulillah-vvip-kedopok-probolinggo-2
Kota Probolinggo,Kost Oma Tipe A,Campur,Kademangan,0.0,Ya,Ya,Ya,Ya,Ya,Ya,900000,https://mamikos.com/room/kost-kota-probolinggo-kost-campur-murah-kost-oma-tipe-a-kademangan-probolinggo
Kota Probolinggo,Kost Pahlawan Tipe A,Putra,Kecamatan Kanigaran,0.0,Tidak,Tidak,Ya,Tidak,Tidak,Ya,500000,https://mamikos.com/room/kost-kota-probolinggo-kost-putra-murah-kost-pahlawan-tipe-a-kanigaran-probolinggo-2
Kota Probolinggo,Kost Cahaya,Campur,Kecamatan Kanigaran,0.0,Tidak,Ya,Ya,Ya,Ya,Tidak,500000,https://mamikos.com/room/kost-kota-probolinggo-kost-campur-murah-kost-cahaya-kanigaran-probolinggo
Kota Probolinggo,Kost Jeff,Putra,Mayangan,0.0,Tidak,Tidak,Ya,Tidak,Ya,Tidak,500000,https://mamikos.com/room/kost-probolinggo-kost-putra-murah-kost-jeff-mayangan-probolinggo
Kota Probolinggo,Kost Ekonomis,Campur,Kanigaran,0.0,Tidak,Ya,Ya,Tidak,Tidak,Tidak,350000,https://mamikos.com/room/kost-probolinggo-kost-campur-murah-kost-ekonomis-kanigaran-probolinggo-1
Kota Probolinggo,Kost Sri Pasti Tipe Single,Putri,Kecamatan Kedopok,0.0,Tidak,Ya,Ya,Ya,Ya,Ya,500000,https://mamikos.com/room/kost-kota-probolinggo-kost-putri-eksklusif-kost-sri-pasti-tipe-single-kedopok-probolinggo
Kota Probolinggo,Kost 29 Tipe A,Campur,Kademangan,0.0,Tidak,Tidak,Ya,Tidak,Ya,Tidak,450000,https://mamikos.com/room/kost-probolinggo-kost-campur-murah-kost-29-tipe-a-kademangan-probolinggo-2
Kota Probolinggo,Kost Rizky Kamar Atas,Putri,Kecamatan Kanigaran,0.0,Tidak,Tidak,Ya,Tidak,Ya,Tidak,300000,https://mamikos.com/room/kost-kota-probolinggo-kost-putri-murah-kost-rizky-kamar-atas-kanigaran-probolinggo
Kota Probolinggo,Kost Odilia,Putra,Mayangan,0.0,Ya,Ya,Ya,Ya,Tidak,Ya,300000,https://mamikos.com/room/kost-kota-probolinggo-kost-putra-murah-kost-odilia-mayangan-probolinggo-2
Kota Probolinggo,Kost Kost Eksklusif Griya Adam Tipe B,Campur,Dringu,0.0,Ya,Tidak,Ya,Ya,Ya,Ya,700000,https://mamikos.com/room/kost-probolinggo-kost-campur-murah-kost-kost-eksklusif-griya-adam-tipe-b-dringu-probolinggo
Kota Probolinggo,Kost Mawar Indah,Campur,Mayangan,0.0,Tidak,Tidak,Ya,Tidak,Ya,Tidak,800000,https://mamikos.com/room/kost-kota-probolinggo-kost-campur-murah-kost-mawar-indah-mayangan-probolinggo
Kota Probolinggo,Kost Hidayah Tipe A,Campur,Kecamatan Kanigaran,0.0,Tidak,Ya,Ya,Tidak,Ya,Ya,400000,https://mamikos.com/room/kost-kota-probolinggo-kost-campur-murah-kost-hidayah-tipe-a-kanigaran-probolinggo
Kota Probolinggo,Kost S And T Tipe A,Campur,Kecamatan Kedopak,0.0,Tidak,Tidak,Ya,Tidak,Tidak,Tidak,600000,https://mamikos.com/room/kost-kota-probolinggo-kost-campur-murah-kost-s-and-t-tipe-a-kedopak-probolinggo
Kota Probolinggo,Kost 29 Tipe B,Campur,Kademangan,0.0,Tidak,Tidak,Ya,Tidak,Ya,Tidak,500000,https://mamikos.com/room/kost-probolinggo-kost-campur-murah-kost-29-tipe-b-kademangan-probolinggo-1
Kota Probolinggo,Kost Griya Tasfiyah Tipe A,Putri,Kecamatan Mayangan,0.0,Ya,Tidak,Ya,Ya,Ya,Ya,1300000,https://mamikos.com/room/kost-kota-probolinggo-kost-putri-eksklusif-kost-griya-tasfiyah-tipe-a-mayangan-probolinggo-2
Kota Probolinggo,Kost Sundari,Putri,Kedopok,0.0,Tidak,Ya,Ya,Ya,Ya,Ya,500000,https://mamikos.com/room/kost-kota-probolinggo-kost-putri-murah-kost-sundari-kedopok-probolinggo-1
Kota Probolinggo,Kost Zaini Tipe A,Campur,Mayangan,0.0,Tidak,Ya,Ya,Tidak,Ya,Tidak,500000,https://mamikos.com/room/kost-probolinggo-kost-campur-murah-kost-zaini-tipe-a-mayangan-probolinggo
Kota Probolinggo,Kost Rumah HMB Tipe A,Campur,Kecamatan Mayangan,0.0,Tidak,Ya,Ya,Tidak,Tidak,Ya,400000,https://mamikos.com/room/kost-kota-probolinggo-kost-campur-murah-kost-rumah-hmb-tipe-a-mayangan-probolinggo-2
Kota Probolinggo,Kost Rizky,Putri,Kanigaran,0.0,Tidak,Ya,Ya,Tidak,Ya,Ya,375000,https://mamikos.com/room/kost-kota-probolinggo-kost-putri-murah-kost-rizky-kanigaran-probolinggo
Kota Probolinggo,Kost Putri Sion,Putra,Mayangan,0.0,Ya,Tidak,Ya,Ya,Ya,Ya,1200000,https://mamikos.com/room/kost-probolinggo-kost-putra-eksklusif-kost-putri-sion-mayangan-probolinggo-1
Kota Probolinggo,Kost Griya Mapan Kamar AC Non Wh,Campur,Kecamatan Kanigaran,0.0,Ya,Ya,Ya,Ya,Ya,Ya,1100000,https://mamikos.com/room/kost-kota-probolinggo-kost-campur-eksklusif-kost-griya-mapan-kamar-ac-non-wh-kanigaran-probolinggo
Kota Probolinggo,Kost Kost Eksklusif Griya Adam Tipe A,Campur,Dringu,0.0,Ya,Tidak,Ya,Ya,Ya,Ya,650000,https://mamikos.com/room/kost-probolinggo-kost-campur-murah-kost-kost-eksklusif-griya-adam-tipe-a-dringu-probolinggo-2
Kota Probolinggo,Kost Kartika Tipe C,Campur,Mayangan,0.0,Ya,Ya,Ya,Ya,Tidak,Ya,1000000,https://mamikos.com/room/kost-probolinggo-kost-campur-eksklusif-kost-kartika-tipe-c-mayangan-probolinggo
Kota Probolinggo,Kost Dwiana,Putri,Kanigaran,0.0,Ya,Tidak,Ya,Ya,Ya,Ya,800000,https://mamikos.com/room/kost-kota-probolinggo-kost-putri-murah-kost-dwiana-kanigaran-probolinggo
Kota Probolinggo,Kost Omah Cahaya Prob Tipe A,Campur,Kecamatan Kanigaran,0.0,Ya,Ya,Ya,Ya,Ya,Ya,850000,https://mamikos.com/room/kost-kota-probolinggo-kost-campur-murah-kost-omah-cahaya-prob-tipe-a-kanigaran-probolinggo-2
Kota Probolinggo,Kost Nusa Indah Tipe A,Putri,Mayangan,0.0,Tidak,Ya,Ya,Ya,Tidak,Ya,500000,https://mamikos.com/room/kost-probolinggo-kost-putri-murah-kost-nusa-indah-tipe-a-mayangan-probolinggo
Kota Probolinggo,Kost Dmaestro,Putra,Kanigaran,0.0,Tidak,Tidak,Ya,Ya,Ya,Tidak,450000,https://mamikos.com/room/kost-probolinggo-kost-putra-murah-kost-dmaestro-kanigaran-probolinggo
Kota Probolinggo,Kost Colorbox House Tipe B,Campur,Mayangan,0.0,Ya,Tidak,Ya,Ya,Ya,Ya,1200000,https://mamikos.com/room/kost-probolinggo-kost-campur-eksklusif-kost-colorbox-house-mayangan-probolinggo
Kota Probolinggo,Kost Kairos,Campur,Kecamatan Kanigaran,0.0,Ya,Ya,Ya,Ya,Ya,Ya,950000,https://mamikos.com/room/kost-kota-probolinggo-kost-campur-eksklusif-kost-kairos-kanigaran-probolinggo
Kota Probolinggo,Kost Pak Haris,Putra,Mayangan,0.0,Tidak,Ya,Tidak,Ya,Tidak,Tidak,350000,https://mamikos.com/room/kost-probolinggo-kost-putra-murah-kost-pak-haris-mayangan-probolinggo
Kota Probolinggo,Kost Moshi Moshi,Campur,Mayangan,0.0,Tidak,Ya,Ya,Ya,Tidak,Ya,600000,https://mamikos.com/room/kost-probolinggo-kost-campur-murah-kost-moshi-moshi-mayangan-probolinggo
Kota Probolinggo,Kost Hunter Tipe A,Putri,Kanigaran,0.0,Tidak,Ya,Ya,Ya,Tidak,Ya,300000,https://mamikos.com/room/kost-kota-probolinggo-kost-putri-murah-kost-hunter-tipe-a-kanigaran-probolinggo
Kota Probolinggo,Kost Putri Wiroborang Mayangan,Putri,Dringu,0.0,Tidak,Ya,Tidak,Tidak,Tidak,Tidak,400000,https://mamikos.com/room/kost-probolinggo-kost-putri-murah-kost-putri-wiroborang-mayangan-probolinggo-1
Kota Probolinggo,Kost Putri Bapak Syaiful,Putri,Mayangan,0.0,Tidak,Tidak,Tidak,Tidak,Tidak,Tidak,500000,https://mamikos.com/room/kost-probolinggo-kost-putri-murah-kost-putri-bapak-syaiful-mayangan-probolinggo
Kota Probolinggo,Kost Al Barokah Tipe C,Campur,Mayangan,0.0,Tidak,Ya,Ya,Ya,Ya,Tidak,450000,https://mamikos.com/room/kost-kota-probolinggo-kost-campur-murah-kost-al-barokah-tipe-c-mayangan-probolinggo
Kota Probolinggo,Kost Serma Abd Tipe B,Putra,Kecamatan Mayangan,0.0,Tidak,Ya,Ya,Tidak,Ya,Ya,450000,https://mamikos.com/room/kost-kota-probolinggo-kost-putra-murah-kost-serma-abd-tipe-b-mayangan-probolinggo-2
Kota Probolinggo,Kost Ekonomis Asabri,Putra,Kanigaran,0.0,Tidak,Tidak,Ya,Tidak,Ya,Ya,350000,https://mamikos.com/room/kost-probolinggo-kost-putra-murah-kost-ekonomis-asabri-kanigaran-probolinggo
Kota Probolinggo,Kost Fins,Campur,Kanigaran,0.0,Ya,Ya,Ya,Tidak,Ya,Ya,850000,https://mamikos.com/room/kost-kota-probolinggo-kost-campur-eksklusif-kost-fins-kanigaran-probolinggo
Kota Probolinggo,Kost Griya Tasfiyah Tipe B,Putri,Kecamatan Mayangan,0.0,Tidak,Tidak,Ya,Ya,Ya,Ya,600000,https://mamikos.com/room/kost-kota-probolinggo-kost-putri-murah-kost-griya-tasfiyah-tipe-b-mayangan-probolinggo
Kota Probolinggo,Kost Kartika Tipe B,Campur,Mayangan,0.0,Ya,Ya,Ya,Ya,Tidak,Ya,900000,https://mamikos.com/room/kost-probolinggo-kost-campur-murah-kost-kartika-tipe-b-mayangan-probolinggo-1
Kota Probolinggo,Kost Serma Tipe A,Putra,Kecamatan Mayangan,0.0,Ya,Ya,Ya,Ya,Ya,Ya,750000,https://mamikos.com/room/kost-kost-putra-murah-kost-serma-tipe-a-mayangan-probolinggo
Kota Probolinggo,Kost Belakang Asrama Polisi,Putra,Kecamatan Mayangan,0.0,Tidak,Tidak,Ya,Tidak,Tidak,Tidak,300000,https://mamikos.com/room/kost-kota-probolinggo-kost-putra-murah-kost-belakang-asrama-polisi-mayangan-probolinggo-1
Kota Probolinggo,Kost Roslinda Tipe A,Campur,Kecamatan Kanigaran,5.0,Ya,Tidak,Ya,Ya,Ya,Ya,850000,https://mamikos.com/room/kost-kota-probolinggo-kost-campur-murah-kost-roslinda-tipe-a-kanigaran-probolinggo-2
Kota Probolinggo,Kost Griya Bougenville Ketapang,Campur,Kademangan,0.0,Tidak,Tidak,Ya,Tidak,Ya,Tidak,350000,https://mamikos.com/room/kost-probolinggo-kost-campur-murah-kost-griya-bougenville-ketapang-probolinggo
Kota Probolinggo,Kost Henny,Campur,Kecamatan Dringu,0.0,Tidak,Ya,Ya,Tidak,Ya,Ya,250000,https://mamikos.com/room/kost-probolinggo-kost-campur-murah-kost-henny-dringu-probolinggo
Kota Probolinggo,Kost Kamila Tipe Ac,Putri,Mayangan,0.0,Ya,Tidak,Ya,Ya,Ya,Ya,900000,https://mamikos.com/room/kost-probolinggo-kost-putri-murah-kost-kamila-tipe-ac-mayangan-probolinggo
Kota Probolinggo,Kost ABC Tipe A,Putri,Kecamatan Mayangan,0.0,Tidak,Ya,Ya,Ya,Ya,Ya,650000,https://mamikos.com/room/kost-kota-probolinggo-kost-putri-murah-kost-abc-tipe-a-mayangan-probolinggo-2
Kota Probolinggo,Kost Humay,Campur,Kecamatan Wonoasih,0.0,Ya,Tidak,Ya,Tidak,Ya,Ya,750000,https://mamikos.com/room/kost-kota-probolinggo-kost-campur-murah-kost-humay-wonoasih-probolinggo-2
Kota Probolinggo,Kost Pak Suwarno Tipe A,Campur,Kecamatan Kanigaran,0.0,Ya,Tidak,Ya,Tidak,Ya,Tidak,450000,https://mamikos.com/room/kost-kota-probolinggo-kost-campur-murah-kost-pak-suwarno-tipe-a-kanigaran-probolinggo
Kota Probolinggo,Kost Zaini,Campur,Mayangan,0.0,Ya,Tidak,Ya,Tidak,Ya,Tidak,800000,https://mamikos.com/room/kost-probolinggo-kost-campur-murah-kost-zaini-mayangan-probolinggo
Kota Probolinggo,Kost Griya Mapan Kamar AC Wh,Campur,Kecamatan Kanigaran,5.0,Ya,Ya,Ya,Ya,Ya,Ya,1200000,https://mamikos.com/room/kost-kota-probolinggo-kost-campur-eksklusif-kost-griya-mapan-kamar-ac-wh-kanigaran-probolinggo-2
Kota Probolinggo,Kost Al Barokah Tipe D,Campur,Mayangan,0.0,Tidak,Ya,Ya,Ya,Ya,Tidak,550000,https://mamikos.com/room/kost-kota-probolinggo-kost-campur-murah-kost-al-barokah-type-b-mayangan-probolinggo
Kota Probolinggo,Kost Colorbox House Tipe A,Campur,Mayangan,0.0,Tidak,Ya,Ya,Tidak,Ya,Ya,650000,https://mamikos.com/room/kost-probolinggo-kost-campur-murah-kost-colorbox-house-non-ac-mayangan-probolinggo-1
Kota Probolinggo,Kost Griya Mapan Kamar Non AC,Campur,Kecamatan Kanigaran,0.0,Tidak,Ya,Ya,Ya,Ya,Ya,500000,https://mamikos.com/room/kost-kota-probolinggo-kost-campur-murah-kost-griya-mapan-kamar-non-ac-kanigaran-probolinggo-2
Kota Probolinggo,Kost Merju Merapi Hijau,Campur,Kecamatan Kademangan,0.0,Tidak,Ya,Ya,Tidak,Ya,Tidak,400000,https://mamikos.com/room/kost-kota-probolinggo-kost-campur-murah-kost-merju-merapi-hijau-kademangan-probolinggo
Kota Probolinggo,Kost Pepaya Kedopak,Putri,Kedopok,0.0,Tidak,Tidak,Ya,Tidak,Tidak,Tidak,300000,https://mamikos.com/room/kost-probolinggo-kost-putri-murah-kost-pepaya-kedopak-probolinggo-1
Kota Probolinggo,Kost Mastrip Gg Kelapa Muda Tipe A,Putri,Kedopok,0.0,Tidak,Tidak,Ya,Tidak,Ya,Tidak,500000,https://mamikos.com/room/kost-probolinggo-kost-putri-murah-kost-mastrip-gg-kelapa-muda-tipe-a-kedopok-probolinggo
Kota Surabaya,Kost Mitra Jaya Bratang Tipe A,Putri,Wonokromo,4.8,Tidak,Ya,Ya,Tidak,Tidak,Ya,725245,https://mamikos.com/room/kost-surabaya-kost-putri-murah-kost-apik-mitra-jaya-bratang-tipe-a-wonokromo-surabaya-1
Kota Surabaya,Kost Mitra Jaya Bratang Tipe B,Putri,Wonokromo,4.5,Tidak,Ya,Ya,Ya,Tidak,Ya,577825,https://mamikos.com/room/kost-kota-surabaya-kost-putri-murah-kost-apik-mitra-jaya-bratang-tipe-b-wonokromo-surabaya-1
Kota Surabaya,Kost Tiara Sidosermo Tipe B,Putri,Wonocolo,0.0,Ya,Ya,Ya,Tidak,Ya,Ya,1125000,https://mamikos.com/room/kost-kota-surabaya-kost-putri-eksklusif-kost-singgahsini-tiara-sidosermo-tipe-b-wonocolo-surabaya-2
Kota Surabaya,Kost Casa Hue Tipe A,Campur,Sawahan,0.0,Ya,Ya,Ya,Ya,Tidak,Ya,1757500,https://mamikos.com/room/kost-kota-surabaya-kost-campur-eksklusif-kost-singgahsini-casa-hue-tipe-a-sawahan-surabaya-2
Kota Surabaya,Kost Griya Ayu Baratajaya Tipe A,Putri,Gubeng,0.0,Ya,Ya,Ya,Ya,Tidak,Ya,1375000,https://mamikos.com/room/kost-kota-surabaya-kost-putri-eksklusif-kost-singgahsini-griya-ayu-baratajaya-tipe-a-gubeng-surabaya-2
Kota Surabaya,Kost Griya Ayu Baratajaya Tipe B,Putri,Gubeng,0.0,Ya,Ya,Ya,Ya,Tidak,Ya,1105000,https://mamikos.com/room/kost-kota-surabaya-kost-putri-eksklusif-kost-singgahsini-griya-ayu-baratajaya-tipe-b-gubeng-surabaya-2
Kota Surabaya,Kost Ibu Dewi Tipe B Ngagel,Putri,Gubeng,0.0,Ya,Tidak,Ya,Ya,Tidak,Ya,1420000,https://mamikos.com/room/kost-kota-surabaya-kost-putri-eksklusif-kost-apik-ibu-dewi-tipe-b-ngagel-surabaya-2
Kota Surabaya,Kost Ibu Dewi Tipe C Ngagel,Putri,Gubeng,0.0,Tidak,Tidak,Ya,Ya,Tidak,Ya,1060000,https://mamikos.com/room/kost-kota-surabaya-kost-putri-eksklusif-kost-apik-ibu-dewi-tipe-c-ngagel-surabaya-2
Kota Surabaya,Kost Ibu Dewi Tipe A Ngagel,Putri,Gubeng,3.6,Ya,Tidak,Ya,Ya,Ya,Ya,1600000,https://mamikos.com/room/kost-kota-surabaya-kost-putri-eksklusif-kost-apik-ibu-dewi-tipe-a-ngagel-surabaya-2
Kota Surabaya,Kost 21 Tipe A Kertajaya,Putri,Gubeng,5.0,Ya,Tidak,Ya,Tidak,Ya,Ya,1566000,https://mamikos.com/room/kost-kota-surabaya-kost-putri-eksklusif-kost-apik-gubeng-21-tipe-a-kertajaya-surabaya
Kota Surabaya,Kost 21 Tipe B Kertajaya,Putri,Gubeng,4.8,Tidak,Tidak,Ya,Tidak,Tidak,Ya,899000,https://mamikos.com/room/kost-kota-surabaya-kost-putri-murah-kost-apik-gubeng-21-tipe-b-kertajaya-surabaya
Kota Surabaya,Kost Inn App Tipe B,Campur,Tenggilis Mejoyo,0.0,Ya,Ya,Ya,Ya,Ya,Ya,1675000,https://mamikos.com/room/kost-kota-surabaya-kost-campur-eksklusif-kost-singgahsini-inn-app-tipe-b-tenggilis-mejoyo-surabaya-2
Kota Surabaya,Kost Tiara Sidosermo Tipe A,Putri,Wonocolo,0.0,Ya,Ya,Ya,Tidak,Ya,Ya,1400000,https://mamikos.com/room/kost-kota-surabaya-kost-putri-eksklusif-kost-singgahsini-tiara-sidosermo-tipe-a-wonocolo-surabaya-2
Kota Surabaya,Kost Airlangga Tipe B,Putri,Gubeng,4.8,Ya,Ya,Ya,Ya,Tidak,Ya,1183000,https://mamikos.com/room/kost-kota-surabaya-kost-putri-eksklusif-kost-singgahsini-airlangga-tipe-b-gubeng-surabaya-2
Kota Surabaya,Kost Kertajaya 10 Tipe A,Putra,Gubeng,4.6,Tidak,Ya,Ya,Ya,Tidak,Tidak,763500,https://mamikos.com/room/kost-surabaya-kost-putra-murah-kost-apik-gubeng-kertajaya-10-tipe-a-surabaya-1
Kota Surabaya,Kost Inn App Tipe A,Campur,Tenggilis Mejoyo,0.0,Ya,Ya,Ya,Ya,Ya,Ya,1635000,https://mamikos.com/room/kost-kota-surabaya-kost-campur-eksklusif-kost-singgahsini-inn-app-tipe-a-tenggilis-mejoyo-surabaya-2
Kota Surabaya,Kost Kertajaya Utimami Tipe A,Putri,Gubeng,4.6,Ya,Tidak,Ya,Ya,Ya,Ya,1615000,https://mamikos.com/room/kost-kota-surabaya-kost-putri-eksklusif-kost-singgahsini-kertajaya-utimami-tipe-a-gubeng-surabaya
Kota Surabaya,Kost Bale Bali Putat Jaya Tipe A,Putra,Sawahan,0.0,Ya,Tidak,Ya,Ya,Ya,Ya,1645000,https://mamikos.com/room/kost-kota-surabaya-kost-putra-eksklusif-kost-singgahsini-bale-bali-putat-jaya-tipe-a-sawahan-surabaya-2
Kota Surabaya,Kost Airlangga Tipe A,Putri,Gubeng,0.0,Ya,Ya,Ya,Ya,Tidak,Ya,1500000,https://mamikos.com/room/kost-kota-surabaya-kost-putri-eksklusif-kost-singgahsini-airlangga-tipe-a-gubeng-surabaya-2
Kota Surabaya,Kost Monic Living WM Dinoyo Tipe A,Putri,Tegalsari,0.0,Ya,Tidak,Ya,Ya,Tidak,Ya,1060668,https://mamikos.com/room/kost-kota-surabaya-kost-putri-eksklusif-kost-singgahsini-monic-living-wm-dinoyo-tipe-a-tegalsari-surabaya
Kota Surabaya,Kost Brown UNESA Tipe A,Putra,Wiyung,0.0,Ya,Ya,Ya,Ya,Ya,Ya,1825000,https://mamikos.com/room/kost-kota-surabaya-kost-putra-eksklusif-kost-singgahsini-brown-unesa-tipe-a-wiyung-surabaya-2
Kota Surabaya,Kost Monic Living WM Dinoyo Tipe B,Putri,Tegalsari,3.9,Ya,Tidak,Ya,Ya,Tidak,Ya,909144,https://mamikos.com/room/kost-kota-surabaya-kost-putri-eksklusif-kost-singgahsini-monic-living-wm-dinoyo-tipe-b-tegalsari-surabaya
Kota Surabaya,Kost Kertajaya Utimami Tipe C,Putri,Gubeng,4.8,Ya,Tidak,Ya,Ya,Ya,Ya,1874000,https://mamikos.com/room/kost-kota-surabaya-kost-putri-eksklusif-kost-singgahsini-kertajaya-utimami-tipe-c-gubeng-surabaya-2
Kota Surabaya,Kost Pak Irwan 4,Putra,Gayungan,0.0,Tidak,Ya,Ya,Tidak,Tidak,Ya,650000,https://mamikos.com/room/kost-surabaya-kost-putra-murah-kost-pak-irwan-4-gayungan-surabaya
Kota Surabaya,Kost Kertajaya 6 Tipe A,Campur,Gubeng,4.5,Ya,Ya,Ya,Ya,Ya,Ya,1700000,https://mamikos.com/room/kost-kota-surabaya-kost-campur-eksklusif-kost-singgahsini-kertajaya-6-tipe-a-gubeng-surabaya-2
Kota Surabaya,Kost Tembuz I Tipe A,Putri,Kecamatan Tegalsari,0.0,Ya,Ya,Ya,Ya,Ya,Ya,1500000,https://mamikos.com/room/kost-surabaya-kost-putri-eksklusif-kost-tembuz-i-tipe-a-tegalsari-surabaya-2
Kota Surabaya,Kost Q Tipe C Sidosermo,Campur,Wonocolo,4.9,Ya,Ya,Ya,Ya,Ya,Ya,1625000,https://mamikos.com/room/kost-kota-surabaya-kost-campur-eksklusif-kost-singgahsini-q-tipe-c-sidosermo-surabaya-
Kota Surabaya,Kost DKT 66,Putri,Sawahan,0.0,Ya,Tidak,Ya,Ya,Ya,Ya,1700000,https://mamikos.com/room/kost-kota-surabaya-kost-putri-eksklusif-kost-dkt-66-sawahan-surabaya
Kota Surabaya,Kost Luxury Graha Indah Tipe Executive,Campur,Wonokromo,0.0,Ya,Ya,Ya,Ya,Ya,Ya,1600000,https://mamikos.com/room/kost-surabaya-kost-campur-eksklusif-kost-luxury-graha-indah-tipe-executive-wonokromo-surabaya
Kota Surabaya,Kost Bu Wati Tipe Comfort,Campur,Gubeng,4.4,Ya,Ya,Ya,Ya,Ya,Ya,1350000,https://mamikos.com/room/kost-kota-surabaya-kost-campur-eksklusif-kost-bu-wati-tipe-comfort-gubeng-surabaya-2
Kota Surabaya,Kost Q Tipe B Sidosermo,Campur,Wonocolo,4.9,Ya,Ya,Ya,Ya,Ya,Ya,1775000,https://mamikos.com/room/kost-kota-surabaya-kost-campur-eksklusif-kost-singgahsini-q-tipe-b-sidosermo-surabaya
Kota Surabaya,Kost Hj Hasan Tipe B,Putri,Gubeng,5.0,Ya,Ya,Ya,Ya,Ya,Ya,1525000,https://mamikos.com/room/kost-kota-surabaya-kost-putri-eksklusif-kost-singgahsini-hj-hasan-tipe-b-gubeng-surabaya-1
Kota Surabaya,Kost Premium,Campur,Wonokromo,0.0,Ya,Tidak,Ya,Ya,Ya,Ya,1600000,https://mamikos.com/room/kost-surabaya-kost-campur-eksklusif-kost-premium-wonokromo-surabaya
Kota Surabaya,Kost Ngagel Madya I,Putra,Gubeng,0.0,Ya,Ya,Ya,Ya,Ya,Ya,1500000,https://mamikos.com/room/kost-surabaya-kost-putra-eksklusif-kost-ngagel-madya-i-gubeng-surabaya-2
Kota Surabaya,Kost Rumah 188,Putra,Suko Manunggal,4.4,Ya,Ya,Ya,Ya,Ya,Ya,1500000,https://mamikos.com/room/kost-kota-surabaya-kost-putra-eksklusif-kost-rumah-188-suko-manunggal-surabaya
Kota Surabaya,Kost Ibu Sarman Ekonomi,Putri,Gubeng,0.0,Tidak,Ya,Ya,Tidak,Tidak,Ya,850000,https://mamikos.com/room/kost-kota-surabaya-kost-putri-murah-kost-ibu-sarman-ekonomi-gubeng-surabaya-2
Kota Surabaya,Kost Idaman Tipe C,Putri,Tenggilis Mejoyo,4.8,Ya,Ya,Ya,Ya,Tidak,Ya,945000,https://mamikos.com/room/kost-kota-surabaya-kost-putri-eksklusif-kost-singgahsini-idaman-tipe-c-tenggilis-mejoyo-surabaya-2
Kota Surabaya,Kost Ngagel Krukah Bratang,Putri,Kecamatan Wonokromo,0.0,Tidak,Ya,Ya,Tidak,Tidak,Ya,750000,https://mamikos.com/room/kost-surabaya-kost-putri-murah-kost-ngagel-krukah-bratang-wonokromo-surabaya
Kota Surabaya,Kost Gembili 2 Tipe A,Putri,Kecamatan Wonokromo,0.0,Ya,Tidak,Ya,Ya,Ya,Ya,1850000,https://mamikos.com/room/kost-surabaya-kost-putri-eksklusif-kost-gembili-2-tipe-a-wonokromo-surabaya
Kota Surabaya,Kost Idaman Tipe A,Putri,Tenggilis Mejoyo,4.0,Ya,Ya,Ya,Ya,Tidak,Ya,1155000,https://mamikos.com/room/kost-kota-surabaya-kost-putri-eksklusif-kost-singgahsini-idaman-tipe-a-tenggilis-mejoyo-surabaya-2
Kota Surabaya,Kost Bu Lestari,Putri,Wonokromo,5.0,Tidak,Ya,Ya,Ya,Tidak,Ya,1400000,https://mamikos.com/room/kost-kota-surabaya-kost-putri-murah-kost-bu-lestari-wonokromo-surabaya-2
Kota Surabaya,Kost Jj House Tipe Eksklusif Karangpilang,Putra,Karang Pilang,0.0,Ya,Tidak,Ya,Ya,Ya,Ya,1500000,https://mamikos.com/room/kost-surabaya-kost-putra-eksklusif-kost-jj-house-tipe-eksklusif-karangpilang-surabaya-2
Kota Surabaya,Kost Mi Casa Tipe B,Putra,Kecamatan Wonokromo,0.0,Tidak,Ya,Ya,Tidak,Tidak,Ya,750000,https://mamikos.com/room/kost-kota-surabaya-kost-putra-murah-kost-mi-casa-tipe-b-wonokromo-surabaya-1
Kota Surabaya,Kost Ibu Monica,Putra,Tenggilis Mejoyo,5.0,Ya,Ya,Ya,Ya,Ya,Ya,1700000,https://mamikos.com/room/kost-surabaya-kost-putra-eksklusif-kost-ibu-monica-tenggilis-mejoyo-surabaya
Kota Surabaya,Kost Idaman Tipe B,Putri,Tenggilis Mejoyo,4.9,Ya,Ya,Ya,Ya,Tidak,Ya,1015000,https://mamikos.com/room/kost-kota-surabaya-kost-putri-eksklusif-kost-singgahsini-idaman-tipe-b-tenggilis-mejoyo-surabaya-2
Kota Surabaya,Kost Pucang Jajar Tipe Balkon,Putri,Gubeng,0.0,Ya,Tidak,Ya,Ya,Ya,Ya,1800000,https://mamikos.com/room/kost-kota-surabaya-kost-putri-eksklusif-kost-pucang-jajar-tipe-balkon-gubeng-surabaya-2
Kota Surabaya,Kost Pak Mulyono,Campur,Tegalsari,5.0,Ya,Ya,Ya,Tidak,Tidak,Ya,1400000,https://mamikos.com/room/kost-kota-surabaya-kost-campur-eksklusif-kost-pak-mulyono-tegalsari-surabaya
Kota Surabaya,Kost Bu Yuyun Tipe B,Putri,Kecamatan Wonocolo,0.0,Ya,Ya,Ya,Tidak,Tidak,Ya,1400000,https://mamikos.com/room/kost-kota-surabaya-kost-putri-eksklusif-kost-bu-yuyun-tipe-b-wonocolo-surabaya
Kota Surabaya,Kost Gembili II Tipe A,Putra,Kecamatan Wonokromo,0.0,Ya,Tidak,Ya,Ya,Ya,Ya,1850000,https://mamikos.com/room/kost-surabaya-kost-putra-eksklusif-kost-gembili-ii-tipe-a-wonokromo-surabaya
Kota Surabaya,Kost Hj Hasan Tipe A,Putri,Gubeng,4.9,Ya,Ya,Ya,Ya,Ya,Ya,1655000,https://mamikos.com/room/kost-kota-surabaya-kost-putri-eksklusif-kost-singgahsini-hj-hasan-tipe-a-gubeng-surabaya
Kota Surabaya,Kost Nyaman Tipe Ac,Putra,Sawahan,0.0,Ya,Ya,Ya,Ya,Tidak,Ya,1450000,https://mamikos.com/room/kost-surabaya-kost-putra-eksklusif-kost-nyaman-tipe-ac-sawahan-surabaya-2
Kota Surabaya,Kost Tembus 999 Tipe A,Putri,Kecamatan Sawahan,0.0,Ya,Ya,Ya,Ya,Ya,Ya,1500000,https://mamikos.com/room/kost-surabaya-kost-putri-eksklusif-kost-tembus-999-tipe-a-sawahan-surabaya
Kota Surabaya,Kost Namira Tipe Standart,Putra,Sawahan,0.0,Ya,Tidak,Ya,Ya,Ya,Ya,1400000,https://mamikos.com/room/kost-surabaya-kost-putra-eksklusif-kost-namira-tipe-standart-sawahan-surabaya-2
Kota Surabaya,Kost Bu Jerry Tipe B,Campur,Wonokromo,0.0,Tidak,Ya,Ya,Tidak,Tidak,Ya,700000,https://mamikos.com/room/kost-kota-surabaya-kost-campur-murah-kost-bu-jerry-tipe-b-wonokromo-surabaya-2
Kota Surabaya,Kost Bu Yuyun Tipe A,Putri,Wonocolo,0.0,Ya,Tidak,Ya,Ya,Ya,Ya,1700000,https://mamikos.com/room/kost-kota-surabaya-kost-putri-eksklusif-kost-bu-yuyun-tipe-a-wonocolo-surabaya
Kota Surabaya,Kost DK20 Tipe A,Campur,Kecamatan Dukuhpakis,0.0,Ya,Ya,Ya,Ya,Ya,Tidak,1500000,https://mamikos.com/room/kost-kota-surabaya-kost-campur-eksklusif-kost-dk20-tipe-a-dukuhpakis-surabaya-2
Kota Surabaya,Kost Anna I Tipe A,Putri,Kecamatan Dukuhpakis,0.0,Ya,Tidak,Ya,Ya,Ya,Ya,1600000,https://mamikos.com/room/kost-surabaya-kost-putri-eksklusif-kost-anna-i-tipe-a-dukuhpakis-surabaya
Kota Surabaya,Kost Santi Jemur Tipe Ac,Putri,Wonocolo,0.0,Ya,Tidak,Ya,Ya,Tidak,Ya,1500000,https://mamikos.com/room/kost-surabaya-kost-putri-eksklusif-kost-santi-jemur-tipe-ac-wonocolo-surabaya
Kota Surabaya,Kost Cozy Room,Putra,Jambangan,0.0,Ya,Tidak,Ya,Ya,Ya,Ya,1800000,https://mamikos.com/room/kost-surabaya-kost-putra-eksklusif-kost-cozy-room-jambangan-surabaya-2
Kota Surabaya,Kost Fadilla Tipe A,Putri,Rungkut,0.0,Tidak,Ya,Ya,Tidak,Tidak,Ya,650000,https://mamikos.com/room/kost-kota-surabaya-kost-putri-murah-kost-fadilla-tipe-a-rungkut-surabaya-1
Kota Surabaya,Kost Wira,Campur,Gubeng,3.4,Ya,Ya,Ya,Ya,Ya,Ya,1800000,https://mamikos.com/room/kost-kota-surabaya-kost-campur-eksklusif-kost-wira-gubeng-surabaya
Kota Surabaya,Kost Dharmawangsha Tipe A,Putri,Kecamatan Gubeng,0.0,Tidak,Ya,Ya,Tidak,Tidak,Ya,1100000,https://mamikos.com/room/kost-kota-surabaya-kost-putri-eksklusif-kost-dharmawangsha-tipe-a-gubeng-surabaya
Kota Surabaya,Kost Bintang Tipe D,Putri,Kecamatan Gubeng,0.0,Ya,Ya,Ya,Ya,Ya,Ya,1400000,https://mamikos.com/room/kost-kota-surabaya-kost-putri-eksklusif-kost-bintang-tipe-d-gubeng-surabaya
Kota Surabaya,Kost Nirmala Tipe AC,Putri,Gubeng,0.0,Ya,Ya,Ya,Ya,Ya,Ya,1600000,https://mamikos.com/room/kost-kota-surabaya-kost-putri-eksklusif-kost-nirmala-tipe-ac-gubeng-surabaya
Kota Surabaya,Kost Arsya Tipe Standard,Putra,Kecamatan Tenggilis Mejoyo,4.9,Ya,Ya,Ya,Ya,Ya,Ya,1500000,https://mamikos.com/room/kost-kota-surabaya-kost-putra-eksklusif-kost-arsya-tipe-standard-tenggilis-mejoyo-surabaya-2
Kota Surabaya,Kost Dukuh Kupang II Dukuhpakis,Campur,Dukuh Pakis,0.0,Tidak,Tidak,Ya,Ya,Ya,Tidak,950000,https://mamikos.com/room/kost-surabaya-kost-campur-murah-kost-dukuh-kupang-ii-dukuhpakis-surabaya-1
Kota Surabaya,Kost Griya Jakti Mulia,Campur,Jambangan,0.0,Ya,Ya,Ya,Tidak,Ya,Ya,1500000,https://mamikos.com/room/kost-surabaya-kost-campur-eksklusif-kost-griya-jakti-mulia-jambangan-surabaya-2
Kota Surabaya,Kost Airlangga Executive A,Putra,Kecamatan Gubeng,5.0,Ya,Ya,Ya,Ya,Ya,Ya,1750000,https://mamikos.com/room/kost-surabaya-kost-putra-eksklusif-kost-airlangga-executive-a-gubeng-surabaya
Kota Surabaya,Kost Edwan Mitra Tipe Standard,Putri,Sawahan,3.0,Tidak,Ya,Ya,Ya,Ya,Tidak,750000,https://mamikos.com/room/kost-surabaya-kost-campur-murah-kost-edwan-mitra-tipe-standard-sawahan-surabaya-2
Kota Surabaya,Kost Siwalankerto Timur Petra,Putri,Wonocolo,0.0,Ya,Tidak,Ya,Ya,Ya,Ya,1500000,https://mamikos.com/room/kost-surabaya-kost-putri-eksklusif-kost-siwalankerto-timur-petra-wonocolo-surabaya
Kota Surabaya,Kost Dharmawangsha Tipe B,Putri,Gubeng,4.1,Ya,Tidak,Ya,Tidak,Tidak,Ya,1200000,https://mamikos.com/room/kost-surabaya-kost-putri-eksklusif-kost-dharmawangsha-tipe-b-gubeng-surabaya
Kota Surabaya,Kost Ngagel Tama 5153 Tipe B,Campur,Kecamatan Gubeng,0.0,Ya,Ya,Ya,Ya,Ya,Ya,1800000,https://mamikos.com/room/kost-kota-surabaya-kost-campur-eksklusif-kost-ngagel-tama-5153-tipe-b-gubeng-surabaya-2
Kota Surabaya,Kost Edu Siwalankerto Tipe Eksekutif,Putri,Wonocolo,0.0,Ya,Ya,Ya,Ya,Tidak,Ya,1400000,https://mamikos.com/room/kost-surabaya-kost-putri-eksklusif-kost-edu-siwalankerto-tipe-eksekutif-wonocolo-surabaya
Kota Surabaya,Kost Diponegoro,Putri,Kecamatan Tegalsari,0.0,Ya,Tidak,Ya,Ya,Ya,Ya,1650000,https://mamikos.com/room/kost-surabaya-kost-putri-eksklusif-kost-putri-diponegoro-tegalsari-surabaya
Kota Surabaya,Kost FIsabilillah 3,Campur,Tegalsari,0.0,Tidak,Ya,Ya,Tidak,Ya,Ya,910000,https://mamikos.com/room/kost-kota-surabaya-kost-putra-murah-kost-fisabilillah-3-tegalsari-surabaya
Kota Surabaya,Kost Wonderland,Putra,Kecamatan Tenggilis Mejoyo,0.0,Ya,Tidak,Ya,Ya,Tidak,Ya,1000000,https://mamikos.com/room/kost-kota-surabaya-kost-putra-eksklusif-kost-wonderland-tenggilis-mejoyo-surabaya
Kota Surabaya,Kost Guardian Pakisgunung Tipe Deluxe Vip,Putri,Sawahan,0.0,Ya,Ya,Ya,Ya,Ya,Ya,1800000,https://mamikos.com/room/kost-surabaya-kost-putri-eksklusif-kost-guardian-pakisgunung-tipe-deluxe-vip-sawahan-surabaya-2
Kota Surabaya,Kost Nisrina,Putri,Karang Pilang,0.0,Ya,Tidak,Ya,Ya,Ya,Ya,1500000,https://mamikos.com/room/kost-surabaya-kost-putri-eksklusif-kost-nisrina-karang-pilang-surabaya
Kota Surabaya,Kost Ngagel Dadi Tipe Non Ac,Putri,Wonokromo,0.0,Tidak,Ya,Ya,Ya,Tidak,Ya,800000,https://mamikos.com/room/kost-surabaya-kost-putri-murah-kost-ngagel-dadi-tipe-non-ac-wonokromo-surabaya
Kota Surabaya,Kost Bobo 2 Dukuhpakis,Campur,Dukuh Pakis,0.0,Ya,Ya,Ya,Ya,Ya,Ya,1800000,https://mamikos.com/room/kost-surabaya-kost-campur-murah--482
Kota Surabaya,Kost Gymbrader Inn Tipe Standart Premium Deluxe,Campur,Wonocolo,0.0,Ya,Ya,Ya,Ya,Ya,Ya,1700000,https://mamikos.com/room/kost-surabaya-kost-campur-eksklusif-kost-gymbrader-inn-tipe-standart-premium-deluxe-wonocolo-surabaya
Kota Surabaya,Kost Happy Standart,Campur,Wonocolo,0.0,Ya,Tidak,Tidak,Ya,Tidak,Ya,1500000,https://mamikos.com/room/kost-kota-surabaya-kost-campur-eksklusif-kost-happy-standart-wonocolo-surabaya
Kota Surabaya,Kost Ketintang Baru Tipe Asrama,Putri,Gayungan,5.0,Ya,Ya,Ya,Ya,Ya,Ya,650000,https://mamikos.com/room/kost-kota-surabaya-kost-putri-murah-kost-ketintang-baru-tipe-asrama-gayungan-surabaya
Kota Surabaya,Kost Pucang Asri V Tipe A1,Putri,Gubeng,0.0,Tidak,Ya,Ya,Ya,Ya,Ya,957000,https://mamikos.com/room/kost-surabaya-kost-putri-murah-kost-pucang-asri-v-tipe-a1-gubeng-surabaya-2
Kota Surabaya,Kost Syariah Kutisari Selatan Tipe A,Campur,Kecamatan Tenggilis Mejoyo,0.0,Ya,Ya,Ya,Ya,Ya,Ya,1350000,https://mamikos.com/room/kost-kota-surabaya-kost-campur-eksklusif-kost-syariah-kutisari-selatan-tipe-a-tenggilis-mejoyo-surabaya-2
Kota Surabaya,Kost Pak Kusnan Tipe A,Putri,Gubeng,0.0,Tidak,Ya,Ya,Tidak,Tidak,Ya,750000,https://mamikos.com/room/kost-kota-surabaya-kost-putri-eksklusif-kost-pak-kusnan-tipe-a-gubeng-surabaya
Kota Surabaya,Kost Dukuh Kupang Tipe 1,Campur,Sawahan,0.0,Ya,Ya,Ya,Ya,Ya,Ya,1500000,https://mamikos.com/room/kost-kota-surabaya-kost-campur-eksklusif-kost-dukuh-kupang-tipe-1-sawahan-surabaya-1
Kota Surabaya,Kost Kencana,Campur,Dukuh Pakis,0.0,Ya,Ya,Ya,Ya,Ya,Ya,1750000,https://mamikos.com/room/kost-kota-surabaya-kost-campur-eksklusif-kost-kencana-dukuh-pakis-surabaya-2
Kota Surabaya,Kost Pratama Kutisari Tipe AC,Campur,Kecamatan Tenggilis Mejoyo,0.0,Ya,Ya,Ya,Ya,Ya,Ya,1000000,https://mamikos.com/room/kost-surabaya-kost-campur-eksklusif-kost-pratama-kutisari-tipe-ac-tenggilis-mejoyo-surabaya
Kota Surabaya,Kost Jemursari Tipe B1,Putri,Wonocolo,0.0,Ya,Ya,Ya,Ya,Ya,Ya,1600000,https://mamikos.com/room/kost-kota-surabaya-kost-putri-eksklusif-kost-jemursari-tipe-b1-wonocolo-surabaya-2
Kota Surabaya,Kost Bing Cen,Campur,Gubeng,0.0,Ya,Ya,Ya,Ya,Tidak,Ya,1400000,https://mamikos.com/room/kost-kota-surabaya-kost-campur-murah-kost-bing-cen-gubeng-surabaya-1
Kota Surabaya,Kost Cika Indah,Putri,Tambaksari,4.6,Ya,Ya,Ya,Ya,Ya,Ya,1700000,https://mamikos.com/room/kost-kota-surabaya-kost-putri-eksklusif-kost-cika-indah-tambaksari-surabaya
Kota Surabaya,Kost Adityawarman,Putra,Wonokromo,0.0,Ya,Ya,Ya,Ya,Ya,Ya,1500000,https://mamikos.com/room/kost-surabaya-kost-putra-eksklusif-kost-adityawarman-wonokromo-surabaya
Kota Surabaya,Kost Guardian Deluxe Pakis Tirtosari Tipe VIP Deluxe,Putri,Kecamatan Sawahan,0.0,Ya,Ya,Ya,Ya,Ya,Ya,1650000,https://mamikos.com/room/kost-surabaya-kost-putri-eksklusif-kost-guardian-deluxe-pakis-tirtosari-tipe-vip-deluxe-sawahan-surabaya
Kota Surabaya,Kost Petemon 4 Tipe A,Campur,Sawahan,4.8,Ya,Tidak,Ya,Ya,Ya,Ya,1200000,https://mamikos.com/room/kost-kota-surabaya-kost-campur-eksklusif-kost-petemon-4-tipe-a-sawahan-surabaya-2
Kota Surabaya,Kost Mashita Tipe A,Campur,Wonokromo,0.0,Ya,Ya,Ya,Ya,Ya,Ya,1100000,https://mamikos.com/room/kost-kota-surabaya-kost-campur-eksklusif-kost-mashita-tipe-a-wonokromo-surabaya-2
Kota Surabaya,Kost Harlin Tipe Regular,Putri,Gubeng,0.0,Ya,Ya,Ya,Ya,Ya,Ya,1600000,https://mamikos.com/room/kost-surabaya-kost-putri-eksklusif-kost-harlin-tipe-regular-gubeng-surabaya
Kota Surabaya,Kost Novan 43,Putri,Kecamatan Gubeng,0.0,Tidak,Tidak,Ya,Tidak,Ya,Ya,750000,https://mamikos.com/room/kost-kota-surabaya-kost-putri-murah-kost-novan-43-gubeng-surabaya
Kota Surabaya,Kost Tp Campur,Campur,Kecamatan Dukuhpakis,0.0,Ya,Ya,Ya,Ya,Ya,Ya,1800000,https://mamikos.com/room/kost-surabaya-kost-campur-murah--481
Kota Surabaya,Kost Ubi IV Non Ac,Putri,Wonokromo,0.0,Tidak,Ya,Ya,Tidak,Ya,Ya,1000000,https://mamikos.com/room/kost-kota-surabaya-kost-putri-eksklusif-kost-ubi-iv-non-ac-wonokromo-surabaya-2
Kota Surabaya,Kost Timur,Campur,Gubeng,5.0,Ya,Ya,Tidak,Ya,Ya,Tidak,1400000,https://mamikos.com/room/kost-kota-surabaya-kost-campur-eksklusif-kost-timur-gubeng-surabaya
Kota Surabaya,Kost Jemursari Tipe A,Putri,Wonocolo,0.0,Ya,Ya,Ya,Ya,Ya,Ya,1600000,https://mamikos.com/room/kost-surabaya-kost-putri-eksklusif-kost-jemursari-tipe-a-wonocolo-surabaya
Kota Surabaya,Kost V,Putri,Kecamatan Gubeng,0.0,Ya,Ya,Ya,Ya,Ya,Ya,1850000,https://mamikos.com/room/kost-kota-surabaya-kost-putri-eksklusif-kost-v-gubeng-surabaya
Kota Surabaya,Kost Dharmawangsa Executive,Putra,Kecamatan Gubeng,5.0,Ya,Ya,Ya,Ya,Ya,Ya,1850000,https://mamikos.com/room/kost-surabaya-kost-putra-eksklusif-kost-dharmawangsa-executive-gubeng-surabaya-2
Kota Surabaya,Kost Dekat Unair Polekes,Putri,Kecamatan Gubeng,0.0,Ya,Ya,Ya,Ya,Ya,Ya,1100000,https://mamikos.com/room/kost-surabaya-kost-putri-eksklusif-kost-dekat-unair-polekes-gubeng-surabaya
Kota Surabaya,Kost Embong Blimbing 7S Tipe A,Putri,Genteng,4.9,Ya,Ya,Ya,Ya,Ya,Ya,1300000,https://mamikos.com/room/kost-surabaya-kost-putri-eksklusif-kost-embong-blimbing-7s-tipe-a-genteng-surabaya
Kota Surabaya,Kost Dukuh Kupang Timur Tipe A,Putra,Sawahan,0.0,Ya,Tidak,Ya,Ya,Ya,Ya,1600000,https://mamikos.com/room/kost-kota-surabaya-kost-putra-eksklusif-kost-dukuh-kupang-timur-tipe-a-sawahan-surabaya-1
Kota Surabaya,Kost Noer,Campur,Wonokromo,0.0,Ya,Ya,Ya,Ya,Ya,Ya,1500000,https://mamikos.com/room/kost-kota-surabaya-kost-putri-eksklusif-kost-noer-wonokromo-surabaya-2
Kota Surabaya,Kost Buana,Putri,Dukuh Pakis,4.9,Ya,Tidak,Ya,Tidak,Ya,Ya,1500000,https://mamikos.com/room/kost-kota-surabaya-kost-putri-eksklusif-kost-buana-dukuh-pakis-surabaya
Kota Surabaya,Kost Tino Galih Perdana Tipe A,Putri,Kecamatan Tambaksari,4.5,Tidak,Ya,Ya,Ya,Tidak,Ya,550000,https://mamikos.com/room/kost-kota-surabaya-kost-putri-murah-kost-tino-galih-perdana-tipe-a-tambaksari-surabaya-2
Kota Surabaya,Kost Gang Kelinci,Campur,Wonokromo,0.0,Tidak,Tidak,Ya,Ya,Ya,Ya,800000,https://mamikos.com/room/kost-surabaya-kost-campur-murah-kost-gang-kelinci-wonokromo-surabaya-2
Kota Surabaya,Kost Ibu Enny,Campur,Kecamatan Sawahan,4.6,Ya,Ya,Ya,Ya,Ya,Ya,1500000,https://mamikos.com/room/kost-kota-surabaya-kost-campur-eksklusif-kost-ibu-enny-sawahan-surabaya
Kota Surabaya,Kost Guardian Pakis Jambu Tipe Deluxe Ac,Putri,Sawahan,0.0,Ya,Tidak,Ya,Ya,Ya,Ya,1450000,https://mamikos.com/room/kost-surabaya-kost-putri-eksklusif-kost-guardian-pakis-jambu-tipe-deluxe-ac-sawahan-surabaya-2
Kota Surabaya,Kost Nur Aini Dukuhpakis,Putri,Dukuh Pakis,0.0,Ya,Ya,Ya,Ya,Ya,Ya,1400000,https://mamikos.com/room/kost-surabaya-kost-putri-eksklusif-kost-nur-aini-dukuhpakis-surabaya
Kota Surabaya,Kost Jemursari Tipe C,Putri,Wonocolo,0.0,Tidak,Ya,Ya,Tidak,Tidak,Ya,1600000,https://mamikos.com/room/kost-surabaya-kost-putri-murah-kost-jemursari-tipe-c-wonocolo-surabaya-2
Kota Surabaya,Kost Disini Ajalah Tipe A,Campur,Wonocolo,0.0,Ya,Ya,Ya,Ya,Ya,Ya,1500000,https://mamikos.com/room/kost-surabaya-kost-campur-eksklusif-kost-disini-ajalah-tipe-a-wonocolo-surabaya
Kota Surabaya,Kost Pojok Tipe A1,Campur,Kecamatan Wonocolo,0.0,Ya,Ya,Ya,Ya,Tidak,Ya,1500000,https://mamikos.com/room/kost-surabaya-kost-campur-eksklusif-kost-pojok-type-a-wonocolo-surabaya
Kota Surabaya,Kost Mustiko Tipe A,Putra,Kecamatan Tenggilis Mejoyo,0.0,Ya,Tidak,Ya,Tidak,Tidak,Ya,1000000,https://mamikos.com/room/kost-surabaya-kost-putra-eksklusif-kost-mustiko-tipe-a-tenggilis-mejoyo-surabaya
Kota Surabaya,Kost Moms House Tipe Non Ac 2nd Floor,Putri,Wonocolo,0.0,Tidak,Ya,Ya,Ya,Tidak,Ya,1000000,https://mamikos.com/room/kost-surabaya-kost-putri-eksklusif-kost-moms-house-tipe-non-ac-2nd-floor-wonocolo-surabaya
Kota Surabaya,Kost Omahe Radjin Tipe Executive,Putra,Sawahan,0.0,Ya,Ya,Ya,Ya,Tidak,Ya,1200000,https://mamikos.com/room/kost-surabaya-kost-putra-eksklusif-kost-omahe-radjin-tipe-executive-sawahan-surabaya
Kota Surabaya,Kost Mustiko Premium,Putra,Tenggilis Mejoyo,4.8,Ya,Tidak,Ya,Tidak,Tidak,Ya,1000000,https://mamikos.com/room/kost-kota-surabaya-kost-putra-eksklusif-kost-mustiko-premium-tenggilis-mejoyo-surabaya
Kota Surabaya,Kost Chan Tipe A,Putri,Gubeng,0.0,Tidak,Tidak,Ya,Tidak,Tidak,Tidak,900000,https://mamikos.com/room/kost-surabaya-kost-putri-murah-kost-chan-tipe-a-gubeng-surabaya
Kota Surabaya,Kost Excecutive,Putri,Kecamatan Tegalsari,3.8,Ya,Tidak,Tidak,Ya,Ya,Ya,1650000,https://mamikos.com/room/kost-kost-putri-eksklusif-kost-putri-excecutive-tegalsari-surabaya
Kota Surabaya,Kost Qu Tipe Executive,Campur,Genteng,0.0,Ya,Tidak,Ya,Ya,Tidak,Tidak,1752000,https://mamikos.com/room/kost-kota-surabaya-kost-campur-eksklusif-kost-qu-tipe-executive-genteng-surabaya-2
Kota Surabaya,Kost Ca,Campur,Kecamatan Wonokromo,0.0,Ya,Ya,Ya,Tidak,Ya,Ya,1600000,https://mamikos.com/room/kost-surabaya-kost-campur-eksklusif-kost-ca-wonokromo-surabaya
Kota Surabaya,Kost Bu Wahyu Setyorini Tipe D,Campur,Kecamatan Tegalsari,0.0,Tidak,Ya,Tidak,Ya,Tidak,Ya,800000,https://mamikos.com/room/kost-surabaya-kost-campur-murah-kost-bu-wahyu-setyorini-tipe-d-tegalsari-surabaya
Kota Surabaya,Kost Utara,Campur,Kecamatan Gubeng,0.0,Ya,Tidak,Ya,Tidak,Tidak,Tidak,1400000,https://mamikos.com/room/kost-kota-surabaya-kost-campur-eksklusif-kost-utara-gubeng-surabaya-2
Kota Surabaya,Kost Kogge Tipe VVIP,Putri,Kecamatan Wonokromo,0.0,Ya,Ya,Ya,Ya,Ya,Ya,1700000,https://mamikos.com/room/kost-surabaya-kost-putri-eksklusif-kost-kogge-tipe-vvip-wonokromo-surabaya-2
Kota Surabaya,Kost Eksekutif Chris Kencana 1 Tipe D,Campur,Dukuh Pakis,0.0,Tidak,Ya,Ya,Ya,Tidak,Ya,1400000,https://mamikos.com/room/kost-surabaya-kost-campur-eksklusif-kost-eksekutif-chris-kencana-1-tipe-d-dukuh-pakis-surabaya
Kota Surabaya,Kost putri Pandegiling,Putri,Kecamatan Tegalsari,0.0,Ya,Tidak,Ya,Ya,Tidak,Ya,1400000,https://mamikos.com/room/kost-kost-putri-eksklusif-kost-putri-pandegiling-tegalsari-surabaya
Kota Surabaya,Kost Bu Yana Vvip 2,Campur,Gubeng,0.0,Ya,Ya,Ya,Ya,Ya,Ya,1750000,https://mamikos.com/room/kost-surabaya-kost-campur-eksklusif-kost-bu-yana-vvip-2-gubeng-surabaya
Kota Surabaya,Kost Sanjaya 4,Campur,Tegalsari,0.0,Tidak,Ya,Tidak,Tidak,Tidak,Tidak,650000,https://mamikos.com/room/kost-kota-surabaya-kost-campur-murah-kost-sanjaya-4-tegalsari-surabaya-1
Kota Surabaya,Kost Omah Dk 27 Tipe Lantai 1 Dukuhpakis,Putri,Dukuh Pakis,0.0,Tidak,Tidak,Ya,Tidak,Tidak,Ya,800000,https://mamikos.com/room/kost-surabaya-kost-putri-murah-kost-omah-dk-27-tipe-lantai-1-dukuhpakis-surabaya
Kota Surabaya,Kost Harlin Tipe A,Putri,Gubeng,0.0,Ya,Ya,Ya,Ya,Ya,Ya,1600000,https://mamikos.com/room/kost-surabaya-kost-putri-eksklusif-kost-harlin-tipe-a-gubeng-surabaya-2
Kota Surabaya,Kost Dk 19,Campur,Dukuh Pakis,0.0,Ya,Ya,Ya,Ya,Tidak,Ya,1400000,https://mamikos.com/room/kost-surabaya-kost-campur-eksklusif-kost-dk-19-dukuh-pakis-surabaya
Kota Surabaya,Kost Mami Elya Tipe Eksklusif,Putri,Gubeng,0.0,Ya,Tidak,Ya,Tidak,Ya,Ya,1500000,https://mamikos.com/room/kost-surabaya-kost-putri-eksklusif-kost-mami-elya-tipe-eksklusif-gubeng-surabaya-2
Kota Surabaya,Kost Adem Ayem Tipe Standar,Putri,Wonokromo,0.0,Tidak,Tidak,Ya,Ya,Tidak,Tidak,600000,https://mamikos.com/room/kost-surabaya-kost-putri-murah-kost-adem-ayem-tipe-standar-wonokromo-surabaya-2
Kota Surabaya,Kost Kedungdoro Tipe D,Putri,Kecamatan Sawahan,0.0,Ya,Ya,Ya,Ya,Ya,Ya,1250000,https://mamikos.com/room/kost-surabaya-kost-putri-eksklusif-kost-kedungdoro-tipe-d-sawahan-surabaya
Kota Surabaya,Kost 4B,Putri,Kecamatan Gubeng,0.0,Ya,Tidak,Ya,Ya,Ya,Ya,1600000,https://mamikos.com/room/kost-surabaya-kost-putri-eksklusif-kost-4b-gubeng-surabaya-2
Kota Surabaya,Kost Rakyat,Campur,Karang Pilang,0.0,Tidak,Ya,Tidak,Tidak,Tidak,Tidak,300000,https://mamikos.com/room/kost-surabaya-kost-campur-murah-kost-rakyat-karang-pilang-surabaya
Kota Surabaya,Kost Njt Tipe Eksklusif,Campur,Gubeng,0.0,Ya,Tidak,Ya,Ya,Ya,Ya,1750000,https://mamikos.com/room/kost-surabaya-kost-campur-eksklusif-kost-njt-tipe-eksklusif-gubeng-surabaya
Kota Surabaya,Kost Jito,Putri,Gubeng,0.0,Tidak,Ya,Tidak,Tidak,Tidak,Tidak,700000,https://mamikos.com/room/kost-kota-surabaya-kost-putri-murah-kost-jito-gubeng-surabaya
Kota Surabaya,Kost Kensa 1125,Campur,Kecamatan Tenggilis Mejoyo,0.0,Tidak,Tidak,Tidak,Tidak,Ya,Tidak,1000000,https://mamikos.com/room/kost-surabaya-kost-campur-eksklusif-kost-kensa-1125-tenggilis-mejoyo-surabaya
Kota Surabaya,Kost Jarak Tipe B,Campur,Sawahan,5.0,Tidak,Tidak,Ya,Tidak,Ya,Ya,650000,https://mamikos.com/room/kost-kota-surabaya-kost-campur-murah-kost-jarak-tipe-b-sawahan-surabaya-1
Kota Surabaya,Kost Ibu Hardjono Tipe A Dukuh Pakis,Putra,Kecamatan Dukuhpakis,0.0,Tidak,Ya,Ya,Ya,Tidak,Ya,650000,https://mamikos.com/room/kost-surabaya-kost-campur-murah--451
Kota Surabaya,Kost Kita Tipe Studio,Campur,Kecamatan Dukuhpakis,0.0,Ya,Tidak,Ya,Ya,Tidak,Tidak,1600000,https://mamikos.com/room/kost-surabaya-kost-campur-murah--881
Kota Surabaya,Kost Kedungdoro Gg7,Campur,Kecamatan Sawahan,0.0,Tidak,Ya,Tidak,Tidak,Tidak,Tidak,500000,https://mamikos.com/room/kost-surabaya-kost-campur-murah-kost-kedungdoro-gg7-sawahan-surabaya-2
Kota Surabaya,Kost Bapak Kusnan 1,Putri,Kecamatan Gubeng,0.0,Tidak,Ya,Ya,Ya,Ya,Ya,1600000,https://mamikos.com/room/kost-surabaya-kost-putri-eksklusif-kost-bapak-kusnan-1-gubeng-surabaya
Kota Surabaya,Kost Casa Sevilla Deluxe,Campur,Wonocolo,0.0,Ya,Tidak,Ya,Ya,Ya,Ya,1700000,https://mamikos.com/room/kost-surabaya-kost-campur-eksklusif-casa-sevilla-deluxe-wonocolo-surabaya
Kota Surabaya,Kost As Living Tipe A,Putri,Kecamatan Wonokromo,0.0,Ya,Ya,Ya,Ya,Ya,Ya,1300000,https://mamikos.com/room/kost-surabaya-kost-putri-eksklusif-kost-as-living-tipe-a-wonokromo-surabaya
Kota Surabaya,Kost DK2053 Tipe A,Campur,Kecamatan Dukuhpakis,0.0,Tidak,Ya,Ya,Ya,Ya,Ya,1600000,https://mamikos.com/room/kost-surabaya-kost-campur-eksklusif-kost-dk2053-tipe-a-dukuhpakis-surabaya
Kota Surabaya,Kost Syariah Kutisari Selatan Tipe B,Campur,Kecamatan Tenggilis Mejoyo,0.0,Ya,Ya,Ya,Ya,Ya,Ya,1750000,https://mamikos.com/room/kost-kota-surabaya-kost-campur-eksklusif-kost-syariah-kutisari-selatan-tipe-b-tenggilis-mejoyo-surabaya
Kota Surabaya,Kost Hanis,Putra,Jambangan,0.0,Ya,Ya,Ya,Ya,Ya,Ya,1600000,https://mamikos.com/room/kost-surabaya-kost-putra-eksklusif-kost-hanis-jambangan-surabaya-2
Kota Surabaya,Kost Wira 2,Campur,Gubeng,0.0,Ya,Tidak,Ya,Ya,Ya,Ya,1800000,https://mamikos.com/room/kost-kota-surabaya-kost-campur-eksklusif-kost-wira-gubeng-2-gubeng-surabaya-2
Kota Surabaya,Kost Dwi Aningsih Tipe A,Putri,Kecamatan Tenggilis Mejoyo,0.0,Tidak,Ya,Ya,Tidak,Tidak,Ya,575000,https://mamikos.com/room/kost-surabaya-kost-putri-murah-kost-dwi-aningsih-tipe-a-tenggilis-mejoyo-surabaya-2
Kota Surabaya,Kost Beruang Ruang Tipe Standar,Putra,Gubeng,0.0,Ya,Tidak,Ya,Ya,Ya,Ya,1500000,https://mamikos.com/room/kost-surabaya-kost-putra-eksklusif-kost-beruang-ruang-tipe-standar-gubeng-surabaya-2
Kota Surabaya,Kost Ayatul 2 Tipe Standar,Putri,Gubeng,0.0,Tidak,Tidak,Ya,Ya,Tidak,Ya,840000,https://mamikos.com/room/kost-surabaya-kost-putri-murah-kost-ayatul-2-tipe-standar-gubeng-surabaya-2
Kota Surabaya,Kost ISTTS,Putra,Gubeng,0.0,Ya,Ya,Ya,Ya,Tidak,Ya,1500000,https://mamikos.com/room/kost-surabaya-kost-putra-eksklusif-kost-istts-gubeng-surabaya
Kota Surabaya,Kost Mami Elya Tipe Executive,Putri,Gubeng,0.0,Ya,Tidak,Ya,Tidak,Ya,Ya,1500000,https://mamikos.com/room/kost-surabaya-kost-putri-eksklusif-kost-mami-elya-tipe-executive-gubeng-surabaya
Kota Surabaya,Kost Bintang Tipe Vvip,Putri,Kecamatan Gubeng,0.0,Ya,Ya,Ya,Ya,Ya,Ya,1600000,https://mamikos.com/room/kost-kota-surabaya-kost-putri-eksklusif-kost-bintang-tipe-vvip-gubeng-surabaya
Kota Surabaya,Kost Unair Mahmudiyah,Putri,Gubeng,0.0,Ya,Ya,Ya,Tidak,Tidak,Ya,1250000,https://mamikos.com/room/kost-kota-surabaya-kost-putri-eksklusif-kost-unair-mahmudiyah-gubeng-surabaya
Kota Surabaya,Kost Miky Tipe AC,Putra,Kecamatan Gubeng,0.0,Ya,Ya,Ya,Ya,Tidak,Ya,1700000,https://mamikos.com/room/kost-surabaya-kost-putra-eksklusif-kost-miky-tipe-ac-gubeng-surabaya
Kota Surabaya,Kost Pasa Tipe A,Putra,Kecamatan Sawahan,0.0,Tidak,Ya,Ya,Ya,Ya,Ya,1700000,https://mamikos.com/room/kost-kota-surabaya-kost-campur-eksklusif-kost-pasa-tipe-a-sawahan-surabaya
Kota Surabaya,Kost 22 Tipe A,Putri,Gubeng,0.0,Ya,Tidak,Ya,Ya,Ya,Ya,1500000,https://mamikos.com/room/kost-kota-surabaya-kost-putri-eksklusif-kost-22-tipe-a-gubeng-surabaya-2
Kota Surabaya,Kost Dukuh Kupang Tipe Non AC,Campur,Sawahan,0.0,Tidak,Ya,Ya,Ya,Ya,Tidak,1000000,https://mamikos.com/room/kost-kota-surabaya-kost-campur-eksklusif-kost-dukuh-kupang-tipe-non-ac-sawahan-surabaya
Kota Surabaya,Kost Ubi IV Ac,Putri,Kecamatan Wonokromo,0.0,Ya,Ya,Ya,Tidak,Ya,Ya,1300000,https://mamikos.com/room/kost-surabaya-kost-putri-eksklusif-kost-ubi-iv-ac-wonokromo-surabaya-2
Kota Surabaya,Kost Tenang Tipe Spesial,Putri,Tenggilis Mejoyo,0.0,Ya,Ya,Ya,Ya,Ya,Ya,1550000,https://mamikos.com/room/kost-surabaya-kost-putri-eksklusif-kost-tenang-tipe-spesial-tenggilis-mejoyo-surabaya
Kota Surabaya,Kost Tenang Tipe Eksklusif,Putri,Tenggilis Mejoyo,0.0,Ya,Ya,Ya,Ya,Ya,Ya,1750000,https://mamikos.com/room/kost-surabaya-kost-putri-eksklusif-kost-tenang-tipe-eksklusif-tenggilis-mejoyo-surabaya
Kota Surabaya,Kost Midai Homestay Executive,Putri,Tegalsari,0.0,Ya,Ya,Ya,Tidak,Ya,Ya,1800000,https://mamikos.com/room/kost-kota-surabaya-kost-putri-eksklusif-kost-midai-homestay-executive-tegalsari-surabaya
