wilayah,jenis,kecamatan,rating,ac,akses_24_jam,kasur,kloset_duduk,kamar_mandi_dalam,wifi,harga,total_fasilitas,log_harga
Kabupaten Bangkalan,Campur,Bangkalan,0.0,Ya,Tidak,Ya,Tidak,Ya,Ya,800000,4,13.592368256649284
Kabupaten Bangkalan,Putra,Kecamatan Bangkalan,4.0,Ya,Tidak,Ya,Ya,Ya,Ya,1200000,5,13.997832948091215
Kabupaten Bangkalan,Putra,Bangkalan,0.0,Tidak,Tidak,Ya,Tidak,Ya,Tidak,550000,2,13.217675375388819
Kabupaten Bangkalan,Putri,Bangkalan,0.0,Tidak,Ya,Ya,Tidak,Ya,Tidak,500000,3,13.122365377402328
Kabupaten Bangkalan,Campur,Kecamatan Bangkalan,0.0,Ya,Ya,Ya,Tidak,Ya,Ya,1200000,5,13.997832948091215
Kabupaten Bangkalan,Putra,Kecamatan Bangkalan,0.0,Tidak,Ya,Ya,Tidak,Ya,Tidak,500000,3,13.122365377402328
Kabupaten Bangkalan,Campur,Bangkalan,0.0,Tidak,Ya,Tidak,Tidak,Ya,Tidak,500000,2,13.122365377402328
Kabupaten Bangkalan,Putra,Bangkalan,0.0,Tidak,Ya,Ya,Tidak,Tidak,Tidak,400000,2,12.899222326086994
Kabupaten Bangkalan,Campur,Kecamatan Bangkalan,0.0,Tidak,Tidak,Ya,Tidak,Tidak,Tidak,600000,1,13.304686600863562
Kabupaten Bangkalan,Campur,Burneh,0.0,Tidak,Ya,Ya,Tidak,Ya,Ya,600000,4,13.304686600863562
Kabupaten Bangkalan,Campur,Kecamatan Bangkalan,0.0,Ya,Tidak,Ya,Ya,Ya,Ya,1500000,5,14.220976332738882
Kabupaten Bangkalan,Campur,Bangkalan,4.6,Tidak,Ya,Ya,Ya,Ya,Tidak,500000,4,13.122365377402328
Kabupaten Bangkalan,Campur,Bangkalan,0.0,Ya,Ya,Ya,Tidak,Ya,Ya,1000000,5,13.815511557963774
Kabupaten Bangkalan,Campur,Kecamatan Bangkalan,0.0,Tidak,Ya,Ya,Ya,Ya,Ya,500000,5,13.122365377402328
Kabupaten Bangkalan,Putri,Kecamatan Bangkalan,0.0,Tidak,Tidak,Ya,Tidak,Tidak,Tidak,300000,1,12.611541086966115
Kabupaten Bangkalan,Campur,Kecamatan Bangkalan,0.0,Tidak,Ya,Ya,Ya,Tidak,Tidak,500000,3,13.122365377402328
Kabupaten Bangkalan,Campur,Bangkalan,0.0,Ya,Ya,Ya,Ya,Ya,Tidak,1000000,5,13.815511557963774
Kabupaten Bangkalan,Campur,Kecamatan Bangkalan,0.0,Tidak,Tidak,Tidak,Tidak,Tidak,Tidak,500000,0,13.122365377402328
Kabupaten Bangkalan,Putri,Bangkalan,0.0,Tidak,Ya,Ya,Ya,Tidak,Ya,500000,4,13.122365377402328
Kabupaten Bangkalan,Campur,Kecamatan Bangkalan,0.0,Tidak,Ya,Ya,Ya,Tidak,Ya,300000,4,12.611541086966115
Kabupaten Bangkalan,Campur,Bangkalan,5.0,Tidak,Ya,Ya,Tidak,Ya,Ya,450000,4,13.017005083966255
Kabupaten Bangkalan,Campur,Bangkalan,0.0,Ya,Ya,Ya,Tidak,Ya,Ya,800000,5,13.592368256649284
Kabupaten Bangkalan,Campur,Kecamatan Bangkalan,5.0,Tidak,Ya,Ya,Tidak,Ya,Ya,700000,4,13.45883704259595
Kabupaten Bangkalan,Campur,Bangkalan,0.0,Tidak,Ya,Ya,Ya,Ya,Ya,750000,5,13.527829818844937
Kabupaten Banyuwangi,Campur,Kecamatan Banyuwangi,0.0,Ya,Tidak,Ya,Ya,Ya,Ya,1350000,5,14.115615891155079
Kabupaten Banyuwangi,Putra,Banyuwangi,0.0,Ya,Ya,Ya,Ya,Ya,Ya,1300000,6,14.077875591662238
Kabupaten Banyuwangi,Putra,Banyuwangi,0.0,Tidak,Tidak,Ya,Tidak,Tidak,Ya,300000,2,12.611541086966115
Kabupaten Banyuwangi,Putra,Kecamatan Banyuwangi,0.0,Ya,Ya,Ya,Ya,Ya,Ya,1200000,6,13.997832948091215
Kabupaten Banyuwangi,Campur,Kecamatan Banyuwangi,0.0,Tidak,Ya,Ya,Tidak,Ya,Ya,600000,4,13.304686600863562
Kabupaten Banyuwangi,Campur,Banyuwangi,0.0,Tidak,Ya,Ya,Tidak,Ya,Ya,650000,4,13.384729180332174
Kabupaten Banyuwangi,Putri,Banyuwangi,0.0,Tidak,Ya,Ya,Ya,Ya,Ya,550000,5,13.217675375388819
Kabupaten Banyuwangi,Campur,Banyuwangi,0.0,Ya,Ya,Ya,Ya,Ya,Ya,1100000,6,13.910821646859095
Kabupaten Banyuwangi,Campur,Glagah,0.0,Tidak,Ya,Ya,Ya,Ya,Ya,1000000,5,13.815511557963774
Kabupaten Banyuwangi,Campur,Kecamatan Banyuwangi,5.0,Tidak,Ya,Ya,Tidak,Ya,Ya,550000,4,13.217675375388819
Kabupaten Banyuwangi,Campur,Kecamatan Banyuwangi,5.0,Ya,Tidak,Ya,Ya,Ya,Ya,1200000,5,13.997832948091215
Kabupaten Banyuwangi,Campur,Kecamatan Banyuwangi,0.0,Tidak,Tidak,Ya,Ya,Ya,Ya,700000,4,13.45883704259595
Kabupaten Banyuwangi,Campur,Kecamatan Banyuwangi,0.0,Ya,Tidak,Ya,Ya,Ya,Ya,1100000,5,13.910821646859095
Kabupaten Banyuwangi,Putra,Banyuwangi,0.0,Tidak,Ya,Ya,Tidak,Tidak,Tidak,600000,2,13.304686600863562
Kabupaten Banyuwangi,Campur,Banyuwangi,0.0,Ya,Ya,Ya,Ya,Ya,Ya,1000000,6,13.815511557963774
Kabupaten Banyuwangi,Campur,Banyuwangi,5.0,Tidak,Ya,Ya,Tidak,Ya,Ya,660000,4,13.399996629152975
Kabupaten Banyuwangi,Putri,Giri,0.0,Ya,Ya,Ya,Ya,Ya,Ya,1000000,6,13.815511557963774
Kabupaten Banyuwangi,Putra,Banyuwangi,0.0,Ya,Tidak,Ya,Ya,Ya,Ya,1250000,5,14.038654909278163
Kabupaten Banyuwangi,Putra,Banyuwangi,0.0,Ya,Ya,Ya,Ya,Ya,Ya,1000000,6,13.815511557963774
Kabupaten Banyuwangi,Campur,Banyuwangi,0.0,Ya,Tidak,Ya,Ya,Ya,Ya,1000000,5,13.815511557963774
Kabupaten Banyuwangi,Putra,Banyuwangi,0.0,Tidak,Ya,Ya,Tidak,Ya,Ya,500000,4,13.122365377402328
Kabupaten Banyuwangi,Campur,Kecamatan Banyuwangi,0.0,Tidak,Ya,Ya,Tidak,Ya,Ya,500000,4,13.122365377402328
Kabupaten Banyuwangi,Putri,Glagah,5.0,Ya,Ya,Ya,Ya,Ya,Ya,1000000,6,13.815511557963774
Kabupaten Banyuwangi,Putri,Kecamatan Banyuwangi,0.0,Ya,Tidak,Ya,Ya,Ya,Ya,1500000,5,14.220976332738882
Kabupaten Banyuwangi,Putri,Kecamatan Banyuwangi,0.0,Tidak,Tidak,Ya,Ya,Ya,Ya,500000,4,13.122365377402328
Kabupaten Banyuwangi,Putri,Banyuwangi,0.0,Tidak,Tidak,Ya,Tidak,Ya,Ya,550000,3,13.217675375388819
Kabupaten Banyuwangi,Putri,Kecamatan Banyuwangi,0.0,Ya,Tidak,Ya,Ya,Ya,Ya,800000,5,13.592368256649284
Kabupaten Banyuwangi,Putri,Banyuwangi,0.0,Tidak,Tidak,Ya,Tidak,Ya,Ya,500000,3,13.122365377402328
Kabupaten Banyuwangi,Putri,Kecamatan Banyuwangi,0.0,Ya,Ya,Ya,Ya,Ya,Ya,1500000,6,14.220976332738882
Kabupaten Banyuwangi,Putri,Banyuwangi,5.0,Ya,Tidak,Ya,Ya,Tidak,Ya,800000,4,13.592368256649284
Kabupaten Banyuwangi,Putra,Banyuwangi,5.0,Ya,Ya,Ya,Ya,Ya,Ya,1250000,6,14.038654909278163
Kabupaten Banyuwangi,Putra,Banyuwangi,0.0,Tidak,Ya,Tidak,Ya,Tidak,Ya,350000,3,12.765691290604371
Kabupaten Banyuwangi,Putri,Kecamatan Banyuwangi,0.0,Ya,Tidak,Ya,Ya,Ya,Ya,850000,5,13.652992804936396
Kabupaten Banyuwangi,Putri,Kecamatan Banyuwangi,0.0,Ya,Tidak,Ya,Ya,Ya,Ya,1100000,5,13.910821646859095
Kabupaten Banyuwangi,Putra,Kecamatan Banyuwangi,0.0,Ya,Ya,Ya,Ya,Ya,Ya,1250000,6,14.038654909278163
Kabupaten Banyuwangi,Putri,Kecamatan Banyuwangi,0.0,Tidak,Tidak,Ya,Tidak,Ya,Ya,500000,3,13.122365377402328
Kabupaten Banyuwangi,Putri,Kecamatan Banyuwangi,0.0,Tidak,Tidak,Ya,Tidak,Ya,Ya,500000,3,13.122365377402328
Kabupaten Banyuwangi,Putra,Banyuwangi,0.0,Ya,Tidak,Ya,Ya,Ya,Ya,1200000,5,13.997832948091215
Kabupaten Banyuwangi,Campur,Banyuwangi,0.0,Tidak,Ya,Tidak,Ya,Ya,Tidak,600000,3,13.304686600863562
Kabupaten Banyuwangi,Putra,Banyuwangi,0.0,Tidak,Ya,Ya,Tidak,Ya,Ya,400000,4,12.899222326086994
Kabupaten Banyuwangi,Campur,Banyuwangi,0.0,Ya,Ya,Ya,Tidak,Ya,Ya,1000000,5,13.815511557963774
Kabupaten Banyuwangi,Campur,Kecamatan Banyuwangi,0.0,Tidak,Ya,Tidak,Tidak,Tidak,Tidak,500000,1,13.122365377402328
Kabupaten Banyuwangi,Putra,Kecamatan Banyuwangi,0.0,Ya,Ya,Ya,Ya,Ya,Ya,1250000,6,14.038654909278163
Kabupaten Banyuwangi,Putri,Banyuwangi,0.0,Ya,Ya,Ya,Ya,Ya,Tidak,1300000,5,14.077875591662238
Kabupaten Banyuwangi,Campur,Glagah,0.0,Tidak,Tidak,Tidak,Ya,Ya,Ya,1000000,3,13.815511557963774
Kabupaten Banyuwangi,Putra,Giri,0.0,Tidak,Ya,Ya,Ya,Tidak,Ya,300000,4,12.611541086966115
Kabupaten Banyuwangi,Campur,Kecamatan Banyuwangi,0.0,Tidak,Tidak,Ya,Ya,Ya,Ya,400000,4,12.899222326086994
Kabupaten Banyuwangi,Putri,Kecamatan Banyuwangi,0.0,Ya,Tidak,Ya,Ya,Ya,Ya,1000000,5,13.815511557963774
Kabupaten Banyuwangi,Campur,Banyuwangi,0.0,Tidak,Ya,Ya,Ya,Tidak,Ya,1500000,4,14.220976332738882
Kabupaten Banyuwangi,Campur,Banyuwangi,0.0,Ya,Ya,Ya,Ya,Ya,Ya,1000000,6,13.815511557963774
Kabupaten Banyuwangi,Putri,Kecamatan Glagah,0.0,Tidak,Tidak,Ya,Ya,Ya,Ya,700000,4,13.45883704259595
Kabupaten Banyuwangi,Campur,Kecamatan Banyuwangi,0.0,Tidak,Tidak,Ya,Ya,Ya,Ya,500000,4,13.122365377402328
Kabupaten Banyuwangi,Putra,Kecamatan Banyuwangi,0.0,Tidak,Tidak,Ya,Tidak,Tidak,Ya,550000,2,13.217675375388819
Kabupaten Banyuwangi,Campur,Kecamatan Banyuwangi,0.0,Tidak,Ya,Tidak,Ya,Ya,Ya,600000,4,13.304686600863562
Kabupaten Banyuwangi,Putra,Kecamatan Banyuwangi,0.0,Ya,Ya,Ya,Ya,Ya,Ya,1200000,6,13.997832948091215
Kabupaten Banyuwangi,Campur,Kecamatan Banyuwangi,0.0,Tidak,Ya,Ya,Tidak,Tidak,Ya,500000,3,13.122365377402328
Kabupaten Banyuwangi,Campur,Kecamatan Banyuwangi,0.0,Ya,Ya,Tidak,Ya,Ya,Ya,1700000,5,14.346139397261565
Kabupaten Banyuwangi,Putri,Kecamatan Banyuwangi,0.0,Tidak,Ya,Ya,Tidak,Ya,Ya,600000,4,13.304686600863562
Kabupaten Banyuwangi,Putra,Kecamatan Giri,0.0,Ya,Ya,Ya,Ya,Ya,Ya,1500000,6,14.220976332738882
Kabupaten Banyuwangi,Campur,Banyuwangi,0.0,Tidak,Tidak,Ya,Ya,Ya,Ya,700000,4,13.45883704259595
Kabupaten Banyuwangi,Putri,Glagah,0.0,Tidak,Ya,Ya,Ya,Ya,Ya,800000,5,13.592368256649284
Kabupaten Banyuwangi,Campur,Kecamatan Banyuwangi,0.0,Tidak,Ya,Ya,Tidak,Ya,Ya,600000,4,13.304686600863562
Kabupaten Banyuwangi,Putra,Banyuwangi,0.0,Ya,Tidak,Ya,Ya,Ya,Ya,1250000,5,14.038654909278163
Kabupaten Banyuwangi,Putri,Kecamatan Banyuwangi,0.0,Tidak,Tidak,Ya,Ya,Ya,Ya,500000,4,13.122365377402328
Kabupaten Banyuwangi,Campur,Banyuwangi,0.0,Tidak,Ya,Ya,Tidak,Ya,Ya,500000,4,13.122365377402328
Kabupaten Banyuwangi,Campur,Banyuwangi,0.0,Ya,Ya,Ya,Ya,Ya,Ya,1400000,6,14.151983508870947
Kabupaten Banyuwangi,Campur,Kecamatan Banyuwangi,0.0,Tidak,Tidak,Ya,Tidak,Ya,Ya,600000,3,13.304686600863562
Kabupaten Banyuwangi,Putra,Banyuwangi,0.0,Tidak,Tidak,Ya,Ya,Ya,Ya,850000,4,13.652992804936396
Kabupaten Banyuwangi,Campur,Kecamatan Banyuwangi,0.0,Ya,Ya,Ya,Ya,Ya,Ya,1500000,6,14.220976332738882
Kabupaten Banyuwangi,Putri,Giri,0.0,Tidak,Tidak,Ya,Tidak,Tidak,Ya,500000,2,13.122365377402328
Kabupaten Banyuwangi,Campur,Kecamatan Banyuwangi,0.0,Ya,Ya,Ya,Tidak,Ya,Ya,900000,5,13.710151153416941
Kabupaten Banyuwangi,Putri,Kecamatan Banyuwangi,0.0,Tidak,Ya,Ya,Tidak,Tidak,Ya,850000,3,13.652992804936396
Kabupaten Banyuwangi,Campur,Glagah,0.0,Tidak,Tidak,Ya,Ya,Tidak,Ya,1500000,3,14.220976332738882
Kabupaten Banyuwangi,Campur,Banyuwangi,0.0,Ya,Ya,Ya,Ya,Ya,Ya,1175000,6,13.976779556623864
Kabupaten Banyuwangi,Campur,Banyuwangi,5.0,Tidak,Ya,Ya,Tidak,Ya,Ya,500000,4,13.122365377402328
Kabupaten Banyuwangi,Campur,Banyuwangi,0.0,Ya,Ya,Ya,Ya,Tidak,Ya,975000,5,13.790193775620484
Kabupaten Banyuwangi,Putri,Kecamatan Banyuwangi,0.0,Tidak,Tidak,Ya,Ya,Ya,Tidak,500000,3,13.122365377402328
Kabupaten Banyuwangi,Putri,Banyuwangi,0.0,Tidak,Ya,Ya,Ya,Ya,Ya,650000,5,13.384729180332174
Kabupaten Banyuwangi,Campur,Banyuwangi,0.0,Tidak,Ya,Ya,Ya,Tidak,Ya,600000,4,13.304686600863562
Kabupaten Banyuwangi,Campur,Banyuwangi,0.0,Ya,Tidak,Ya,Ya,Ya,Ya,900000,5,13.710151153416941
Kabupaten Banyuwangi,Putra,Kecamatan Banyuwangi,0.0,Tidak,Tidak,Ya,Ya,Ya,Ya,700000,4,13.45883704259595
Kabupaten Banyuwangi,Putri,Kecamatan Banyuwangi,0.0,Tidak,Ya,Ya,Ya,Tidak,Ya,400000,4,12.899222326086994
Kabupaten Banyuwangi,Putra,Banyuwangi,0.0,Tidak,Tidak,Ya,Ya,Ya,Ya,600000,4,13.304686600863562
Kabupaten Banyuwangi,Campur,Kecamatan Banyuwangi,0.0,Tidak,Ya,Ya,Ya,Ya,Ya,800000,5,13.592368256649284
Kabupaten Banyuwangi,Campur,Glagah,0.0,Ya,Ya,Tidak,Ya,Tidak,Ya,1500000,4,14.220976332738882
Kabupaten Banyuwangi,Putri,Kecamatan Banyuwangi,0.0,Tidak,Ya,Ya,Tidak,Tidak,Tidak,400000,2,12.899222326086994
Kabupaten Banyuwangi,Putri,Kecamatan Banyuwangi,0.0,Tidak,Ya,Ya,Ya,Ya,Tidak,1000000,4,13.815511557963774
Kabupaten Banyuwangi,Putri,Banyuwangi,0.0,Tidak,Tidak,Ya,Tidak,Ya,Tidak,800000,2,13.592368256649284
Kabupaten Banyuwangi,Putri,Kecamatan Banyuwangi,0.0,Tidak,Tidak,Tidak,Ya,Tidak,Ya,775000,2,13.560619598657233
Kabupaten Banyuwangi,Putra,Kecamatan Banyuwangi,0.0,Ya,Ya,Ya,Ya,Ya,Ya,1300000,6,14.077875591662238
Kabupaten Banyuwangi,Putri,Banyuwangi,0.0,Tidak,Tidak,Ya,Tidak,Ya,Ya,600000,3,13.304686600863562
Kabupaten Banyuwangi,Putri,Banyuwangi,0.0,Ya,Tidak,Ya,Ya,Ya,Tidak,1500000,4,14.220976332738882
Kabupaten Banyuwangi,Putri,Kecamatan Banyuwangi,0.0,Tidak,Ya,Ya,Tidak,Ya,Ya,650000,4,13.384729180332174
Kabupaten Banyuwangi,Campur,Banyuwangi,0.0,Ya,Ya,Ya,Tidak,Ya,Ya,900000,5,13.710151153416941
Kabupaten Banyuwangi,Putri,Kecamatan Banyuwangi,0.0,Ya,Ya,Ya,Ya,Tidak,Ya,1250000,5,14.038654909278163
Kabupaten Banyuwangi,Campur,Banyuwangi,0.0,Ya,Ya,Ya,Ya,Tidak,Ya,1500000,5,14.220976332738882
Kabupaten Banyuwangi,Putra,Kecamatan Banyuwangi,0.0,Ya,Ya,Ya,Ya,Ya,Ya,1250000,6,14.038654909278163
Kabupaten Banyuwangi,Campur,Kecamatan Banyuwangi,0.0,Ya,Ya,Ya,Tidak,Ya,Ya,500000,5,13.122365377402328
Kabupaten Banyuwangi,Putri,Banyuwangi,0.0,Tidak,Ya,Ya,Tidak,Tidak,Tidak,500000,2,13.122365377402328
Kabupaten Banyuwangi,Campur,Kecamatan Banyuwangi,0.0,Tidak,Ya,Tidak,Ya,Ya,Ya,500000,4,13.122365377402328
Kabupaten Banyuwangi,Putri,Kecamatan Banyuwangi,5.0,Tidak,Tidak,Ya,Ya,Ya,Ya,800000,4,13.592368256649284
Kabupaten Banyuwangi,Putri,Kecamatan Giri,0.0,Tidak,Ya,Ya,Tidak,Ya,Ya,650000,4,13.384729180332174
Kabupaten Banyuwangi,Putri,Kecamatan Banyuwangi,0.0,Tidak,Tidak,Ya,Ya,Ya,Tidak,500000,3,13.122365377402328
Kabupaten Banyuwangi,Campur,Kecamatan Banyuwangi,0.0,Tidak,Ya,Tidak,Ya,Tidak,Tidak,900000,2,13.710151153416941
Kabupaten Banyuwangi,Putri,Kecamatan Banyuwangi,0.0,Tidak,Ya,Ya,Tidak,Tidak,Ya,650000,3,13.384729180332174
Kabupaten Banyuwangi,Putri,Kecamatan Banyuwangi,0.0,Ya,Ya,Ya,Ya,Ya,Ya,900000,6,13.710151153416941
Kabupaten Banyuwangi,Campur,Banyuwangi,0.0,Ya,Ya,Ya,Ya,Ya,Ya,1000000,6,13.815511557963774
Kabupaten Banyuwangi,Campur,Banyuwangi,0.0,Ya,Ya,Ya,Ya,Ya,Ya,1250000,6,14.038654909278163
Kabupaten Banyuwangi,Campur,Banyuwangi,0.0,Tidak,Ya,Ya,Tidak,Ya,Ya,700000,4,13.45883704259595
Kabupaten Banyuwangi,Putri,Banyuwangi,0.0,Tidak,Tidak,Ya,Ya,Tidak,Tidak,250000,2,12.429220196836383
Kabupaten Banyuwangi,Putri,Banyuwangi,5.0,Tidak,Ya,Ya,Ya,Ya,Ya,375000,5,12.834683971615659
Kabupaten Banyuwangi,Putri,Banyuwangi,0.0,Ya,Tidak,Ya,Tidak,Ya,Ya,1000000,4,13.815511557963774
Kabupaten Banyuwangi,Putri,Kecamatan Banyuwangi,0.0,Tidak,Ya,Ya,Ya,Tidak,Ya,400000,4,12.899222326086994
Kabupaten Banyuwangi,Campur,Giri,0.0,Tidak,Tidak,Ya,Ya,Ya,Ya,900000,4,13.710151153416941
Kabupaten Banyuwangi,Putri,Banyuwangi,0.0,Ya,Tidak,Ya,Tidak,Ya,Ya,900000,4,13.710151153416941
Kabupaten Banyuwangi,Putri,Glagah,0.0,Tidak,Tidak,Ya,Tidak,Ya,Ya,650000,3,13.384729180332174
Kabupaten Banyuwangi,Putri,Banyuwangi,0.0,Tidak,Ya,Ya,Tidak,Ya,Tidak,400000,3,12.899222326086994
Kabupaten Banyuwangi,Campur,Banyuwangi,0.0,Ya,Ya,Ya,Ya,Ya,Ya,1500000,6,14.220976332738882
Kabupaten Banyuwangi,Campur,Kecamatan Banyuwangi,0.0,Ya,Ya,Ya,Tidak,Ya,Ya,775000,5,13.560619598657233
Kabupaten Banyuwangi,Putri,Kecamatan Banyuwangi,4.6,Tidak,Tidak,Ya,Tidak,Ya,Ya,500000,3,13.122365377402328
Kabupaten Banyuwangi,Putra,Kecamatan Banyuwangi,0.0,Tidak,Ya,Ya,Ya,Tidak,Tidak,500000,3,13.122365377402328
Kabupaten Banyuwangi,Putri,Banyuwangi,5.0,Tidak,Tidak,Ya,Ya,Tidak,Tidak,300000,2,12.611541086966115
Kabupaten Banyuwangi,Putri,Kecamatan Banyuwangi,0.0,Tidak,Tidak,Tidak,Ya,Tidak,Ya,675000,2,13.42246945133505
Kabupaten Banyuwangi,Putri,Kecamatan Glagah,0.0,Ya,Ya,Ya,Ya,Ya,Ya,800000,6,13.592368256649284
Kabupaten Banyuwangi,Campur,Banyuwangi,5.0,Ya,Ya,Ya,Ya,Ya,Ya,1300000,6,14.077875591662238
Kabupaten Banyuwangi,Campur,Banyuwangi,0.0,Ya,Ya,Ya,Ya,Ya,Ya,900000,6,13.710151153416941
Kabupaten Banyuwangi,Putri,Banyuwangi,0.0,Tidak,Ya,Ya,Tidak,Tidak,Ya,400000,3,12.899222326086994
Kabupaten Banyuwangi,Campur,Kecamatan Banyuwangi,0.0,Ya,Ya,Ya,Ya,Ya,Ya,1800000,6,14.403297778421795
Kabupaten Banyuwangi,Putri,Giri,0.0,Tidak,Tidak,Ya,Tidak,Ya,Ya,500000,3,13.122365377402328
Kabupaten Banyuwangi,Campur,Kecamatan Banyuwangi,0.0,Tidak,Ya,Ya,Ya,Ya,Ya,600000,5,13.304686600863562
Kabupaten Banyuwangi,Campur,Glagah,0.0,Ya,Ya,Ya,Ya,Ya,Ya,800000,6,13.592368256649284
Kabupaten Banyuwangi,Campur,Banyuwangi,0.0,Ya,Ya,Ya,Tidak,Ya,Ya,1100000,5,13.910821646859095
Kabupaten Banyuwangi,Putri,Kecamatan Banyuwangi,0.0,Ya,Tidak,Ya,Ya,Ya,Ya,1200000,5,13.997832948091215
Kabupaten Banyuwangi,Campur,Banyuwangi,0.0,Ya,Ya,Ya,Ya,Ya,Ya,875000,6,13.681980308196241
Kabupaten Banyuwangi,Putri,Kecamatan Banyuwangi,0.0,Ya,Tidak,Ya,Ya,Ya,Ya,1200000,5,13.997832948091215
Kabupaten Banyuwangi,Putri,Giri,0.0,Ya,Ya,Ya,Ya,Ya,Ya,700000,6,13.45883704259595
Kabupaten Banyuwangi,Putri,Banyuwangi,0.0,Tidak,Tidak,Ya,Ya,Tidak,Ya,550000,3,13.217675375388819
Kabupaten Banyuwangi,Putri,Kecamatan Banyuwangi,0.0,Tidak,Ya,Ya,Tidak,Ya,Ya,500000,4,13.122365377402328
Kabupaten Banyuwangi,Putra,Banyuwangi,0.0,Tidak,Tidak,Ya,Ya,Ya,Ya,350000,4,12.765691290604371
Kabupaten Banyuwangi,Putri,Kecamatan Banyuwangi,0.0,Ya,Tidak,Ya,Ya,Ya,Ya,1000000,5,13.815511557963774
Kabupaten Banyuwangi,Campur,Kecamatan Banyuwangi,0.0,Tidak,Ya,Ya,Tidak,Ya,Ya,650000,4,13.384729180332174
Kabupaten Banyuwangi,Campur,Banyuwangi,0.0,Tidak,Ya,Ya,Tidak,Ya,Ya,550000,4,13.217675375388819
Kabupaten Banyuwangi,Putri,Banyuwangi,3.4,Tidak,Tidak,Ya,Tidak,Tidak,Ya,400000,2,12.899222326086994
Kabupaten Banyuwangi,Campur,Banyuwangi,0.0,Tidak,Ya,Ya,Ya,Ya,Tidak,500000,4,13.122365377402328
Kabupaten Banyuwangi,Campur,Banyuwangi,0.0,Ya,Ya,Ya,Ya,Ya,Ya,739000,6,13.513054553109397
Kabupaten Banyuwangi,Campur,Banyuwangi,0.0,Ya,Ya,Ya,Ya,Ya,Ya,1000000,6,13.815511557963774
Kabupaten Banyuwangi,Campur,Banyuwangi,0.0,Ya,Ya,Ya,Ya,Ya,Ya,1100000,6,13.910821646859095
Kabupaten Banyuwangi,Putri,Kecamatan Banyuwangi,0.0,Tidak,Tidak,Ya,Tidak,Tidak,Ya,350000,2,12.765691290604371
Kabupaten Banyuwangi,Putri,Kecamatan Banyuwangi,0.0,Tidak,Tidak,Ya,Tidak,Tidak,Ya,800000,2,13.592368256649284
Kabupaten Banyuwangi,Putri,Kecamatan Giri,0.0,Tidak,Tidak,Ya,Ya,Tidak,Tidak,500000,2,13.122365377402328
Kabupaten Banyuwangi,Putri,Glagah,0.0,Tidak,Tidak,Tidak,Tidak,Ya,Tidak,550000,1,13.217675375388819
Kabupaten Banyuwangi,Putri,Banyuwangi,0.0,Tidak,Ya,Ya,Ya,Tidak,Ya,350000,4,12.765691290604371
Kabupaten Banyuwangi,Putri,Banyuwangi,0.0,Ya,Tidak,Ya,Ya,Ya,Ya,900000,5,13.710151153416941
Kabupaten Banyuwangi,Campur,Banyuwangi,0.0,Ya,Ya,Ya,Ya,Ya,Ya,1500000,6,14.220976332738882
Kabupaten Banyuwangi,Campur,Kecamatan Banyuwangi,0.0,Ya,Ya,Ya,Ya,Ya,Ya,1115000,6,13.924365859736941
Kabupaten Banyuwangi,Campur,Kecamatan Banyuwangi,0.0,Tidak,Tidak,Ya,Ya,Ya,Ya,700000,4,13.45883704259595
Kabupaten Banyuwangi,Putri,Banyuwangi,0.0,Tidak,Tidak,Ya,Ya,Ya,Tidak,350000,3,12.765691290604371
Kabupaten Banyuwangi,Putri,Kecamatan Banyuwangi,0.0,Tidak,Tidak,Ya,Tidak,Ya,Ya,500000,3,13.122365377402328
Kabupaten Banyuwangi,Putri,Banyuwangi,0.0,Tidak,Ya,Ya,Ya,Tidak,Ya,400000,4,12.899222326086994
Kabupaten Banyuwangi,Putri,Kecamatan Glagah,0.0,Tidak,Tidak,Ya,Ya,Tidak,Tidak,800000,2,13.592368256649284
Kabupaten Banyuwangi,Campur,Banyuwangi,0.0,Ya,Ya,Ya,Ya,Ya,Ya,1200000,6,13.997832948091215
Kabupaten Banyuwangi,Campur,Kecamatan Banyuwangi,0.0,Tidak,Tidak,Ya,Tidak,Ya,Ya,550000,3,13.217675375388819
Kabupaten Banyuwangi,Campur,Kecamatan Banyuwangi,0.0,Ya,Tidak,Ya,Ya,Ya,Tidak,1250000,4,14.038654909278163
Kabupaten Banyuwangi,Campur,Kecamatan Giri,0.0,Tidak,Ya,Ya,Tidak,Ya,Ya,600000,4,13.304686600863562
Kabupaten Banyuwangi,Campur,Banyuwangi,0.0,Tidak,Tidak,Ya,Ya,Tidak,Tidak,500000,2,13.122365377402328
Kabupaten Banyuwangi,Campur,Banyuwangi,0.0,Ya,Ya,Ya,Ya,Ya,Ya,1250000,6,14.038654909278163
Kabupaten Banyuwangi,Campur,Banyuwangi,0.0,Ya,Ya,Ya,Tidak,Ya,Ya,550000,5,13.217675375388819
Kabupaten Banyuwangi,Campur,Banyuwangi,0.0,Ya,Ya,Ya,Ya,Tidak,Ya,1500000,5,14.220976332738882
Kabupaten Banyuwangi,Putri,Kecamatan Banyuwangi,0.0,Ya,Tidak,Ya,Tidak,Tidak,Ya,1000000,3,13.815511557963774
Kabupaten Banyuwangi,Campur,Banyuwangi,0.0,Ya,Ya,Ya,Ya,Ya,Ya,1300000,6,14.077875591662238
Kabupaten Banyuwangi,Putri,Banyuwangi,0.0,Tidak,Ya,Ya,Ya,Tidak,Ya,450000,4,13.017005083966255
Kabupaten Banyuwangi,Campur,Banyuwangi,0.0,Tidak,Ya,Ya,Ya,Ya,Ya,800000,5,13.592368256649284
Kabupaten Banyuwangi,Campur,Kecamatan Banyuwangi,0.0,Ya,Ya,Ya,Ya,Ya,Ya,1250000,6,14.038654909278163
Kabupaten Banyuwangi,Campur,Kecamatan Banyuwangi,0.0,Tidak,Ya,Ya,Tidak,Ya,Ya,600000,4,13.304686600863562
Kabupaten Banyuwangi,Campur,Banyuwangi,0.0,Tidak,Ya,Ya,Tidak,Ya,Ya,600000,4,13.304686600863562
Kabupaten Banyuwangi,Campur,Banyuwangi,4.4,Tidak,Ya,Ya,Tidak,Tidak,Ya,600000,3,13.304686600863562
Kabupaten Banyuwangi,Campur,Kecamatan Banyuwangi,0.0,Ya,Ya,Ya,Ya,Ya,Ya,999999,6,13.815510557964274
Kabupaten Banyuwangi,Putri,Banyuwangi,4.9,Tidak,Ya,Ya,Ya,Tidak,Ya,375000,4,12.834683971615659
Kabupaten Banyuwangi,Putri,Giri,4.8,Tidak,Ya,Ya,Tidak,Ya,Ya,600000,4,13.304686600863562
Kabupaten Banyuwangi,Putri,Kecamatan Banyuwangi,0.0,Tidak,Ya,Ya,Tidak,Tidak,Ya,350000,3,12.765691290604371
Kabupaten Banyuwangi,Putri,Banyuwangi,0.0,Tidak,Tidak,Ya,Ya,Tidak,Ya,350000,3,12.765691290604371
Kabupaten Banyuwangi,Putri,Kecamatan Banyuwangi,0.0,Tidak,Tidak,Ya,Ya,Tidak,Ya,400000,3,12.899222326086994
Kabupaten Banyuwangi,Putri,Banyuwangi,0.0,Tidak,Tidak,Ya,Ya,Ya,Tidak,1000000,3,13.815511557963774
Kabupaten Banyuwangi,Campur,Kecamatan Banyuwangi,0.0,Ya,Ya,Ya,Ya,Ya,Ya,1300000,6,14.077875591662238
Kabupaten Banyuwangi,Putri,Kecamatan Banyuwangi,0.0,Tidak,Tidak,Ya,Ya,Ya,Ya,500000,4,13.122365377402328
Kabupaten Banyuwangi,Putri,Kecamatan Banyuwangi,0.0,Ya,Tidak,Ya,Ya,Ya,Ya,1100000,5,13.910821646859095
Kabupaten Banyuwangi,Putri,Kecamatan Banyuwangi,0.0,Ya,Tidak,Ya,Ya,Ya,Ya,500000,5,13.122365377402328
Kabupaten Banyuwangi,Putri,Kecamatan Banyuwangi,0.0,Tidak,Tidak,Tidak,Ya,Tidak,Ya,400000,2,12.899222326086994
Kabupaten Blitar,Putri,Kecamatan Sananwetan,0.0,Tidak,Tidak,Ya,Tidak,Ya,Ya,500000,3,13.122365377402328
Kabupaten Blitar,Campur,Sananwetan,0.0,Ya,Ya,Ya,Ya,Ya,Ya,1500000,6,14.220976332738882
Kabupaten Blitar,Putra,Sananwetan,0.0,Tidak,Ya,Ya,Ya,Ya,Ya,350000,5,12.765691290604371
Kabupaten Blitar,Putri,Kecamatan Sananwetan,0.0,Ya,Ya,Ya,Ya,Ya,Ya,950000,6,13.76421831620775
Kabupaten Blitar,Campur,Kecamatan Kanigoro,0.0,Tidak,Ya,Ya,Ya,Tidak,Ya,500000,4,13.122365377402328
Kabupaten Blitar,Putri,Kecamatan Kanigoro,0.0,Ya,Ya,Ya,Ya,Ya,Ya,900000,6,13.710151153416941
Kabupaten Blitar,Putri,Kecamatan Kanigoro,0.0,Tidak,Ya,Ya,Ya,Ya,Ya,650000,5,13.384729180332174
Kabupaten Blitar,Putra,Kepanjen Kidul,0.0,Tidak,Tidak,Ya,Ya,Tidak,Ya,850000,3,13.652992804936396
Kabupaten Blitar,Putri,Kecamatan Sukorejo,4.6,Tidak,Tidak,Ya,Tidak,Tidak,Ya,625000,2,13.345508528717259
Kabupaten Blitar,Campur,Kecamatan Sukorejo,0.0,Tidak,Ya,Ya,Tidak,Ya,Ya,700000,4,13.45883704259595
Kabupaten Blitar,Putra,Kecamatan Sananwetan,0.0,Tidak,Ya,Ya,Ya,Tidak,Ya,325000,4,12.691583538230217
Kabupaten Blitar,Putra,Sananwetan,0.0,Tidak,Ya,Ya,Ya,Tidak,Ya,350000,4,12.765691290604371
Kabupaten Blitar,Campur,Kecamatan Sananwetan,0.0,Tidak,Ya,Ya,Tidak,Tidak,Tidak,300000,2,12.611541086966115
Kabupaten Blitar,Putri,Kecamatan Kepanjenkidul,0.0,Tidak,Ya,Ya,Tidak,Tidak,Ya,500000,3,13.122365377402328
Kabupaten Blitar,Putra,Sananwetan,0.0,Tidak,Ya,Ya,Tidak,Tidak,Ya,400000,3,12.899222326086994
Kabupaten Blitar,Putri,Sananwetan,0.0,Tidak,Tidak,Ya,Tidak,Ya,Ya,600000,3,13.304686600863562
Kabupaten Blitar,Campur,Kecamatan Sananwetan,0.0,Tidak,Ya,Ya,Tidak,Ya,Ya,450000,4,13.017005083966255
Kabupaten Blitar,Putra,Sananwetan,0.0,Ya,Tidak,Ya,Ya,Ya,Ya,1500000,5,14.220976332738882
Kabupaten Blitar,Campur,Kepanjenkidul,5.0,Tidak,Tidak,Tidak,Tidak,Tidak,Tidak,850000,0,13.652992804936396
Kabupaten Blitar,Campur,Kecamatan Sukorejo,0.0,Tidak,Ya,Ya,Tidak,Ya,Ya,750000,4,13.527829818844937
Kabupaten Blitar,Campur,Sukorejo,0.0,Ya,Ya,Ya,Ya,Ya,Ya,1200000,6,13.997832948091215
Kabupaten Blitar,Putri,Sukorejo,0.0,Tidak,Ya,Ya,Tidak,Ya,Ya,450000,4,13.017005083966255
Kabupaten Blitar,Campur,Kepanjenkidul,5.0,Tidak,Tidak,Tidak,Tidak,Tidak,Tidak,1650000,0,14.316286451937186
Kabupaten Blitar,Putri,Kecamatan Sananwetan,0.0,Tidak,Ya,Ya,Tidak,Tidak,Ya,400000,3,12.899222326086994
Kabupaten Blitar,Putra,Kecamatan Kepanjenkidul,0.0,Tidak,Ya,Ya,Tidak,Ya,Tidak,300000,3,12.611541086966115
Kabupaten Blitar,Putri,Kecamatan Sukorejo,0.0,Tidak,Ya,Ya,Tidak,Ya,Ya,375000,4,12.834683971615659
Kabupaten Blitar,Putri,Kecamatan Sananwetan,0.0,Ya,Tidak,Ya,Tidak,Ya,Ya,1550000,4,14.253766134056512
Kabupaten Blitar,Campur,Kecamatan Sananwetan,0.0,Tidak,Ya,Ya,Ya,Ya,Ya,800000,5,13.592368256649284
Kabupaten Blitar,Campur,Sukorejo,0.0,Tidak,Ya,Ya,Tidak,Ya,Ya,600000,4,13.304686600863562
Kabupaten Blitar,Putri,Sananwetan,0.0,Ya,Ya,Ya,Ya,Ya,Ya,1650000,6,14.316286451937186
Kabupaten Blitar,Putri,Sananwetan,5.0,Tidak,Ya,Ya,Tidak,Ya,Ya,550000,4,13.217675375388819
Kabupaten Blitar,Campur,Sukorejo,0.0,Tidak,Ya,Ya,Tidak,Ya,Ya,650000,4,13.384729180332174
Kabupaten Blitar,Putri,Sananwetan,0.0,Tidak,Ya,Ya,Tidak,Ya,Ya,500000,4,13.122365377402328
Kabupaten Blitar,Putri,Sananwetan,5.0,Tidak,Ya,Ya,Ya,Ya,Ya,700000,5,13.45883704259595
Kabupaten Blitar,Putri,Kecamatan Sananwetan,0.0,Ya,Ya,Ya,Ya,Ya,Ya,1100000,6,13.910821646859095
Kabupaten Blitar,Putri,Kecamatan Sananwetan,0.0,Tidak,Ya,Ya,Ya,Ya,Ya,550000,5,13.217675375388819
Kabupaten Blitar,Campur,Kecamatan Sukorejo,0.0,Tidak,Ya,Ya,Tidak,Ya,Ya,700000,4,13.45883704259595
Kabupaten Blitar,Putri,Kanigoro,0.0,Tidak,Ya,Ya,Ya,Ya,Ya,550000,5,13.217675375388819
Kabupaten Blitar,Putra,Sananwetan,0.0,Tidak,Ya,Ya,Tidak,Tidak,Ya,380000,3,12.847929163278053
Kabupaten Blitar,Campur,Kecamatan Sananwetan,0.0,Ya,Ya,Ya,Tidak,Ya,Ya,1105000,5,13.915356797910956
Kabupaten Blitar,Putri,Kecamatan Sananwetan,0.0,Tidak,Tidak,Ya,Tidak,Ya,Ya,750000,3,13.527829818844937
Kabupaten Blitar,Campur,Kecamatan Kepanjenkidul,0.0,Tidak,Tidak,Ya,Tidak,Ya,Ya,500000,3,13.122365377402328
Kabupaten Blitar,Campur,Sukorejo,0.0,Tidak,Tidak,Ya,Tidak,Ya,Ya,550000,3,13.217675375388819
Kabupaten Blitar,Putri,Kepanjenkidul,0.0,Tidak,Ya,Ya,Tidak,Tidak,Tidak,425000,2,12.959846800844963
Kabupaten Blitar,Campur,Kecamatan Sananwetan,0.0,Tidak,Ya,Ya,Ya,Ya,Tidak,400000,4,12.899222326086994
Kabupaten Blitar,Putri,Kecamatan Sananwetan,0.0,Tidak,Tidak,Ya,Ya,Ya,Ya,650000,4,13.384729180332174
Kabupaten Blitar,Putra,Kecamatan Sananwetan,0.0,Tidak,Ya,Ya,Ya,Tidak,Ya,525000,4,13.171155446333852
Kabupaten Blitar,Campur,Sananwetan,0.0,Ya,Ya,Ya,Ya,Ya,Ya,1300000,6,14.077875591662238
Kabupaten Blitar,Campur,Sananwetan,5.0,Tidak,Ya,Ya,Ya,Ya,Ya,500000,5,13.122365377402328
Kabupaten Blitar,Campur,Kecamatan Sananwetan,0.0,Tidak,Ya,Ya,Ya,Tidak,Ya,400000,4,12.899222326086994
Kabupaten Blitar,Putri,Kecamatan Sukorejo,0.0,Tidak,Tidak,Ya,Ya,Ya,Ya,600000,4,13.304686600863562
Kabupaten Blitar,Putri,Sananwetan,0.0,Tidak,Tidak,Ya,Ya,Tidak,Ya,500000,3,13.122365377402328
Kabupaten Blitar,Campur,Kepanjenkidul,0.0,Tidak,Tidak,Ya,Tidak,Ya,Ya,350000,3,12.765691290604371
Kabupaten Blitar,Campur,Kademangan,0.0,Tidak,Ya,Ya,Tidak,Ya,Tidak,450000,3,13.017005083966255
Kabupaten Blitar,Putri,Kanigoro,0.0,Tidak,Ya,Ya,Ya,Tidak,Ya,400000,4,12.899222326086994
Kabupaten Blitar,Campur,Sananwetan,0.0,Tidak,Tidak,Ya,Tidak,Tidak,Ya,600000,2,13.304686600863562
Kabupaten Blitar,Putri,Sananwetan,0.0,Tidak,Tidak,Ya,Ya,Tidak,Ya,500000,3,13.122365377402328
Kabupaten Blitar,Putri,Sananwetan,0.0,Ya,Ya,Ya,Ya,Ya,Ya,1400000,6,14.151983508870947
Kabupaten Blitar,Putri,Kecamatan Sananwetan,0.0,Tidak,Ya,Ya,Ya,Ya,Ya,500000,5,13.122365377402328
Kabupaten Blitar,Putri,Sananwetan,0.0,Tidak,Ya,Ya,Ya,Ya,Ya,500000,5,13.122365377402328
Kabupaten Blitar,Putri,Kecamatan Sukorejo,0.0,Tidak,Tidak,Ya,Tidak,Tidak,Ya,400000,2,12.899222326086994
Kabupaten Blitar,Putra,Sananwetan,0.0,Tidak,Tidak,Ya,Ya,Tidak,Ya,475000,3,13.07107218827772
Kabupaten Blitar,Campur,Sananwetan,0.0,Tidak,Ya,Ya,Tidak,Ya,Ya,800000,4,13.592368256649284
Kabupaten Blitar,Putri,Sanankulon,0.0,Tidak,Ya,Ya,Ya,Ya,Ya,450000,5,13.017005083966255
Kabupaten Blitar,Putri,Kecamatan Sananwetan,0.0,Ya,Ya,Ya,Ya,Ya,Ya,1000000,6,13.815511557963774
Kabupaten Blitar,Campur,Kecamatan Sananwetan,0.0,Tidak,Ya,Ya,Tidak,Ya,Tidak,460000,3,13.038983942375959
Kabupaten Blitar,Campur,Sukorejo,0.0,Ya,Tidak,Ya,Ya,Tidak,Ya,1350000,4,14.115615891155079
Kabupaten Blitar,Putri,Sananwetan,4.8,Tidak,Ya,Ya,Ya,Ya,Ya,550000,5,13.217675375388819
Kabupaten Blitar,Putri,Kecamatan Sananwetan,0.0,Tidak,Ya,Ya,Tidak,Tidak,Ya,400000,3,12.899222326086994
Kabupaten Blitar,Putri,Kepanjenkidul,0.0,Tidak,Tidak,Ya,Tidak,Ya,Ya,1000000,3,13.815511557963774
Kabupaten Blitar,Putri,Sananwetan,0.0,Ya,Tidak,Ya,Ya,Ya,Ya,1250000,5,14.038654909278163
Kabupaten Blitar,Putri,Kepanjenkidul,4.4,Tidak,Ya,Ya,Tidak,Ya,Ya,550000,4,13.217675375388819
Kabupaten Blitar,Putri,Sananwetan,0.0,Tidak,Ya,Ya,Ya,Ya,Ya,550000,5,13.217675375388819
Kabupaten Blitar,Putri,Sananwetan,0.0,Ya,Tidak,Ya,Ya,Ya,Ya,1200000,5,13.997832948091215
Kabupaten Blitar,Campur,Kanigoro,0.0,Ya,Tidak,Ya,Tidak,Ya,Ya,1000000,4,13.815511557963774
Kabupaten Blitar,Putri,Kecamatan Sukorejo,0.0,Ya,Tidak,Ya,Tidak,Ya,Ya,800000,4,13.592368256649284
Kabupaten Blitar,Campur,Sananwetan,0.0,Tidak,Ya,Ya,Tidak,Ya,Ya,800000,4,13.592368256649284
Kabupaten Blitar,Putra,Kecamatan Sananwetan,0.0,Tidak,Tidak,Ya,Ya,Tidak,Ya,550000,3,13.217675375388819
Kabupaten Blitar,Campur,Kecamatan Sananwetan,0.0,Ya,Ya,Ya,Tidak,Ya,Ya,1200000,5,13.997832948091215
Kabupaten Blitar,Putri,Kepanjenkidul,0.0,Tidak,Tidak,Ya,Tidak,Tidak,Ya,350000,2,12.765691290604371
Kabupaten Blitar,Putri,Kepanjenkidul,0.0,Tidak,Ya,Ya,Tidak,Ya,Ya,700000,4,13.45883704259595
Kabupaten Blitar,Campur,Kecamatan Kepanjenkidul,0.0,Tidak,Tidak,Ya,Tidak,Ya,Ya,500000,3,13.122365377402328
Kabupaten Blitar,Campur,Kecamatan Ponggok,0.0,Tidak,Ya,Ya,Tidak,Ya,Ya,500000,4,13.122365377402328
Kabupaten Blitar,Putri,Sananwetan,5.0,Tidak,Ya,Ya,Ya,Ya,Ya,350000,5,12.765691290604371
Kabupaten Blitar,Campur,Kecamatan Kepanjenkidul,0.0,Tidak,Ya,Ya,Tidak,Ya,Ya,500000,4,13.122365377402328
Kabupaten Blitar,Putri,Sananwetan,5.0,Ya,Ya,Ya,Ya,Ya,Ya,850000,6,13.652992804936396
Kabupaten Blitar,Putri,Sananwetan,0.0,Ya,Tidak,Ya,Ya,Ya,Ya,1350000,5,14.115615891155079
Kabupaten Blitar,Campur,Kecamatan Sananwetan,0.0,Tidak,Ya,Ya,Tidak,Ya,Ya,850000,4,13.652992804936396
Kabupaten Blitar,Putri,Kecamatan Sukorejo,0.0,Tidak,Ya,Ya,Ya,Tidak,Ya,500000,4,13.122365377402328
Kabupaten Blitar,Putri,Kecamatan Kepanjenkidul,0.0,Tidak,Ya,Ya,Tidak,Tidak,Ya,375000,3,12.834683971615659
Kabupaten Blitar,Putri,Kecamatan Sukorejo,0.0,Tidak,Ya,Ya,Ya,Ya,Ya,500000,5,13.122365377402328
Kabupaten Blitar,Campur,Kecamatan Sukorejo,0.0,Tidak,Ya,Ya,Tidak,Ya,Ya,450000,4,13.017005083966255
Kabupaten Blitar,Putri,Kecamatan Sananwetan,0.0,Ya,Tidak,Ya,Ya,Ya,Ya,700000,5,13.45883704259595
Kabupaten Blitar,Putri,Kecamatan Sananwetan,0.0,Tidak,Tidak,Ya,Ya,Tidak,Ya,700000,3,13.45883704259595
Kabupaten Blitar,Campur,Kepanjenkidul,0.0,Tidak,Ya,Ya,Tidak,Ya,Tidak,700000,3,13.45883704259595
Kabupaten Blitar,Putri,Kecamatan Kepanjenkidul,0.0,Tidak,Tidak,Ya,Ya,Ya,Tidak,500000,3,13.122365377402328
Kabupaten Blitar,Putri,Sananwetan,0.0,Ya,Ya,Ya,Ya,Ya,Ya,800000,6,13.592368256649284
Kabupaten Blitar,Campur,Kanigoro,0.0,Tidak,Tidak,Ya,Tidak,Ya,Ya,550000,3,13.217675375388819
Kabupaten Blitar,Putri,Sananwetan,4.9,Tidak,Tidak,Ya,Ya,Ya,Tidak,500000,3,13.122365377402328
Kabupaten Blitar,Putri,Kanigoro,0.0,Tidak,Tidak,Ya,Tidak,Tidak,Ya,360000,2,12.793862088206213
Kabupaten Blitar,Putra,Kecamatan Sananwetan,0.0,Tidak,Tidak,Ya,Ya,Tidak,Tidak,250000,2,12.429220196836383
Kabupaten Blitar,Putra,Kecamatan Sananwetan,0.0,Tidak,Ya,Ya,Tidak,Tidak,Ya,650000,3,13.384729180332174
Kabupaten Blitar,Campur,Sananwetan,0.0,Tidak,Ya,Ya,Tidak,Ya,Ya,550000,4,13.217675375388819
Kabupaten Blitar,Putri,Kecamatan Kepanjenkidul,0.0,Tidak,Ya,Ya,Tidak,Ya,Ya,450000,4,13.017005083966255
Kabupaten Blitar,Putri,Sananwetan,0.0,Tidak,Tidak,Ya,Ya,Ya,Tidak,600000,3,13.304686600863562
Kabupaten Blitar,Campur,Kecamatan Sukorejo,0.0,Tidak,Ya,Ya,Tidak,Ya,Ya,700000,4,13.45883704259595
Kabupaten Blitar,Campur,Kecamatan Kanigoro,0.0,Tidak,Ya,Ya,Tidak,Ya,Ya,500000,4,13.122365377402328
Kabupaten Blitar,Putri,Kecamatan Sukorejo,0.0,Tidak,Tidak,Ya,Tidak,Ya,Ya,550000,3,13.217675375388819
Kabupaten Blitar,Putri,Sananwetan,0.0,Ya,Tidak,Ya,Ya,Ya,Tidak,1000000,4,13.815511557963774
Kabupaten Blitar,Putra,Kepanjenkidul,0.0,Tidak,Ya,Ya,Ya,Tidak,Ya,450000,4,13.017005083966255
Kabupaten Blitar,Putri,Sananwetan,0.0,Ya,Tidak,Ya,Ya,Ya,Tidak,1100000,4,13.910821646859095
Kabupaten Blitar,Putri,Sananwetan,0.0,Tidak,Ya,Ya,Ya,Tidak,Ya,600000,4,13.304686600863562
Kabupaten Blitar,Putri,Sanankulon,0.0,Tidak,Tidak,Ya,Tidak,Ya,Ya,600000,3,13.304686600863562
Kabupaten Blitar,Putri,Sananwetan,0.0,Ya,Ya,Ya,Ya,Ya,Ya,1300000,6,14.077875591662238
Kabupaten Blitar,Campur,Kecamatan Sananwetan,0.0,Tidak,Ya,Ya,Ya,Tidak,Ya,850000,4,13.652992804936396
Kabupaten Blitar,Putri,Kecamatan Sananwetan,0.0,Tidak,Tidak,Ya,Tidak,Ya,Ya,600000,3,13.304686600863562
Kabupaten Blitar,Campur,Kanigoro,0.0,Tidak,Tidak,Ya,Tidak,Ya,Ya,600000,3,13.304686600863562
Kabupaten Blitar,Putri,Sananwetan,0.0,Tidak,Ya,Ya,Ya,Ya,Ya,650000,5,13.384729180332174
Kabupaten Blitar,Putri,Kecamatan Sananwetan,0.0,Tidak,Ya,Ya,Tidak,Tidak,Ya,400000,3,12.899222326086994
Kabupaten Blitar,Putri,Kecamatan Sananwetan,0.0,Tidak,Ya,Ya,Tidak,Ya,Ya,500000,4,13.122365377402328
Kabupaten Blitar,Putri,Sananwetan,0.0,Tidak,Tidak,Ya,Ya,Tidak,Tidak,500000,2,13.122365377402328
Kabupaten Blitar,Campur,Kecamatan Sananwetan,0.0,Tidak,Tidak,Tidak,Ya,Tidak,Ya,200000,2,12.206077645517674
Kabupaten Blitar,Putri,Sukorejo,0.0,Tidak,Ya,Ya,Tidak,Ya,Ya,530000,4,13.180634172318978
Kabupaten Blitar,Campur,Kecamatan Sananwetan,0.0,Tidak,Ya,Ya,Tidak,Ya,Ya,400000,4,12.899222326086994
Kabupaten Blitar,Putri,Kanigoro,4.8,Ya,Tidak,Ya,Ya,Ya,Ya,1000000,5,13.815511557963774
Kabupaten Blitar,Campur,Sananwetan,0.0,Tidak,Ya,Ya,Tidak,Tidak,Ya,600000,3,13.304686600863562
Kabupaten Blitar,Putri,Sukorejo,0.0,Tidak,Ya,Ya,Tidak,Ya,Ya,460000,4,13.038983942375959
Kabupaten Blitar,Campur,Sananwetan,0.0,Ya,Ya,Ya,Tidak,Ya,Ya,1150000,5,13.955273369904273
Kabupaten Blitar,Putri,Sananwetan,0.0,Tidak,Tidak,Ya,Ya,Ya,Ya,500000,4,13.122365377402328
Kabupaten Blitar,Campur,Sukorejo,0.0,Tidak,Tidak,Ya,Ya,Ya,Ya,850000,4,13.652992804936396
Kabupaten Blitar,Putri,Kecamatan Kepanjenkidul,0.0,Tidak,Ya,Ya,Tidak,Tidak,Ya,350000,3,12.765691290604371
Kabupaten Blitar,Campur,Sananwetan,0.0,Tidak,Ya,Ya,Tidak,Ya,Ya,500000,4,13.122365377402328
Kabupaten Blitar,Putri,Kecamatan Sananwetan,0.0,Ya,Tidak,Ya,Ya,Ya,Ya,1250000,5,14.038654909278163
Kabupaten Blitar,Putri,Kecamatan Sukorejo,0.0,Tidak,Tidak,Tidak,Tidak,Ya,Tidak,600000,1,13.304686600863562
Kabupaten Blitar,Putra,Kepanjen Kidul,0.0,Ya,Tidak,Ya,Ya,Tidak,Ya,1600000,4,14.285514812209815
Kabupaten Blitar,Campur,Kepanjenkidul,0.0,Tidak,Tidak,Tidak,Tidak,Ya,Tidak,600000,1,13.304686600863562
Kabupaten Blitar,Putri,Sukorejo,0.0,Tidak,Ya,Ya,Ya,Ya,Ya,400000,5,12.899222326086994
Kabupaten Blitar,Campur,Sananwetan,0.0,Tidak,Ya,Ya,Ya,Ya,Ya,600000,5,13.304686600863562
Kabupaten Blitar,Putri,Sananwetan,0.0,Tidak,Tidak,Ya,Tidak,Ya,Ya,550000,3,13.217675375388819
Kabupaten Blitar,Campur,Sananwetan,0.0,Tidak,Tidak,Ya,Ya,Ya,Ya,650000,4,13.384729180332174
Kabupaten Blitar,Campur,Kanigoro,0.0,Tidak,Ya,Ya,Tidak,Ya,Ya,650000,4,13.384729180332174
Kabupaten Blitar,Putri,Kecamatan Sukorejo,0.0,Ya,Ya,Ya,Tidak,Tidak,Ya,1000000,4,13.815511557963774
Kabupaten Blitar,Putri,Sananwetan,0.0,Ya,Tidak,Ya,Tidak,Ya,Ya,900000,4,13.710151153416941
Kabupaten Blitar,Campur,Sananwetan,0.0,Ya,Ya,Ya,Tidak,Ya,Tidak,1350000,4,14.115615891155079
Kabupaten Blitar,Putri,Kepanjenkidul,0.0,Tidak,Ya,Ya,Ya,Ya,Ya,700000,5,13.45883704259595
Kabupaten Blitar,Campur,Kecamatan Sananwetan,0.0,Tidak,Tidak,Ya,Tidak,Tidak,Tidak,400000,1,12.899222326086994
Kabupaten Blitar,Putra,Kecamatan Kepanjenkidul,0.0,Tidak,Ya,Ya,Ya,Tidak,Tidak,500000,3,13.122365377402328
Kabupaten Blitar,Putri,Kecamatan Kepanjenkidul,0.0,Tidak,Ya,Ya,Tidak,Tidak,Ya,400000,3,12.899222326086994
Kabupaten Blitar,Putri,Kepanjenkidul,0.0,Tidak,Ya,Ya,Tidak,Ya,Tidak,450000,3,13.017005083966255
Kabupaten Blitar,Putri,Kecamatan Kanigoro,0.0,Tidak,Ya,Ya,Ya,Ya,Ya,1000000,5,13.815511557963774
Kabupaten Blitar,Putri,Sukorejo,0.0,Tidak,Tidak,Ya,Tidak,Ya,Ya,460000,3,13.038983942375959
Kabupaten Blitar,Campur,Kepanjenkidul,0.0,Ya,Ya,Ya,Ya,Ya,Ya,1150000,6,13.955273369904273
Kabupaten Blitar,Campur,Kanigoro,0.0,Tidak,Tidak,Ya,Ya,Ya,Ya,650000,4,13.384729180332174
Kabupaten Blitar,Campur,Kecamatan Sananwetan,0.0,Tidak,Ya,Ya,Ya,Tidak,Ya,350000,4,12.765691290604371
Kabupaten Blitar,Putri,Kecamatan Sananwetan,0.0,Tidak,Tidak,Ya,Ya,Ya,Ya,900000,4,13.710151153416941
Kabupaten Blitar,Campur,Sananwetan,0.0,Tidak,Tidak,Ya,Ya,Ya,Ya,650000,4,13.384729180332174
Kabupaten Blitar,Putri,Kepanjenkidul,0.0,Tidak,Tidak,Ya,Ya,Ya,Ya,350000,4,12.765691290604371
Kabupaten Blitar,Campur,Kecamatan Sukorejo,0.0,Tidak,Ya,Ya,Tidak,Ya,Ya,600000,4,13.304686600863562
Kabupaten Blitar,Putri,Sananwetan,0.0,Tidak,Ya,Ya,Tidak,Tidak,Ya,400000,3,12.899222326086994
Kabupaten Blitar,Putra,Sananwetan,0.0,Tidak,Ya,Ya,Ya,Tidak,Ya,250000,4,12.429220196836383
Kabupaten Blitar,Campur,Kecamatan Sananwetan,0.0,Ya,Ya,Ya,Tidak,Ya,Ya,1500000,5,14.220976332738882
Kabupaten Blitar,Campur,Kepanjenkidul,0.0,Tidak,Ya,Ya,Tidak,Ya,Ya,650000,4,13.384729180332174
Kabupaten Blitar,Putri,Kepanjenkidul,0.0,Tidak,Ya,Ya,Tidak,Ya,Tidak,700000,3,13.45883704259595
Kabupaten Blitar,Putri,Kepanjenkidul,0.0,Tidak,Ya,Ya,Ya,Tidak,Tidak,300000,3,12.611541086966115
Kabupaten Blitar,Campur,Kanigoro,0.0,Tidak,Tidak,Ya,Tidak,Ya,Tidak,700000,2,13.45883704259595
Kabupaten Blitar,Putri,Sananwetan,0.0,Tidak,Tidak,Ya,Ya,Tidak,Ya,500000,3,13.122365377402328
Kabupaten Blitar,Putra,Sananwetan,0.0,Tidak,Tidak,Ya,Tidak,Tidak,Ya,375000,2,12.834683971615659
Kabupaten Blitar,Putri,Kecamatan Sananwetan,5.0,Ya,Ya,Ya,Ya,Ya,Ya,1100000,6,13.910821646859095
Kabupaten Blitar,Putri,Kecamatan Sukorejo,0.0,Tidak,Ya,Ya,Tidak,Ya,Ya,600000,4,13.304686600863562
Kabupaten Blitar,Putri,Kecamatan Kepanjenkidul,0.0,Tidak,Ya,Ya,Ya,Ya,Ya,750000,5,13.527829818844937
Kabupaten Blitar,Putri,Sananwetan,0.0,Tidak,Tidak,Ya,Tidak,Ya,Ya,385000,3,12.861001210669146
Kabupaten Blitar,Putri,Sananwetan,0.0,Ya,Ya,Ya,Tidak,Ya,Ya,1500000,5,14.220976332738882
Kabupaten Blitar,Putri,Kepanjenkidul,0.0,Tidak,Ya,Ya,Ya,Ya,Tidak,450000,4,13.017005083966255
Kabupaten Blitar,Putri,Kepanjenkidul,0.0,Tidak,Ya,Ya,Tidak,Ya,Ya,700000,4,13.45883704259595
Kabupaten Blitar,Putri,Kecamatan Sananwetan,0.0,Tidak,Ya,Ya,Tidak,Tidak,Tidak,350000,2,12.765691290604371
Kabupaten Blitar,Campur,Sukorejo,0.0,Tidak,Tidak,Ya,Tidak,Ya,Tidak,500000,2,13.122365377402328
Kabupaten Blitar,Campur,Sanankulon,0.0,Tidak,Ya,Ya,Tidak,Ya,Ya,500000,4,13.122365377402328
Kabupaten Blitar,Campur,Kepanjenkidul,0.0,Tidak,Ya,Ya,Tidak,Ya,Ya,400000,4,12.899222326086994
Kabupaten Blitar,Campur,Kecamatan Kanigoro,0.0,Tidak,Ya,Ya,Ya,Ya,Ya,600000,5,13.304686600863562
Kabupaten Blitar,Putra,Kanigoro,0.0,Tidak,Tidak,Ya,Tidak,Ya,Ya,500000,3,13.122365377402328
Kabupaten Blitar,Putri,Sananwetan,0.0,Tidak,Tidak,Ya,Tidak,Tidak,Ya,275000,2,12.524530013005734
Kabupaten Blitar,Campur,Sananwetan,0.0,Tidak,Ya,Ya,Tidak,Ya,Tidak,500000,3,13.122365377402328
Kabupaten Blitar,Campur,Kepanjenkidul,0.0,Tidak,Ya,Ya,Tidak,Ya,Ya,450000,4,13.017005083966255
Kabupaten Blitar,Campur,Sananwetan,0.0,Tidak,Ya,Ya,Tidak,Ya,Ya,600000,4,13.304686600863562
Kabupaten Blitar,Putri,Kecamatan Sananwetan,0.0,Tidak,Ya,Ya,Ya,Tidak,Ya,250000,4,12.429220196836383
Kabupaten Blitar,Campur,Kecamatan Sukorejo,0.0,Tidak,Ya,Ya,Tidak,Ya,Tidak,1000000,3,13.815511557963774
Kabupaten Blitar,Campur,Kanigoro,0.0,Tidak,Ya,Ya,Tidak,Ya,Tidak,580000,3,13.270785106659046
Kabupaten Blitar,Putri,Kecamatan Sananwetan,0.0,Tidak,Ya,Ya,Ya,Tidak,Ya,450000,4,13.017005083966255
Kabupaten Blitar,Campur,Sananwetan,0.0,Tidak,Tidak,Ya,Tidak,Tidak,Tidak,350000,1,12.765691290604371
Kabupaten Blitar,Putri,Sukorejo,0.0,Tidak,Ya,Ya,Tidak,Tidak,Tidak,250000,2,12.429220196836383
Kabupaten Blitar,Campur,Kanigoro,0.0,Tidak,Tidak,Ya,Tidak,Ya,Ya,800000,3,13.592368256649284
Kabupaten Blitar,Putri,Sukorejo,0.0,Tidak,Ya,Ya,Tidak,Tidak,Tidak,300000,2,12.611541086966115
Kabupaten Blitar,Campur,Sananwetan,0.0,Ya,Ya,Ya,Ya,Tidak,Ya,1100000,5,13.910821646859095
Kabupaten Blitar,Campur,Sananwetan,0.0,Tidak,Tidak,Ya,Tidak,Ya,Tidak,400000,2,12.899222326086994
Kabupaten Blitar,Putri,Kecamatan Sananwetan,0.0,Tidak,Tidak,Ya,Tidak,Tidak,Ya,275000,2,12.524530013005734
Kabupaten Blitar,Putra,Kecamatan Sananwetan,0.0,Tidak,Tidak,Ya,Tidak,Ya,Ya,700000,3,13.45883704259595
Kabupaten Blitar,Campur,Kanigoro,0.0,Ya,Tidak,Ya,Ya,Ya,Ya,1100000,5,13.910821646859095
Kabupaten Blitar,Putra,Kecamatan Sananwetan,0.0,Tidak,Tidak,Ya,Tidak,Ya,Ya,600000,3,13.304686600863562
Kabupaten Blitar,Putra,Kepanjenkidul,0.0,Tidak,Tidak,Ya,Tidak,Ya,Ya,450000,3,13.017005083966255
Kabupaten Blitar,Campur,Kecamatan Sananwetan,0.0,Tidak,Ya,Ya,Tidak,Ya,Ya,600000,4,13.304686600863562
Kabupaten Blitar,Campur,Sananwetan,0.0,Tidak,Tidak,Ya,Tidak,Ya,Ya,550000,3,13.217675375388819
Kabupaten Blitar,Campur,Kecamatan Sananwetan,0.0,Tidak,Tidak,Ya,Ya,Ya,Ya,600000,4,13.304686600863562
Kabupaten Blitar,Putra,Kepanjenkidul,0.0,Tidak,Ya,Ya,Tidak,Ya,Tidak,450000,3,13.017005083966255
Kabupaten Blitar,Putri,Kecamatan Sananwetan,0.0,Tidak,Tidak,Ya,Tidak,Tidak,Tidak,250000,1,12.429220196836383
Kabupaten Blitar,Campur,Kepanjenkidul,0.0,Ya,Ya,Ya,Tidak,Ya,Ya,1000000,5,13.815511557963774
Kabupaten Blitar,Campur,Kepanjenkidul,3.4,Tidak,Ya,Ya,Tidak,Ya,Tidak,400000,3,12.899222326086994
Kabupaten Blitar,Campur,Sananwetan,0.0,Tidak,Tidak,Ya,Tidak,Tidak,Tidak,400000,1,12.899222326086994
Kabupaten Blitar,Campur,Kecamatan Sananwetan,0.0,Tidak,Ya,Ya,Tidak,Ya,Ya,650000,4,13.384729180332174
Kabupaten Blitar,Putri,Sananwetan,0.0,Tidak,Ya,Ya,Ya,Ya,Ya,250000,5,12.429220196836383
Kabupaten Blitar,Putri,Kecamatan Sananwetan,0.0,Tidak,Tidak,Ya,Ya,Tidak,Ya,480000,3,13.081543466215237
Kabupaten Blitar,Putri,Kepanjenkidul,0.0,Tidak,Tidak,Ya,Tidak,Ya,Ya,370000,3,12.821260987319457
Kabupaten Blitar,Putri,Sananwetan,0.0,Tidak,Ya,Ya,Ya,Tidak,Tidak,580000,3,13.270785106659046
Kabupaten Blitar,Campur,Kecamatan Kepanjenkidul,0.0,Tidak,Tidak,Ya,Tidak,Ya,Ya,450000,3,13.017005083966255
Kabupaten Blitar,Putri,Sananwetan,0.0,Tidak,Ya,Ya,Tidak,Tidak,Tidak,350000,2,12.765691290604371
Kabupaten Blitar,Campur,Sukorejo,0.0,Tidak,Tidak,Ya,Tidak,Ya,Ya,500000,3,13.122365377402328
Kabupaten Blitar,Putri,Sananwetan,0.0,Tidak,Ya,Ya,Tidak,Ya,Ya,600000,4,13.304686600863562
Kabupaten Blitar,Putra,Sananwetan,0.0,Tidak,Ya,Ya,Tidak,Tidak,Tidak,250000,2,12.429220196836383
Kabupaten Blitar,Campur,Kecamatan Sananwetan,0.0,Tidak,Ya,Ya,Ya,Ya,Ya,750000,5,13.527829818844937
Kabupaten Blitar,Campur,Kecamatan Kanigoro,0.0,Tidak,Tidak,Ya,Ya,Ya,Ya,650000,4,13.384729180332174
Kabupaten Blitar,Putra,Sananwetan,0.0,Tidak,Ya,Ya,Tidak,Tidak,Tidak,500000,2,13.122365377402328
Kabupaten Blitar,Campur,Kecamatan Kepanjenkidul,0.0,Tidak,Ya,Tidak,Tidak,Ya,Tidak,750000,2,13.527829818844937
Kabupaten Blitar,Putri,Kepanjenkidul,0.0,Tidak,Ya,Ya,Tidak,Ya,Tidak,600000,3,13.304686600863562
Kabupaten Blitar,Campur,Kecamatan Sananwetan,0.0,Tidak,Ya,Ya,Ya,Tidak,Ya,550000,4,13.217675375388819
Kabupaten Blitar,Putri,Sananwetan,0.0,Ya,Ya,Ya,Ya,Ya,Ya,1250000,6,14.038654909278163
Kabupaten Blitar,Campur,Sananwetan,0.0,Tidak,Tidak,Ya,Tidak,Ya,Ya,600000,3,13.304686600863562
Kabupaten Blitar,Putri,Sananwetan,0.0,Tidak,Ya,Ya,Tidak,Ya,Ya,500000,4,13.122365377402328
Kabupaten Blitar,Campur,Sananwetan,0.0,Tidak,Ya,Ya,Tidak,Ya,Tidak,600000,3,13.304686600863562
Kabupaten Blitar,Putri,Kepanjenkidul,0.0,Tidak,Ya,Ya,Tidak,Ya,Ya,500000,4,13.122365377402328
Kabupaten Blitar,Campur,Kecamatan Sananwetan,0.0,Tidak,Ya,Ya,Ya,Ya,Ya,750000,5,13.527829818844937
Kabupaten Blitar,Campur,Sananwetan,0.0,Tidak,Tidak,Ya,Tidak,Ya,Tidak,550000,2,13.217675375388819
Kabupaten Blitar,Putri,Sananwetan,0.0,Tidak,Ya,Ya,Tidak,Ya,Ya,500000,4,13.122365377402328
Kabupaten Blitar,Campur,Sananwetan,0.0,Tidak,Tidak,Ya,Tidak,Ya,Tidak,500000,2,13.122365377402328
Kabupaten Blitar,Campur,Sananwetan,0.0,Ya,Ya,Ya,Ya,Ya,Ya,1100000,6,13.910821646859095
Kabupaten Bojonegoro,Campur,Bojonegoro,0.0,Ya,Ya,Ya,Ya,Ya,Ya,1000000,6,13.815511557963774
Kabupaten Bojonegoro,Campur,Bojonegoro,0.0,Ya,Ya,Ya,Ya,Ya,Ya,1500000,6,14.220976332738882
Kabupaten Bojonegoro,Putri,Bojonegoro,0.0,Tidak,Ya,Ya,Ya,Ya,Ya,900000,5,13.710151153416941
Kabupaten Bojonegoro,Campur,Bojonegoro,0.0,Ya,Ya,Ya,Tidak,Ya,Ya,1250000,5,14.038654909278163
Kabupaten Bojonegoro,Putri,Bojonegoro,0.0,Tidak,Tidak,Ya,Tidak,Ya,Ya,450000,3,13.017005083966255
Kabupaten Bojonegoro,Campur,Bojonegoro,0.0,Ya,Ya,Ya,Ya,Ya,Ya,1600000,6,14.285514812209815
Kabupaten Bojonegoro,Campur,Bojonegoro,0.0,Ya,Ya,Ya,Ya,Ya,Ya,850000,6,13.652992804936396
Kabupaten Bojonegoro,Putra,Bojonegoro,0.0,Ya,Ya,Ya,Ya,Ya,Ya,800000,6,13.592368256649284
Kabupaten Bojonegoro,Campur,Kecamatan Bojonegoro,0.0,Tidak,Ya,Ya,Tidak,Ya,Tidak,500000,3,13.122365377402328
Kabupaten Bojonegoro,Putri,Kecamatan Bojonegoro,0.0,Ya,Tidak,Ya,Tidak,Tidak,Ya,500000,3,13.122365377402328
Kabupaten Bojonegoro,Putri,Bojonegoro,5.0,Tidak,Ya,Ya,Tidak,Tidak,Tidak,550000,2,13.217675375388819
Kabupaten Bojonegoro,Putri,Bojonegoro,0.0,Tidak,Tidak,Ya,Tidak,Tidak,Ya,500000,2,13.122365377402328
Kabupaten Bojonegoro,Putra,Bojonegoro,5.0,Tidak,Ya,Ya,Ya,Tidak,Ya,400000,4,12.899222326086994
Kabupaten Bojonegoro,Putri,Bojonegoro,0.0,Tidak,Ya,Ya,Tidak,Tidak,Ya,400000,3,12.899222326086994
Kabupaten Bojonegoro,Campur,Dander,0.0,Tidak,Ya,Ya,Tidak,Tidak,Tidak,450000,2,13.017005083966255
Kabupaten Bojonegoro,Putra,Bojonegoro,0.0,Ya,Tidak,Ya,Ya,Ya,Ya,1300000,5,14.077875591662238
Kabupaten Bojonegoro,Putra,Bojonegoro,0.0,Tidak,Ya,Ya,Tidak,Tidak,Ya,450000,3,13.017005083966255
Kabupaten Bojonegoro,Putri,Bojonegoro,0.0,Tidak,Ya,Ya,Ya,Ya,Ya,450000,5,13.017005083966255
Kabupaten Bojonegoro,Putri,Bojonegoro,0.0,Tidak,Tidak,Ya,Ya,Ya,Ya,550000,4,13.217675375388819
Kabupaten Bojonegoro,Campur,Bojonegoro,0.0,Tidak,Ya,Ya,Tidak,Ya,Ya,600000,4,13.304686600863562
Kabupaten Bojonegoro,Campur,Kecamatan Bojonegoro,0.0,Tidak,Ya,Tidak,Ya,Tidak,Ya,500000,3,13.122365377402328
Kabupaten Bojonegoro,Putra,Bojonegoro,0.0,Tidak,Ya,Ya,Ya,Ya,Ya,650000,5,13.384729180332174
Kabupaten Bojonegoro,Putri,Kecamatan Bojonegoro,0.0,Tidak,Ya,Ya,Tidak,Ya,Ya,450000,4,13.017005083966255
Kabupaten Bojonegoro,Putri,Kecamatan Bojonegoro,0.0,Tidak,Ya,Ya,Tidak,Tidak,Ya,600000,3,13.304686600863562
Kabupaten Bojonegoro,Campur,Kecamatan Kapas,0.0,Ya,Ya,Ya,Ya,Ya,Ya,850000,6,13.652992804936396
Kabupaten Bojonegoro,Putri,Bojonegoro,0.0,Tidak,Ya,Ya,Tidak,Tidak,Ya,400000,3,12.899222326086994
Kabupaten Bojonegoro,Putra,Bojonegoro,0.0,Tidak,Ya,Ya,Ya,Tidak,Tidak,500000,3,13.122365377402328
Kabupaten Bojonegoro,Campur,Bojonegoro,0.0,Ya,Ya,Ya,Ya,Ya,Ya,1000000,6,13.815511557963774
Kabupaten Bojonegoro,Putri,Kapas,0.0,Tidak,Tidak,Ya,Tidak,Tidak,Ya,400000,2,12.899222326086994
Kabupaten Bojonegoro,Campur,Bojonegoro,0.0,Tidak,Tidak,Ya,Tidak,Ya,Ya,750000,3,13.527829818844937
Kabupaten Bojonegoro,Campur,Bojonegoro,0.0,Tidak,Tidak,Ya,Ya,Ya,Ya,1200000,4,13.997832948091215
Kabupaten Bojonegoro,Putri,Bojonegoro,0.0,Tidak,Ya,Ya,Ya,Ya,Ya,800000,5,13.592368256649284
Kabupaten Bojonegoro,Putra,Bojonegoro,0.0,Ya,Ya,Ya,Ya,Ya,Ya,900000,6,13.710151153416941
Kabupaten Bojonegoro,Putri,Bojonegoro,5.0,Ya,Ya,Ya,Ya,Ya,Ya,1300000,6,14.077875591662238
Kabupaten Bojonegoro,Campur,Kecamatan Bojonegoro,0.0,Ya,Ya,Ya,Ya,Ya,Ya,1300000,6,14.077875591662238
Kabupaten Bojonegoro,Putri,Kecamatan Bojonegoro,0.0,Tidak,Tidak,Ya,Ya,Tidak,Ya,500000,3,13.122365377402328
Kabupaten Bojonegoro,Campur,Kecamatan Kapas,0.0,Ya,Ya,Ya,Tidak,Ya,Ya,1000000,5,13.815511557963774
Kabupaten Bojonegoro,Putri,Bojonegoro,0.0,Tidak,Tidak,Ya,Ya,Tidak,Ya,350000,3,12.765691290604371
Kabupaten Bojonegoro,Putra,Kecamatan Bojonegoro,0.0,Tidak,Tidak,Ya,Ya,Ya,Tidak,500000,3,13.122365377402328
Kabupaten Bojonegoro,Putra,Kecamatan Bojonegoro,0.0,Tidak,Tidak,Ya,Ya,Ya,Tidak,750000,3,13.527829818844937
Kabupaten Bojonegoro,Putra,Bojonegoro,0.0,Tidak,Ya,Ya,Ya,Tidak,Ya,500000,4,13.122365377402328
Kabupaten Bojonegoro,Campur,Bojonegoro,0.0,Ya,Ya,Ya,Tidak,Tidak,Ya,700000,4,13.45883704259595
Kabupaten Bojonegoro,Putri,Bojonegoro,0.0,Tidak,Ya,Ya,Tidak,Tidak,Ya,450000,3,13.017005083966255
Kabupaten Bojonegoro,Putra,Kecamatan Bojonegoro,0.0,Tidak,Ya,Ya,Tidak,Ya,Ya,700000,4,13.45883704259595
Kabupaten Bojonegoro,Putri,Bojonegoro,0.0,Tidak,Tidak,Ya,Ya,Tidak,Tidak,500000,2,13.122365377402328
Kabupaten Bojonegoro,Campur,Kecamatan Bojonegoro,0.0,Ya,Tidak,Ya,Ya,Ya,Tidak,1000000,4,13.815511557963774
Kabupaten Bojonegoro,Campur,Bojonegoro,0.0,Ya,Ya,Ya,Ya,Ya,Ya,1200000,6,13.997832948091215
Kabupaten Bojonegoro,Putra,Bojonegoro,0.0,Tidak,Ya,Ya,Ya,Ya,Ya,600000,5,13.304686600863562
Kabupaten Bojonegoro,Putri,Kecamatan Bojonegoro,0.0,Tidak,Ya,Ya,Tidak,Tidak,Ya,375000,3,12.834683971615659
Kabupaten Bojonegoro,Putra,Bojonegoro,0.0,Tidak,Ya,Ya,Ya,Ya,Tidak,700000,4,13.45883704259595
Kabupaten Bojonegoro,Putri,Kecamatan Bojonegoro,0.0,Tidak,Tidak,Ya,Tidak,Tidak,Ya,400000,2,12.899222326086994
Kabupaten Bojonegoro,Putra,Kecamatan Bojonegoro,0.0,Tidak,Ya,Ya,Tidak,Tidak,Tidak,600000,2,13.304686600863562
Kabupaten Bojonegoro,Putri,Kecamatan Bojonegoro,0.0,Tidak,Tidak,Ya,Tidak,Ya,Ya,550000,3,13.217675375388819
Kabupaten Bojonegoro,Campur,Bojonegoro,0.0,Ya,Tidak,Ya,Ya,Ya,Tidak,1500000,4,14.220976332738882
Kabupaten Bojonegoro,Campur,Bojonegoro,0.0,Tidak,Ya,Ya,Tidak,Ya,Tidak,700000,3,13.45883704259595
Kabupaten Bojonegoro,Putra,Kecamatan Bojonegoro,0.0,Tidak,Tidak,Ya,Ya,Ya,Tidak,650000,3,13.384729180332174
Kabupaten Bojonegoro,Campur,Bojonegoro,0.0,Ya,Ya,Ya,Ya,Ya,Ya,1100000,6,13.910821646859095
Kabupaten Bojonegoro,Campur,Bojonegoro,0.0,Tidak,Ya,Ya,Ya,Tidak,Ya,750000,4,13.527829818844937
Kabupaten Bojonegoro,Putra,Kecamatan Bojonegoro,0.0,Tidak,Ya,Ya,Ya,Tidak,Ya,500000,4,13.122365377402328
Kabupaten Bojonegoro,Campur,Bojonegoro,0.0,Ya,Tidak,Ya,Ya,Ya,Tidak,1800000,4,14.403297778421795
Kabupaten Bojonegoro,Campur,Kecamatan Bojonegoro,0.0,Ya,Ya,Tidak,Ya,Ya,Tidak,1200000,4,13.997832948091215
Kabupaten Bojonegoro,Campur,Bojonegoro,0.0,Ya,Tidak,Ya,Ya,Ya,Ya,1300000,5,14.077875591662238
Kabupaten Bojonegoro,Putri,Bojonegoro,0.0,Ya,Ya,Ya,Tidak,Ya,Ya,700000,5,13.45883704259595
Kabupaten Bojonegoro,Campur,Kecamatan Bojonegoro,0.0,Ya,Ya,Ya,Tidak,Ya,Tidak,1000000,4,13.815511557963774
Kabupaten Bojonegoro,Campur,Kecamatan Bojonegoro,0.0,Tidak,Ya,Ya,Tidak,Ya,Ya,600000,4,13.304686600863562
Kabupaten Bojonegoro,Putri,Kecamatan Bojonegoro,0.0,Tidak,Ya,Ya,Ya,Tidak,Ya,600000,4,13.304686600863562
Kabupaten Bojonegoro,Putri,Bojonegoro,0.0,Tidak,Ya,Ya,Ya,Tidak,Ya,750000,4,13.527829818844937
Kabupaten Bojonegoro,Campur,Bojonegoro,0.0,Ya,Tidak,Ya,Ya,Ya,Ya,1200000,5,13.997832948091215
Kabupaten Bojonegoro,Putri,Bojonegoro,0.0,Ya,Ya,Ya,Ya,Ya,Ya,1000000,6,13.815511557963774
Kabupaten Bojonegoro,Campur,Kecamatan Bojonegoro,0.0,Tidak,Tidak,Tidak,Tidak,Tidak,Tidak,1300000,0,14.077875591662238
Kabupaten Bojonegoro,Campur,Bojonegoro,5.0,Ya,Ya,Ya,Ya,Ya,Ya,1500000,6,14.220976332738882
Kabupaten Bojonegoro,Putra,Kecamatan Bojonegoro,0.0,Tidak,Tidak,Ya,Ya,Ya,Tidak,600000,3,13.304686600863562
Kabupaten Bojonegoro,Campur,Bojonegoro,0.0,Tidak,Ya,Ya,Tidak,Ya,Ya,500000,4,13.122365377402328
Kabupaten Bojonegoro,Putri,Bojonegoro,0.0,Tidak,Ya,Ya,Tidak,Tidak,Tidak,400000,2,12.899222326086994
Kabupaten Bojonegoro,Campur,Bojonegoro,0.0,Tidak,Tidak,Ya,Tidak,Tidak,Ya,400000,2,12.899222326086994
Kabupaten Bojonegoro,Campur,Bojonegoro,0.0,Ya,Ya,Ya,Tidak,Ya,Ya,950000,5,13.76421831620775
Kabupaten Bojonegoro,Putra,Bojonegoro,0.0,Ya,Ya,Ya,Tidak,Ya,Tidak,800000,4,13.592368256649284
Kabupaten Bojonegoro,Campur,Kecamatan Bojonegoro,0.0,Ya,Ya,Ya,Ya,Ya,Ya,1000000,6,13.815511557963774
Kabupaten Bojonegoro,Campur,Bojonegoro,0.0,Tidak,Ya,Ya,Tidak,Ya,Tidak,600000,3,13.304686600863562
Kabupaten Bojonegoro,Putri,Dander,0.0,Tidak,Ya,Ya,Ya,Tidak,Tidak,300000,3,12.611541086966115
Kabupaten Bojonegoro,Putri,Kecamatan Bojonegoro,0.0,Tidak,Ya,Ya,Tidak,Ya,Ya,700000,4,13.45883704259595
Kabupaten Bojonegoro,Putri,Kecamatan Bojonegoro,0.0,Tidak,Tidak,Ya,Ya,Tidak,Ya,500000,3,13.122365377402328
Kabupaten Bojonegoro,Putri,Bojonegoro,0.0,Tidak,Ya,Ya,Ya,Ya,Ya,400000,5,12.899222326086994
Kabupaten Bojonegoro,Putra,Kecamatan Bojonegoro,0.0,Tidak,Ya,Ya,Ya,Tidak,Ya,400000,4,12.899222326086994
Kabupaten Bojonegoro,Putri,Kecamatan Bojonegoro,0.0,Ya,Ya,Ya,Tidak,Ya,Ya,1100000,5,13.910821646859095
Kabupaten Bojonegoro,Campur,Kecamatan Bojonegoro,0.0,Tidak,Ya,Ya,Tidak,Tidak,Ya,350000,3,12.765691290604371
Kabupaten Bojonegoro,Putri,Kecamatan Kapas,0.0,Ya,Ya,Ya,Ya,Ya,Ya,1000000,6,13.815511557963774
Kabupaten Bojonegoro,Putri,Bojonegoro,0.0,Tidak,Tidak,Ya,Tidak,Tidak,Ya,350000,2,12.765691290604371
Kabupaten Bojonegoro,Campur,Bojonegoro,0.0,Ya,Tidak,Ya,Ya,Tidak,Ya,900000,4,13.710151153416941
Kabupaten Bojonegoro,Putri,Bojonegoro,0.0,Tidak,Tidak,Ya,Tidak,Ya,Tidak,400000,2,12.899222326086994
Kabupaten Bojonegoro,Putra,Bojonegoro,0.0,Ya,Tidak,Tidak,Tidak,Ya,Ya,1000000,3,13.815511557963774
Kabupaten Bojonegoro,Campur,Bojonegoro,0.0,Ya,Ya,Ya,Ya,Ya,Ya,950000,6,13.76421831620775
Kabupaten Bojonegoro,Campur,Bojonegoro,0.0,Tidak,Ya,Ya,Tidak,Ya,Ya,600000,4,13.304686600863562
Kabupaten Bojonegoro,Putri,Bojonegoro,4.8,Tidak,Ya,Ya,Ya,Ya,Ya,250400,5,12.430818911810329
Kabupaten Bojonegoro,Putra,Kecamatan Bojonegoro,0.0,Tidak,Ya,Tidak,Ya,Tidak,Ya,400000,3,12.899222326086994
Kabupaten Bojonegoro,Putra,Bojonegoro,0.0,Tidak,Ya,Ya,Ya,Ya,Tidak,550000,4,13.217675375388819
Kabupaten Bojonegoro,Campur,Bojonegoro,0.0,Tidak,Ya,Ya,Ya,Tidak,Tidak,330000,3,12.706850963741102
Kabupaten Bojonegoro,Campur,Kecamatan Bojonegoro,0.0,Tidak,Ya,Ya,Tidak,Ya,Ya,600000,4,13.304686600863562
Kabupaten Bojonegoro,Putri,Bojonegoro,0.0,Tidak,Ya,Ya,Tidak,Tidak,Ya,350000,3,12.765691290604371
Kabupaten Bojonegoro,Putri,Kecamatan Bojonegoro,0.0,Tidak,Ya,Ya,Ya,Ya,Tidak,500000,4,13.122365377402328
Kabupaten Bojonegoro,Campur,Bojonegoro,0.0,Tidak,Ya,Ya,Ya,Ya,Tidak,400000,4,12.899222326086994
Kabupaten Bojonegoro,Campur,Kapas,0.0,Tidak,Ya,Ya,Ya,Ya,Tidak,525000,4,13.171155446333852
Kabupaten Bojonegoro,Putri,Bojonegoro,0.0,Tidak,Ya,Ya,Ya,Tidak,Tidak,400000,3,12.899222326086994
Kabupaten Bojonegoro,Putra,Kecamatan Bojonegoro,0.0,Tidak,Ya,Ya,Tidak,Ya,Ya,450000,4,13.017005083966255
Kabupaten Bojonegoro,Putri,Bojonegoro,0.0,Tidak,Ya,Ya,Tidak,Tidak,Ya,300000,3,12.611541086966115
Kabupaten Bojonegoro,Campur,Kecamatan Bojonegoro,0.0,Ya,Tidak,Ya,Ya,Ya,Ya,1000000,5,13.815511557963774
Kabupaten Bojonegoro,Campur,Bojonegoro,0.0,Ya,Ya,Ya,Tidak,Ya,Ya,900000,5,13.710151153416941
Kabupaten Bojonegoro,Campur,Kecamatan Bojonegoro,0.0,Tidak,Ya,Ya,Tidak,Ya,Tidak,600000,3,13.304686600863562
Kabupaten Bojonegoro,Campur,Kecamatan Bojonegoro,0.0,Tidak,Tidak,Ya,Tidak,Tidak,Tidak,500000,1,13.122365377402328
Kabupaten Bojonegoro,Putra,Bojonegoro,0.0,Tidak,Ya,Ya,Tidak,Tidak,Tidak,350000,2,12.765691290604371
Kabupaten Bojonegoro,Putri,Bojonegoro,0.0,Tidak,Ya,Ya,Ya,Ya,Tidak,550000,4,13.217675375388819
Kabupaten Bojonegoro,Putra,Bojonegoro,0.0,Tidak,Ya,Ya,Ya,Tidak,Tidak,350000,3,12.765691290604371
Kabupaten Bojonegoro,Putri,Bojonegoro,0.0,Ya,Ya,Ya,Ya,Ya,Ya,900000,6,13.710151153416941
Kabupaten Bojonegoro,Campur,Bojonegoro,0.0,Tidak,Tidak,Ya,Tidak,Ya,Ya,500000,3,13.122365377402328
Kabupaten Bojonegoro,Campur,Trucuk,0.0,Tidak,Tidak,Ya,Ya,Tidak,Ya,600000,3,13.304686600863562
Kabupaten Bojonegoro,Putri,Kecamatan Bojonegoro,0.0,Tidak,Ya,Ya,Tidak,Ya,Ya,400000,4,12.899222326086994
Kabupaten Bojonegoro,Putri,Bojonegoro,0.0,Tidak,Ya,Ya,Tidak,Ya,Tidak,600000,3,13.304686600863562
Kabupaten Bojonegoro,Campur,Kecamatan Bojonegoro,0.0,Ya,Ya,Ya,Ya,Ya,Ya,800000,6,13.592368256649284
Kabupaten Bojonegoro,Putra,Kecamatan Bojonegoro,0.0,Ya,Ya,Ya,Tidak,Ya,Ya,900000,5,13.710151153416941
Kabupaten Bojonegoro,Putri,Bojonegoro,0.0,Tidak,Ya,Tidak,Ya,Tidak,Tidak,300000,2,12.611541086966115
Kabupaten Bojonegoro,Putri,Bojonegoro,0.0,Tidak,Tidak,Ya,Tidak,Ya,Ya,650000,3,13.384729180332174
Kabupaten Bojonegoro,Campur,Bojonegoro,0.0,Tidak,Tidak,Ya,Ya,Ya,Tidak,700000,3,13.45883704259595
Kabupaten Bojonegoro,Putri,Kecamatan Bojonegoro,0.0,Tidak,Ya,Ya,Ya,Tidak,Ya,500000,4,13.122365377402328
Kabupaten Bojonegoro,Campur,Bojonegoro,0.0,Tidak,Ya,Ya,Tidak,Ya,Tidak,750000,3,13.527829818844937
Kabupaten Bojonegoro,Campur,Bojonegoro,0.0,Tidak,Tidak,Ya,Tidak,Tidak,Tidak,300000,1,12.611541086966115
Kabupaten Bojonegoro,Campur,Bojonegoro,0.0,Tidak,Tidak,Ya,Ya,Ya,Ya,600000,4,13.304686600863562
Kabupaten Bojonegoro,Campur,Kapas,0.0,Tidak,Ya,Ya,Ya,Ya,Ya,350000,5,12.765691290604371
Kabupaten Bojonegoro,Campur,Bojonegoro,4.8,Ya,Ya,Ya,Tidak,Ya,Ya,800000,5,13.592368256649284
Kabupaten Bojonegoro,Campur,Kapas,0.0,Tidak,Ya,Ya,Tidak,Ya,Ya,600000,4,13.304686600863562
Kabupaten Bojonegoro,Putra,Bojonegoro,0.0,Tidak,Ya,Ya,Tidak,Tidak,Tidak,400000,2,12.899222326086994
Kabupaten Bojonegoro,Putra,Bojonegoro,0.0,Tidak,Tidak,Ya,Tidak,Ya,Tidak,450000,2,13.017005083966255
Kabupaten Bojonegoro,Campur,Bojonegoro,0.0,Ya,Tidak,Ya,Ya,Ya,Tidak,1200000,4,13.997832948091215
Kabupaten Bojonegoro,Campur,Kecamatan Bojonegoro,0.0,Tidak,Ya,Ya,Ya,Ya,Ya,600000,5,13.304686600863562
Kabupaten Bojonegoro,Campur,Bojonegoro,0.0,Ya,Ya,Ya,Tidak,Ya,Ya,1000000,5,13.815511557963774
Kabupaten Bojonegoro,Putri,Bojonegoro,0.0,Tidak,Ya,Ya,Ya,Ya,Ya,600000,5,13.304686600863562
Kabupaten Bojonegoro,Putra,Bojonegoro,0.0,Tidak,Ya,Ya,Tidak,Tidak,Tidak,400000,2,12.899222326086994
Kabupaten Bojonegoro,Campur,Bojonegoro,0.0,Ya,Tidak,Ya,Ya,Ya,Ya,1000000,5,13.815511557963774
Kabupaten Bojonegoro,Putri,Kecamatan Bojonegoro,0.0,Tidak,Ya,Ya,Tidak,Ya,Tidak,450000,3,13.017005083966255
Kabupaten Bojonegoro,Putra,Kecamatan Bojonegoro,0.0,Tidak,Ya,Ya,Tidak,Ya,Ya,500000,4,13.122365377402328
Kabupaten Bojonegoro,Campur,Bojonegoro,0.0,Tidak,Ya,Ya,Ya,Ya,Ya,650000,5,13.384729180332174
Kabupaten Bojonegoro,Campur,Bojonegoro,0.0,Ya,Tidak,Ya,Ya,Ya,Ya,1000000,5,13.815511557963774
Kabupaten Bojonegoro,Campur,Bojonegoro,0.0,Tidak,Ya,Ya,Ya,Ya,Ya,650000,5,13.384729180332174
Kabupaten Bojonegoro,Campur,Kapas,0.0,Ya,Ya,Ya,Ya,Ya,Ya,850000,6,13.652992804936396
Kabupaten Bojonegoro,Campur,Kapas,5.0,Tidak,Ya,Ya,Tidak,Ya,Ya,350000,4,12.765691290604371
Kabupaten Gresik,Campur,Kebomas,5.0,Ya,Ya,Ya,Ya,Ya,Ya,1100000,6,13.910821646859095
Kabupaten Gresik,Campur,Kebomas,0.0,Ya,Ya,Ya,Ya,Ya,Ya,1500000,6,14.220976332738882
Kabupaten Gresik,Putri,Kebomas,0.0,Ya,Tidak,Ya,Ya,Ya,Ya,1000000,5,13.815511557963774
Kabupaten Gresik,Campur,Kecamatan Kebomas,0.0,Ya,Ya,Ya,Ya,Ya,Tidak,1400000,5,14.151983508870947
Kabupaten Gresik,Campur,Kebomas,0.0,Ya,Ya,Ya,Ya,Ya,Ya,1800000,6,14.403297778421795
Kabupaten Gresik,Putra,Kebomas,0.0,Ya,Ya,Ya,Ya,Ya,Ya,1400000,6,14.151983508870947
Kabupaten Gresik,Putra,Kebomas,0.0,Ya,Ya,Ya,Ya,Ya,Ya,1200000,6,13.997832948091215
Kabupaten Gresik,Putri,Manyar,0.0,Tidak,Tidak,Ya,Ya,Tidak,Ya,750000,3,13.527829818844937
Kabupaten Gresik,Putri,Kebomas,4.8,Ya,Ya,Ya,Ya,Ya,Ya,1100000,6,13.910821646859095
Kabupaten Gresik,Campur,Manyar,0.0,Ya,Ya,Ya,Ya,Ya,Ya,1500000,6,14.220976332738882
Kabupaten Gresik,Campur,Kebomas,0.0,Ya,Ya,Ya,Ya,Ya,Ya,1260000,6,14.04662307257814
Kabupaten Gresik,Putri,Kebomas,0.0,Tidak,Ya,Ya,Ya,Ya,Tidak,700000,4,13.45883704259595
Kabupaten Gresik,Campur,Manyar,0.0,Ya,Ya,Ya,Ya,Ya,Ya,1500000,6,14.220976332738882
Kabupaten Gresik,Putra,Kecamatan Kebomas,0.0,Tidak,Ya,Ya,Ya,Tidak,Ya,550000,4,13.217675375388819
Kabupaten Gresik,Putra,Kebomas,0.0,Ya,Ya,Ya,Ya,Ya,Ya,1250000,6,14.038654909278163
Kabupaten Gresik,Putra,Kecamatan Manyar,0.0,Ya,Ya,Ya,Ya,Ya,Ya,950000,6,13.76421831620775
Kabupaten Gresik,Putri,Manyar,0.0,Ya,Ya,Ya,Ya,Tidak,Ya,950000,5,13.76421831620775
Kabupaten Gresik,Campur,Kebomas,0.0,Tidak,Ya,Ya,Tidak,Ya,Ya,525000,4,13.171155446333852
Kabupaten Gresik,Putra,Kebomas,0.0,Ya,Ya,Ya,Ya,Ya,Ya,1300000,6,14.077875591662238
Kabupaten Gresik,Putra,Kecamatan Kebomas,0.0,Ya,Ya,Ya,Ya,Ya,Ya,1400000,6,14.151983508870947
Kabupaten Gresik,Campur,Kebomas,0.0,Ya,Tidak,Ya,Ya,Ya,Ya,1200000,5,13.997832948091215
Kabupaten Gresik,Campur,Kebomas,0.0,Tidak,Ya,Ya,Tidak,Ya,Ya,650000,4,13.384729180332174
Kabupaten Gresik,Putra,Kebomas,0.0,Ya,Ya,Ya,Ya,Ya,Ya,1000000,6,13.815511557963774
Kabupaten Gresik,Putra,Kecamatan Kebomas,0.0,Ya,Tidak,Ya,Ya,Ya,Ya,1200000,5,13.997832948091215
Kabupaten Gresik,Putri,Kecamatan Gresik,0.0,Tidak,Ya,Ya,Tidak,Tidak,Ya,800000,3,13.592368256649284
Kabupaten Gresik,Campur,Kebomas,0.0,Ya,Ya,Ya,Tidak,Ya,Ya,685000,5,13.437175577097312
Kabupaten Gresik,Putri,Kecamatan Gresik,0.0,Ya,Ya,Ya,Tidak,Ya,Ya,1350000,5,14.115615891155079
Kabupaten Gresik,Putri,Kecamatan Kebomas,0.0,Ya,Ya,Ya,Ya,Tidak,Ya,800000,5,13.592368256649284
Kabupaten Gresik,Putri,Kebomas,0.0,Tidak,Ya,Ya,Ya,Ya,Ya,600000,5,13.304686600863562
Kabupaten Gresik,Putra,Gresik,5.0,Tidak,Ya,Ya,Ya,Ya,Ya,600000,5,13.304686600863562
Kabupaten Gresik,Putra,Kebomas,0.0,Ya,Tidak,Ya,Ya,Ya,Ya,1100000,5,13.910821646859095
Kabupaten Gresik,Putri,Kebomas,0.0,Ya,Tidak,Ya,Tidak,Tidak,Ya,800000,3,13.592368256649284
Kabupaten Gresik,Putri,Kecamatan Kebomas,0.0,Ya,Ya,Ya,Ya,Tidak,Ya,950000,5,13.76421831620775
Kabupaten Gresik,Putra,Kebomas,0.0,Ya,Ya,Ya,Ya,Ya,Ya,1200000,6,13.997832948091215
Kabupaten Gresik,Putri,Kebomas,0.0,Ya,Ya,Ya,Ya,Ya,Ya,1600000,6,14.285514812209815
Kabupaten Gresik,Putri,Kecamatan Kebomas,0.0,Ya,Ya,Ya,Ya,Tidak,Ya,900000,5,13.710151153416941
Kabupaten Gresik,Campur,Gresik,0.0,Ya,Ya,Ya,Ya,Ya,Ya,1500000,6,14.220976332738882
Kabupaten Gresik,Campur,Kebomas,0.0,Tidak,Tidak,Ya,Ya,Ya,Ya,600000,4,13.304686600863562
Kabupaten Gresik,Putri,Kecamatan Gresik,0.0,Ya,Ya,Ya,Tidak,Tidak,Ya,1100000,4,13.910821646859095
Kabupaten Gresik,Putri,Kebomas,0.0,Ya,Ya,Ya,Ya,Ya,Ya,1500000,6,14.220976332738882
Kabupaten Gresik,Putri,Kebomas,0.0,Ya,Tidak,Ya,Tidak,Ya,Ya,1100000,4,13.910821646859095
Kabupaten Gresik,Putri,Kebomas,0.0,Ya,Ya,Ya,Ya,Ya,Ya,1250000,6,14.038654909278163
Kabupaten Gresik,Putra,Kebomas,0.0,Ya,Ya,Ya,Ya,Tidak,Ya,800000,5,13.592368256649284
Kabupaten Gresik,Putri,Kecamatan Kebomas,0.0,Ya,Ya,Ya,Ya,Tidak,Ya,900000,5,13.710151153416941
Kabupaten Gresik,Campur,Kecamatan Kebomas,0.0,Ya,Ya,Ya,Ya,Ya,Ya,1800000,6,14.403297778421795
Kabupaten Gresik,Campur,Kecamatan Kebomas,0.0,Ya,Tidak,Ya,Ya,Ya,Ya,1200000,5,13.997832948091215
Kabupaten Gresik,Campur,Kebomas,0.0,Ya,Ya,Ya,Ya,Ya,Ya,1750000,6,14.375126917328105
Kabupaten Gresik,Putri,Kecamatan Kebomas,0.0,Ya,Ya,Ya,Ya,Ya,Ya,800000,6,13.592368256649284
Kabupaten Gresik,Campur,Manyar,0.0,Ya,Ya,Ya,Ya,Ya,Ya,1500000,6,14.220976332738882
Kabupaten Gresik,Putri,Kebomas,0.0,Tidak,Tidak,Ya,Tidak,Ya,Ya,700000,3,13.45883704259595
Kabupaten Gresik,Putra,Kebomas,0.0,Tidak,Ya,Ya,Tidak,Ya,Ya,550000,4,13.217675375388819
Kabupaten Gresik,Putri,Kebomas,0.0,Ya,Ya,Ya,Ya,Tidak,Ya,1300000,5,14.077875591662238
Kabupaten Gresik,Putri,Kebomas,0.0,Ya,Ya,Ya,Ya,Ya,Ya,1300000,6,14.077875591662238
Kabupaten Gresik,Putri,Kecamatan Gresik,0.0,Tidak,Ya,Ya,Ya,Ya,Ya,400000,5,12.899222326086994
Kabupaten Gresik,Putra,Kebomas,0.0,Tidak,Ya,Ya,Tidak,Ya,Ya,1200000,4,13.997832948091215
Kabupaten Gresik,Putri,Kebomas,0.0,Ya,Ya,Ya,Ya,Ya,Ya,1350000,6,14.115615891155079
Kabupaten Gresik,Campur,Kecamatan Manyar,0.0,Tidak,Ya,Ya,Tidak,Tidak,Tidak,750000,2,13.527829818844937
Kabupaten Gresik,Putra,Kebomas,4.6,Ya,Ya,Ya,Tidak,Ya,Ya,900000,5,13.710151153416941
Kabupaten Gresik,Putra,Manyar,0.0,Tidak,Ya,Ya,Tidak,Tidak,Ya,415000,3,12.936036208848487
Kabupaten Gresik,Putri,Kebomas,0.0,Ya,Ya,Ya,Ya,Tidak,Ya,1200000,5,13.997832948091215
Kabupaten Gresik,Campur,Kebomas,0.0,Tidak,Ya,Ya,Tidak,Ya,Tidak,600000,3,13.304686600863562
Kabupaten Gresik,Campur,Manyar,0.0,Tidak,Ya,Ya,Tidak,Ya,Ya,500000,4,13.122365377402328
Kabupaten Gresik,Putra,Kebomas,0.0,Ya,Ya,Ya,Ya,Tidak,Ya,500000,5,13.122365377402328
Kabupaten Gresik,Putri,Gresik,0.0,Tidak,Ya,Ya,Ya,Ya,Tidak,350000,4,12.765691290604371
Kabupaten Gresik,Putri,Kecamatan Gresik,0.0,Tidak,Ya,Ya,Ya,Ya,Ya,700000,5,13.45883704259595
Kabupaten Gresik,Putri,Kebomas,0.0,Ya,Tidak,Ya,Ya,Ya,Ya,1000000,5,13.815511557963774
Kabupaten Gresik,Putra,Manyar,0.0,Tidak,Ya,Ya,Tidak,Ya,Tidak,650000,3,13.384729180332174
Kabupaten Gresik,Putra,Kecamatan Manyar,0.0,Tidak,Ya,Ya,Ya,Ya,Ya,700000,5,13.45883704259595
Kabupaten Gresik,Putri,Kebomas,0.0,Tidak,Ya,Ya,Tidak,Ya,Tidak,600000,3,13.304686600863562
Kabupaten Gresik,Putri,Kebomas,0.0,Tidak,Ya,Ya,Ya,Tidak,Ya,400000,4,12.899222326086994
Kabupaten Gresik,Putri,Kebomas,5.0,Ya,Ya,Ya,Ya,Ya,Ya,1500000,6,14.220976332738882
Kabupaten Gresik,Putra,Kebomas,0.0,Tidak,Tidak,Ya,Tidak,Ya,Ya,600000,3,13.304686600863562
Kabupaten Gresik,Putri,Manyar,0.0,Ya,Tidak,Ya,Ya,Tidak,Ya,1000000,4,13.815511557963774
Kabupaten Gresik,Putri,Manyar,0.0,Tidak,Tidak,Ya,Ya,Tidak,Ya,650000,3,13.384729180332174
Kabupaten Gresik,Campur,Kecamatan Manyar,0.0,Ya,Ya,Ya,Ya,Ya,Ya,1500000,6,14.220976332738882
Kabupaten Gresik,Putri,Kebomas,0.0,Tidak,Ya,Ya,Tidak,Ya,Ya,650000,4,13.384729180332174
Kabupaten Gresik,Campur,Kebomas,0.0,Ya,Ya,Ya,Tidak,Ya,Tidak,1400000,4,14.151983508870947
Kabupaten Gresik,Campur,Kebomas,0.0,Tidak,Ya,Ya,Ya,Ya,Tidak,1000000,4,13.815511557963774
Kabupaten Gresik,Campur,Kebomas,0.0,Ya,Ya,Ya,Tidak,Ya,Tidak,1650000,4,14.316286451937186
Kabupaten Gresik,Putri,Kebomas,0.0,Tidak,Ya,Ya,Tidak,Ya,Ya,600000,4,13.304686600863562
Kabupaten Gresik,Campur,Kebomas,0.0,Ya,Ya,Ya,Tidak,Ya,Tidak,1500000,4,14.220976332738882
Kabupaten Gresik,Campur,Kebomas,0.0,Ya,Ya,Ya,Tidak,Ya,Ya,1100000,5,13.910821646859095
Kabupaten Gresik,Putri,Kebomas,5.0,Ya,Ya,Ya,Ya,Ya,Ya,1200000,6,13.997832948091215
Kabupaten Gresik,Putra,Kecamatan Kebomas,0.0,Ya,Tidak,Ya,Tidak,Tidak,Ya,800000,3,13.592368256649284
Kabupaten Gresik,Campur,Kebomas,0.0,Ya,Ya,Ya,Tidak,Ya,Ya,1100000,5,13.910821646859095
Kabupaten Gresik,Putra,Kecamatan Kebomas,0.0,Tidak,Ya,Ya,Tidak,Tidak,Ya,600000,3,13.304686600863562
Kabupaten Gresik,Putra,Kecamatan Kebomas,0.0,Tidak,Ya,Ya,Tidak,Ya,Ya,750000,4,13.527829818844937
Kabupaten Gresik,Putra,Kecamatan Manyar,0.0,Tidak,Ya,Ya,Ya,Ya,Ya,700000,5,13.45883704259595
Kabupaten Gresik,Putra,Kecamatan Kebomas,0.0,Ya,Tidak,Ya,Ya,Ya,Tidak,1250000,4,14.038654909278163
Kabupaten Gresik,Putra,Kebomas,0.0,Tidak,Ya,Ya,Ya,Ya,Ya,650000,5,13.384729180332174
Kabupaten Gresik,Putra,Kebomas,0.0,Ya,Ya,Ya,Tidak,Ya,Tidak,850000,4,13.652992804936396
Kabupaten Gresik,Putri,Manyar,0.0,Tidak,Tidak,Ya,Ya,Tidak,Ya,700000,3,13.45883704259595
Kabupaten Gresik,Putra,Manyar,0.0,Tidak,Ya,Ya,Ya,Tidak,Tidak,480000,3,13.081543466215237
Kabupaten Gresik,Putri,Kebomas,0.0,Ya,Tidak,Ya,Tidak,Ya,Ya,1200000,4,13.997832948091215
Kabupaten Gresik,Putra,Kebomas,0.0,Ya,Tidak,Ya,Tidak,Ya,Ya,1000000,4,13.815511557963774
Kabupaten Gresik,Putra,Kebomas,0.0,Ya,Tidak,Ya,Ya,Tidak,Tidak,1150000,3,13.955273369904273
Kabupaten Gresik,Campur,Kebomas,0.0,Ya,Ya,Ya,Tidak,Ya,Tidak,1550000,4,14.253766134056512
Kabupaten Gresik,Putra,Kebomas,0.0,Tidak,Tidak,Ya,Tidak,Tidak,Tidak,1050000,1,13.864301674514206
Kabupaten Gresik,Putri,Kebomas,0.0,Tidak,Ya,Ya,Tidak,Ya,Tidak,500000,3,13.122365377402328
Kabupaten Gresik,Putra,Manyar,0.0,Ya,Ya,Ya,Ya,Ya,Ya,1000000,6,13.815511557963774
Kabupaten Gresik,Campur,Manyar,0.0,Tidak,Ya,Ya,Ya,Ya,Ya,700000,5,13.45883704259595
Kabupaten Gresik,Putra,Kecamatan Kebomas,0.0,Tidak,Ya,Ya,Ya,Ya,Ya,550000,5,13.217675375388819
Kabupaten Gresik,Campur,Manyar,0.0,Ya,Ya,Ya,Ya,Ya,Ya,1000000,6,13.815511557963774
Kabupaten Gresik,Putri,Kebomas,0.0,Ya,Ya,Ya,Ya,Ya,Ya,1000000,6,13.815511557963774
Kabupaten Gresik,Putra,Kecamatan Kebomas,0.0,Ya,Ya,Ya,Tidak,Ya,Ya,650000,5,13.384729180332174
Kabupaten Gresik,Putra,Kecamatan Kebomas,0.0,Tidak,Ya,Ya,Ya,Tidak,Ya,700000,4,13.45883704259595
Kabupaten Gresik,Putra,Manyar,0.0,Tidak,Ya,Ya,Tidak,Ya,Ya,650000,4,13.384729180332174
Kabupaten Gresik,Putra,Kecamatan Manyar,0.0,Ya,Ya,Ya,Tidak,Ya,Ya,1200000,5,13.997832948091215
Kabupaten Gresik,Campur,Kecamatan Manyar,0.0,Ya,Ya,Ya,Ya,Tidak,Ya,1100000,5,13.910821646859095
Kabupaten Gresik,Putri,Kecamatan Kebomas,0.0,Ya,Ya,Ya,Ya,Ya,Ya,1400000,6,14.151983508870947
Kabupaten Gresik,Putra,Kecamatan Kebomas,0.0,Ya,Ya,Ya,Ya,Tidak,Ya,900000,5,13.710151153416941
Kabupaten Gresik,Campur,Kecamatan Manyar,0.0,Ya,Ya,Ya,Ya,Tidak,Ya,1300000,5,14.077875591662238
Kabupaten Gresik,Putra,Kebomas,0.0,Ya,Tidak,Ya,Ya,Ya,Ya,1250000,5,14.038654909278163
Kabupaten Gresik,Putri,Kebomas,0.0,Tidak,Ya,Ya,Ya,Ya,Ya,850000,5,13.652992804936396
Kabupaten Gresik,Campur,Manyar,0.0,Ya,Ya,Ya,Ya,Ya,Ya,1000000,6,13.815511557963774
Kabupaten Gresik,Putri,Kebomas,0.0,Ya,Ya,Ya,Tidak,Ya,Ya,800000,5,13.592368256649284
Kabupaten Gresik,Putri,Kebomas,0.0,Tidak,Ya,Ya,Tidak,Ya,Ya,700000,4,13.45883704259595
Kabupaten Gresik,Campur,Kebomas,0.0,Ya,Ya,Ya,Ya,Tidak,Ya,1150000,5,13.955273369904273
Kabupaten Gresik,Putra,Kecamatan Kebomas,0.0,Tidak,Ya,Ya,Tidak,Ya,Tidak,500000,3,13.122365377402328
Kabupaten Gresik,Campur,Kecamatan Manyar,0.0,Ya,Ya,Ya,Ya,Ya,Ya,1600000,6,14.285514812209815
Kabupaten Gresik,Campur,Kecamatan Kebomas,0.0,Tidak,Ya,Ya,Ya,Ya,Ya,850000,5,13.652992804936396
Kabupaten Gresik,Putra,Manyar,0.0,Tidak,Tidak,Ya,Ya,Tidak,Ya,500000,3,13.122365377402328
Kabupaten Gresik,Putri,Kecamatan Manyar,0.0,Ya,Ya,Ya,Ya,Ya,Ya,1000000,6,13.815511557963774
Kabupaten Gresik,Putri,Kecamatan Manyar,5.0,Ya,Ya,Ya,Ya,Ya,Ya,1400000,6,14.151983508870947
Kabupaten Gresik,Putri,Kebomas,0.0,Ya,Ya,Ya,Ya,Ya,Ya,1100000,6,13.910821646859095
Kabupaten Gresik,Putri,Kebomas,5.0,Ya,Tidak,Ya,Ya,Tidak,Ya,1000000,4,13.815511557963774
Kabupaten Gresik,Campur,Kecamatan Manyar,0.0,Ya,Ya,Ya,Ya,Ya,Ya,1500000,6,14.220976332738882
Kabupaten Gresik,Putra,Kecamatan Kebomas,0.0,Tidak,Ya,Ya,Tidak,Ya,Ya,600000,4,13.304686600863562
Kabupaten Gresik,Putra,Kecamatan Kebomas,0.0,Tidak,Ya,Ya,Tidak,Ya,Tidak,530000,3,13.180634172318978
Kabupaten Gresik,Putri,Kebomas,0.0,Ya,Tidak,Ya,Ya,Ya,Tidak,1100000,4,13.910821646859095
Kabupaten Gresik,Putra,Kecamatan Kebomas,0.0,Ya,Ya,Ya,Ya,Ya,Ya,1150000,6,13.955273369904273
Kabupaten Gresik,Putri,Kebomas,0.0,Tidak,Tidak,Ya,Tidak,Ya,Tidak,700000,2,13.45883704259595
Kabupaten Gresik,Putra,Kebomas,0.0,Ya,Ya,Ya,Ya,Ya,Ya,1300000,6,14.077875591662238
Kabupaten Gresik,Putri,Kebomas,0.0,Tidak,Ya,Ya,Ya,Tidak,Ya,650000,4,13.384729180332174
Kabupaten Gresik,Putri,Kecamatan Kebomas,0.0,Ya,Ya,Ya,Tidak,Ya,Ya,1000000,5,13.815511557963774
Kabupaten Gresik,Putri,Kebomas,0.0,Ya,Ya,Ya,Ya,Tidak,Ya,1000000,5,13.815511557963774
Kabupaten Gresik,Putra,Gresik,0.0,Tidak,Ya,Ya,Tidak,Tidak,Tidak,600000,2,13.304686600863562
Kabupaten Gresik,Putri,Kebomas,0.0,Ya,Ya,Tidak,Ya,Ya,Ya,1000000,5,13.815511557963774
Kabupaten Gresik,Putri,Gresik,0.0,Ya,Tidak,Ya,Ya,Ya,Ya,1250000,5,14.038654909278163
Kabupaten Gresik,Putri,Kecamatan Manyar,0.0,Tidak,Tidak,Ya,Tidak,Tidak,Ya,450000,2,13.017005083966255
Kabupaten Gresik,Campur,Kecamatan Manyar,0.0,Ya,Ya,Ya,Ya,Ya,Ya,1500000,6,14.220976332738882
Kabupaten Gresik,Putri,Kecamatan Kebomas,0.0,Tidak,Ya,Ya,Ya,Ya,Ya,650000,5,13.384729180332174
Kabupaten Gresik,Putri,Kecamatan Kebomas,0.0,Tidak,Ya,Ya,Ya,Ya,Ya,1200000,5,13.997832948091215
Kabupaten Gresik,Campur,Kecamatan Manyar,0.0,Ya,Ya,Ya,Ya,Tidak,Ya,1400000,5,14.151983508870947
Kabupaten Gresik,Campur,Kecamatan Kebomas,0.0,Ya,Tidak,Ya,Ya,Ya,Ya,1700000,5,14.346139397261565
Kabupaten Gresik,Putra,Kebomas,0.0,Tidak,Tidak,Ya,Ya,Ya,Ya,515000,4,13.151924121391561
Kabupaten Gresik,Putri,Kebomas,0.0,Ya,Ya,Ya,Ya,Ya,Ya,1000000,6,13.815511557963774
Kabupaten Gresik,Putra,Kebomas,0.0,Ya,Ya,Ya,Tidak,Ya,Ya,1500000,5,14.220976332738882
Kabupaten Gresik,Putra,Kebomas,0.0,Ya,Tidak,Ya,Tidak,Tidak,Ya,550000,3,13.217675375388819
Kabupaten Gresik,Putra,Kecamatan Kebomas,0.0,Ya,Ya,Ya,Tidak,Ya,Ya,1100000,5,13.910821646859095
Kabupaten Gresik,Campur,Kebomas,0.0,Tidak,Tidak,Ya,Tidak,Ya,Ya,500000,3,13.122365377402328
Kabupaten Gresik,Campur,Kebomas,0.0,Ya,Tidak,Ya,Tidak,Ya,Ya,1200000,4,13.997832948091215
Kabupaten Gresik,Putri,Kebomas,5.0,Ya,Ya,Ya,Tidak,Ya,Ya,1200000,5,13.997832948091215
Kabupaten Gresik,Campur,Manyar,0.0,Ya,Ya,Ya,Ya,Ya,Tidak,700000,5,13.45883704259595
Kabupaten Gresik,Putri,Manyar,0.0,Ya,Ya,Ya,Tidak,Ya,Ya,800000,5,13.592368256649284
Kabupaten Gresik,Campur,Manyar,0.0,Ya,Ya,Ya,Ya,Ya,Ya,1500000,6,14.220976332738882
Kabupaten Gresik,Campur,Kecamatan Manyar,0.0,Ya,Ya,Ya,Ya,Ya,Ya,1500000,6,14.220976332738882
Kabupaten Gresik,Putri,Kecamatan Kebomas,0.0,Tidak,Ya,Ya,Tidak,Tidak,Ya,650000,3,13.384729180332174
Kabupaten Gresik,Campur,Kecamatan Manyar,0.0,Ya,Ya,Ya,Ya,Ya,Ya,1500000,6,14.220976332738882
Kabupaten Gresik,Putra,Manyar,4.8,Tidak,Ya,Ya,Ya,Tidak,Ya,515000,4,13.151924121391561
Kabupaten Gresik,Putri,Kecamatan Kebomas,0.0,Ya,Ya,Ya,Ya,Ya,Ya,900000,6,13.710151153416941
Kabupaten Gresik,Putra,Kecamatan Kebomas,0.0,Ya,Ya,Ya,Ya,Ya,Ya,1200000,6,13.997832948091215
Kabupaten Gresik,Putra,Kebomas,4.6,Ya,Ya,Ya,Ya,Ya,Ya,1000000,6,13.815511557963774
Kabupaten Gresik,Putri,Kebomas,5.0,Ya,Ya,Ya,Ya,Ya,Ya,1600000,6,14.285514812209815
Kabupaten Gresik,Campur,Manyar,0.0,Ya,Ya,Ya,Ya,Ya,Ya,1600000,6,14.285514812209815
Kabupaten Gresik,Putra,Kecamatan Kebomas,0.0,Ya,Tidak,Ya,Ya,Ya,Ya,1000000,5,13.815511557963774
Kabupaten Gresik,Putri,Kebomas,0.0,Ya,Tidak,Ya,Ya,Ya,Ya,1100000,5,13.910821646859095
Kabupaten Gresik,Campur,Manyar,0.0,Tidak,Ya,Ya,Tidak,Ya,Ya,750000,4,13.527829818844937
Kabupaten Gresik,Putra,Kebomas,0.0,Tidak,Tidak,Ya,Ya,Ya,Ya,800000,4,13.592368256649284
Kabupaten Gresik,Putri,Kebomas,0.0,Ya,Tidak,Ya,Ya,Ya,Ya,1200000,5,13.997832948091215
Kabupaten Gresik,Putri,Kecamatan Kebomas,0.0,Ya,Tidak,Ya,Ya,Ya,Ya,1200000,5,13.997832948091215
Kabupaten Gresik,Putri,Kecamatan Kebomas,0.0,Tidak,Tidak,Ya,Ya,Ya,Ya,950000,4,13.76421831620775
Kabupaten Gresik,Campur,Manyar,0.0,Ya,Ya,Ya,Ya,Tidak,Ya,1100000,5,13.910821646859095
Kabupaten Gresik,Putri,Manyar,0.0,Ya,Tidak,Ya,Ya,Tidak,Ya,1200000,4,13.997832948091215
Kabupaten Gresik,Campur,Kebomas,5.0,Ya,Tidak,Ya,Ya,Ya,Ya,1000000,5,13.815511557963774
Kabupaten Gresik,Campur,Manyar,0.0,Tidak,Ya,Ya,Tidak,Ya,Ya,1700000,4,14.346139397261565
Kabupaten Gresik,Putri,Kebomas,0.0,Tidak,Ya,Ya,Tidak,Ya,Ya,700000,4,13.45883704259595
Kabupaten Gresik,Putra,Kebomas,0.0,Tidak,Tidak,Ya,Ya,Tidak,Ya,750000,3,13.527829818844937
Kabupaten Gresik,Campur,Kecamatan Kebomas,0.0,Tidak,Ya,Tidak,Tidak,Ya,Tidak,950000,2,13.76421831620775
Kabupaten Gresik,Putri,Kebomas,0.0,Tidak,Ya,Ya,Tidak,Tidak,Ya,750000,3,13.527829818844937
Kabupaten Gresik,Putri,Kebomas,0.0,Tidak,Ya,Ya,Ya,Tidak,Ya,300000,4,12.611541086966115
Kabupaten Gresik,Putra,Kebomas,0.0,Tidak,Ya,Ya,Tidak,Ya,Ya,700000,4,13.45883704259595
Kabupaten Gresik,Putra,Kecamatan Manyar,0.0,Ya,Ya,Ya,Tidak,Ya,Ya,1050000,5,13.864301674514206
Kabupaten Gresik,Putra,Kecamatan Manyar,0.0,Tidak,Ya,Ya,Tidak,Ya,Ya,600000,4,13.304686600863562
Kabupaten Gresik,Putra,Kecamatan Manyar,0.0,Tidak,Ya,Ya,Ya,Ya,Tidak,650000,4,13.384729180332174
Kabupaten Gresik,Putri,Manyar,0.0,Tidak,Tidak,Ya,Ya,Tidak,Tidak,400000,2,12.899222326086994
Kabupaten Gresik,Putra,Manyar,0.0,Tidak,Ya,Ya,Tidak,Tidak,Tidak,350000,2,12.765691290604371
Kabupaten Gresik,Putri,Kebomas,0.0,Tidak,Ya,Ya,Tidak,Tidak,Ya,550000,3,13.217675375388819
Kabupaten Gresik,Campur,Kecamatan Kebomas,0.0,Tidak,Ya,Tidak,Tidak,Ya,Tidak,450000,2,13.017005083966255
Kabupaten Gresik,Campur,Manyar,0.0,Tidak,Tidak,Ya,Tidak,Tidak,Tidak,550000,1,13.217675375388819
Kabupaten Gresik,Putri,Kecamatan Gresik,0.0,Tidak,Ya,Tidak,Ya,Ya,Tidak,650000,3,13.384729180332174
Kabupaten Gresik,Putra,Kebomas,0.0,Ya,Tidak,Ya,Ya,Tidak,Tidak,1000000,3,13.815511557963774
Kabupaten Gresik,Putri,Manyar,0.0,Tidak,Ya,Ya,Ya,Ya,Ya,650000,5,13.384729180332174
Kabupaten Gresik,Campur,Kebomas,0.0,Tidak,Ya,Ya,Ya,Ya,Ya,750000,5,13.527829818844937
Kabupaten Gresik,Campur,Kecamatan Kebomas,0.0,Ya,Ya,Ya,Ya,Ya,Ya,1200000,6,13.997832948091215
Kabupaten Gresik,Putra,Kebomas,0.0,Ya,Tidak,Ya,Ya,Tidak,Ya,1100000,4,13.910821646859095
Kabupaten Gresik,Putri,Kebomas,0.0,Tidak,Tidak,Ya,Tidak,Ya,Ya,850000,3,13.652992804936396
Kabupaten Gresik,Campur,Kecamatan Gresik,0.0,Tidak,Tidak,Ya,Tidak,Tidak,Tidak,500000,1,13.122365377402328
Kabupaten Gresik,Putra,Kecamatan Manyar,0.0,Ya,Ya,Ya,Ya,Ya,Ya,1500000,6,14.220976332738882
Kabupaten Gresik,Putra,Kecamatan Kebomas,0.0,Ya,Tidak,Ya,Tidak,Ya,Ya,1000000,4,13.815511557963774
Kabupaten Gresik,Putra,Kebomas,0.0,Tidak,Ya,Ya,Tidak,Ya,Tidak,550000,3,13.217675375388819
Kabupaten Gresik,Putra,Kebomas,0.0,Tidak,Tidak,Ya,Ya,Ya,Ya,650000,4,13.384729180332174
Kabupaten Gresik,Putra,Kebomas,0.0,Tidak,Ya,Ya,Ya,Tidak,Ya,550000,4,13.217675375388819
Kabupaten Gresik,Putra,Gresik,0.0,Tidak,Tidak,Ya,Tidak,Tidak,Tidak,500000,1,13.122365377402328
Kabupaten Gresik,Putri,Kecamatan Kebomas,0.0,Ya,Ya,Ya,Ya,Ya,Ya,1200000,6,13.997832948091215
Kabupaten Gresik,Putri,Kebomas,0.0,Tidak,Ya,Ya,Ya,Ya,Ya,575000,5,13.26212705890841
Kabupaten Gresik,Putri,Kecamatan Kebomas,0.0,Tidak,Tidak,Tidak,Ya,Tidak,Tidak,1000000,1,13.815511557963774
Kabupaten Gresik,Campur,Kebomas,0.0,Ya,Ya,Ya,Tidak,Ya,Ya,600000,5,13.304686600863562
Kabupaten Gresik,Putra,Kecamatan Kebomas,0.0,Tidak,Ya,Ya,Tidak,Ya,Tidak,550000,3,13.217675375388819
Kabupaten Gresik,Putra,Kecamatan Duduksampeyan,0.0,Tidak,Tidak,Ya,Tidak,Tidak,Tidak,599999,1,13.304684934198283
Kabupaten Gresik,Putri,Kecamatan Kebomas,0.0,Tidak,Tidak,Ya,Ya,Tidak,Tidak,650000,2,13.384729180332174
Kabupaten Gresik,Putri,Kecamatan Kebomas,0.0,Ya,Tidak,Ya,Ya,Tidak,Ya,1000000,4,13.815511557963774
Kabupaten Gresik,Putri,Manyar,0.0,Tidak,Tidak,Ya,Ya,Ya,Tidak,500000,3,13.122365377402328
Kabupaten Gresik,Campur,Kecamatan Manyar,0.0,Ya,Ya,Tidak,Tidak,Ya,Tidak,1500000,3,14.220976332738882
Kabupaten Gresik,Campur,Manyar,0.0,Ya,Ya,Ya,Tidak,Ya,Ya,900000,5,13.710151153416941
Kabupaten Gresik,Campur,Kebomas,0.0,Tidak,Ya,Ya,Ya,Ya,Ya,550000,5,13.217675375388819
Kabupaten Gresik,Putri,Kecamatan Kebomas,0.0,Ya,Tidak,Ya,Ya,Ya,Ya,1200000,5,13.997832948091215
Kabupaten Gresik,Campur,Kecamatan Kebomas,0.0,Ya,Ya,Ya,Ya,Ya,Ya,1500000,6,14.220976332738882
Kabupaten Gresik,Campur,Kecamatan Kebomas,0.0,Ya,Ya,Ya,Ya,Ya,Ya,1000000,6,13.815511557963774
Kabupaten Gresik,Campur,Kebomas,0.0,Tidak,Ya,Ya,Tidak,Ya,Tidak,500000,3,13.122365377402328
Kabupaten Gresik,Putra,Kebomas,0.0,Tidak,Ya,Ya,Tidak,Tidak,Tidak,450000,2,13.017005083966255
Kabupaten Gresik,Putri,Kebomas,0.0,Tidak,Ya,Ya,Tidak,Tidak,Tidak,1000000,2,13.815511557963774
Kabupaten Gresik,Putri,Kecamatan Gresik,0.0,Tidak,Tidak,Ya,Ya,Tidak,Tidak,700000,2,13.45883704259595
Kabupaten Gresik,Putri,Kecamatan Manyar,0.0,Tidak,Tidak,Ya,Tidak,Tidak,Tidak,500000,1,13.122365377402328
Kabupaten Gresik,Putra,Kecamatan Manyar,0.0,Ya,Ya,Ya,Ya,Tidak,Ya,1200000,5,13.997832948091215
Kabupaten Gresik,Putri,Kebomas,0.0,Ya,Ya,Ya,Tidak,Tidak,Ya,1100000,4,13.910821646859095
Kabupaten Gresik,Putri,Kecamatan Manyar,0.0,Ya,Tidak,Ya,Ya,Ya,Ya,1500000,5,14.220976332738882
Kabupaten Gresik,Putri,Kebomas,0.0,Ya,Tidak,Ya,Ya,Ya,Ya,1300000,5,14.077875591662238
Kabupaten Gresik,Putri,Kecamatan Kebomas,0.0,Tidak,Tidak,Ya,Tidak,Tidak,Ya,600000,2,13.304686600863562
Kabupaten Gresik,Putra,Kecamatan Manyar,0.0,Ya,Ya,Ya,Ya,Tidak,Tidak,1000000,4,13.815511557963774
Kabupaten Gresik,Putri,Kebomas,0.0,Tidak,Tidak,Ya,Ya,Tidak,Ya,650000,3,13.384729180332174
Kabupaten Gresik,Putra,Kecamatan Manyar,0.0,Tidak,Ya,Ya,Tidak,Tidak,Tidak,715000,2,13.480039220276565
Kabupaten Gresik,Putra,Kebomas,0.0,Tidak,Ya,Tidak,Ya,Ya,Ya,660000,4,13.399996629152975
Kabupaten Gresik,Putra,Kebomas,0.0,Tidak,Ya,Ya,Ya,Ya,Ya,710000,5,13.47302165746721
Kabupaten Gresik,Putri,Kebomas,0.0,Tidak,Tidak,Ya,Tidak,Tidak,Ya,550000,2,13.217675375388819
Kabupaten Jember,Putri,Sumbersari,0.0,Ya,Ya,Ya,Tidak,Ya,Ya,1105000,5,13.915356797910956
Kabupaten Jember,Putri,Sumbersari,0.0,Tidak,Ya,Ya,Ya,Ya,Ya,745000,5,13.521140839642674
Kabupaten Jember,Campur,Sumbersari,0.0,Ya,Ya,Ya,Ya,Tidak,Ya,1510000,5,14.227620871042543
Kabupaten Jember,Putri,Sumbersari,0.0,Tidak,Ya,Ya,Ya,Ya,Ya,655000,5,13.39239204133378
Kabupaten Jember,Putra,Sumbersari,0.0,Ya,Ya,Ya,Ya,Ya,Ya,1300000,6,14.077875591662238
Kabupaten Jember,Putri,Kecamatan Sumbersari,0.0,Tidak,Tidak,Ya,Ya,Ya,Ya,650000,4,13.384729180332174
Kabupaten Jember,Putra,Sumbersari,0.0,Tidak,Tidak,Ya,Ya,Ya,Ya,750000,4,13.527829818844937
Kabupaten Jember,Putri,Sukorambi,0.0,Tidak,Tidak,Ya,Tidak,Ya,Ya,450000,3,13.017005083966255
Kabupaten Jember,Putri,Sumbersari,0.0,Tidak,Tidak,Ya,Tidak,Tidak,Ya,375000,2,12.834683971615659
Kabupaten Jember,Putri,Kaliwates,0.0,Ya,Tidak,Ya,Ya,Ya,Ya,1000000,5,13.815511557963774
Kabupaten Jember,Putri,Kaliwates,0.0,Tidak,Tidak,Ya,Tidak,Tidak,Ya,400000,2,12.899222326086994
Kabupaten Jember,Putri,Sumbersari,0.0,Tidak,Ya,Ya,Tidak,Tidak,Ya,500000,3,13.122365377402328
Kabupaten Jember,Campur,Patrang,4.8,Tidak,Ya,Ya,Ya,Ya,Ya,650000,5,13.384729180332174
Kabupaten Jember,Putri,Patrang,4.6,Tidak,Ya,Ya,Ya,Tidak,Ya,415000,4,12.936036208848487
Kabupaten Jember,Putri,Kecamatan Sumbersari,0.0,Tidak,Ya,Ya,Tidak,Ya,Ya,500000,4,13.122365377402328
Kabupaten Jember,Putri,Sumbersari,0.0,Ya,Tidak,Ya,Ya,Ya,Ya,1200000,5,13.997832948091215
Kabupaten Jember,Putri,Sumbersari,0.0,Tidak,Ya,Ya,Ya,Tidak,Ya,500000,4,13.122365377402328
Kabupaten Jember,Putri,Sumbersari,0.0,Tidak,Ya,Ya,Ya,Tidak,Ya,375000,4,12.834683971615659
Kabupaten Jember,Putri,Sumbersari,0.0,Ya,Tidak,Ya,Ya,Ya,Ya,1800000,5,14.403297778421795
Kabupaten Jember,Putri,Sumbersari,0.0,Ya,Ya,Ya,Ya,Ya,Ya,1350000,6,14.115615891155079
Kabupaten Jember,Putri,Kecamatan Sumbersari,0.0,Tidak,Ya,Ya,Tidak,Tidak,Ya,450000,3,13.017005083966255
Kabupaten Jember,Putri,Kecamatan Sumbersari,0.0,Ya,Tidak,Ya,Ya,Ya,Ya,1000000,5,13.815511557963774
Kabupaten Jember,Putri,Sumbersari,0.0,Tidak,Tidak,Ya,Tidak,Ya,Ya,750000,3,13.527829818844937
Kabupaten Jember,Putri,Sumbersari,0.0,Ya,Ya,Ya,Ya,Ya,Ya,1400000,6,14.151983508870947
Kabupaten Jember,Putra,Sumbersari,0.0,Tidak,Ya,Ya,Ya,Ya,Ya,700000,5,13.45883704259595
Kabupaten Jember,Putri,Sumbersari,0.0,Ya,Tidak,Ya,Ya,Ya,Ya,1000000,5,13.815511557963774
Kabupaten Jember,Putra,Kaliwates,5.0,Ya,Tidak,Ya,Ya,Ya,Ya,1100000,5,13.910821646859095
Kabupaten Jember,Putra,Sumbersari,0.0,Ya,Tidak,Ya,Ya,Ya,Ya,1200000,5,13.997832948091215
Kabupaten Jember,Putri,Sumbersari,0.0,Tidak,Tidak,Ya,Tidak,Tidak,Ya,600000,2,13.304686600863562
Kabupaten Jember,Putri,Kaliwates,0.0,Ya,Tidak,Ya,Ya,Ya,Ya,1100000,5,13.910821646859095
Kabupaten Jember,Putri,Sumbersari,0.0,Ya,Ya,Ya,Ya,Ya,Ya,1200000,6,13.997832948091215
Kabupaten Jember,Putri,Kecamatan Sumbersari,0.0,Tidak,Tidak,Ya,Ya,Ya,Ya,650000,4,13.384729180332174
Kabupaten Jember,Putri,Kecamatan Sumbersari,0.0,Ya,Ya,Ya,Ya,Ya,Ya,1200000,6,13.997832948091215
Kabupaten Jember,Putri,Sumbersari,0.0,Ya,Ya,Ya,Ya,Ya,Ya,1100000,6,13.910821646859095
Kabupaten Jember,Putra,Kaliwates,0.0,Ya,Tidak,Ya,Ya,Ya,Ya,950000,5,13.76421831620775
Kabupaten Jember,Putri,Patrang,0.0,Ya,Tidak,Ya,Ya,Ya,Ya,1400000,5,14.151983508870947
Kabupaten Jember,Putri,Sumbersari,0.0,Ya,Ya,Ya,Ya,Ya,Ya,1500000,6,14.220976332738882
Kabupaten Jember,Putri,Patrang,0.0,Tidak,Tidak,Ya,Ya,Tidak,Ya,500000,3,13.122365377402328
Kabupaten Jember,Putri,Sumbersari,0.0,Tidak,Tidak,Ya,Ya,Ya,Ya,550000,4,13.217675375388819
Kabupaten Jember,Putri,Kecamatan Sumbersari,5.0,Ya,Ya,Ya,Ya,Ya,Ya,1500000,6,14.220976332738882
Kabupaten Jember,Putri,Sumbersari,0.0,Ya,Tidak,Ya,Ya,Ya,Ya,1000000,5,13.815511557963774
Kabupaten Jember,Putri,Ajung,0.0,Tidak,Tidak,Ya,Tidak,Ya,Tidak,400000,2,12.899222326086994
Kabupaten Jember,Campur,Sumbersari,0.0,Ya,Ya,Ya,Ya,Ya,Ya,1500000,6,14.220976332738882
Kabupaten Jember,Putri,Kecamatan Sumbersari,0.0,Tidak,Tidak,Ya,Ya,Ya,Ya,650000,4,13.384729180332174
Kabupaten Jember,Putri,Sumbersari,0.0,Ya,Ya,Ya,Ya,Ya,Ya,1350000,6,14.115615891155079
Kabupaten Jember,Putri,Sumbersari,5.0,Tidak,Ya,Ya,Tidak,Tidak,Ya,495000,3,13.112315061750808
Kabupaten Jember,Putri,Sumbersari,0.0,Tidak,Ya,Ya,Ya,Ya,Ya,650000,5,13.384729180332174
Kabupaten Jember,Putri,Kecamatan Sumbersari,0.0,Tidak,Tidak,Ya,Tidak,Tidak,Tidak,450000,1,13.017005083966255
Kabupaten Jember,Putri,Sumbersari,0.0,Ya,Ya,Ya,Ya,Ya,Ya,800000,6,13.592368256649284
Kabupaten Jember,Putri,Sumbersari,5.0,Tidak,Ya,Ya,Ya,Ya,Ya,600000,5,13.304686600863562
Kabupaten Jember,Campur,Kecamatan Sumbersari,0.0,Ya,Ya,Ya,Ya,Ya,Ya,1700000,6,14.346139397261565
Kabupaten Jember,Putri,Kecamatan Sumbersari,0.0,Tidak,Tidak,Ya,Tidak,Ya,Ya,850000,3,13.652992804936396
Kabupaten Jember,Putra,Sumbersari,0.0,Tidak,Tidak,Ya,Tidak,Tidak,Ya,350000,2,12.765691290604371
Kabupaten Jember,Putri,Sumbersari,5.0,Tidak,Ya,Ya,Ya,Ya,Ya,700000,5,13.45883704259595
Kabupaten Jember,Putri,Sumbersari,4.1,Tidak,Ya,Ya,Ya,Ya,Ya,650000,5,13.384729180332174
Kabupaten Jember,Putri,Sumbersari,0.0,Tidak,Tidak,Ya,Ya,Ya,Ya,700000,4,13.45883704259595
Kabupaten Jember,Putra,Sumbersari,0.0,Tidak,Ya,Ya,Tidak,Tidak,Ya,400000,3,12.899222326086994
Kabupaten Jember,Putra,Kecamatan Kaliwates,5.0,Tidak,Ya,Ya,Ya,Tidak,Ya,450000,4,13.017005083966255
Kabupaten Jember,Putra,Sumbersari,0.0,Ya,Ya,Ya,Tidak,Ya,Ya,1000000,5,13.815511557963774
Kabupaten Jember,Putri,Sumbersari,0.0,Tidak,Tidak,Ya,Tidak,Tidak,Ya,450000,2,13.017005083966255
Kabupaten Jember,Putri,Sumbersari,5.0,Tidak,Tidak,Ya,Tidak,Tidak,Ya,525000,2,13.171155446333852
Kabupaten Jember,Putri,Sumbersari,0.0,Tidak,Ya,Ya,Ya,Ya,Ya,800000,5,13.592368256649284
Kabupaten Jember,Putri,Sumbersari,0.0,Tidak,Ya,Ya,Tidak,Tidak,Ya,525000,3,13.171155446333852
Kabupaten Jember,Putri,Kecamatan Sumbersari,0.0,Tidak,Tidak,Ya,Ya,Ya,Ya,650000,4,13.384729180332174
Kabupaten Jember,Putri,Sumbersari,0.0,Tidak,Tidak,Ya,Tidak,Tidak,Ya,500000,2,13.122365377402328
Kabupaten Jember,Putri,Sumbersari,0.0,Tidak,Ya,Ya,Tidak,Tidak,Tidak,475000,2,13.07107218827772
Kabupaten Jember,Campur,Sumbersari,0.0,Ya,Ya,Ya,Tidak,Ya,Ya,1350000,5,14.115615891155079
Kabupaten Jember,Campur,Kecamatan Kaliwates,0.0,Ya,Ya,Ya,Ya,Ya,Ya,1250000,6,14.038654909278163
Kabupaten Jember,Putra,Kecamatan Sumbersari,0.0,Tidak,Ya,Ya,Tidak,Tidak,Ya,500000,3,13.122365377402328
Kabupaten Jember,Putra,Sumbersari,0.0,Tidak,Ya,Ya,Tidak,Tidak,Ya,350000,3,12.765691290604371
Kabupaten Jember,Putri,Sumbersari,0.0,Tidak,Tidak,Ya,Tidak,Tidak,Ya,700000,2,13.45883704259595
Kabupaten Jember,Campur,Sumbersari,0.0,Ya,Ya,Ya,Tidak,Ya,Ya,1700000,5,14.346139397261565
Kabupaten Jember,Putri,Kecamatan Sumbersari,0.0,Tidak,Ya,Ya,Tidak,Tidak,Ya,400000,3,12.899222326086994
Kabupaten Jember,Campur,Kecamatan Sumbersari,0.0,Ya,Ya,Ya,Ya,Ya,Ya,1700000,6,14.346139397261565
Kabupaten Jember,Campur,Kaliwates,0.0,Tidak,Ya,Ya,Ya,Tidak,Ya,950000,4,13.76421831620775
Kabupaten Jember,Putra,Kecamatan Sumbersari,0.0,Tidak,Ya,Ya,Ya,Tidak,Ya,300000,4,12.611541086966115
Kabupaten Jember,Putri,Sumbersari,0.0,Ya,Tidak,Ya,Ya,Ya,Ya,1000000,5,13.815511557963774
Kabupaten Jember,Putra,Sumbersari,0.0,Tidak,Ya,Ya,Tidak,Tidak,Ya,500000,3,13.122365377402328
Kabupaten Jember,Putri,Sumbersari,0.0,Ya,Tidak,Ya,Ya,Ya,Ya,1300000,5,14.077875591662238
Kabupaten Jember,Putra,Sumbersari,0.0,Ya,Ya,Ya,Ya,Ya,Ya,1600000,6,14.285514812209815
Kabupaten Jember,Putri,Patrang,0.0,Ya,Tidak,Ya,Ya,Ya,Ya,1400000,5,14.151983508870947
Kabupaten Jember,Putra,Kecamatan Kaliwates,0.0,Tidak,Tidak,Ya,Ya,Ya,Tidak,600000,3,13.304686600863562
Kabupaten Jember,Putra,Patrang,0.0,Tidak,Tidak,Ya,Tidak,Tidak,Ya,350000,2,12.765691290604371
Kabupaten Jember,Putri,Sumbersari,0.0,Ya,Tidak,Ya,Ya,Ya,Ya,1100000,5,13.910821646859095
Kabupaten Jember,Campur,Kaliwates,0.0,Tidak,Ya,Ya,Ya,Tidak,Ya,750000,4,13.527829818844937
Kabupaten Jember,Putri,Kecamatan Sumbersari,0.0,Tidak,Tidak,Ya,Tidak,Tidak,Ya,500000,2,13.122365377402328
Kabupaten Jember,Campur,Kaliwates,0.0,Tidak,Ya,Ya,Ya,Tidak,Ya,950000,4,13.76421831620775
Kabupaten Jember,Putri,Sumbersari,0.0,Tidak,Ya,Ya,Ya,Ya,Ya,750000,5,13.527829818844937
Kabupaten Jember,Putri,Kecamatan Sumbersari,0.0,Tidak,Ya,Ya,Ya,Tidak,Tidak,699000,3,13.457407451830088
Kabupaten Jember,Campur,Kaliwates,0.0,Tidak,Ya,Ya,Ya,Tidak,Ya,950000,4,13.76421831620775
Kabupaten Jember,Putri,Kecamatan Sumbersari,0.0,Tidak,Ya,Ya,Ya,Ya,Ya,1000000,5,13.815511557963774
Kabupaten Jember,Putri,Kecamatan Sumbersari,0.0,Tidak,Ya,Ya,Ya,Tidak,Tidak,699000,3,13.457407451830088
Kabupaten Jember,Putra,Sumbersari,0.0,Tidak,Tidak,Ya,Tidak,Tidak,Ya,500000,2,13.122365377402328
Kabupaten Jember,Putri,Sumbersari,0.0,Tidak,Tidak,Ya,Tidak,Ya,Ya,650000,3,13.384729180332174
Kabupaten Jember,Putra,Sumbersari,0.0,Tidak,Ya,Ya,Ya,Tidak,Ya,300000,4,12.611541086966115
Kabupaten Jember,Putri,Sumbersari,0.0,Tidak,Ya,Ya,Tidak,Tidak,Ya,550000,3,13.217675375388819
Kabupaten Jember,Campur,Kecamatan Kaliwates,0.0,Tidak,Ya,Ya,Ya,Ya,Tidak,800000,4,13.592368256649284
Kabupaten Jember,Putri,Patrang,0.0,Ya,Tidak,Ya,Ya,Ya,Ya,1600000,5,14.285514812209815
Kabupaten Jember,Putri,Sumbersari,0.0,Tidak,Tidak,Ya,Tidak,Tidak,Ya,600000,2,13.304686600863562
Kabupaten Jember,Putri,Sumbersari,0.0,Tidak,Ya,Ya,Tidak,Tidak,Ya,475000,3,13.07107218827772
Kabupaten Jember,Campur,Kaliwates,0.0,Ya,Ya,Ya,Ya,Ya,Ya,1300000,6,14.077875591662238
Kabupaten Jember,Putri,Sumbersari,0.0,Tidak,Tidak,Ya,Ya,Ya,Ya,500000,4,13.122365377402328
Kabupaten Jember,Campur,Kecamatan Sumbersari,1.0,Tidak,Tidak,Ya,Ya,Ya,Ya,600000,4,13.304686600863562
Kabupaten Jember,Putri,Sumbersari,5.0,Ya,Tidak,Ya,Ya,Ya,Ya,1000000,5,13.815511557963774
Kabupaten Jember,Campur,Kaliwates,0.0,Ya,Ya,Ya,Ya,Ya,Ya,1000000,6,13.815511557963774
Kabupaten Jember,Putra,Kecamatan Sumbersari,0.0,Tidak,Ya,Ya,Ya,Tidak,Ya,300000,4,12.611541086966115
Kabupaten Jember,Putri,Sumbersari,0.0,Ya,Tidak,Ya,Ya,Ya,Ya,1100000,5,13.910821646859095
Kabupaten Jember,Putra,Sumbersari,0.0,Tidak,Tidak,Ya,Tidak,Tidak,Ya,475000,2,13.07107218827772
Kabupaten Jember,Putri,Kecamatan Sumbersari,0.0,Tidak,Tidak,Ya,Ya,Tidak,Tidak,400000,2,12.899222326086994
Kabupaten Jember,Putra,Sumbersari,0.0,Tidak,Ya,Tidak,Tidak,Tidak,Tidak,600000,1,13.304686600863562
Kabupaten Jember,Putri,Sumbersari,0.0,Tidak,Tidak,Ya,Tidak,Tidak,Ya,500000,2,13.122365377402328
Kabupaten Jember,Putri,Sumbersari,0.0,Tidak,Tidak,Ya,Tidak,Tidak,Ya,475000,2,13.07107218827772
Kabupaten Jember,Putri,Sumbersari,0.0,Tidak,Ya,Ya,Tidak,Ya,Ya,650000,4,13.384729180332174
Kabupaten Jember,Putra,Sumbersari,0.0,Tidak,Tidak,Ya,Tidak,Tidak,Ya,500000,2,13.122365377402328
Kabupaten Jember,Putri,Kecamatan Kaliwates,0.0,Tidak,Ya,Ya,Tidak,Tidak,Ya,425000,3,12.959846800844963
Kabupaten Jember,Campur,Kaliwates,0.0,Ya,Ya,Ya,Ya,Ya,Ya,1000000,6,13.815511557963774
Kabupaten Jember,Putri,Patrang,0.0,Tidak,Ya,Ya,Tidak,Tidak,Ya,500000,3,13.122365377402328
Kabupaten Jember,Putri,Sumbersari,0.0,Tidak,Ya,Ya,Tidak,Ya,Ya,550000,4,13.217675375388819
Kabupaten Jember,Campur,Kaliwates,0.0,Tidak,Tidak,Ya,Ya,Tidak,Ya,950000,3,13.76421831620775
Kabupaten Jember,Putra,Sumbersari,0.0,Tidak,Ya,Ya,Tidak,Tidak,Ya,500000,3,13.122365377402328
Kabupaten Jember,Putri,Sumbersari,0.0,Ya,Ya,Ya,Ya,Ya,Ya,1200000,6,13.997832948091215
Kabupaten Jember,Putra,Kecamatan Sumbersari,5.0,Tidak,Ya,Ya,Tidak,Ya,Ya,500000,4,13.122365377402328
Kabupaten Jember,Putra,Kecamatan Sumbersari,0.0,Tidak,Ya,Ya,Ya,Tidak,Ya,350000,4,12.765691290604371
Kabupaten Jember,Putri,Sumbersari,0.0,Tidak,Ya,Ya,Tidak,Ya,Ya,575000,4,13.26212705890841
Kabupaten Jember,Putri,Sumbersari,0.0,Ya,Tidak,Ya,Ya,Ya,Ya,1200000,5,13.997832948091215
Kabupaten Jember,Putra,Sumbersari,5.0,Tidak,Ya,Ya,Tidak,Tidak,Ya,450000,3,13.017005083966255
Kabupaten Jember,Putri,Sumbersari,0.0,Tidak,Tidak,Ya,Ya,Ya,Ya,425000,4,12.959846800844963
Kabupaten Jember,Putri,Sumbersari,0.0,Tidak,Tidak,Ya,Ya,Ya,Ya,350000,4,12.765691290604371
Kabupaten Jember,Putra,Sumbersari,0.0,Tidak,Ya,Ya,Tidak,Ya,Ya,525000,4,13.171155446333852
Kabupaten Jember,Putri,Kecamatan Patrang,0.0,Ya,Tidak,Ya,Ya,Ya,Ya,1250000,5,14.038654909278163
Kabupaten Jember,Putri,Sumbersari,0.0,Tidak,Tidak,Ya,Ya,Tidak,Ya,500000,3,13.122365377402328
Kabupaten Jember,Putra,Sumbersari,0.0,Tidak,Ya,Ya,Ya,Ya,Ya,1000000,5,13.815511557963774
Kabupaten Jember,Putra,Kecamatan Sumbersari,0.0,Tidak,Tidak,Ya,Tidak,Tidak,Tidak,500000,1,13.122365377402328
Kabupaten Jember,Putra,Patrang,0.0,Tidak,Ya,Ya,Tidak,Tidak,Ya,500000,3,13.122365377402328
Kabupaten Jember,Campur,Kaliwates,0.0,Ya,Tidak,Ya,Ya,Tidak,Ya,1350000,4,14.115615891155079
Kabupaten Jember,Putri,Sumbersari,0.0,Tidak,Ya,Ya,Ya,Ya,Ya,650000,5,13.384729180332174
Kabupaten Jember,Putri,Kecamatan Sumbersari,0.0,Tidak,Tidak,Ya,Ya,Ya,Tidak,550000,3,13.217675375388819
Kabupaten Jember,Putri,Kecamatan Kaliwates,0.0,Tidak,Ya,Ya,Tidak,Tidak,Ya,400000,3,12.899222326086994
Kabupaten Jember,Putri,Kecamatan Kaliwates,0.0,Tidak,Ya,Ya,Tidak,Ya,Ya,600000,4,13.304686600863562
Kabupaten Jember,Putri,Kecamatan Sumbersari,0.0,Tidak,Tidak,Ya,Ya,Tidak,Tidak,400000,2,12.899222326086994
Kabupaten Jember,Putri,Kecamatan Sumbersari,0.0,Tidak,Tidak,Ya,Ya,Ya,Tidak,500000,3,13.122365377402328
Kabupaten Jember,Putri,Kecamatan Sumbersari,0.0,Tidak,Ya,Ya,Tidak,Tidak,Ya,450000,3,13.017005083966255
Kabupaten Jember,Campur,Kaliwates,0.0,Tidak,Tidak,Ya,Tidak,Ya,Tidak,700000,2,13.45883704259595
Kabupaten Jember,Putri,Kecamatan Sumbersari,0.0,Tidak,Tidak,Ya,Ya,Ya,Tidak,500000,3,13.122365377402328
Kabupaten Jember,Putri,Kecamatan Kaliwates,0.0,Ya,Tidak,Ya,Ya,Ya,Ya,750000,5,13.527829818844937
Kabupaten Jember,Putri,Kecamatan Sumbersari,0.0,Tidak,Tidak,Ya,Ya,Tidak,Tidak,400000,2,12.899222326086994
Kabupaten Jember,Putri,Sumbersari,0.0,Ya,Ya,Ya,Ya,Ya,Ya,1350000,6,14.115615891155079
Kabupaten Jember,Putra,Kecamatan Sumbersari,0.0,Tidak,Ya,Ya,Ya,Tidak,Ya,350000,4,12.765691290604371
Kabupaten Jember,Putri,Kecamatan Sumbersari,0.0,Ya,Tidak,Ya,Ya,Ya,Ya,900000,5,13.710151153416941
Kabupaten Jember,Putri,Kecamatan Kaliwates,0.0,Tidak,Ya,Ya,Tidak,Tidak,Ya,475000,3,13.07107218827772
Kabupaten Jember,Putri,Sumbersari,0.0,Tidak,Ya,Ya,Ya,Ya,Ya,1250000,5,14.038654909278163
Kabupaten Jember,Putri,Sumbersari,0.0,Tidak,Ya,Ya,Tidak,Tidak,Ya,450000,3,13.017005083966255
Kabupaten Jember,Putra,Sumbersari,0.0,Tidak,Tidak,Ya,Ya,Tidak,Ya,500000,3,13.122365377402328
Kabupaten Jember,Putri,Kecamatan Sumbersari,0.0,Tidak,Tidak,Ya,Ya,Tidak,Tidak,400000,2,12.899222326086994
Kabupaten Jember,Putri,Kaliwates,0.0,Tidak,Ya,Tidak,Tidak,Tidak,Tidak,500000,1,13.122365377402328
Kabupaten Jember,Putra,Kaliwates,2.5,Tidak,Ya,Ya,Tidak,Ya,Ya,550000,4,13.217675375388819
Kabupaten Jember,Putri,Sumbersari,0.0,Tidak,Tidak,Ya,Ya,Ya,Ya,800000,4,13.592368256649284
Kabupaten Jember,Putra,Kecamatan Sumbersari,0.0,Ya,Ya,Ya,Ya,Ya,Ya,1300000,6,14.077875591662238
Kabupaten Jember,Putra,Sumbersari,5.0,Tidak,Ya,Ya,Tidak,Tidak,Ya,400000,3,12.899222326086994
Kabupaten Jember,Campur,Kaliwates,2.8,Ya,Ya,Ya,Ya,Ya,Ya,1400000,6,14.151983508870947
Kabupaten Jember,Putra,Sumbersari,0.0,Tidak,Ya,Ya,Tidak,Ya,Ya,650000,4,13.384729180332174
Kabupaten Jember,Putri,Sumbersari,5.0,Tidak,Ya,Ya,Tidak,Ya,Ya,575000,4,13.26212705890841
Kabupaten Jember,Putri,Sumbersari,5.0,Ya,Ya,Ya,Ya,Ya,Ya,1200000,6,13.997832948091215
Kabupaten Jember,Campur,Kaliwates,0.0,Ya,Ya,Ya,Ya,Ya,Ya,1300000,6,14.077875591662238
Kabupaten Jember,Campur,Kaliwates,0.0,Ya,Ya,Ya,Tidak,Ya,Ya,1500000,5,14.220976332738882
Kabupaten Jember,Putra,Kecamatan Sumbersari,0.0,Tidak,Ya,Ya,Tidak,Tidak,Ya,350000,3,12.765691290604371
Kabupaten Jember,Putri,Sumbersari,0.0,Tidak,Ya,Ya,Tidak,Ya,Ya,550000,4,13.217675375388819
Kabupaten Jember,Putri,Sumbersari,0.0,Tidak,Ya,Ya,Tidak,Tidak,Ya,350000,3,12.765691290604371
Kabupaten Jember,Putri,Sumbersari,0.0,Tidak,Ya,Ya,Ya,Ya,Ya,900000,5,13.710151153416941
Kabupaten Jember,Putri,Sumbersari,0.0,Tidak,Ya,Ya,Tidak,Tidak,Ya,525000,3,13.171155446333852
Kabupaten Jember,Putri,Kecamatan Sumbersari,0.0,Tidak,Ya,Ya,Ya,Tidak,Ya,650000,4,13.384729180332174
Kabupaten Jember,Putra,Sumbersari,0.0,Tidak,Tidak,Ya,Tidak,Tidak,Ya,500000,2,13.122365377402328
Kabupaten Jember,Putri,Kecamatan Sumbersari,0.0,Tidak,Ya,Ya,Tidak,Tidak,Ya,400000,3,12.899222326086994
Kabupaten Jember,Putri,Kecamatan Sumbersari,0.0,Tidak,Ya,Ya,Tidak,Tidak,Ya,475000,3,13.07107218827772
Kabupaten Jember,Putri,Sumbersari,0.0,Tidak,Tidak,Ya,Ya,Tidak,Ya,550000,3,13.217675375388819
Kabupaten Jember,Putri,Sumbersari,0.0,Ya,Ya,Ya,Ya,Ya,Ya,1500000,6,14.220976332738882
Kabupaten Jember,Putra,Sumbersari,0.0,Tidak,Ya,Ya,Ya,Ya,Ya,1250000,5,14.038654909278163
Kabupaten Jember,Campur,Kaliwates,0.0,Tidak,Ya,Ya,Tidak,Ya,Ya,1600000,4,14.285514812209815
Kabupaten Jember,Putra,Sumbersari,0.0,Tidak,Ya,Ya,Tidak,Ya,Tidak,450000,3,13.017005083966255
Kabupaten Jember,Putri,Sumbersari,0.0,Tidak,Ya,Ya,Ya,Ya,Ya,430000,5,12.971542813248437
Kabupaten Jember,Putra,Kecamatan Sumbersari,0.0,Tidak,Ya,Ya,Tidak,Tidak,Ya,450000,3,13.017005083966255
Kabupaten Jember,Putra,Kecamatan Sumbersari,0.0,Ya,Ya,Ya,Ya,Ya,Ya,1500000,6,14.220976332738882
Kabupaten Jember,Putri,Sumbersari,4.5,Tidak,Tidak,Ya,Ya,Tidak,Ya,550000,3,13.217675375388819
Kabupaten Jember,Putri,Kecamatan Sumbersari,0.0,Ya,Tidak,Ya,Ya,Ya,Ya,1402000,5,14.15341105984318
Kabupaten Jember,Putri,Kecamatan Sumbersari,0.0,Tidak,Tidak,Ya,Tidak,Tidak,Ya,400000,2,12.899222326086994
Kabupaten Jember,Putri,Kecamatan Sumbersari,0.0,Tidak,Tidak,Ya,Tidak,Tidak,Ya,550000,2,13.217675375388819
Kabupaten Jember,Putri,Sumbersari,0.0,Tidak,Ya,Ya,Tidak,Tidak,Ya,550000,3,13.217675375388819
Kabupaten Jember,Putri,Sumbersari,5.0,Tidak,Ya,Ya,Ya,Ya,Ya,550000,5,13.217675375388819
Kabupaten Jember,Putri,Sumbersari,0.0,Tidak,Ya,Ya,Tidak,Ya,Ya,560000,4,13.235693848424024
Kabupaten Jember,Putri,Sumbersari,0.0,Tidak,Ya,Ya,Ya,Tidak,Ya,450000,4,13.017005083966255
Kabupaten Jember,Putra,Sumbersari,0.0,Tidak,Ya,Ya,Tidak,Tidak,Ya,400000,3,12.899222326086994
Kabupaten Jember,Putri,Sumbersari,0.0,Tidak,Ya,Ya,Tidak,Tidak,Ya,450000,3,13.017005083966255
Kabupaten Jember,Putri,Patrang,0.0,Ya,Ya,Ya,Tidak,Ya,Ya,1200000,5,13.997832948091215
Kabupaten Jember,Putri,Sumbersari,0.0,Tidak,Ya,Ya,Tidak,Ya,Ya,425000,4,12.959846800844963
Kabupaten Jember,Putri,Kecamatan Sumbersari,0.0,Tidak,Ya,Ya,Tidak,Ya,Ya,550000,4,13.217675375388819
Kabupaten Jember,Putri,Sumbersari,0.0,Tidak,Ya,Ya,Ya,Tidak,Ya,425000,4,12.959846800844963
Kabupaten Jember,Putri,Sumbersari,0.0,Ya,Tidak,Ya,Ya,Ya,Ya,1000000,5,13.815511557963774
Kabupaten Jember,Putri,Kecamatan Sumbersari,0.0,Tidak,Ya,Ya,Tidak,Ya,Ya,750000,4,13.527829818844937
Kabupaten Jember,Putra,Sumbersari,0.0,Tidak,Ya,Ya,Tidak,Tidak,Ya,350000,3,12.765691290604371
Kabupaten Jember,Putri,Kecamatan Sumbersari,0.0,Tidak,Tidak,Ya,Ya,Tidak,Ya,450000,3,13.017005083966255
Kabupaten Jember,Putri,Sumbersari,0.0,Ya,Tidak,Ya,Ya,Ya,Ya,1000000,5,13.815511557963774
Kabupaten Jember,Putri,Sumbersari,0.0,Tidak,Tidak,Ya,Tidak,Tidak,Ya,400000,2,12.899222326086994
Kabupaten Jember,Putri,Sumbersari,0.0,Tidak,Ya,Ya,Ya,Tidak,Ya,400000,4,12.899222326086994
Kabupaten Jember,Campur,Sumbersari,0.0,Ya,Ya,Ya,Ya,Ya,Ya,1000000,6,13.815511557963774
Kabupaten Jember,Putra,Sumbersari,0.0,Tidak,Ya,Ya,Tidak,Tidak,Ya,450000,3,13.017005083966255
Kabupaten Jember,Putra,Sumbersari,0.0,Tidak,Ya,Ya,Tidak,Tidak,Ya,450000,3,13.017005083966255
Kabupaten Jember,Putra,Kaliwates,0.0,Tidak,Ya,Ya,Ya,Ya,Ya,700000,5,13.45883704259595
Kabupaten Jember,Putra,Kaliwates,0.0,Tidak,Tidak,Ya,Ya,Tidak,Ya,500000,3,13.122365377402328
Kabupaten Jember,Putra,Sumbersari,0.0,Tidak,Ya,Ya,Tidak,Tidak,Ya,490000,3,13.102162710901053
Kabupaten Jember,Putra,Kecamatan Sumbersari,0.0,Ya,Ya,Ya,Ya,Ya,Ya,1250000,6,14.038654909278163
Kabupaten Jember,Putri,Sumbersari,0.0,Tidak,Ya,Ya,Tidak,Tidak,Ya,450000,3,13.017005083966255
Kabupaten Jember,Putra,Sumbersari,0.0,Tidak,Tidak,Ya,Ya,Tidak,Tidak,490000,2,13.102162710901053
Kabupaten Jember,Campur,Patrang,0.0,Ya,Ya,Ya,Ya,Ya,Ya,1800000,6,14.403297778421795
Kabupaten Jember,Putri,Kecamatan Sumbersari,0.0,Tidak,Tidak,Ya,Tidak,Ya,Ya,750000,3,13.527829818844937
Kabupaten Jember,Putri,Sumbersari,0.0,Tidak,Tidak,Ya,Ya,Tidak,Ya,500000,3,13.122365377402328
Kabupaten Jember,Putra,Sumbersari,0.0,Ya,Ya,Ya,Ya,Ya,Ya,1100000,6,13.910821646859095
Kabupaten Jember,Putri,Sumbersari,0.0,Ya,Ya,Ya,Ya,Ya,Ya,1400000,6,14.151983508870947
Kabupaten Jember,Putri,Kecamatan Sumbersari,0.0,Tidak,Ya,Ya,Tidak,Ya,Ya,550000,4,13.217675375388819
Kabupaten Jember,Putra,Sumbersari,0.0,Tidak,Tidak,Ya,Tidak,Tidak,Ya,450000,2,13.017005083966255
Kabupaten Jember,Putri,Sumbersari,0.0,Tidak,Tidak,Ya,Tidak,Tidak,Ya,555000,2,13.22672519452875
Kabupaten Jember,Putri,Sumbersari,0.0,Ya,Tidak,Ya,Ya,Ya,Ya,1250000,5,14.038654909278163
Kabupaten Jember,Putri,Sumbersari,0.0,Tidak,Ya,Ya,Tidak,Tidak,Ya,350000,3,12.765691290604371
Kabupaten Jember,Putri,Sumbersari,0.0,Tidak,Tidak,Ya,Ya,Ya,Ya,650000,4,13.384729180332174
Kabupaten Jember,Putra,Kaliwates,4.6,Tidak,Ya,Ya,Tidak,Ya,Ya,750000,4,13.527829818844937
Kabupaten Jember,Putri,Kecamatan Sumbersari,0.0,Tidak,Ya,Ya,Ya,Ya,Ya,850000,5,13.652992804936396
Kabupaten Jember,Putri,Sumbersari,0.0,Tidak,Tidak,Ya,Ya,Tidak,Ya,465000,3,13.049794835104816
Kabupaten Jember,Putra,Sumbersari,0.0,Tidak,Tidak,Ya,Ya,Ya,Ya,450000,4,13.017005083966255
Kabupaten Jember,Campur,Kaliwates,0.0,Tidak,Ya,Ya,Tidak,Ya,Ya,800000,4,13.592368256649284
Kabupaten Jember,Putra,Sumbersari,0.0,Tidak,Ya,Ya,Tidak,Tidak,Ya,550000,3,13.217675375388819
Kabupaten Jember,Putri,Kecamatan Sumbersari,0.0,Tidak,Ya,Ya,Tidak,Tidak,Ya,550000,3,13.217675375388819
Kabupaten Jember,Putra,Kecamatan Sumbersari,4.6,Tidak,Ya,Ya,Tidak,Tidak,Ya,500000,3,13.122365377402328
Kabupaten Jember,Putra,Patrang,0.0,Tidak,Ya,Ya,Tidak,Ya,Ya,450000,4,13.017005083966255
Kabupaten Jember,Putri,Sumbersari,0.0,Tidak,Tidak,Ya,Ya,Ya,Ya,780000,4,13.567050480716235
Kabupaten Jember,Putra,Sumbersari,0.0,Tidak,Ya,Ya,Tidak,Tidak,Ya,300000,3,12.611541086966115
Kabupaten Jember,Putri,Sumbersari,0.0,Ya,Tidak,Ya,Ya,Ya,Ya,1700000,5,14.346139397261565
Kabupaten Jember,Putri,Kecamatan Sumbersari,0.0,Tidak,Ya,Ya,Tidak,Tidak,Ya,390000,3,12.873904582205107
Kabupaten Jember,Putra,Kecamatan Sumbersari,0.0,Tidak,Ya,Ya,Ya,Tidak,Ya,375000,4,12.834683971615659
Kabupaten Jombang,Campur,Jombang,0.0,Ya,Ya,Ya,Ya,Ya,Ya,1000000,6,13.815511557963774
Kabupaten Jombang,Putra,Peterongan,0.0,Tidak,Tidak,Ya,Tidak,Ya,Ya,500000,3,13.122365377402328
Kabupaten Jombang,Campur,Mojoagung,0.0,Tidak,Ya,Ya,Ya,Ya,Ya,450000,5,13.017005083966255
Kabupaten Jombang,Putri,Jombang,0.0,Tidak,Ya,Ya,Tidak,Tidak,Ya,350000,3,12.765691290604371
Kabupaten Jombang,Putri,Jombang,0.0,Ya,Tidak,Ya,Ya,Ya,Ya,900000,5,13.710151153416941
Kabupaten Jombang,Campur,Mojoagung,0.0,Ya,Tidak,Ya,Ya,Ya,Ya,650000,5,13.384729180332174
Kabupaten Jombang,Putra,Jombang,0.0,Ya,Ya,Ya,Ya,Ya,Ya,1000000,6,13.815511557963774
Kabupaten Jombang,Campur,Mojoagung,0.0,Tidak,Ya,Ya,Ya,Ya,Ya,400000,5,12.899222326086994
Kabupaten Jombang,Campur,Jombang,0.0,Ya,Ya,Ya,Tidak,Ya,Tidak,900000,4,13.710151153416941
Kabupaten Jombang,Campur,Kecamatan Jombang,0.0,Ya,Tidak,Ya,Ya,Ya,Ya,850000,5,13.652992804936396
Kabupaten Jombang,Putra,Jombang,0.0,Tidak,Ya,Ya,Ya,Tidak,Ya,600000,4,13.304686600863562
Kabupaten Jombang,Campur,Kecamatan Jombang,0.0,Ya,Tidak,Ya,Ya,Ya,Ya,850000,5,13.652992804936396
Kabupaten Jombang,Putra,Jombang,0.0,Tidak,Ya,Ya,Ya,Tidak,Ya,500000,4,13.122365377402328
Kabupaten Jombang,Putra,Jombang,0.0,Ya,Ya,Ya,Ya,Ya,Ya,1200000,6,13.997832948091215
Kabupaten Jombang,Campur,Jombang,0.0,Ya,Ya,Ya,Ya,Ya,Ya,1000000,6,13.815511557963774
Kabupaten Jombang,Campur,Jombang,0.0,Ya,Ya,Ya,Ya,Ya,Ya,1250000,6,14.038654909278163
Kabupaten Jombang,Campur,Jombang,0.0,Tidak,Ya,Ya,Ya,Ya,Ya,850000,5,13.652992804936396
Kabupaten Jombang,Campur,Jombang,0.0,Ya,Tidak,Ya,Ya,Ya,Ya,900000,5,13.710151153416941
Kabupaten Jombang,Putri,Diwek,0.0,Ya,Ya,Ya,Ya,Tidak,Tidak,800000,4,13.592368256649284
Kabupaten Jombang,Putri,Kecamatan Jombang,0.0,Ya,Tidak,Ya,Ya,Ya,Ya,850000,5,13.652992804936396
Kabupaten Jombang,Campur,Jombang,0.0,Ya,Ya,Ya,Ya,Ya,Ya,1150000,6,13.955273369904273
Kabupaten Jombang,Campur,Kecamatan Jombang,0.0,Ya,Tidak,Ya,Ya,Ya,Ya,850000,5,13.652992804936396
Kabupaten Jombang,Campur,Jombang,4.9,Ya,Ya,Ya,Ya,Ya,Ya,1350000,6,14.115615891155079
Kabupaten Jombang,Campur,Jombang,0.0,Ya,Ya,Ya,Ya,Ya,Ya,1200000,6,13.997832948091215
Kabupaten Jombang,Putri,Jombang,0.0,Ya,Tidak,Ya,Ya,Ya,Ya,1400000,5,14.151983508870947
Kabupaten Jombang,Putri,Kecamatan Jombang,0.0,Tidak,Tidak,Ya,Ya,Tidak,Ya,750000,3,13.527829818844937
Kabupaten Jombang,Putri,Jombang,0.0,Ya,Tidak,Ya,Ya,Tidak,Ya,1000000,4,13.815511557963774
Kabupaten Jombang,Putra,Jombang,0.0,Tidak,Ya,Ya,Tidak,Tidak,Tidak,450000,2,13.017005083966255
Kabupaten Jombang,Campur,Jogo Roto,0.0,Tidak,Tidak,Ya,Ya,Tidak,Ya,500000,3,13.122365377402328
Kabupaten Jombang,Putra,Jombang,0.0,Tidak,Tidak,Ya,Tidak,Tidak,Tidak,350000,1,12.765691290604371
Kabupaten Jombang,Putri,Jombang,0.0,Tidak,Ya,Ya,Ya,Ya,Ya,700000,5,13.45883704259595
Kabupaten Jombang,Campur,Kecamatan Peterongan,0.0,Tidak,Ya,Ya,Tidak,Ya,Ya,600000,4,13.304686600863562
Kabupaten Jombang,Campur,Mojoagung,0.0,Tidak,Ya,Tidak,Tidak,Tidak,Tidak,500000,1,13.122365377402328
Kabupaten Jombang,Campur,Jombang,0.0,Ya,Ya,Ya,Ya,Ya,Tidak,700000,5,13.45883704259595
Kabupaten Jombang,Putri,Jombang,0.0,Ya,Tidak,Ya,Ya,Tidak,Ya,950000,4,13.76421831620775
Kabupaten Jombang,Campur,Kecamatan Jombang,0.0,Ya,Ya,Ya,Ya,Ya,Ya,1300000,6,14.077875591662238
Kabupaten Jombang,Putri,Kecamatan Jombang,0.0,Tidak,Ya,Ya,Tidak,Ya,Ya,600000,4,13.304686600863562
Kabupaten Jombang,Putri,Kecamatan Jombang,0.0,Tidak,Tidak,Ya,Tidak,Ya,Ya,450000,3,13.017005083966255
Kabupaten Jombang,Campur,Kecamatan Jombang,0.0,Ya,Ya,Ya,Ya,Ya,Ya,1000000,6,13.815511557963774
Kabupaten Jombang,Putri,Kecamatan Jombang,5.0,Tidak,Ya,Ya,Ya,Tidak,Ya,450000,4,13.017005083966255
Kabupaten Jombang,Campur,Jogo Roto,0.0,Tidak,Tidak,Ya,Tidak,Ya,Ya,600000,3,13.304686600863562
Kabupaten Jombang,Putri,Ploso,5.0,Tidak,Ya,Ya,Ya,Tidak,Ya,555000,4,13.22672519452875
Kabupaten Jombang,Campur,Sumobito,0.0,Tidak,Tidak,Ya,Ya,Ya,Ya,600000,4,13.304686600863562
Kabupaten Jombang,Putri,Kecamatan Jombang,0.0,Ya,Tidak,Ya,Tidak,Ya,Ya,1200000,4,13.997832948091215
Kabupaten Jombang,Campur,Kecamatan Jombang,0.0,Tidak,Tidak,Ya,Tidak,Tidak,Ya,250000,2,12.429220196836383
Kabupaten Jombang,Campur,Diwek,0.0,Tidak,Tidak,Ya,Tidak,Ya,Ya,600000,3,13.304686600863562
Kabupaten Jombang,Campur,Ploso,0.0,Tidak,Ya,Ya,Tidak,Ya,Tidak,450000,3,13.017005083966255
Kabupaten Jombang,Campur,Jombang,0.0,Tidak,Tidak,Ya,Ya,Ya,Ya,650000,4,13.384729180332174
Kabupaten Jombang,Campur,Jombang,0.0,Tidak,Ya,Ya,Tidak,Ya,Tidak,450000,3,13.017005083966255
Kabupaten Jombang,Putri,Peterongan,0.0,Tidak,Tidak,Ya,Tidak,Ya,Ya,550000,3,13.217675375388819
Kabupaten Jombang,Putri,Peterongan,0.0,Ya,Ya,Ya,Ya,Ya,Ya,800000,6,13.592368256649284
Kabupaten Jombang,Putra,Kecamatan Jombang,0.0,Tidak,Ya,Ya,Tidak,Ya,Ya,600000,4,13.304686600863562
Kabupaten Jombang,Putra,Peterongan,0.0,Tidak,Tidak,Ya,Tidak,Tidak,Ya,550000,2,13.217675375388819
Kabupaten Jombang,Putri,Kecamatan Jombang,0.0,Tidak,Tidak,Ya,Ya,Ya,Ya,500000,4,13.122365377402328
Kabupaten Jombang,Campur,Kecamatan Peterongan,0.0,Ya,Ya,Ya,Tidak,Ya,Ya,1500000,5,14.220976332738882
Kabupaten Jombang,Campur,Kecamatan Peterongan,0.0,Tidak,Ya,Ya,Tidak,Ya,Ya,1000000,4,13.815511557963774
Kabupaten Jombang,Campur,Jombang,0.0,Tidak,Tidak,Ya,Tidak,Ya,Ya,550000,3,13.217675375388819
Kabupaten Jombang,Putra,Jombang,0.0,Tidak,Ya,Ya,Ya,Tidak,Ya,500000,4,13.122365377402328
Kabupaten Jombang,Putri,Kecamatan Jombang,0.0,Tidak,Tidak,Ya,Ya,Ya,Tidak,550000,3,13.217675375388819
Kabupaten Jombang,Putri,Jombang,0.0,Tidak,Ya,Ya,Ya,Tidak,Ya,500000,4,13.122365377402328
Kabupaten Jombang,Campur,Jombang,0.0,Tidak,Ya,Ya,Ya,Ya,Tidak,600000,4,13.304686600863562
Kabupaten Jombang,Putri,Kecamatan Jombang,0.0,Tidak,Ya,Ya,Ya,Ya,Ya,600000,5,13.304686600863562
Kabupaten Jombang,Campur,Kecamatan Peterongan,0.0,Tidak,Ya,Ya,Tidak,Ya,Ya,800000,4,13.592368256649284
Kabupaten Jombang,Putri,Kecamatan Jombang,0.0,Ya,Ya,Ya,Ya,Ya,Ya,900000,6,13.710151153416941
Kabupaten Jombang,Campur,Jombang,0.0,Tidak,Ya,Ya,Tidak,Ya,Ya,500000,4,13.122365377402328
Kabupaten Jombang,Putri,Peterongan,0.0,Tidak,Ya,Ya,Tidak,Tidak,Ya,800000,3,13.592368256649284
Kabupaten Jombang,Putri,Jombang,0.0,Tidak,Tidak,Ya,Tidak,Tidak,Ya,425000,2,12.959846800844963
Kabupaten Jombang,Putra,Diwek,0.0,Tidak,Tidak,Ya,Tidak,Ya,Ya,430000,3,12.971542813248437
Kabupaten Jombang,Putra,Jombang,0.0,Ya,Ya,Ya,Tidak,Ya,Ya,850000,5,13.652992804936396
Kabupaten Jombang,Campur,Jombang,0.0,Tidak,Ya,Ya,Tidak,Ya,Tidak,450000,3,13.017005083966255
Kabupaten Jombang,Campur,Kecamatan Jombang,0.0,Tidak,Ya,Ya,Tidak,Ya,Ya,475000,4,13.07107218827772
Kabupaten Jombang,Putri,Kecamatan Jombang,0.0,Tidak,Ya,Ya,Ya,Ya,Ya,600000,5,13.304686600863562
Kabupaten Jombang,Putra,Kecamatan Sumobito,0.0,Tidak,Ya,Ya,Tidak,Tidak,Ya,375000,3,12.834683971615659
Kabupaten Jombang,Campur,Peterongan,0.0,Ya,Ya,Ya,Tidak,Ya,Ya,600000,5,13.304686600863562
Kabupaten Jombang,Putri,Jombang,0.0,Ya,Tidak,Ya,Ya,Tidak,Ya,950000,4,13.76421831620775
Kabupaten Jombang,Putri,Jombang,0.0,Ya,Tidak,Ya,Ya,Tidak,Ya,1250000,4,14.038654909278163
Kabupaten Jombang,Campur,Mojowarno,0.0,Tidak,Ya,Ya,Ya,Ya,Ya,800000,5,13.592368256649284
Kabupaten Jombang,Putri,Jombang,0.0,Tidak,Tidak,Ya,Tidak,Tidak,Ya,550000,2,13.217675375388819
Kabupaten Jombang,Campur,Gudo,0.0,Tidak,Tidak,Ya,Tidak,Tidak,Tidak,200000,1,12.206077645517674
Kabupaten Jombang,Putri,Kecamatan Jombang,0.0,Ya,Ya,Ya,Tidak,Tidak,Tidak,750000,3,13.527829818844937
Kabupaten Jombang,Campur,Jombang,0.0,Tidak,Ya,Ya,Tidak,Ya,Ya,500000,4,13.122365377402328
Kabupaten Jombang,Putri,Kecamatan Kabuh,0.0,Tidak,Ya,Ya,Tidak,Tidak,Ya,410000,3,12.923914877701906
Kabupaten Jombang,Putri,Kecamatan Jombang,0.0,Ya,Ya,Ya,Ya,Ya,Ya,1100000,6,13.910821646859095
Kabupaten Jombang,Campur,Kecamatan Jombang,0.0,Tidak,Ya,Tidak,Ya,Ya,Tidak,800000,3,13.592368256649284
Kabupaten Jombang,Campur,Kecamatan Jombang,0.0,Tidak,Ya,Ya,Tidak,Ya,Ya,700000,4,13.45883704259595
Kabupaten Jombang,Putri,Peterongan,0.0,Tidak,Ya,Ya,Tidak,Ya,Ya,800000,4,13.592368256649284
Kabupaten Jombang,Putri,Kecamatan Jombang,0.0,Tidak,Tidak,Ya,Ya,Tidak,Ya,500000,3,13.122365377402328
Kabupaten Jombang,Putri,Jombang,0.0,Tidak,Tidak,Ya,Ya,Tidak,Tidak,350000,2,12.765691290604371
Kabupaten Jombang,Putri,Kecamatan Mojoagung,0.0,Tidak,Tidak,Ya,Tidak,Tidak,Tidak,300000,1,12.611541086966115
Kabupaten Jombang,Campur,Jombang,0.0,Tidak,Tidak,Ya,Tidak,Ya,Tidak,400000,2,12.899222326086994
Kabupaten Jombang,Campur,Kecamatan Jombang,0.0,Tidak,Ya,Ya,Ya,Ya,Ya,650000,5,13.384729180332174
Kabupaten Jombang,Campur,Jombang,0.0,Ya,Ya,Ya,Ya,Ya,Ya,1500000,6,14.220976332738882
Kabupaten Jombang,Putra,Kecamatan Jombang,0.0,Tidak,Ya,Ya,Tidak,Tidak,Tidak,400000,2,12.899222326086994
Kabupaten Jombang,Putri,Kecamatan Jombang,0.0,Tidak,Ya,Ya,Ya,Tidak,Ya,500000,4,13.122365377402328
Kabupaten Jombang,Campur,Kecamatan Mojowarno,0.0,Tidak,Tidak,Ya,Tidak,Ya,Ya,300000,3,12.611541086966115
Kabupaten Jombang,Putri,Jombang,0.0,Ya,Tidak,Ya,Ya,Ya,Ya,850000,5,13.652992804936396
Kabupaten Jombang,Campur,Jombang,0.0,Ya,Tidak,Ya,Tidak,Ya,Ya,800000,4,13.592368256649284
Kabupaten Jombang,Putri,Peterongan,0.0,Tidak,Tidak,Ya,Tidak,Tidak,Ya,500000,2,13.122365377402328
Kabupaten Jombang,Campur,Kecamatan Jombang,0.0,Tidak,Tidak,Ya,Tidak,Ya,Ya,550000,3,13.217675375388819
Kabupaten Jombang,Putri,Kecamatan Jombang,0.0,Tidak,Tidak,Ya,Tidak,Tidak,Ya,400000,2,12.899222326086994
Kabupaten Jombang,Campur,Jombang,0.0,Tidak,Ya,Ya,Ya,Ya,Tidak,650000,4,13.384729180332174
Kabupaten Jombang,Putri,Kecamatan Gudo,0.0,Tidak,Tidak,Ya,Ya,Ya,Ya,500000,4,13.122365377402328
Kabupaten Jombang,Putri,Kecamatan Jombang,0.0,Tidak,Ya,Ya,Tidak,Tidak,Ya,500000,3,13.122365377402328
Kabupaten Jombang,Campur,Sumobito,0.0,Tidak,Ya,Ya,Tidak,Tidak,Ya,350000,3,12.765691290604371
Kabupaten Jombang,Campur,Peterongan,0.0,Tidak,Ya,Tidak,Tidak,Tidak,Tidak,600000,1,13.304686600863562
Kabupaten Jombang,Campur,Kecamatan Jombang,0.0,Tidak,Tidak,Ya,Ya,Tidak,Tidak,1000000,2,13.815511557963774
Kabupaten Jombang,Putri,Diwek,0.0,Tidak,Ya,Ya,Ya,Tidak,Ya,550000,4,13.217675375388819
Kabupaten Jombang,Putri,Kecamatan Jombang,0.0,Tidak,Ya,Ya,Tidak,Ya,Ya,850000,4,13.652992804936396
Kabupaten Jombang,Putri,Ploso,0.0,Tidak,Ya,Ya,Tidak,Tidak,Ya,400000,3,12.899222326086994
Kabupaten Jombang,Campur,Jombang,0.0,Tidak,Tidak,Ya,Ya,Ya,Ya,450000,4,13.017005083966255
Kabupaten Jombang,Putri,Kecamatan Jombang,0.0,Tidak,Tidak,Ya,Tidak,Tidak,Ya,350000,2,12.765691290604371
Kabupaten Jombang,Putri,Jombang,0.0,Tidak,Ya,Ya,Ya,Ya,Ya,550000,5,13.217675375388819
Kabupaten Jombang,Putra,Kecamatan Jombang,0.0,Tidak,Tidak,Ya,Ya,Tidak,Ya,400000,3,12.899222326086994
Kabupaten Jombang,Putri,Kecamatan Jombang,0.0,Ya,Tidak,Ya,Ya,Tidak,Ya,950000,4,13.76421831620775
Kabupaten Jombang,Campur,Jombang,0.0,Ya,Ya,Ya,Tidak,Tidak,Ya,1100000,4,13.910821646859095
Kabupaten Jombang,Putri,Jombang,0.0,Tidak,Ya,Ya,Ya,Tidak,Ya,350000,4,12.765691290604371
Kabupaten Jombang,Campur,Kecamatan Jombang,0.0,Ya,Ya,Ya,Ya,Ya,Ya,1500000,6,14.220976332738882
Kabupaten Jombang,Campur,Peterongan,0.0,Tidak,Ya,Ya,Tidak,Ya,Ya,500000,4,13.122365377402328
Kabupaten Jombang,Putri,Kecamatan Jombang,0.0,Tidak,Tidak,Ya,Tidak,Ya,Tidak,300000,2,12.611541086966115
Kabupaten Jombang,Putri,Kecamatan Jombang,0.0,Ya,Tidak,Ya,Tidak,Ya,Ya,1300000,4,14.077875591662238
Kabupaten Jombang,Campur,Kecamatan Jombang,0.0,Tidak,Ya,Ya,Tidak,Ya,Tidak,445000,3,13.005831808336863
Kabupaten Jombang,Campur,Kecamatan Peterongan,0.0,Tidak,Ya,Ya,Ya,Ya,Ya,800000,5,13.592368256649284
Kabupaten Jombang,Putri,Kecamatan Jombang,0.0,Tidak,Tidak,Ya,Ya,Tidak,Tidak,450000,2,13.017005083966255
Kabupaten Jombang,Putra,Kecamatan Peterongan,0.0,Tidak,Ya,Ya,Ya,Ya,Ya,550000,5,13.217675375388819
Kabupaten Jombang,Campur,Perak,0.0,Tidak,Ya,Ya,Tidak,Ya,Tidak,300000,3,12.611541086966115
Kabupaten Jombang,Putri,Kecamatan Peterongan,0.0,Tidak,Ya,Ya,Tidak,Tidak,Tidak,300000,2,12.611541086966115
Kabupaten Jombang,Putra,Kecamatan Jombang,0.0,Tidak,Tidak,Ya,Ya,Tidak,Tidak,400000,2,12.899222326086994
Kabupaten Jombang,Campur,Peterongan,0.0,Tidak,Ya,Ya,Tidak,Ya,Ya,600000,4,13.304686600863562
Kabupaten Jombang,Putri,Kecamatan Diwek,0.0,Tidak,Tidak,Ya,Tidak,Ya,Ya,550000,3,13.217675375388819
Kabupaten Jombang,Campur,Kecamatan Jogoroto,0.0,Tidak,Ya,Tidak,Tidak,Ya,Tidak,800000,2,13.592368256649284
Kabupaten Jombang,Campur,Kabuh,0.0,Tidak,Tidak,Ya,Tidak,Ya,Tidak,500000,2,13.122365377402328
Kabupaten Jombang,Putri,Kecamatan Jombang,0.0,Tidak,Ya,Ya,Ya,Tidak,Ya,750000,4,13.527829818844937
Kabupaten Jombang,Campur,Kecamatan Jogoroto,0.0,Tidak,Ya,Ya,Tidak,Ya,Tidak,450000,3,13.017005083966255
Kabupaten Jombang,Putri,Kecamatan Jombang,0.0,Tidak,Tidak,Ya,Tidak,Ya,Ya,600000,3,13.304686600863562
Kabupaten Jombang,Putri,Kecamatan Jombang,0.0,Tidak,Ya,Ya,Tidak,Tidak,Ya,400000,3,12.899222326086994
Kabupaten Jombang,Putra,Jombang,0.0,Tidak,Tidak,Ya,Ya,Ya,Ya,650000,4,13.384729180332174
Kabupaten Jombang,Putri,Kecamatan Jombang,0.0,Tidak,Tidak,Ya,Ya,Ya,Ya,500000,4,13.122365377402328
Kabupaten Jombang,Campur,Kecamatan Mojoagung,0.0,Tidak,Ya,Ya,Tidak,Ya,Ya,500000,4,13.122365377402328
Kabupaten Jombang,Campur,Tembelang,0.0,Ya,Ya,Ya,Ya,Ya,Tidak,1600000,5,14.285514812209815
Kabupaten Jombang,Putri,Kecamatan Mojoagung,0.0,Tidak,Ya,Ya,Tidak,Tidak,Ya,350000,3,12.765691290604371
Kabupaten Jombang,Putri,Diwek,0.0,Tidak,Tidak,Ya,Tidak,Ya,Ya,500000,3,13.122365377402328
Kabupaten Jombang,Putri,Diwek,0.0,Tidak,Ya,Ya,Tidak,Ya,Ya,700000,4,13.45883704259595
Kabupaten Jombang,Campur,Kecamatan Jombang,0.0,Tidak,Ya,Ya,Tidak,Ya,Tidak,500000,3,13.122365377402328
Kabupaten Jombang,Putri,Kecamatan Jombang,0.0,Tidak,Ya,Ya,Ya,Ya,Ya,700000,5,13.45883704259595
Kabupaten Jombang,Campur,Kecamatan Peterongan,0.0,Tidak,Ya,Ya,Tidak,Ya,Tidak,700000,3,13.45883704259595
Kabupaten Jombang,Putri,Jombang,0.0,Tidak,Tidak,Ya,Tidak,Tidak,Ya,450000,2,13.017005083966255
Kabupaten Jombang,Putri,Jombang,0.0,Tidak,Tidak,Ya,Ya,Tidak,Ya,450000,3,13.017005083966255
Kabupaten Jombang,Campur,Jombang,0.0,Ya,Ya,Ya,Ya,Tidak,Ya,800000,5,13.592368256649284
Kabupaten Jombang,Putri,Jombang,0.0,Tidak,Ya,Ya,Ya,Tidak,Tidak,350000,3,12.765691290604371
Kabupaten Jombang,Campur,Kecamatan Mojoagung,0.0,Tidak,Tidak,Ya,Tidak,Tidak,Tidak,400000,1,12.899222326086994
Kabupaten Jombang,Campur,Kecamatan Kabuh,0.0,Ya,Ya,Ya,Tidak,Ya,Ya,800000,5,13.592368256649284
Kabupaten Jombang,Putri,Kecamatan Jombang,0.0,Tidak,Tidak,Ya,Tidak,Tidak,Tidak,400000,1,12.899222326086994
Kabupaten Jombang,Putri,Kecamatan Jombang,0.0,Tidak,Ya,Ya,Ya,Ya,Ya,550000,5,13.217675375388819
Kabupaten Jombang,Campur,Kecamatan Jombang,0.0,Tidak,Tidak,Tidak,Tidak,Tidak,Tidak,500000,0,13.122365377402328
Kabupaten Jombang,Putri,Kecamatan Diwek,0.0,Tidak,Ya,Ya,Ya,Tidak,Ya,550000,4,13.217675375388819
Kabupaten Jombang,Campur,Jombang,0.0,Ya,Ya,Ya,Ya,Ya,Ya,1000000,6,13.815511557963774
Kabupaten Jombang,Campur,Jombang,0.0,Tidak,Ya,Ya,Ya,Ya,Tidak,700000,4,13.45883704259595
Kabupaten Jombang,Putra,Kecamatan Jombang,0.0,Tidak,Ya,Ya,Tidak,Tidak,Tidak,500000,2,13.122365377402328
Kabupaten Jombang,Putri,Diwek,0.0,Tidak,Ya,Ya,Tidak,Ya,Ya,650000,4,13.384729180332174
Kabupaten Jombang,Campur,Kecamatan Peterongan,0.0,Ya,Tidak,Ya,Ya,Tidak,Ya,1500000,4,14.220976332738882
Kabupaten Jombang,Campur,Kecamatan Peterongan,0.0,Tidak,Ya,Ya,Ya,Ya,Tidak,500000,4,13.122365377402328
Kabupaten Jombang,Putra,Kecamatan Jombang,0.0,Tidak,Ya,Ya,Tidak,Tidak,Ya,400000,3,12.899222326086994
Kabupaten Jombang,Campur,Kecamatan Jombang,0.0,Tidak,Ya,Tidak,Tidak,Ya,Tidak,620000,2,13.3374763699232
Kabupaten Jombang,Campur,Kabuh,0.0,Tidak,Ya,Ya,Tidak,Ya,Tidak,450000,3,13.017005083966255
Kabupaten Jombang,Putri,Kecamatan Jombang,0.0,Tidak,Tidak,Ya,Ya,Tidak,Tidak,500000,2,13.122365377402328
Kabupaten Jombang,Campur,Tembelang,0.0,Tidak,Ya,Ya,Tidak,Ya,Ya,500000,4,13.122365377402328
Kabupaten Jombang,Campur,Jombang,0.0,Tidak,Ya,Ya,Tidak,Ya,Tidak,400000,3,12.899222326086994
Kabupaten Jombang,Putri,Diwek,0.0,Tidak,Tidak,Ya,Tidak,Tidak,Tidak,350000,1,12.765691290604371
Kabupaten Jombang,Putra,Mojoagung,0.0,Tidak,Ya,Tidak,Tidak,Ya,Tidak,400000,2,12.899222326086994
Kabupaten Jombang,Putri,Jombang,0.0,Ya,Tidak,Ya,Ya,Ya,Ya,800000,5,13.592368256649284
Kabupaten Jombang,Putri,Kecamatan Jombang,0.0,Tidak,Ya,Ya,Tidak,Ya,Ya,450000,4,13.017005083966255
Kabupaten Jombang,Campur,Peterongan,0.0,Tidak,Tidak,Ya,Tidak,Tidak,Tidak,450000,1,13.017005083966255
Kabupaten Jombang,Campur,Kecamatan Jombang,0.0,Tidak,Ya,Ya,Tidak,Tidak,Tidak,350000,2,12.765691290604371
Kabupaten Jombang,Campur,Tembelang,0.0,Tidak,Ya,Ya,Ya,Ya,Ya,800000,5,13.592368256649284
Kabupaten Jombang,Campur,Jombang,0.0,Tidak,Ya,Ya,Ya,Ya,Tidak,700000,4,13.45883704259595
Kabupaten Jombang,Putri,Jombang,0.0,Tidak,Ya,Ya,Ya,Ya,Ya,750000,5,13.527829818844937
Kabupaten Jombang,Campur,Jombang,0.0,Ya,Ya,Ya,Ya,Ya,Tidak,1200000,5,13.997832948091215
Kabupaten Jombang,Campur,Sumobito,0.0,Tidak,Ya,Ya,Tidak,Ya,Tidak,350000,3,12.765691290604371
Kabupaten Jombang,Putri,Kecamatan Jombang,0.0,Tidak,Tidak,Ya,Tidak,Ya,Ya,600000,3,13.304686600863562
Kabupaten Jombang,Putri,Jombang,0.0,Tidak,Tidak,Ya,Tidak,Ya,Ya,400000,3,12.899222326086994
Kabupaten Jombang,Putra,Kecamatan Jombang,5.0,Tidak,Ya,Ya,Ya,Ya,Ya,600000,5,13.304686600863562
Kabupaten Jombang,Campur,Kecamatan Jombang,0.0,Tidak,Ya,Ya,Tidak,Tidak,Tidak,450000,2,13.017005083966255
Kabupaten Jombang,Campur,Jombang,0.0,Tidak,Ya,Ya,Tidak,Ya,Ya,500000,4,13.122365377402328
Kabupaten Jombang,Campur,Jombang,0.0,Ya,Ya,Ya,Ya,Ya,Ya,1000000,6,13.815511557963774
Kabupaten Jombang,Putra,Diwek,0.0,Tidak,Ya,Ya,Tidak,Tidak,Ya,425000,3,12.959846800844963
Kabupaten Jombang,Campur,Jogo Roto,5.0,Tidak,Tidak,Ya,Tidak,Ya,Ya,600000,3,13.304686600863562
Kabupaten Jombang,Campur,Kecamatan Jombang,0.0,Tidak,Ya,Ya,Tidak,Ya,Ya,575000,4,13.26212705890841
Kabupaten Jombang,Putra,Jombang,0.0,Ya,Ya,Ya,Tidak,Ya,Ya,800000,5,13.592368256649284
Kabupaten Jombang,Campur,Kecamatan Jombang,0.0,Tidak,Tidak,Ya,Tidak,Ya,Tidak,500000,2,13.122365377402328
Kabupaten Jombang,Putra,Jogo Roto,5.0,Tidak,Tidak,Ya,Tidak,Ya,Ya,600000,3,13.304686600863562
Kabupaten Jombang,Campur,Kecamatan Jombang,0.0,Tidak,Tidak,Ya,Tidak,Ya,Tidak,450000,2,13.017005083966255
Kabupaten Jombang,Campur,Mojoagung,0.0,Tidak,Ya,Ya,Tidak,Ya,Tidak,500000,3,13.122365377402328
Kabupaten Jombang,Putra,Kecamatan Jombang,0.0,Tidak,Ya,Ya,Tidak,Ya,Ya,350000,4,12.765691290604371
Kabupaten Jombang,Putra,Jombang,0.0,Tidak,Tidak,Ya,Ya,Tidak,Tidak,350000,2,12.765691290604371
Kabupaten Jombang,Putra,Kecamatan Jombang,0.0,Tidak,Tidak,Ya,Tidak,Ya,Tidak,400000,2,12.899222326086994
Kabupaten Jombang,Campur,Jombang,0.0,Ya,Ya,Ya,Ya,Ya,Ya,1000000,6,13.815511557963774
Kabupaten Jombang,Putri,Kecamatan Jombang,0.0,Tidak,Ya,Ya,Ya,Ya,Ya,800000,5,13.592368256649284
Kabupaten Jombang,Campur,Kecamatan Jombang,0.0,Tidak,Ya,Ya,Ya,Ya,Ya,500000,5,13.122365377402328
Kabupaten Jombang,Putra,Tembelang,0.0,Tidak,Tidak,Ya,Tidak,Tidak,Tidak,300000,1,12.611541086966115
Kabupaten Jombang,Campur,Jombang,0.0,Ya,Ya,Ya,Ya,Ya,Ya,1100000,6,13.910821646859095
Kabupaten Jombang,Campur,Tembelang,0.0,Tidak,Ya,Ya,Tidak,Ya,Ya,450000,4,13.017005083966255
Kabupaten Jombang,Putra,Jombang,0.0,Ya,Ya,Ya,Tidak,Tidak,Ya,700000,4,13.45883704259595
Kabupaten Jombang,Campur,Kecamatan Jombang,0.0,Tidak,Tidak,Ya,Tidak,Ya,Tidak,500000,2,13.122365377402328
Kabupaten Jombang,Campur,Kecamatan Jogoroto,0.0,Tidak,Ya,Ya,Tidak,Ya,Tidak,425000,3,12.959846800844963
Kabupaten Jombang,Campur,Tembelang,0.0,Tidak,Ya,Ya,Tidak,Ya,Ya,550000,4,13.217675375388819
Kabupaten Jombang,Putri,Kecamatan Jombang,0.0,Tidak,Ya,Ya,Ya,Tidak,Tidak,700000,3,13.45883704259595
Kabupaten Jombang,Putra,Diwek,0.0,Tidak,Ya,Ya,Tidak,Ya,Ya,425000,4,12.959846800844963
Kabupaten Jombang,Putri,Kecamatan Jombang,0.0,Tidak,Tidak,Ya,Tidak,Tidak,Ya,425000,2,12.959846800844963
Kabupaten Kediri,Putri,Mojoroto,0.0,Tidak,Ya,Ya,Tidak,Ya,Ya,540000,4,13.199326270390594
Kabupaten Kediri,Putri,Mojoroto,0.0,Tidak,Ya,Ya,Tidak,Ya,Ya,495000,4,13.112315061750808
Kabupaten Kediri,Putri,Mojoroto,0.0,Ya,Tidak,Ya,Ya,Ya,Ya,925000,5,13.73755009757506
Kabupaten Kediri,Putri,Mojoroto,0.0,Tidak,Tidak,Ya,Ya,Ya,Ya,610000,4,13.321215875492413
Kabupaten Kediri,Putri,Mojoroto,0.0,Tidak,Tidak,Ya,Tidak,Ya,Ya,550000,3,13.217675375388819
Kabupaten Kediri,Putri,Kecamatan Kota Kediri,5.0,Tidak,Tidak,Ya,Tidak,Ya,Tidak,550000,2,13.217675375388819
Kabupaten Kediri,Putri,Kediri,0.0,Tidak,Tidak,Ya,Ya,Ya,Ya,500000,4,13.122365377402328
Kabupaten Kediri,Putra,Mojoroto,0.0,Tidak,Ya,Ya,Tidak,Ya,Ya,750000,4,13.527829818844937
Kabupaten Kediri,Putri,Kota Kediri,0.0,Tidak,Ya,Ya,Tidak,Tidak,Ya,300000,3,12.611541086966115
Kabupaten Kediri,Putra,Ngasem,0.0,Tidak,Ya,Ya,Tidak,Ya,Ya,600000,4,13.304686600863562
Kabupaten Kediri,Putri,Pesantren,0.0,Tidak,Ya,Ya,Ya,Tidak,Ya,500000,4,13.122365377402328
Kabupaten Kediri,Putri,Kota Kediri,0.0,Tidak,Ya,Ya,Ya,Ya,Ya,600000,5,13.304686600863562
Kabupaten Kediri,Putri,Kecamatan Ngasem,0.0,Ya,Ya,Ya,Ya,Ya,Ya,1100000,6,13.910821646859095
Kabupaten Kediri,Putra,Kecamatan Mojoroto,0.0,Tidak,Ya,Ya,Tidak,Ya,Ya,650000,4,13.384729180332174
Kabupaten Kediri,Campur,Kediri,0.0,Ya,Tidak,Ya,Ya,Ya,Ya,1100000,5,13.910821646859095
Kabupaten Kediri,Putra,Mojoroto,0.0,Ya,Tidak,Ya,Tidak,Ya,Ya,1200000,4,13.997832948091215
Kabupaten Kediri,Putri,Kediri,0.0,Tidak,Tidak,Ya,Ya,Ya,Ya,300000,4,12.611541086966115
Kabupaten Kediri,Putri,Kota Kediri,0.0,Tidak,Tidak,Ya,Tidak,Ya,Ya,450000,3,13.017005083966255
Kabupaten Kediri,Putri,Mojoroto,0.0,Tidak,Ya,Ya,Tidak,Ya,Ya,550000,4,13.217675375388819
Kabupaten Kediri,Campur,Kota Kediri,0.0,Tidak,Ya,Ya,Ya,Ya,Ya,450000,5,13.017005083966255
Kabupaten Kediri,Putri,Kecamatan Pesantren,0.0,Ya,Ya,Ya,Ya,Tidak,Ya,700000,5,13.45883704259595
Kabupaten Kediri,Putri,Kecamatan Ngasem,0.0,Tidak,Tidak,Ya,Tidak,Tidak,Tidak,500000,1,13.122365377402328
Kabupaten Kediri,Putra,Kediri,0.0,Tidak,Ya,Ya,Tidak,Ya,Ya,600000,4,13.304686600863562
Kabupaten Kediri,Putri,Mojoroto,0.0,Tidak,Ya,Ya,Tidak,Ya,Ya,500000,4,13.122365377402328
Kabupaten Kediri,Putri,Kediri,0.0,Tidak,Tidak,Ya,Ya,Tidak,Ya,500000,3,13.122365377402328
Kabupaten Kediri,Putri,Kediri,0.0,Tidak,Ya,Ya,Ya,Tidak,Ya,400000,4,12.899222326086994
Kabupaten Kediri,Putri,Pesantren,0.0,Tidak,Ya,Ya,Ya,Tidak,Ya,550000,4,13.217675375388819
Kabupaten Kediri,Campur,Mojoroto,0.0,Ya,Ya,Ya,Ya,Ya,Ya,1800000,6,14.403297778421795
Kabupaten Kediri,Campur,Kecamatan Pesantren,0.0,Tidak,Ya,Ya,Ya,Ya,Ya,900000,5,13.710151153416941
Kabupaten Kediri,Putra,Mojoroto,5.0,Tidak,Ya,Ya,Tidak,Ya,Ya,375000,4,12.834683971615659
Kabupaten Kediri,Putri,Mojoroto,0.0,Tidak,Tidak,Ya,Tidak,Ya,Ya,650000,3,13.384729180332174
Kabupaten Kediri,Campur,Kecamatan Mojoroto,0.0,Ya,Ya,Ya,Ya,Ya,Ya,1300000,6,14.077875591662238
Kabupaten Kediri,Campur,Kecamatan Pesantren,0.0,Ya,Ya,Ya,Ya,Ya,Ya,1100000,6,13.910821646859095
Kabupaten Kediri,Campur,Kecamatan Pesantren,0.0,Ya,Ya,Ya,Ya,Ya,Ya,1200000,6,13.997832948091215
Kabupaten Kediri,Campur,Mojoroto,0.0,Ya,Ya,Ya,Ya,Ya,Ya,1400000,6,14.151983508870947
Kabupaten Kediri,Putra,Mojoroto,0.0,Tidak,Ya,Ya,Tidak,Tidak,Ya,380000,3,12.847929163278053
Kabupaten Kediri,Campur,Mojoroto,0.0,Ya,Tidak,Ya,Ya,Ya,Ya,850000,5,13.652992804936396
Kabupaten Kediri,Campur,Pesantren,4.8,Tidak,Ya,Ya,Tidak,Ya,Ya,600000,4,13.304686600863562
Kabupaten Kediri,Campur,Pesantren,0.0,Ya,Ya,Ya,Tidak,Ya,Ya,1200000,5,13.997832948091215
Kabupaten Kediri,Campur,Pesantren,0.0,Ya,Ya,Ya,Tidak,Ya,Ya,800000,5,13.592368256649284
Kabupaten Kediri,Putri,Kediri,0.0,Ya,Tidak,Ya,Ya,Ya,Ya,850000,5,13.652992804936396
Kabupaten Kediri,Putra,Ngadiluwih,0.0,Tidak,Ya,Ya,Tidak,Ya,Ya,550000,4,13.217675375388819
Kabupaten Kediri,Putri,Mojoroto,0.0,Tidak,Ya,Ya,Tidak,Tidak,Ya,350000,3,12.765691290604371
Kabupaten Kediri,Campur,Kecamatan Mojoroto,0.0,Ya,Ya,Ya,Ya,Ya,Ya,1450000,6,14.187074804051692
Kabupaten Kediri,Putri,Kediri,0.0,Ya,Tidak,Ya,Ya,Ya,Ya,1350000,5,14.115615891155079
Kabupaten Kediri,Campur,Mojoroto,0.0,Ya,Ya,Ya,Ya,Ya,Ya,1400000,6,14.151983508870947
Kabupaten Kediri,Putri,Kota Kediri,0.0,Tidak,Tidak,Ya,Ya,Tidak,Ya,450000,3,13.017005083966255
Kabupaten Kediri,Putri,Mojoroto,0.0,Ya,Ya,Ya,Ya,Ya,Ya,1050000,6,13.864301674514206
Kabupaten Kediri,Putri,Kediri,5.0,Ya,Tidak,Ya,Ya,Ya,Ya,1000000,5,13.815511557963774
Kabupaten Kediri,Campur,Mojoroto,0.0,Ya,Ya,Ya,Ya,Ya,Ya,1600000,6,14.285514812209815
Kabupaten Kediri,Campur,Pesantren,4.6,Tidak,Ya,Ya,Tidak,Ya,Ya,1000000,4,13.815511557963774
Kabupaten Kediri,Putri,Kediri,0.0,Ya,Tidak,Ya,Ya,Ya,Ya,1200000,5,13.997832948091215
Kabupaten Kediri,Putra,Mojoroto,0.0,Tidak,Ya,Ya,Tidak,Ya,Ya,425000,4,12.959846800844963
Kabupaten Kediri,Putra,Ngasem,0.0,Tidak,Ya,Ya,Ya,Ya,Ya,450000,5,13.017005083966255
Kabupaten Kediri,Putri,Mojoroto,0.0,Tidak,Ya,Ya,Ya,Tidak,Ya,350000,4,12.765691290604371
Kabupaten Kediri,Putra,Ngadiluwih,0.0,Tidak,Ya,Ya,Tidak,Ya,Ya,475000,4,13.07107218827772
Kabupaten Kediri,Putra,Kecamatan Mojoroto,0.0,Tidak,Ya,Ya,Ya,Tidak,Ya,350000,4,12.765691290604371
Kabupaten Kediri,Putri,Kota Kediri,0.0,Tidak,Ya,Ya,Tidak,Ya,Ya,500000,4,13.122365377402328
Kabupaten Kediri,Putri,Kecamatan Mojoroto,0.0,Ya,Tidak,Ya,Ya,Ya,Ya,1200000,5,13.997832948091215
Kabupaten Kediri,Campur,Mojoroto,0.0,Ya,Ya,Ya,Ya,Ya,Ya,650000,6,13.384729180332174
Kabupaten Kediri,Putra,Kota Kediri,0.0,Ya,Ya,Ya,Ya,Ya,Ya,1100000,6,13.910821646859095
Kabupaten Kediri,Putri,Kecamatan Mojoroto,5.0,Tidak,Ya,Ya,Tidak,Tidak,Ya,350000,3,12.765691290604371
Kabupaten Kediri,Putri,Kecamatan Kota,0.0,Tidak,Tidak,Ya,Tidak,Tidak,Ya,350000,2,12.765691290604371
Kabupaten Kediri,Putri,Mojoroto,0.0,Tidak,Ya,Ya,Ya,Tidak,Ya,450000,4,13.017005083966255
Kabupaten Kediri,Putra,Mojoroto,0.0,Ya,Tidak,Ya,Tidak,Ya,Ya,1300000,4,14.077875591662238
Kabupaten Kediri,Putri,Mojoroto,0.0,Ya,Tidak,Ya,Ya,Tidak,Ya,750000,4,13.527829818844937
Kabupaten Kediri,Putri,Mojoroto,0.0,Tidak,Ya,Ya,Ya,Tidak,Ya,450000,4,13.017005083966255
Kabupaten Kediri,Putri,Kota Kediri,0.0,Tidak,Ya,Ya,Tidak,Ya,Ya,400000,4,12.899222326086994
Kabupaten Kediri,Putra,Kecamatan Mojoroto,0.0,Tidak,Ya,Ya,Tidak,Tidak,Ya,360000,3,12.793862088206213
Kabupaten Kediri,Putra,Mojoroto,0.0,Ya,Ya,Ya,Ya,Ya,Ya,1100000,6,13.910821646859095
Kabupaten Kediri,Putra,Mojoroto,0.0,Tidak,Ya,Ya,Tidak,Tidak,Ya,450000,3,13.017005083966255
Kabupaten Kediri,Putra,Mojoroto,0.0,Tidak,Ya,Ya,Ya,Ya,Ya,500000,5,13.122365377402328
Kabupaten Kediri,Campur,Kediri,0.0,Tidak,Ya,Ya,Ya,Tidak,Ya,450000,4,13.017005083966255
Kabupaten Kediri,Putra,Kecamatan Mojoroto,0.0,Tidak,Ya,Ya,Ya,Tidak,Ya,375000,4,12.834683971615659
Kabupaten Kediri,Putri,Kota Kediri,0.0,Tidak,Ya,Ya,Ya,Tidak,Ya,400000,4,12.899222326086994
Kabupaten Kediri,Campur,Pesantren,0.0,Ya,Ya,Ya,Ya,Ya,Ya,1300000,6,14.077875591662238
Kabupaten Kediri,Putri,Kecamatan Pesantren,0.0,Ya,Ya,Ya,Ya,Ya,Ya,500000,6,13.122365377402328
Kabupaten Kediri,Putra,Mojoroto,0.0,Tidak,Tidak,Ya,Tidak,Tidak,Ya,400000,2,12.899222326086994
Kabupaten Kediri,Campur,Kota Kediri,0.0,Ya,Ya,Ya,Ya,Ya,Ya,1100000,6,13.910821646859095
Kabupaten Kediri,Putri,Mojoroto,0.0,Ya,Tidak,Ya,Ya,Tidak,Ya,700000,4,13.45883704259595
Kabupaten Kediri,Putri,Kota Kediri,0.0,Tidak,Tidak,Ya,Tidak,Ya,Ya,600000,3,13.304686600863562
Kabupaten Kediri,Putri,Kediri,0.0,Tidak,Tidak,Ya,Ya,Ya,Ya,650000,4,13.384729180332174
Kabupaten Kediri,Campur,Kecamatan Pesantren,0.0,Ya,Tidak,Ya,Ya,Ya,Ya,1100000,5,13.910821646859095
Kabupaten Kediri,Putra,Kecamatan Mojoroto,5.0,Tidak,Ya,Ya,Tidak,Tidak,Ya,360000,3,12.793862088206213
Kabupaten Kediri,Campur,Pesantren,0.0,Ya,Ya,Ya,Ya,Ya,Ya,650000,6,13.384729180332174
Kabupaten Kediri,Campur,Pesantren,0.0,Ya,Ya,Ya,Ya,Ya,Ya,1650000,6,14.316286451937186
Kabupaten Kediri,Putri,Kediri,0.0,Tidak,Ya,Ya,Tidak,Ya,Tidak,600000,3,13.304686600863562
Kabupaten Kediri,Putra,Ngadiluwih,0.0,Ya,Ya,Ya,Tidak,Ya,Ya,900000,5,13.710151153416941
Kabupaten Kediri,Putri,Mojoroto,0.0,Ya,Ya,Ya,Ya,Ya,Ya,1400000,6,14.151983508870947
Kabupaten Kediri,Putra,Mojoroto,0.0,Tidak,Ya,Ya,Ya,Tidak,Ya,500000,4,13.122365377402328
Kabupaten Kediri,Campur,Ngasem,0.0,Tidak,Ya,Ya,Tidak,Tidak,Ya,350000,3,12.765691290604371
Kabupaten Kediri,Putri,Mojoroto,0.0,Ya,Ya,Ya,Ya,Ya,Ya,1100000,6,13.910821646859095
Kabupaten Kediri,Campur,Pesantren,0.0,Ya,Tidak,Ya,Ya,Ya,Ya,1700000,5,14.346139397261565
Kabupaten Kediri,Putri,Mojoroto,0.0,Ya,Tidak,Ya,Ya,Tidak,Ya,1000000,4,13.815511557963774
Kabupaten Kediri,Putri,Kecamatan Mojoroto,0.0,Tidak,Ya,Ya,Ya,Ya,Ya,500000,5,13.122365377402328
Kabupaten Kediri,Campur,Pesantren,0.0,Ya,Ya,Ya,Ya,Ya,Ya,1500000,6,14.220976332738882
Kabupaten Kediri,Putra,Kecamatan Mojoroto,0.0,Tidak,Ya,Ya,Tidak,Ya,Ya,480000,4,13.081543466215237
Kabupaten Kediri,Putra,Kediri,0.0,Tidak,Tidak,Ya,Ya,Ya,Ya,760000,4,13.541075028051122
Kabupaten Kediri,Putri,Kota Kediri,0.0,Ya,Tidak,Ya,Tidak,Ya,Ya,800000,4,13.592368256649284
Kabupaten Kediri,Putri,Mojoroto,0.0,Ya,Tidak,Ya,Ya,Tidak,Ya,1000000,4,13.815511557963774
Kabupaten Kediri,Putra,Ngadiluwih,0.0,Tidak,Ya,Ya,Tidak,Tidak,Ya,350000,3,12.765691290604371
Kabupaten Kediri,Campur,Pesantren,0.0,Ya,Ya,Ya,Ya,Ya,Ya,1300000,6,14.077875591662238
Kabupaten Kediri,Putri,Mojoroto,0.0,Tidak,Ya,Ya,Ya,Ya,Ya,550000,5,13.217675375388819
Kabupaten Kediri,Putra,Kecamatan Mojoroto,0.0,Tidak,Ya,Tidak,Tidak,Tidak,Tidak,400000,1,12.899222326086994
Kabupaten Kediri,Campur,Kecamatan Pesantren,0.0,Tidak,Ya,Ya,Ya,Ya,Tidak,750000,4,13.527829818844937
Kabupaten Kediri,Putri,Mojoroto,0.0,Tidak,Ya,Ya,Tidak,Ya,Ya,400000,4,12.899222326086994
Kabupaten Kediri,Campur,Mojoroto,4.4,Tidak,Ya,Ya,Ya,Ya,Ya,650000,5,13.384729180332174
Kabupaten Kediri,Putri,Pesantren,0.0,Tidak,Ya,Tidak,Tidak,Ya,Ya,1000000,3,13.815511557963774
Kabupaten Kediri,Campur,Kediri,0.0,Ya,Tidak,Ya,Ya,Ya,Ya,900000,5,13.710151153416941
Kabupaten Kediri,Campur,Mojoroto,0.0,Ya,Tidak,Ya,Ya,Ya,Ya,1250000,5,14.038654909278163
Kabupaten Kediri,Putri,Kecamatan Pesantren,0.0,Ya,Ya,Ya,Ya,Ya,Ya,1200000,6,13.997832948091215
Kabupaten Kediri,Campur,Mojoroto,0.0,Ya,Tidak,Ya,Ya,Tidak,Ya,1250000,4,14.038654909278163
Kabupaten Kediri,Putri,Mojoroto,0.0,Tidak,Tidak,Ya,Tidak,Ya,Ya,750000,3,13.527829818844937
Kabupaten Kediri,Putra,Kecamatan Kota,4.9,Tidak,Ya,Ya,Tidak,Ya,Tidak,400000,3,12.899222326086994
Kabupaten Kediri,Campur,Pesantren,5.0,Ya,Ya,Ya,Tidak,Tidak,Tidak,1500000,3,14.220976332738882
Kabupaten Kediri,Putra,Mojoroto,4.9,Tidak,Ya,Ya,Tidak,Ya,Tidak,400000,3,12.899222326086994
Kabupaten Kediri,Putri,Mojoroto,0.0,Tidak,Ya,Ya,Ya,Tidak,Ya,400000,4,12.899222326086994
Kabupaten Kediri,Putra,Kota Kediri,0.0,Ya,Ya,Ya,Ya,Ya,Ya,1000000,6,13.815511557963774
Kabupaten Kediri,Putri,Mojoroto,0.0,Tidak,Tidak,Ya,Tidak,Ya,Ya,400000,3,12.899222326086994
Kabupaten Kediri,Putri,Mojoroto,5.0,Tidak,Ya,Ya,Tidak,Tidak,Ya,600000,3,13.304686600863562
Kabupaten Kediri,Putra,Kota Kediri,0.0,Tidak,Tidak,Ya,Tidak,Ya,Ya,500000,3,13.122365377402328
Kabupaten Kediri,Putri,Mojoroto,4.0,Ya,Ya,Ya,Ya,Tidak,Ya,1200000,5,13.997832948091215
Kabupaten Kediri,Putri,Mojoroto,0.0,Tidak,Ya,Ya,Tidak,Ya,Ya,500000,4,13.122365377402328
Kabupaten Kediri,Campur,Pesantren,0.0,Ya,Ya,Ya,Ya,Ya,Ya,1300000,6,14.077875591662238
Kabupaten Kediri,Putri,Mojoroto,0.0,Tidak,Ya,Ya,Tidak,Tidak,Ya,450000,3,13.017005083966255
Kabupaten Kediri,Putri,Kecamatan Mojoroto,0.0,Tidak,Ya,Ya,Ya,Ya,Ya,550000,5,13.217675375388819
Kabupaten Kediri,Putri,Kota Kediri,0.0,Tidak,Tidak,Ya,Tidak,Tidak,Ya,400000,2,12.899222326086994
Kabupaten Kediri,Putri,Kecamatan Mojoroto,0.0,Ya,Ya,Ya,Ya,Ya,Ya,1500000,6,14.220976332738882
Kabupaten Kediri,Putra,Mojoroto,0.0,Tidak,Ya,Ya,Tidak,Ya,Ya,550000,4,13.217675375388819
Kabupaten Kediri,Campur,Kecamatan Pesantren,0.0,Ya,Ya,Ya,Ya,Ya,Ya,800000,6,13.592368256649284
Kabupaten Kediri,Putri,Mojoroto,0.0,Tidak,Tidak,Ya,Ya,Tidak,Ya,500000,3,13.122365377402328
Kabupaten Kediri,Putri,Mojoroto,0.0,Tidak,Ya,Ya,Ya,Ya,Ya,580000,5,13.270785106659046
Kabupaten Kediri,Putri,Mojoroto,0.0,Tidak,Tidak,Ya,Tidak,Tidak,Ya,500000,2,13.122365377402328
Kabupaten Kediri,Putri,Kecamatan Mojoroto,0.0,Tidak,Tidak,Ya,Tidak,Ya,Ya,500000,3,13.122365377402328
Kabupaten Kediri,Putri,Mojoroto,0.0,Tidak,Ya,Ya,Tidak,Tidak,Ya,550000,3,13.217675375388819
Kabupaten Kediri,Putri,Kecamatan Pesantren,0.0,Ya,Tidak,Ya,Ya,Ya,Ya,1200000,5,13.997832948091215
Kabupaten Kediri,Putri,Mojoroto,0.0,Tidak,Tidak,Ya,Tidak,Ya,Ya,700000,3,13.45883704259595
Kabupaten Kediri,Putri,Kecamatan Mojoroto,0.0,Tidak,Ya,Tidak,Tidak,Ya,Tidak,550000,2,13.217675375388819
Kabupaten Kediri,Putri,Mojoroto,0.0,Tidak,Tidak,Ya,Tidak,Ya,Ya,550000,3,13.217675375388819
Kabupaten Kediri,Campur,Mojoroto,0.0,Tidak,Ya,Ya,Tidak,Ya,Ya,500000,4,13.122365377402328
Kabupaten Kediri,Campur,Kota Kediri,0.0,Tidak,Ya,Ya,Ya,Ya,Ya,550000,5,13.217675375388819
Kabupaten Kediri,Campur,Kecamatan Mojoroto,0.0,Tidak,Ya,Ya,Tidak,Tidak,Ya,400000,3,12.899222326086994
Kabupaten Kediri,Putri,Mojoroto,0.0,Ya,Tidak,Ya,Ya,Ya,Ya,900000,5,13.710151153416941
Kabupaten Kediri,Putri,Mojoroto,0.0,Ya,Tidak,Ya,Tidak,Ya,Ya,1000000,4,13.815511557963774
Kabupaten Kediri,Putri,Mojoroto,0.0,Tidak,Tidak,Ya,Tidak,Tidak,Ya,375000,2,12.834683971615659
Kabupaten Kediri,Putri,Kecamatan Pesantren,0.0,Ya,Tidak,Ya,Ya,Ya,Ya,1800000,5,14.403297778421795
Kabupaten Kediri,Putra,Kota Kediri,4.9,Tidak,Ya,Ya,Ya,Ya,Ya,600000,5,13.304686600863562
Kabupaten Kediri,Putra,Mojoroto,0.0,Tidak,Ya,Ya,Tidak,Tidak,Tidak,450000,2,13.017005083966255
Kabupaten Kediri,Putri,Mojoroto,0.0,Tidak,Ya,Ya,Ya,Tidak,Ya,400000,4,12.899222326086994
Kabupaten Kediri,Putra,Mojoroto,0.0,Tidak,Ya,Ya,Tidak,Ya,Ya,500000,4,13.122365377402328
Kabupaten Kediri,Putri,Kecamatan Mojoroto,0.0,Tidak,Ya,Ya,Tidak,Tidak,Ya,575000,3,13.26212705890841
Kabupaten Kediri,Putra,Kecamatan Mojoroto,0.0,Tidak,Ya,Ya,Tidak,Ya,Ya,450000,4,13.017005083966255
Kabupaten Kediri,Campur,Ngasem,0.0,Ya,Ya,Ya,Ya,Ya,Ya,1200000,6,13.997832948091215
Kabupaten Kediri,Campur,Mojoroto,0.0,Tidak,Ya,Ya,Tidak,Ya,Ya,480000,4,13.081543466215237
Kabupaten Kediri,Campur,Kota Kediri,4.3,Ya,Ya,Ya,Ya,Ya,Ya,1700000,6,14.346139397261565
Kabupaten Kediri,Putra,Mojoroto,5.0,Tidak,Ya,Ya,Tidak,Tidak,Tidak,400000,2,12.899222326086994
Kabupaten Kediri,Putra,Mojoroto,0.0,Ya,Ya,Ya,Ya,Ya,Ya,850000,6,13.652992804936396
Kabupaten Kediri,Putra,Mojoroto,0.0,Tidak,Ya,Ya,Tidak,Ya,Tidak,650000,3,13.384729180332174
Kabupaten Kediri,Putri,Kecamatan Mojoroto,0.0,Tidak,Tidak,Ya,Ya,Tidak,Ya,400000,3,12.899222326086994
Kabupaten Kediri,Putra,Mojoroto,0.0,Tidak,Ya,Ya,Tidak,Ya,Ya,500000,4,13.122365377402328
Kabupaten Kediri,Putra,Kota Kediri,0.0,Tidak,Ya,Ya,Ya,Ya,Ya,800000,5,13.592368256649284
Kabupaten Kediri,Putri,Mojoroto,0.0,Tidak,Tidak,Ya,Tidak,Ya,Ya,650000,3,13.384729180332174
Kabupaten Kediri,Putri,Mojoroto,0.0,Tidak,Tidak,Ya,Tidak,Tidak,Ya,350000,2,12.765691290604371
Kabupaten Kediri,Putra,Kecamatan Mojoroto,0.0,Tidak,Ya,Ya,Tidak,Tidak,Ya,400000,3,12.899222326086994
Kabupaten Kediri,Putra,Kecamatan Mojoroto,0.0,Tidak,Ya,Ya,Tidak,Ya,Ya,500000,4,13.122365377402328
Kabupaten Kediri,Campur,Mojoroto,0.0,Tidak,Tidak,Ya,Ya,Ya,Ya,520000,4,13.161586013632684
Kabupaten Kediri,Putri,Kediri,0.0,Tidak,Tidak,Ya,Tidak,Tidak,Ya,500000,2,13.122365377402328
Kabupaten Kediri,Putra,Kecamatan Mojoroto,0.0,Tidak,Ya,Ya,Tidak,Ya,Ya,550000,4,13.217675375388819
Kabupaten Kediri,Putri,Mojoroto,0.0,Tidak,Ya,Ya,Tidak,Ya,Ya,500000,4,13.122365377402328
Kabupaten Kediri,Putra,Kecamatan Ngasem,0.0,Ya,Ya,Ya,Ya,Ya,Ya,1100000,6,13.910821646859095
Kabupaten Kediri,Putri,Pesantren,0.0,Ya,Ya,Ya,Ya,Ya,Ya,500000,6,13.122365377402328
Kabupaten Kediri,Putri,Kecamatan Mojoroto,0.0,Tidak,Ya,Ya,Tidak,Tidak,Ya,350000,3,12.765691290604371
Kabupaten Kediri,Putri,Mojoroto,0.0,Tidak,Tidak,Ya,Tidak,Tidak,Ya,500000,2,13.122365377402328
Kabupaten Kediri,Putri,Mojoroto,0.0,Tidak,Ya,Ya,Ya,Ya,Ya,650000,5,13.384729180332174
Kabupaten Kediri,Putra,Kecamatan Mojoroto,0.0,Tidak,Tidak,Ya,Tidak,Ya,Ya,365000,3,12.807655372286902
Kabupaten Kediri,Campur,Kediri,0.0,Tidak,Tidak,Ya,Tidak,Ya,Ya,500000,3,13.122365377402328
Kabupaten Kediri,Putri,Mojoroto,0.0,Tidak,Ya,Ya,Tidak,Ya,Ya,400000,4,12.899222326086994
Kabupaten Kediri,Putri,Mojoroto,0.0,Tidak,Ya,Ya,Ya,Tidak,Ya,400000,4,12.899222326086994
Kabupaten Kediri,Putri,Mojoroto,0.0,Tidak,Ya,Ya,Ya,Tidak,Ya,400000,4,12.899222326086994
Kabupaten Kediri,Putra,Kecamatan Mojoroto,0.0,Tidak,Ya,Ya,Tidak,Tidak,Ya,550000,3,13.217675375388819
Kabupaten Kediri,Putri,Pesantren,0.0,Ya,Ya,Ya,Ya,Ya,Ya,1200000,6,13.997832948091215
Kabupaten Kediri,Putra,Kecamatan Mojoroto,0.0,Tidak,Ya,Ya,Tidak,Ya,Ya,600000,4,13.304686600863562
Kabupaten Kediri,Putra,Mojoroto,0.0,Tidak,Tidak,Ya,Tidak,Tidak,Ya,400000,2,12.899222326086994
Kabupaten Kediri,Campur,Kota Kediri,0.0,Tidak,Ya,Ya,Ya,Ya,Ya,500000,5,13.122365377402328
Kabupaten Kediri,Putri,Mojoroto,0.0,Tidak,Tidak,Ya,Tidak,Ya,Ya,600000,3,13.304686600863562
Kabupaten Kediri,Putri,Kota Kediri,0.0,Tidak,Ya,Ya,Ya,Tidak,Ya,550000,4,13.217675375388819
Kabupaten Kediri,Campur,Pesantren,0.0,Tidak,Tidak,Ya,Ya,Ya,Ya,450000,4,13.017005083966255
Kabupaten Kediri,Campur,Kediri,0.0,Ya,Tidak,Ya,Ya,Ya,Ya,1200000,5,13.997832948091215
Kabupaten Kediri,Putri,Kecamatan Mojoroto,0.0,Tidak,Tidak,Ya,Tidak,Ya,Ya,650000,3,13.384729180332174
Kabupaten Kediri,Putra,Kecamatan Mojoroto,0.0,Tidak,Tidak,Ya,Tidak,Ya,Ya,550000,3,13.217675375388819
Kabupaten Kediri,Campur,Mojoroto,0.0,Tidak,Ya,Ya,Tidak,Ya,Ya,550000,4,13.217675375388819
Kabupaten Kediri,Campur,Mojoroto,0.0,Ya,Ya,Ya,Ya,Ya,Ya,1400000,6,14.151983508870947
Kabupaten Kediri,Putri,Mojoroto,0.0,Tidak,Tidak,Ya,Tidak,Ya,Ya,600000,3,13.304686600863562
Kabupaten Kediri,Putri,Mojoroto,0.0,Ya,Ya,Ya,Ya,Ya,Ya,1300000,6,14.077875591662238
Kabupaten Kediri,Putri,Mojoroto,0.0,Tidak,Ya,Ya,Tidak,Ya,Ya,375000,4,12.834683971615659
Kabupaten Kediri,Putri,Kota Kediri,0.0,Tidak,Ya,Ya,Ya,Ya,Ya,650000,5,13.384729180332174
Kabupaten Kediri,Campur,Kecamatan Pesantren,0.0,Tidak,Ya,Ya,Tidak,Ya,Ya,500000,4,13.122365377402328
Kabupaten Kediri,Putri,Kediri,0.0,Tidak,Tidak,Ya,Tidak,Tidak,Ya,500000,2,13.122365377402328
Kabupaten Kediri,Campur,Mojoroto,0.0,Tidak,Tidak,Ya,Tidak,Ya,Ya,1200000,3,13.997832948091215
Kabupaten Kediri,Putri,Mojoroto,0.0,Tidak,Tidak,Ya,Tidak,Ya,Ya,500000,3,13.122365377402328
Kabupaten Kediri,Putri,Kecamatan Mojoroto,0.0,Tidak,Ya,Ya,Ya,Ya,Ya,550000,5,13.217675375388819
Kabupaten Kediri,Putri,Mojoroto,0.0,Tidak,Tidak,Ya,Tidak,Ya,Ya,600000,3,13.304686600863562
Kabupaten Kediri,Putri,Mojoroto,0.0,Tidak,Ya,Ya,Tidak,Ya,Ya,600000,4,13.304686600863562
Kabupaten Kediri,Campur,Kecamatan Ngasem,0.0,Ya,Tidak,Ya,Ya,Ya,Ya,1500000,5,14.220976332738882
Kabupaten Kediri,Putri,Kecamatan Mojoroto,0.0,Tidak,Ya,Ya,Ya,Tidak,Ya,600000,4,13.304686600863562
Kabupaten Kediri,Putra,Mojoroto,0.0,Tidak,Ya,Ya,Tidak,Ya,Tidak,300000,3,12.611541086966115
Kabupaten Kediri,Putri,Mojoroto,0.0,Tidak,Tidak,Ya,Ya,Ya,Ya,700000,4,13.45883704259595
Kabupaten Kediri,Putri,Kecamatan Ngasem,0.0,Tidak,Tidak,Ya,Ya,Tidak,Ya,430000,3,12.971542813248437
Kabupaten Kediri,Campur,Mojoroto,0.0,Tidak,Ya,Ya,Tidak,Tidak,Tidak,900000,2,13.710151153416941
Kabupaten Kediri,Putri,Mojoroto,0.0,Tidak,Tidak,Ya,Tidak,Ya,Ya,600000,3,13.304686600863562
Kabupaten Kediri,Putri,Banyakan,0.0,Tidak,Tidak,Ya,Ya,Tidak,Tidak,600000,2,13.304686600863562
Kabupaten Kediri,Putri,Kecamatan Pesantren,0.0,Tidak,Ya,Ya,Ya,Ya,Tidak,750000,4,13.527829818844937
Kabupaten Kediri,Putra,Mojoroto,0.0,Tidak,Ya,Ya,Tidak,Ya,Ya,630000,4,13.353476685668044
Kabupaten Kediri,Campur,Mojoroto,0.0,Tidak,Ya,Ya,Ya,Ya,Tidak,400000,4,12.899222326086994
Kabupaten Kediri,Putri,Mojoroto,0.0,Tidak,Tidak,Ya,Tidak,Tidak,Ya,450000,2,13.017005083966255
Kabupaten Kediri,Putra,Mojoroto,0.0,Tidak,Tidak,Ya,Ya,Ya,Ya,400000,4,12.899222326086994
Kabupaten Kediri,Putri,Mojoroto,0.0,Ya,Ya,Ya,Ya,Tidak,Ya,1100000,5,13.910821646859095
Kabupaten Kediri,Putri,Kecamatan Mojoroto,0.0,Tidak,Tidak,Ya,Tidak,Ya,Ya,450000,3,13.017005083966255
Kabupaten Kediri,Putri,Mojoroto,0.0,Tidak,Tidak,Ya,Tidak,Ya,Ya,625000,3,13.345508528717259
Kabupaten Kediri,Campur,Mojoroto,0.0,Ya,Ya,Ya,Ya,Ya,Ya,1250000,6,14.038654909278163
Kabupaten Kediri,Campur,Kota Kediri,0.0,Tidak,Tidak,Ya,Ya,Tidak,Ya,550000,3,13.217675375388819
Kabupaten Kediri,Campur,Mojoroto,4.1,Tidak,Ya,Ya,Tidak,Tidak,Tidak,449900,2,13.016782837542953
Kabupaten Kediri,Putra,Kecamatan Mojoroto,0.0,Tidak,Ya,Ya,Tidak,Tidak,Ya,450000,3,13.017005083966255
Kabupaten Kediri,Putri,Kecamatan Mojoroto,0.0,Tidak,Ya,Ya,Tidak,Ya,Tidak,600000,3,13.304686600863562
Kabupaten Kediri,Putri,Kecamatan Mojoroto,0.0,Tidak,Tidak,Ya,Ya,Tidak,Ya,425000,3,12.959846800844963
Kabupaten Kediri,Putri,Kota Kediri,0.0,Tidak,Tidak,Ya,Tidak,Tidak,Tidak,425000,1,12.959846800844963
Kabupaten Kediri,Campur,Mojoroto,0.0,Tidak,Ya,Ya,Tidak,Ya,Tidak,500000,3,13.122365377402328
Kabupaten Kediri,Campur,Mojoroto,0.0,Ya,Tidak,Ya,Ya,Ya,Tidak,950000,4,13.76421831620775
Kabupaten Kediri,Putri,Mojoroto,0.0,Ya,Tidak,Ya,Ya,Ya,Ya,1000000,5,13.815511557963774
Kabupaten Kediri,Putra,Ngasem,0.0,Ya,Ya,Ya,Ya,Ya,Ya,1150000,6,13.955273369904273
Kabupaten Kediri,Putra,Kota Kediri,0.0,Tidak,Ya,Ya,Ya,Tidak,Ya,500000,4,13.122365377402328
Kabupaten Kediri,Campur,Kota Kediri,0.0,Tidak,Ya,Ya,Tidak,Tidak,Ya,450000,3,13.017005083966255
Kabupaten Kediri,Campur,Pesantren,0.0,Tidak,Ya,Ya,Tidak,Tidak,Tidak,1500000,2,14.220976332738882
Kabupaten Kediri,Campur,Pesantren,0.0,Tidak,Ya,Ya,Tidak,Ya,Ya,500000,4,13.122365377402328
Kabupaten Lamongan,Putri,Lamongan,0.0,Tidak,Tidak,Ya,Tidak,Tidak,Ya,445000,2,13.005831808336863
Kabupaten Lamongan,Campur,Lamongan,0.0,Ya,Ya,Ya,Ya,Ya,Ya,1350000,6,14.115615891155079
Kabupaten Lamongan,Campur,Lamongan,0.0,Ya,Ya,Ya,Ya,Ya,Ya,1400000,6,14.151983508870947
Kabupaten Lamongan,Campur,Lamongan,0.0,Ya,Ya,Ya,Ya,Ya,Ya,1500000,6,14.220976332738882
Kabupaten Lamongan,Campur,Lamongan,0.0,Ya,Ya,Ya,Ya,Ya,Ya,1200000,6,13.997832948091215
Kabupaten Lamongan,Putra,Kecamatan Lamongan,0.0,Tidak,Ya,Ya,Ya,Tidak,Ya,800000,4,13.592368256649284
Kabupaten Lamongan,Putra,Lamongan,0.0,Tidak,Ya,Ya,Ya,Tidak,Ya,400000,4,12.899222326086994
Kabupaten Lamongan,Putra,Lamongan,0.0,Ya,Ya,Ya,Ya,Ya,Ya,1400000,6,14.151983508870947
Kabupaten Lamongan,Campur,Kecamatan Lamongan,0.0,Tidak,Ya,Tidak,Ya,Ya,Tidak,1350000,3,14.115615891155079
Kabupaten Lamongan,Putra,Lamongan,0.0,Ya,Tidak,Ya,Tidak,Ya,Ya,1100000,4,13.910821646859095
Kabupaten Lamongan,Putra,Lamongan,0.0,Ya,Ya,Ya,Ya,Ya,Ya,900000,6,13.710151153416941
Kabupaten Lamongan,Putra,Lamongan,0.0,Ya,Ya,Ya,Ya,Ya,Ya,1000000,6,13.815511557963774
Kabupaten Lamongan,Putri,Kecamatan Lamongan,0.0,Ya,Ya,Ya,Tidak,Ya,Tidak,1200000,4,13.997832948091215
Kabupaten Lamongan,Putri,Kecamatan Lamongan,0.0,Ya,Ya,Ya,Tidak,Ya,Tidak,1000000,4,13.815511557963774
Kabupaten Lamongan,Putri,Deket,0.0,Tidak,Ya,Ya,Ya,Tidak,Ya,450000,4,13.017005083966255
Kabupaten Lamongan,Putra,Lamongan,0.0,Ya,Ya,Ya,Ya,Ya,Ya,950000,6,13.76421831620775
Kabupaten Lamongan,Putri,Deket,0.0,Tidak,Ya,Ya,Ya,Tidak,Ya,450000,4,13.017005083966255
Kabupaten Lamongan,Putra,Kecamatan Lamongan,0.0,Tidak,Tidak,Ya,Ya,Ya,Ya,750000,4,13.527829818844937
Kabupaten Lamongan,Putri,Deket,0.0,Tidak,Ya,Ya,Ya,Tidak,Ya,500000,4,13.122365377402328
Kabupaten Lamongan,Putra,Lamongan,5.0,Tidak,Tidak,Ya,Tidak,Tidak,Ya,700000,2,13.45883704259595
Kabupaten Lamongan,Campur,Kecamatan Lamongan,0.0,Ya,Ya,Ya,Ya,Ya,Ya,550000,6,13.217675375388819
Kabupaten Lamongan,Putri,Kecamatan Lamongan,0.0,Ya,Ya,Ya,Ya,Tidak,Ya,1150000,5,13.955273369904273
Kabupaten Lamongan,Putri,Kecamatan Lamongan,0.0,Tidak,Tidak,Ya,Tidak,Tidak,Ya,450000,2,13.017005083966255
Kabupaten Lamongan,Putri,Kecamatan Lamongan,0.0,Ya,Tidak,Ya,Ya,Tidak,Tidak,1000000,3,13.815511557963774
Kabupaten Lamongan,Putri,Lamongan,0.0,Ya,Ya,Ya,Ya,Tidak,Ya,1200000,5,13.997832948091215
Kabupaten Lamongan,Campur,Karang Geneng,0.0,Ya,Tidak,Ya,Ya,Ya,Ya,800000,5,13.592368256649284
Kabupaten Lamongan,Putri,Kecamatan Lamongan,0.0,Tidak,Tidak,Ya,Tidak,Ya,Tidak,400000,2,12.899222326086994
Kabupaten Lamongan,Putri,Kecamatan Lamongan,0.0,Ya,Tidak,Ya,Ya,Tidak,Ya,1000000,4,13.815511557963774
Kabupaten Lamongan,Putra,Lamongan,0.0,Tidak,Ya,Ya,Tidak,Ya,Ya,400000,4,12.899222326086994
Kabupaten Lamongan,Putra,Lamongan,0.0,Tidak,Ya,Ya,Tidak,Ya,Ya,300000,4,12.611541086966115
Kabupaten Lamongan,Campur,Lamongan,0.0,Tidak,Ya,Ya,Tidak,Ya,Ya,700000,4,13.45883704259595
Kabupaten Lamongan,Putri,Kecamatan Tikung,0.0,Tidak,Ya,Ya,Tidak,Ya,Tidak,550000,3,13.217675375388819
Kabupaten Lamongan,Putra,Deket,5.0,Ya,Tidak,Ya,Tidak,Ya,Ya,550000,4,13.217675375388819
Kabupaten Lamongan,Campur,Lamongan,4.6,Ya,Tidak,Ya,Ya,Ya,Ya,1100000,5,13.910821646859095
Kabupaten Lamongan,Putri,Kecamatan Lamongan,0.0,Tidak,Ya,Ya,Tidak,Tidak,Ya,650000,3,13.384729180332174
Kabupaten Lamongan,Putri,Sekaran,0.0,Tidak,Ya,Ya,Tidak,Tidak,Ya,400000,3,12.899222326086994
Kabupaten Lamongan,Putra,Lamongan,0.0,Tidak,Ya,Ya,Tidak,Tidak,Tidak,400000,2,12.899222326086994
Kabupaten Lamongan,Putra,Lamongan,0.0,Tidak,Ya,Ya,Tidak,Ya,Ya,350000,4,12.765691290604371
Kabupaten Lamongan,Putri,Lamongan,0.0,Tidak,Tidak,Ya,Tidak,Ya,Tidak,600000,2,13.304686600863562
Kabupaten Lamongan,Putri,Kecamatan Lamongan,0.0,Tidak,Tidak,Ya,Tidak,Tidak,Ya,700000,2,13.45883704259595
Kabupaten Lamongan,Putri,Lamongan,0.0,Tidak,Tidak,Ya,Tidak,Tidak,Ya,500000,2,13.122365377402328
Kabupaten Lamongan,Campur,Kecamatan Lamongan,0.0,Ya,Tidak,Ya,Ya,Tidak,Tidak,1700000,3,14.346139397261565
Kabupaten Lamongan,Putra,Kecamatan Lamongan,0.0,Tidak,Ya,Ya,Ya,Ya,Ya,600000,5,13.304686600863562
Kabupaten Lamongan,Putri,Lamongan,0.0,Tidak,Tidak,Ya,Tidak,Tidak,Tidak,850000,1,13.652992804936396
Kabupaten Lamongan,Putri,Kecamatan Lamongan,0.0,Tidak,Ya,Ya,Tidak,Tidak,Tidak,850000,2,13.652992804936396
Kabupaten Lamongan,Putri,Kecamatan Lamongan,0.0,Tidak,Ya,Ya,Ya,Tidak,Ya,900000,4,13.710151153416941
Kabupaten Lamongan,Putri,Lamongan,0.0,Ya,Tidak,Ya,Tidak,Ya,Ya,1000000,4,13.815511557963774
Kabupaten Lamongan,Putri,Lamongan,0.0,Tidak,Tidak,Ya,Tidak,Tidak,Ya,550000,2,13.217675375388819
Kabupaten Lamongan,Putra,Lamongan,0.0,Tidak,Tidak,Ya,Tidak,Tidak,Ya,500000,2,13.122365377402328
Kabupaten Lamongan,Campur,Kecamatan Sukodadi,0.0,Tidak,Ya,Ya,Ya,Ya,Ya,700000,5,13.45883704259595
Kabupaten Lamongan,Putri,Kecamatan Lamongan,0.0,Tidak,Ya,Ya,Ya,Tidak,Ya,600000,4,13.304686600863562
Kabupaten Lamongan,Putri,Lamongan,0.0,Ya,Tidak,Ya,Ya,Tidak,Ya,1000000,4,13.815511557963774
Kabupaten Lamongan,Putri,Lamongan,0.0,Tidak,Tidak,Ya,Tidak,Tidak,Ya,650000,2,13.384729180332174
Kabupaten Lamongan,Campur,Kecamatan Sukodadi,0.0,Tidak,Tidak,Ya,Tidak,Tidak,Tidak,500000,1,13.122365377402328
Kabupaten Lamongan,Putri,Lamongan,0.0,Ya,Tidak,Ya,Ya,Ya,Ya,1100000,5,13.910821646859095
Kabupaten Lamongan,Campur,Sukodadi,0.0,Tidak,Ya,Ya,Ya,Ya,Ya,500000,5,13.122365377402328
Kabupaten Lamongan,Putri,Kecamatan Lamongan,0.0,Ya,Ya,Ya,Tidak,Tidak,Tidak,1000000,3,13.815511557963774
Kabupaten Lamongan,Putri,Lamongan,0.0,Tidak,Tidak,Ya,Ya,Tidak,Tidak,1000000,2,13.815511557963774
Kabupaten Lamongan,Putri,Lamongan,0.0,Tidak,Tidak,Ya,Tidak,Tidak,Ya,450000,2,13.017005083966255
Kabupaten Lamongan,Putra,Lamongan,0.0,Tidak,Ya,Ya,Ya,Ya,Tidak,700000,4,13.45883704259595
Kabupaten Lamongan,Putri,Lamongan,0.0,Tidak,Tidak,Ya,Tidak,Ya,Ya,850000,3,13.652992804936396
Kabupaten Lamongan,Putra,Kecamatan Lamongan,0.0,Tidak,Tidak,Ya,Ya,Tidak,Ya,300000,3,12.611541086966115
Kabupaten Lamongan,Putri,Kecamatan Lamongan,0.0,Tidak,Ya,Ya,Tidak,Tidak,Tidak,700000,2,13.45883704259595
Kabupaten Lamongan,Putra,Lamongan,0.0,Tidak,Tidak,Ya,Tidak,Ya,Tidak,1000000,2,13.815511557963774
Kabupaten Lamongan,Putri,Kecamatan Sugio,0.0,Tidak,Tidak,Ya,Ya,Tidak,Tidak,400000,2,12.899222326086994
Kabupaten Lamongan,Putri,Lamongan,0.0,Tidak,Ya,Ya,Ya,Tidak,Ya,550000,4,13.217675375388819
Kabupaten Lamongan,Putra,Kecamatan Lamongan,0.0,Tidak,Ya,Ya,Tidak,Tidak,Tidak,450000,2,13.017005083966255
Kabupaten Lamongan,Campur,Kecamatan Lamongan,0.0,Tidak,Tidak,Ya,Tidak,Tidak,Ya,600000,2,13.304686600863562
Kabupaten Lamongan,Campur,Kecamatan Lamongan,0.0,Tidak,Ya,Ya,Tidak,Ya,Tidak,600000,3,13.304686600863562
Kabupaten Lamongan,Campur,Lamongan,3.9,Ya,Tidak,Ya,Ya,Ya,Ya,1000000,5,13.815511557963774
Kabupaten Lamongan,Campur,Lamongan,0.0,Ya,Tidak,Ya,Ya,Ya,Ya,800000,5,13.592368256649284
Kabupaten Lamongan,Putri,Kecamatan Lamongan,0.0,Tidak,Tidak,Ya,Tidak,Tidak,Ya,600000,2,13.304686600863562
Kabupaten Lamongan,Putri,Kecamatan Lamongan,0.0,Ya,Ya,Ya,Ya,Ya,Ya,1150000,6,13.955273369904273
Kabupaten Lamongan,Putra,Lamongan,0.0,Tidak,Ya,Ya,Ya,Tidak,Ya,450000,4,13.017005083966255
Kabupaten Lamongan,Putra,Kecamatan Lamongan,0.0,Tidak,Ya,Ya,Ya,Tidak,Ya,550000,4,13.217675375388819
Kabupaten Lamongan,Campur,Lamongan,0.0,Tidak,Tidak,Ya,Tidak,Tidak,Ya,500000,2,13.122365377402328
Kabupaten Lamongan,Putri,Lamongan,0.0,Tidak,Tidak,Ya,Ya,Tidak,Ya,550000,3,13.217675375388819
Kabupaten Lamongan,Putri,Lamongan,0.0,Ya,Ya,Ya,Ya,Ya,Ya,500000,6,13.122365377402328
Kabupaten Lamongan,Campur,Kecamatan Pucuk,0.0,Tidak,Tidak,Ya,Tidak,Tidak,Tidak,400000,1,12.899222326086994
Kabupaten Lamongan,Putri,Lamongan,0.0,Ya,Ya,Ya,Tidak,Ya,Ya,600000,5,13.304686600863562
Kabupaten Lamongan,Campur,Lamongan,0.0,Tidak,Ya,Ya,Tidak,Ya,Ya,550000,4,13.217675375388819
Kabupaten Lamongan,Putra,Lamongan,0.0,Tidak,Ya,Ya,Tidak,Tidak,Ya,380000,3,12.847929163278053
Kabupaten Lamongan,Campur,Kecamatan Lamongan,0.0,Tidak,Ya,Ya,Tidak,Ya,Tidak,600000,3,13.304686600863562
Kabupaten Lamongan,Putra,Kecamatan Lamongan,0.0,Tidak,Ya,Ya,Tidak,Ya,Ya,600000,4,13.304686600863562
Kabupaten Lamongan,Putra,Kecamatan Lamongan,0.0,Tidak,Ya,Ya,Tidak,Tidak,Tidak,400000,2,12.899222326086994
Kabupaten Lamongan,Putri,Kecamatan Tikung,0.0,Tidak,Ya,Ya,Tidak,Ya,Tidak,500000,3,13.122365377402328
Kabupaten Lamongan,Putri,Kecamatan Lamongan,0.0,Ya,Tidak,Ya,Ya,Tidak,Ya,800000,4,13.592368256649284
Kabupaten Lamongan,Putri,Kecamatan Deket,0.0,Tidak,Ya,Ya,Tidak,Tidak,Ya,500000,3,13.122365377402328
Kabupaten Lamongan,Putri,Kecamatan Lamongan,0.0,Tidak,Tidak,Ya,Ya,Tidak,Tidak,450000,2,13.017005083966255
Kabupaten Lamongan,Putri,Kecamatan Lamongan,0.0,Tidak,Ya,Ya,Ya,Tidak,Ya,400000,4,12.899222326086994
Kabupaten Lamongan,Putri,Lamongan,0.0,Ya,Tidak,Ya,Ya,Ya,Tidak,900000,4,13.710151153416941
Kabupaten Lamongan,Putri,Kecamatan Lamongan,0.0,Ya,Ya,Ya,Ya,Ya,Ya,1100000,6,13.910821646859095
Kabupaten Lamongan,Putri,Lamongan,5.0,Ya,Ya,Ya,Ya,Ya,Ya,900000,6,13.710151153416941
Kabupaten Lamongan,Campur,Kecamatan Lamongan,0.0,Ya,Ya,Ya,Ya,Ya,Ya,1000000,6,13.815511557963774
Kabupaten Lamongan,Campur,Kecamatan Lamongan,0.0,Tidak,Ya,Ya,Tidak,Ya,Tidak,600000,3,13.304686600863562
Kabupaten Lamongan,Putra,Lamongan,0.0,Ya,Ya,Ya,Ya,Ya,Ya,800000,6,13.592368256649284
Kabupaten Lamongan,Campur,Lamongan,0.0,Ya,Ya,Ya,Ya,Ya,Ya,1100000,6,13.910821646859095
Kabupaten Lamongan,Putri,Kecamatan Lamongan,5.0,Tidak,Ya,Ya,Ya,Ya,Ya,700000,5,13.45883704259595
Kabupaten Lamongan,Putri,Lamongan,0.0,Tidak,Ya,Ya,Tidak,Tidak,Ya,400000,3,12.899222326086994
Kabupaten Lamongan,Putri,Lamongan,0.0,Tidak,Ya,Ya,Ya,Tidak,Ya,500000,4,13.122365377402328
Kabupaten Lamongan,Campur,Lamongan,0.0,Ya,Tidak,Ya,Ya,Ya,Ya,1000000,5,13.815511557963774
Kabupaten Lamongan,Putri,Kecamatan Deket,0.0,Tidak,Ya,Ya,Tidak,Tidak,Ya,250000,3,12.429220196836383
Kabupaten Lamongan,Putri,Kecamatan Lamongan,0.0,Ya,Tidak,Tidak,Ya,Ya,Ya,1000000,4,13.815511557963774
Kabupaten Lamongan,Campur,Kecamatan Lamongan,0.0,Tidak,Ya,Tidak,Tidak,Ya,Tidak,550000,2,13.217675375388819
Kabupaten Lamongan,Putra,Kecamatan Lamongan,0.0,Tidak,Ya,Ya,Tidak,Tidak,Ya,550000,3,13.217675375388819
Kabupaten Lamongan,Putri,Kecamatan Lamongan,0.0,Ya,Ya,Ya,Ya,Ya,Ya,1000000,6,13.815511557963774
Kabupaten Lamongan,Putra,Kecamatan Lamongan,0.0,Tidak,Ya,Ya,Tidak,Ya,Tidak,500000,3,13.122365377402328
Kabupaten Lamongan,Putra,Deket,0.0,Ya,Ya,Ya,Ya,Ya,Ya,500000,6,13.122365377402328
Kabupaten Lamongan,Campur,Kecamatan Lamongan,0.0,Tidak,Ya,Ya,Tidak,Ya,Ya,650000,4,13.384729180332174
Kabupaten Lamongan,Campur,Lamongan,0.0,Tidak,Tidak,Ya,Ya,Ya,Ya,700000,4,13.45883704259595
Kabupaten Lamongan,Putra,Kecamatan Lamongan,0.0,Tidak,Ya,Ya,Ya,Tidak,Ya,450000,4,13.017005083966255
Kabupaten Lamongan,Campur,Tikung,0.0,Tidak,Ya,Ya,Tidak,Ya,Tidak,500000,3,13.122365377402328
Kabupaten Lamongan,Campur,Sarirejo,0.0,Ya,Tidak,Ya,Ya,Ya,Ya,1200000,5,13.997832948091215
Kabupaten Lamongan,Campur,Kecamatan Lamongan,0.0,Ya,Ya,Tidak,Ya,Ya,Ya,750000,5,13.527829818844937
Kabupaten Lamongan,Putri,Kecamatan Lamongan,0.0,Ya,Ya,Ya,Ya,Ya,Ya,1100000,6,13.910821646859095
Kabupaten Lamongan,Putra,Kecamatan Lamongan,0.0,Tidak,Ya,Ya,Tidak,Tidak,Ya,375000,3,12.834683971615659
Kabupaten Lumajang,Putra,Kecamatan Lumajang,0.0,Tidak,Ya,Ya,Tidak,Tidak,Tidak,400000,2,12.899222326086994
Kabupaten Lumajang,Putra,Kecamatan Lumajang,5.0,Tidak,Ya,Ya,Ya,Ya,Ya,600000,5,13.304686600863562
Kabupaten Lumajang,Putri,Lumajang,0.0,Ya,Ya,Ya,Ya,Ya,Ya,1200000,6,13.997832948091215
Kabupaten Lumajang,Putri,Lumajang,5.0,Ya,Ya,Ya,Tidak,Ya,Ya,500000,5,13.122365377402328
Kabupaten Lumajang,Putri,Kecamatan Lumajang,0.0,Tidak,Ya,Ya,Tidak,Tidak,Ya,300000,3,12.611541086966115
Kabupaten Lumajang,Putri,Lumajang,0.0,Tidak,Ya,Ya,Ya,Ya,Ya,650000,5,13.384729180332174
Kabupaten Lumajang,Putri,Lumajang,0.0,Tidak,Ya,Ya,Tidak,Ya,Ya,650000,4,13.384729180332174
Kabupaten Lumajang,Campur,Lumajang,0.0,Tidak,Tidak,Ya,Tidak,Ya,Ya,600000,3,13.304686600863562
Kabupaten Lumajang,Putra,Lumajang,0.0,Tidak,Tidak,Ya,Tidak,Ya,Ya,600000,3,13.304686600863562
Kabupaten Lumajang,Campur,Lumajang,0.0,Ya,Ya,Ya,Ya,Ya,Ya,1300000,6,14.077875591662238
Kabupaten Lumajang,Campur,Lumajang,0.0,Tidak,Ya,Ya,Tidak,Tidak,Ya,300000,3,12.611541086966115
Kabupaten Lumajang,Putri,Lumajang,0.0,Tidak,Ya,Ya,Ya,Ya,Ya,600000,5,13.304686600863562
Kabupaten Lumajang,Putri,Kecamatan Lumajang,0.0,Tidak,Ya,Ya,Tidak,Ya,Ya,700000,4,13.45883704259595
Kabupaten Lumajang,Putri,Lumajang,0.0,Ya,Tidak,Ya,Ya,Ya,Ya,1250000,5,14.038654909278163
Kabupaten Lumajang,Campur,Lumajang,0.0,Tidak,Ya,Ya,Tidak,Tidak,Ya,300000,3,12.611541086966115
Kabupaten Lumajang,Putri,Kecamatan Lumajang,0.0,Tidak,Tidak,Ya,Ya,Ya,Ya,350000,4,12.765691290604371
Kabupaten Lumajang,Putri,Kecamatan Lumajang,0.0,Ya,Tidak,Ya,Ya,Ya,Ya,800000,5,13.592368256649284
Kabupaten Lumajang,Putri,Kecamatan Lumajang,0.0,Tidak,Ya,Ya,Tidak,Ya,Ya,500000,4,13.122365377402328
Kabupaten Lumajang,Putri,Lumajang,0.0,Tidak,Ya,Ya,Ya,Ya,Ya,650000,5,13.384729180332174
Kabupaten Lumajang,Campur,Kecamatan Sukodono,0.0,Ya,Tidak,Ya,Ya,Tidak,Ya,1500000,4,14.220976332738882
Kabupaten Lumajang,Putri,Lumajang,0.0,Tidak,Tidak,Ya,Tidak,Tidak,Ya,300000,2,12.611541086966115
Kabupaten Lumajang,Putra,Lumajang,0.0,Tidak,Ya,Ya,Tidak,Tidak,Ya,500000,3,13.122365377402328
Kabupaten Lumajang,Putri,Kecamatan Lumajang,0.0,Tidak,Ya,Ya,Ya,Tidak,Tidak,600000,3,13.304686600863562
Kabupaten Lumajang,Putri,Lumajang,0.0,Tidak,Tidak,Ya,Ya,Tidak,Ya,700000,3,13.45883704259595
Kabupaten Lumajang,Putra,Kecamatan Lumajang,0.0,Ya,Ya,Ya,Tidak,Tidak,Tidak,800000,3,13.592368256649284
Kabupaten Lumajang,Putra,Lumajang,5.0,Tidak,Tidak,Ya,Tidak,Tidak,Tidak,550000,1,13.217675375388819
Kabupaten Lumajang,Putri,Lumajang,0.0,Ya,Tidak,Ya,Ya,Ya,Ya,1000000,5,13.815511557963774
Kabupaten Lumajang,Putri,Kecamatan Lumajang,0.0,Tidak,Ya,Ya,Tidak,Tidak,Ya,400000,3,12.899222326086994
Kabupaten Lumajang,Putri,Kecamatan Lumajang,0.0,Ya,Ya,Ya,Ya,Ya,Tidak,1500000,5,14.220976332738882
Kabupaten Lumajang,Putra,Kecamatan Lumajang,0.0,Tidak,Ya,Ya,Tidak,Tidak,Tidak,450000,2,13.017005083966255
Kabupaten Lumajang,Campur,Lumajang,0.0,Ya,Ya,Ya,Ya,Ya,Ya,1300000,6,14.077875591662238
Kabupaten Lumajang,Putri,Kecamatan Lumajang,0.0,Ya,Ya,Ya,Tidak,Ya,Ya,1200000,5,13.997832948091215
Kabupaten Lumajang,Putri,Lumajang,0.0,Tidak,Tidak,Ya,Tidak,Ya,Ya,500000,3,13.122365377402328
Kabupaten Lumajang,Putri,Lumajang,0.0,Tidak,Ya,Ya,Tidak,Tidak,Ya,350000,3,12.765691290604371
Kabupaten Lumajang,Putri,Kecamatan Lumajang,0.0,Ya,Tidak,Ya,Ya,Ya,Ya,1500000,5,14.220976332738882
Kabupaten Lumajang,Putri,Lumajang,0.0,Tidak,Tidak,Ya,Tidak,Tidak,Ya,375000,2,12.834683971615659
Kabupaten Lumajang,Putri,Lumajang,0.0,Tidak,Tidak,Ya,Tidak,Tidak,Ya,350000,2,12.765691290604371
Kabupaten Lumajang,Putri,Lumajang,0.0,Tidak,Tidak,Ya,Tidak,Tidak,Ya,400000,2,12.899222326086994
Kabupaten Lumajang,Putri,Lumajang,0.0,Tidak,Tidak,Ya,Tidak,Tidak,Ya,450000,2,13.017005083966255
Kabupaten Lumajang,Putri,Kecamatan Lumajang,0.0,Tidak,Ya,Ya,Ya,Ya,Ya,750000,5,13.527829818844937
Kabupaten Lumajang,Campur,Kecamatan Sukodono,0.0,Tidak,Tidak,Ya,Ya,Tidak,Ya,750000,3,13.527829818844937
Kabupaten Lumajang,Putri,Lumajang,0.0,Tidak,Ya,Ya,Tidak,Tidak,Tidak,350000,2,12.765691290604371
Kabupaten Lumajang,Campur,Lumajang,0.0,Tidak,Ya,Ya,Tidak,Tidak,Tidak,350000,2,12.765691290604371
Kabupaten Lumajang,Putri,Kecamatan Lumajang,0.0,Ya,Tidak,Ya,Ya,Ya,Ya,1200000,5,13.997832948091215
Kabupaten Lumajang,Putri,Lumajang,0.0,Tidak,Tidak,Ya,Tidak,Tidak,Ya,380000,2,12.847929163278053
Kabupaten Lumajang,Putri,Lumajang,0.0,Tidak,Tidak,Ya,Tidak,Tidak,Ya,550000,2,13.217675375388819
Kabupaten Lumajang,Campur,Kecamatan Lumajang,0.0,Tidak,Tidak,Ya,Ya,Ya,Ya,550000,4,13.217675375388819
Kabupaten Lumajang,Campur,Lumajang,0.0,Tidak,Ya,Ya,Ya,Ya,Ya,400000,5,12.899222326086994
Kabupaten Lumajang,Campur,Lumajang,0.0,Tidak,Ya,Tidak,Ya,Ya,Tidak,850000,3,13.652992804936396
Kabupaten Lumajang,Campur,Kecamatan Lumajang,0.0,Tidak,Tidak,Ya,Ya,Ya,Ya,300000,4,12.611541086966115
Kabupaten Lumajang,Campur,Kecamatan Lumajang,0.0,Ya,Ya,Ya,Ya,Ya,Ya,1000000,6,13.815511557963774
Kabupaten Lumajang,Putra,Sukodono,0.0,Tidak,Ya,Ya,Ya,Tidak,Tidak,350000,3,12.765691290604371
Kabupaten Lumajang,Campur,Kecamatan Lumajang,0.0,Tidak,Tidak,Ya,Tidak,Ya,Ya,600000,3,13.304686600863562
Kabupaten Lumajang,Putra,Kecamatan Lumajang,0.0,Tidak,Ya,Ya,Tidak,Tidak,Tidak,450000,2,13.017005083966255
Kabupaten Lumajang,Putri,Lumajang,0.0,Tidak,Ya,Ya,Ya,Ya,Ya,500000,5,13.122365377402328
Kabupaten Lumajang,Putri,Lumajang,0.0,Tidak,Tidak,Tidak,Tidak,Ya,Ya,550000,2,13.217675375388819
Kabupaten Lumajang,Campur,Lumajang,0.0,Tidak,Ya,Ya,Tidak,Tidak,Tidak,500000,2,13.122365377402328
Kabupaten Lumajang,Putri,Lumajang,0.0,Tidak,Ya,Ya,Tidak,Ya,Tidak,600000,3,13.304686600863562
Kabupaten Lumajang,Campur,Kecamatan Lumajang,0.0,Ya,Ya,Ya,Ya,Ya,Ya,1000000,6,13.815511557963774
Kabupaten Lumajang,Putri,Lumajang,0.0,Tidak,Ya,Ya,Ya,Ya,Tidak,675000,4,13.42246945133505
Kabupaten Lumajang,Putri,Kecamatan Lumajang,0.0,Tidak,Ya,Ya,Tidak,Tidak,Ya,400000,3,12.899222326086994
Kabupaten Lumajang,Putri,Lumajang,0.0,Tidak,Ya,Tidak,Ya,Ya,Ya,630000,4,13.353476685668044
Kabupaten Lumajang,Putri,Kecamatan Lumajang,0.0,Tidak,Tidak,Ya,Tidak,Tidak,Ya,450000,2,13.017005083966255
Kabupaten Lumajang,Putri,Lumajang,0.0,Tidak,Tidak,Ya,Tidak,Ya,Tidak,500000,2,13.122365377402328
Kabupaten Lumajang,Putri,Kecamatan Lumajang,0.0,Ya,Ya,Tidak,Tidak,Ya,Ya,700000,4,13.45883704259595
Kabupaten Madiun,Putri,Kecamatan Manguharjo,0.0,Tidak,Ya,Ya,Tidak,Ya,Ya,750000,4,13.527829818844937
Kabupaten Madiun,Campur,Kecamatan Manguharjo,0.0,Ya,Ya,Ya,Ya,Ya,Ya,1000000,6,13.815511557963774
Kabupaten Madiun,Putri,Kartoharjo,0.0,Tidak,Tidak,Ya,Tidak,Ya,Ya,700000,3,13.45883704259595
Kabupaten Madiun,Putra,Jiwan,0.0,Tidak,Tidak,Ya,Ya,Ya,Ya,600000,4,13.304686600863562
Kabupaten Madiun,Campur,Kecamatan Taman,0.0,Ya,Ya,Ya,Ya,Ya,Ya,1250000,6,14.038654909278163
Kabupaten Madiun,Putra,Kecamatan Taman,0.0,Ya,Ya,Ya,Ya,Ya,Ya,1800000,6,14.403297778421795
Kabupaten Madiun,Putra,Kecamatan Taman,0.0,Tidak,Tidak,Ya,Tidak,Ya,Ya,600000,3,13.304686600863562
Kabupaten Madiun,Putra,Taman,0.0,Ya,Ya,Ya,Tidak,Ya,Ya,750000,5,13.527829818844937
Kabupaten Madiun,Putra,Kartoharjo,5.0,Ya,Ya,Ya,Ya,Ya,Ya,900000,6,13.710151153416941
Kabupaten Madiun,Putri,Kartoharjo,0.0,Tidak,Ya,Ya,Ya,Ya,Ya,600000,5,13.304686600863562
Kabupaten Madiun,Putri,Taman,4.5,Tidak,Ya,Ya,Tidak,Tidak,Ya,450000,3,13.017005083966255
Kabupaten Madiun,Campur,Taman,0.0,Ya,Ya,Ya,Ya,Ya,Ya,1100000,6,13.910821646859095
Kabupaten Madiun,Putra,Kartoharjo,0.0,Ya,Ya,Ya,Ya,Ya,Ya,1300000,6,14.077875591662238
Kabupaten Madiun,Putri,Kecamatan Taman,4.6,Tidak,Tidak,Ya,Ya,Tidak,Ya,450000,3,13.017005083966255
Kabupaten Madiun,Putri,Kecamatan Manguharjo,0.0,Tidak,Ya,Ya,Tidak,Tidak,Ya,550000,3,13.217675375388819
Kabupaten Madiun,Campur,Kartoharjo,0.0,Ya,Ya,Ya,Ya,Ya,Ya,1349000,6,14.114874876479462
Kabupaten Madiun,Putri,Kecamatan Taman,0.0,Tidak,Tidak,Ya,Ya,Tidak,Ya,550000,3,13.217675375388819
Kabupaten Madiun,Campur,Taman,0.0,Tidak,Ya,Ya,Ya,Ya,Ya,800000,5,13.592368256649284
Kabupaten Madiun,Putri,Taman,0.0,Tidak,Tidak,Ya,Ya,Ya,Ya,550000,4,13.217675375388819
Kabupaten Madiun,Putri,Kecamatan Manguharjo,0.0,Tidak,Tidak,Ya,Tidak,Tidak,Ya,449999,2,13.017002861746503
Kabupaten Madiun,Putri,Kecamatan Taman,0.0,Tidak,Tidak,Ya,Ya,Tidak,Ya,550000,3,13.217675375388819
Kabupaten Madiun,Putri,Taman,0.0,Ya,Ya,Ya,Ya,Ya,Ya,999998,6,13.815509557963773
Kabupaten Madiun,Putri,Kecamatan Kartoharjo,0.0,Tidak,Ya,Ya,Ya,Ya,Tidak,550000,4,13.217675375388819
Kabupaten Madiun,Campur,Mangu Harjo,0.0,Tidak,Tidak,Ya,Tidak,Ya,Ya,600000,3,13.304686600863562
Kabupaten Madiun,Putri,Taman,0.0,Tidak,Ya,Ya,Ya,Ya,Ya,698000,5,13.455975814408239
Kabupaten Madiun,Putra,Kecamatan Kartoharjo,0.0,Ya,Ya,Ya,Ya,Ya,Ya,1000000,6,13.815511557963774
Kabupaten Madiun,Putri,Kecamatan Taman,0.0,Ya,Tidak,Ya,Ya,Tidak,Ya,1099998,4,13.910819828677276
Kabupaten Madiun,Putri,Kecamatan Manguharjo,0.0,Ya,Tidak,Ya,Ya,Ya,Ya,1000000,5,13.815511557963774
Kabupaten Madiun,Campur,Kecamatan Taman,0.0,Ya,Ya,Ya,Ya,Ya,Ya,1500000,6,14.220976332738882
Kabupaten Madiun,Campur,Taman,0.0,Ya,Ya,Ya,Ya,Ya,Ya,950000,6,13.76421831620775
Kabupaten Madiun,Putra,Taman,0.0,Tidak,Ya,Ya,Tidak,Tidak,Ya,400000,3,12.899222326086994
Kabupaten Madiun,Putri,Taman,0.0,Tidak,Ya,Ya,Tidak,Tidak,Ya,550000,3,13.217675375388819
Kabupaten Madiun,Campur,Taman,0.0,Ya,Ya,Ya,Tidak,Ya,Ya,1300000,5,14.077875591662238
Kabupaten Madiun,Putri,Taman,0.0,Tidak,Ya,Ya,Tidak,Tidak,Ya,399998,3,12.899217326086994
Kabupaten Madiun,Putri,Mangu Harjo,0.0,Tidak,Tidak,Ya,Tidak,Ya,Ya,650000,3,13.384729180332174
Kabupaten Madiun,Campur,Kecamatan Taman,0.0,Ya,Ya,Ya,Ya,Ya,Ya,1400000,6,14.151983508870947
Kabupaten Madiun,Putra,Taman,0.0,Tidak,Ya,Ya,Ya,Ya,Ya,600000,5,13.304686600863562
Kabupaten Madiun,Putri,Kartoharjo,0.0,Tidak,Ya,Ya,Ya,Tidak,Ya,650000,4,13.384729180332174
Kabupaten Madiun,Putri,Kartoharjo,0.0,Tidak,Tidak,Ya,Ya,Tidak,Ya,550000,3,13.217675375388819
Kabupaten Madiun,Putra,Kecamatan Taman,5.0,Ya,Ya,Ya,Tidak,Ya,Tidak,1000000,4,13.815511557963774
Kabupaten Madiun,Putra,Kartoharjo,0.0,Tidak,Ya,Ya,Tidak,Tidak,Ya,600000,3,13.304686600863562
Kabupaten Madiun,Putri,Kecamatan Taman,0.0,Tidak,Ya,Ya,Tidak,Tidak,Ya,365000,3,12.807655372286902
Kabupaten Madiun,Campur,Kartoharjo,0.0,Tidak,Ya,Ya,Tidak,Ya,Ya,1200000,4,13.997832948091215
Kabupaten Madiun,Putra,Taman,0.0,Tidak,Ya,Ya,Ya,Ya,Ya,650000,5,13.384729180332174
Kabupaten Madiun,Campur,Kecamatan Taman,0.0,Ya,Ya,Ya,Ya,Ya,Ya,1600000,6,14.285514812209815
Kabupaten Madiun,Putra,Kecamatan Taman,0.0,Tidak,Ya,Ya,Tidak,Tidak,Ya,400000,3,12.899222326086994
Kabupaten Madiun,Putri,Taman,0.0,Tidak,Ya,Ya,Ya,Ya,Ya,450000,5,13.017005083966255
Kabupaten Madiun,Campur,Kecamatan Kartoharjo,0.0,Tidak,Ya,Ya,Tidak,Ya,Ya,700000,4,13.45883704259595
Kabupaten Madiun,Campur,Kecamatan Taman,0.0,Ya,Ya,Ya,Ya,Ya,Ya,1300000,6,14.077875591662238
Kabupaten Madiun,Putri,Kecamatan Taman,0.0,Tidak,Ya,Ya,Ya,Ya,Ya,650000,5,13.384729180332174
Kabupaten Madiun,Putri,Kartoharjo,0.0,Ya,Ya,Ya,Ya,Ya,Ya,600000,6,13.304686600863562
Kabupaten Madiun,Putra,Taman,5.0,Tidak,Tidak,Ya,Tidak,Tidak,Ya,500000,2,13.122365377402328
Kabupaten Madiun,Campur,Taman,0.0,Ya,Ya,Ya,Ya,Ya,Ya,1400000,6,14.151983508870947
Kabupaten Madiun,Putri,Kartoharjo,0.0,Tidak,Ya,Ya,Ya,Tidak,Ya,500000,4,13.122365377402328
Kabupaten Madiun,Putra,Kecamatan Taman,0.0,Tidak,Ya,Ya,Tidak,Ya,Tidak,700000,3,13.45883704259595
Kabupaten Madiun,Campur,Kecamatan Taman,0.0,Tidak,Ya,Ya,Ya,Ya,Ya,750000,5,13.527829818844937
Kabupaten Madiun,Putri,Kartoharjo,0.0,Tidak,Ya,Ya,Ya,Tidak,Ya,550000,4,13.217675375388819
Kabupaten Madiun,Putra,Kecamatan Taman,0.0,Ya,Ya,Ya,Ya,Ya,Ya,1600000,6,14.285514812209815
Kabupaten Madiun,Putra,Kecamatan Taman,0.0,Ya,Ya,Ya,Ya,Ya,Ya,1200000,6,13.997832948091215
Kabupaten Madiun,Putra,Kecamatan Taman,0.0,Tidak,Ya,Ya,Tidak,Ya,Ya,500000,4,13.122365377402328
Kabupaten Madiun,Putri,Taman,0.0,Tidak,Ya,Ya,Tidak,Ya,Ya,600000,4,13.304686600863562
Kabupaten Madiun,Campur,Kecamatan Manguharjo,0.0,Tidak,Ya,Ya,Ya,Ya,Ya,550000,5,13.217675375388819
Kabupaten Madiun,Putra,Kecamatan Taman,0.0,Ya,Ya,Ya,Ya,Ya,Ya,1500000,6,14.220976332738882
Kabupaten Madiun,Campur,Taman,0.0,Tidak,Ya,Ya,Ya,Ya,Ya,800000,5,13.592368256649284
Kabupaten Madiun,Campur,Kartoharjo,5.0,Ya,Ya,Ya,Ya,Ya,Ya,1000000,6,13.815511557963774
Kabupaten Madiun,Campur,Kartoharjo,0.0,Ya,Ya,Ya,Tidak,Ya,Ya,1075000,5,13.887832149776026
Kabupaten Madiun,Putri,Mangu Harjo,0.0,Ya,Ya,Ya,Ya,Ya,Ya,1100000,6,13.910821646859095
Kabupaten Madiun,Putri,Kecamatan Taman,5.0,Tidak,Ya,Ya,Tidak,Tidak,Ya,500000,3,13.122365377402328
Kabupaten Madiun,Putri,Kecamatan Taman,0.0,Tidak,Tidak,Ya,Tidak,Ya,Ya,500000,3,13.122365377402328
Kabupaten Madiun,Putri,Kecamatan Taman,0.0,Tidak,Ya,Ya,Tidak,Tidak,Tidak,500000,2,13.122365377402328
Kabupaten Madiun,Putri,Taman,5.0,Tidak,Ya,Ya,Ya,Tidak,Ya,600000,4,13.304686600863562
Kabupaten Madiun,Putri,Taman,0.0,Tidak,Ya,Ya,Tidak,Ya,Ya,600000,4,13.304686600863562
Kabupaten Madiun,Putri,Kartoharjo,0.0,Tidak,Ya,Ya,Tidak,Tidak,Ya,250000,3,12.429220196836383
Kabupaten Madiun,Putri,Kecamatan Taman,0.0,Tidak,Tidak,Ya,Tidak,Ya,Tidak,900000,2,13.710151153416941
Kabupaten Madiun,Putra,Taman,0.0,Tidak,Ya,Ya,Tidak,Ya,Ya,600000,4,13.304686600863562
Kabupaten Madiun,Putri,Mangu Harjo,0.0,Tidak,Tidak,Ya,Tidak,Tidak,Ya,550000,2,13.217675375388819
Kabupaten Madiun,Putri,Kecamatan Manguharjo,0.0,Ya,Tidak,Ya,Ya,Ya,Ya,1200000,5,13.997832948091215
Kabupaten Madiun,Campur,Kecamatan Kartoharjo,0.0,Ya,Ya,Ya,Ya,Ya,Ya,1300000,6,14.077875591662238
Kabupaten Madiun,Putra,Taman,0.0,Ya,Ya,Ya,Tidak,Ya,Ya,900000,5,13.710151153416941
Kabupaten Madiun,Campur,Kecamatan Manguharjo,0.0,Tidak,Ya,Ya,Tidak,Ya,Tidak,790000,3,13.579789490265188
Kabupaten Madiun,Campur,Mangu Harjo,0.0,Tidak,Ya,Ya,Tidak,Ya,Tidak,650000,3,13.384729180332174
Kabupaten Madiun,Putra,Kartoharjo,0.0,Ya,Ya,Ya,Ya,Ya,Tidak,1400000,5,14.151983508870947
Kabupaten Madiun,Putra,Kecamatan Taman,0.0,Tidak,Ya,Ya,Tidak,Tidak,Ya,450000,3,13.017005083966255
Kabupaten Madiun,Putri,Taman,0.0,Tidak,Ya,Ya,Ya,Tidak,Ya,450000,4,13.017005083966255
Kabupaten Madiun,Putra,Kecamatan Manguharjo,0.0,Tidak,Ya,Ya,Tidak,Ya,Tidak,500000,3,13.122365377402328
Kabupaten Madiun,Putra,Kecamatan Taman,0.0,Tidak,Ya,Ya,Tidak,Tidak,Ya,500000,3,13.122365377402328
Kabupaten Madiun,Putra,Kecamatan Kartoharjo,5.0,Tidak,Ya,Ya,Tidak,Ya,Ya,600000,4,13.304686600863562
Kabupaten Madiun,Putra,Kecamatan Taman,0.0,Ya,Tidak,Ya,Ya,Ya,Ya,1250000,5,14.038654909278163
Kabupaten Madiun,Putri,Kecamatan Taman,0.0,Ya,Ya,Ya,Ya,Ya,Ya,1500000,6,14.220976332738882
Kabupaten Madiun,Putra,Kecamatan Manguharjo,0.0,Tidak,Ya,Ya,Tidak,Tidak,Tidak,450000,2,13.017005083966255
Kabupaten Madiun,Putra,Kecamatan Kartoharjo,0.0,Tidak,Ya,Ya,Ya,Ya,Ya,650000,5,13.384729180332174
Kabupaten Madiun,Putri,Taman,0.0,Tidak,Tidak,Ya,Ya,Ya,Ya,625000,4,13.345508528717259
Kabupaten Madiun,Putra,Jiwan,0.0,Tidak,Ya,Ya,Ya,Tidak,Ya,400000,4,12.899222326086994
Kabupaten Madiun,Campur,Taman,0.0,Ya,Ya,Ya,Ya,Ya,Ya,1350000,6,14.115615891155079
Kabupaten Madiun,Putra,Kecamatan Kartoharjo,0.0,Ya,Ya,Ya,Ya,Ya,Ya,1000000,6,13.815511557963774
Kabupaten Madiun,Putra,Taman,0.0,Tidak,Ya,Ya,Tidak,Tidak,Tidak,350000,2,12.765691290604371
Kabupaten Madiun,Putri,Kecamatan Taman,0.0,Tidak,Tidak,Ya,Ya,Ya,Tidak,400000,3,12.899222326086994
Kabupaten Madiun,Campur,Mangu Harjo,0.0,Tidak,Ya,Ya,Ya,Ya,Tidak,600000,4,13.304686600863562
Kabupaten Madiun,Putra,Taman,0.0,Ya,Ya,Ya,Tidak,Ya,Ya,1000000,5,13.815511557963774
Kabupaten Madiun,Putri,Kartoharjo,0.0,Tidak,Ya,Ya,Tidak,Tidak,Ya,350000,3,12.765691290604371
Kabupaten Madiun,Campur,Taman,0.0,Ya,Ya,Ya,Ya,Ya,Ya,1200000,6,13.997832948091215
Kabupaten Madiun,Putri,Kecamatan Kartoharjo,0.0,Tidak,Tidak,Ya,Ya,Ya,Ya,700000,4,13.45883704259595
Kabupaten Madiun,Putra,Kecamatan Taman,0.0,Ya,Ya,Tidak,Ya,Ya,Ya,1200000,5,13.997832948091215
Kabupaten Madiun,Putri,Taman,0.0,Tidak,Tidak,Ya,Tidak,Tidak,Ya,400000,2,12.899222326086994
Kabupaten Madiun,Putra,Kartoharjo,0.0,Ya,Ya,Ya,Ya,Ya,Tidak,1200000,5,13.997832948091215
Kabupaten Madiun,Putri,Kecamatan Kartoharjo,0.0,Tidak,Tidak,Ya,Tidak,Tidak,Ya,350000,2,12.765691290604371
Kabupaten Madiun,Putri,Kecamatan Manguharjo,0.0,Ya,Ya,Ya,Ya,Ya,Ya,900000,6,13.710151153416941
Kabupaten Madiun,Putri,Taman,0.0,Ya,Ya,Ya,Ya,Ya,Ya,1000000,6,13.815511557963774
Kabupaten Madiun,Campur,Kartoharjo,0.0,Tidak,Ya,Ya,Tidak,Ya,Ya,600000,4,13.304686600863562
Kabupaten Madiun,Putri,Kecamatan Kartoharjo,0.0,Tidak,Ya,Ya,Tidak,Ya,Ya,675000,4,13.42246945133505
Kabupaten Madiun,Campur,Kecamatan Manguharjo,4.0,Tidak,Tidak,Ya,Tidak,Ya,Ya,600000,3,13.304686600863562
Kabupaten Madiun,Campur,Kartoharjo,0.0,Tidak,Ya,Ya,Ya,Ya,Tidak,900000,4,13.710151153416941
Kabupaten Madiun,Putri,Kecamatan Kartoharjo,0.0,Ya,Ya,Ya,Ya,Ya,Ya,1000000,6,13.815511557963774
Kabupaten Madiun,Putra,Mangu Harjo,2.0,Tidak,Ya,Ya,Tidak,Ya,Ya,700000,4,13.45883704259595
Kabupaten Madiun,Putri,Taman,0.0,Tidak,Tidak,Ya,Ya,Ya,Ya,750000,4,13.527829818844937
Kabupaten Madiun,Putri,Kecamatan Taman,0.0,Tidak,Ya,Ya,Tidak,Tidak,Ya,500000,3,13.122365377402328
Kabupaten Madiun,Campur,Mangu Harjo,0.0,Tidak,Ya,Ya,Ya,Ya,Tidak,600000,4,13.304686600863562
Kabupaten Madiun,Putri,Taman,0.0,Tidak,Tidak,Ya,Ya,Ya,Ya,675000,4,13.42246945133505
Kabupaten Madiun,Putri,Kecamatan Kartoharjo,0.0,Tidak,Tidak,Ya,Tidak,Tidak,Ya,350000,2,12.765691290604371
Kabupaten Madiun,Putra,Kecamatan Kartoharjo,0.0,Tidak,Ya,Ya,Ya,Tidak,Ya,500000,4,13.122365377402328
Kabupaten Madiun,Campur,Kecamatan Manguharjo,0.0,Tidak,Tidak,Ya,Tidak,Ya,Tidak,650000,2,13.384729180332174
Kabupaten Madiun,Campur,Jiwan,0.0,Tidak,Ya,Ya,Ya,Tidak,Ya,500000,4,13.122365377402328
Kabupaten Madiun,Putri,Kecamatan Taman,5.0,Tidak,Ya,Ya,Tidak,Ya,Ya,465000,4,13.049794835104816
Kabupaten Madiun,Putra,Kecamatan Kartoharjo,0.0,Tidak,Ya,Tidak,Tidak,Tidak,Tidak,500000,1,13.122365377402328
Kabupaten Madiun,Campur,Mangu Harjo,0.0,Ya,Ya,Ya,Ya,Ya,Ya,1500000,6,14.220976332738882
Kabupaten Madiun,Campur,Mangu Harjo,5.0,Ya,Ya,Ya,Tidak,Ya,Ya,550000,5,13.217675375388819
Kabupaten Madiun,Putri,Kecamatan Kartoharjo,0.0,Ya,Ya,Ya,Ya,Ya,Ya,1200000,6,13.997832948091215
Kabupaten Madiun,Putri,Kecamatan Taman,0.0,Tidak,Tidak,Ya,Tidak,Ya,Ya,800000,3,13.592368256649284
Kabupaten Madiun,Putri,Kecamatan Taman,0.0,Tidak,Ya,Ya,Tidak,Ya,Ya,800000,4,13.592368256649284
Kabupaten Madiun,Putri,Kecamatan Manguharjo,0.0,Tidak,Ya,Ya,Ya,Ya,Ya,650000,5,13.384729180332174
Kabupaten Madiun,Putri,Kecamatan Taman,0.0,Tidak,Tidak,Tidak,Tidak,Tidak,Tidak,500000,0,13.122365377402328
Kabupaten Madiun,Putri,Kecamatan Manguharjo,0.0,Tidak,Tidak,Ya,Ya,Ya,Ya,750000,4,13.527829818844937
Kabupaten Madiun,Putri,Kecamatan Kartoharjo,0.0,Ya,Ya,Ya,Tidak,Tidak,Ya,1000000,4,13.815511557963774
Kabupaten Madiun,Campur,Kecamatan Manguharjo,0.0,Tidak,Ya,Ya,Tidak,Ya,Ya,600000,4,13.304686600863562
Kabupaten Madiun,Putri,Kartoharjo,0.0,Tidak,Tidak,Ya,Ya,Ya,Ya,650000,4,13.384729180332174
Kabupaten Madiun,Campur,Kecamatan Taman,0.0,Ya,Ya,Ya,Ya,Ya,Tidak,1200000,5,13.997832948091215
Kabupaten Madiun,Putri,Kecamatan Taman,0.0,Tidak,Ya,Ya,Tidak,Ya,Tidak,400000,3,12.899222326086994
Kabupaten Madiun,Campur,Taman,0.0,Ya,Tidak,Ya,Ya,Ya,Ya,1000000,5,13.815511557963774
Kabupaten Madiun,Putri,Kecamatan Taman,0.0,Ya,Tidak,Ya,Ya,Tidak,Ya,950000,4,13.76421831620775
Kabupaten Madiun,Putri,Kecamatan Taman,0.0,Tidak,Tidak,Ya,Tidak,Tidak,Ya,400000,2,12.899222326086994
Kabupaten Madiun,Putri,Kartoharjo,0.0,Tidak,Ya,Ya,Tidak,Ya,Tidak,499999,3,13.122363377404328
Kabupaten Madiun,Putri,Kartoharjo,0.0,Tidak,Ya,Ya,Tidak,Tidak,Ya,500000,3,13.122365377402328
Kabupaten Madiun,Putra,Taman,0.0,Ya,Tidak,Ya,Tidak,Ya,Ya,1100000,4,13.910821646859095
Kabupaten Madiun,Putra,Taman,5.0,Ya,Ya,Ya,Ya,Ya,Ya,1100000,6,13.910821646859095
Kabupaten Madiun,Campur,Kartoharjo,0.0,Tidak,Ya,Ya,Ya,Tidak,Tidak,550000,3,13.217675375388819
Kabupaten Madiun,Putri,Taman,0.0,Tidak,Ya,Ya,Tidak,Tidak,Ya,400000,3,12.899222326086994
Kabupaten Madiun,Putri,Kecamatan Taman,0.0,Ya,Tidak,Ya,Ya,Ya,Tidak,1000000,4,13.815511557963774
Kabupaten Madiun,Campur,Kecamatan Taman,0.0,Tidak,Tidak,Ya,Tidak,Ya,Tidak,550000,2,13.217675375388819
Kabupaten Madiun,Putri,Taman,0.0,Tidak,Ya,Ya,Tidak,Tidak,Ya,400000,3,12.899222326086994
Kabupaten Madiun,Putra,Kecamatan Manguharjo,0.0,Tidak,Tidak,Ya,Tidak,Tidak,Ya,475000,2,13.07107218827772
Kabupaten Madiun,Putra,Kecamatan Taman,0.0,Ya,Ya,Ya,Ya,Ya,Ya,1000000,6,13.815511557963774
Kabupaten Madiun,Putra,Kecamatan Manguharjo,0.0,Tidak,Tidak,Ya,Tidak,Tidak,Ya,475000,2,13.07107218827772
Kabupaten Madiun,Putri,Taman,0.0,Tidak,Tidak,Ya,Ya,Tidak,Ya,550000,3,13.217675375388819
Kabupaten Madiun,Putra,Kecamatan Taman,0.0,Ya,Tidak,Ya,Ya,Ya,Ya,1250000,5,14.038654909278163
Kabupaten Madiun,Putri,Kartoharjo,0.0,Tidak,Ya,Ya,Ya,Tidak,Ya,550000,4,13.217675375388819
Kabupaten Madiun,Putri,Taman,0.0,Tidak,Ya,Ya,Ya,Tidak,Ya,500000,4,13.122365377402328
Kabupaten Madiun,Putri,Kartoharjo,0.0,Tidak,Ya,Ya,Tidak,Ya,Ya,580000,4,13.270785106659046
Kabupaten Madiun,Putri,Kecamatan Taman,0.0,Tidak,Tidak,Ya,Tidak,Tidak,Ya,300000,2,12.611541086966115
Kabupaten Madiun,Putri,Taman,0.0,Tidak,Ya,Ya,Tidak,Tidak,Ya,400000,3,12.899222326086994
Kabupaten Madiun,Putri,Mangu Harjo,0.0,Tidak,Tidak,Ya,Tidak,Ya,Ya,400000,3,12.899222326086994
Kabupaten Madiun,Putra,Kecamatan Taman,0.0,Tidak,Ya,Ya,Tidak,Tidak,Tidak,500000,2,13.122365377402328
Kabupaten Madiun,Putri,Kartoharjo,4.8,Tidak,Tidak,Ya,Tidak,Tidak,Tidak,400000,1,12.899222326086994
Kabupaten Madiun,Putra,Mangu Harjo,0.0,Tidak,Ya,Ya,Tidak,Ya,Ya,725000,4,13.493928313146206
Kabupaten Madiun,Putra,Kecamatan Taman,0.0,Tidak,Ya,Ya,Ya,Tidak,Ya,900000,4,13.710151153416941
Kabupaten Madiun,Putri,Kecamatan Kartoharjo,0.0,Ya,Ya,Ya,Ya,Ya,Ya,1000000,6,13.815511557963774
Kabupaten Madiun,Putri,Kecamatan Manguharjo,0.0,Ya,Tidak,Ya,Ya,Ya,Ya,1000000,5,13.815511557963774
Kabupaten Madiun,Putra,Taman,5.0,Tidak,Ya,Ya,Tidak,Ya,Ya,500000,4,13.122365377402328
Kabupaten Madiun,Campur,Kartoharjo,0.0,Ya,Ya,Ya,Ya,Ya,Ya,1500000,6,14.220976332738882
Kabupaten Madiun,Putri,Taman,0.0,Tidak,Tidak,Ya,Ya,Tidak,Tidak,500000,2,13.122365377402328
Kabupaten Madiun,Putri,Taman,0.0,Tidak,Ya,Ya,Tidak,Tidak,Ya,500000,3,13.122365377402328
Kabupaten Madiun,Putri,Kartoharjo,0.0,Tidak,Ya,Ya,Ya,Ya,Ya,600000,5,13.304686600863562
Kabupaten Madiun,Putri,Taman,0.0,Tidak,Ya,Ya,Tidak,Tidak,Ya,450000,3,13.017005083966255
Kabupaten Madiun,Putra,Kecamatan Taman,0.0,Tidak,Ya,Ya,Tidak,Tidak,Tidak,300000,2,12.611541086966115
Kabupaten Madiun,Putri,Kecamatan Kartoharjo,0.0,Ya,Ya,Ya,Tidak,Ya,Ya,1300000,5,14.077875591662238
Kabupaten Madiun,Putri,Kecamatan Taman,0.0,Ya,Ya,Ya,Tidak,Ya,Ya,1300000,5,14.077875591662238
Kabupaten Madiun,Putri,Kartoharjo,5.0,Tidak,Ya,Ya,Ya,Tidak,Ya,500000,4,13.122365377402328
Kabupaten Madiun,Putri,Kecamatan Manguharjo,0.0,Tidak,Ya,Ya,Ya,Tidak,Tidak,450000,3,13.017005083966255
Kabupaten Madiun,Putri,Kecamatan Taman,0.0,Tidak,Tidak,Ya,Tidak,Ya,Ya,650000,3,13.384729180332174
Kabupaten Madiun,Putri,Kartoharjo,0.0,Tidak,Ya,Ya,Tidak,Ya,Ya,700000,4,13.45883704259595
Kabupaten Madiun,Putri,Kecamatan Manguharjo,0.0,Ya,Tidak,Ya,Ya,Ya,Ya,1100000,5,13.910821646859095
Kabupaten Madiun,Putra,Kartoharjo,4.9,Tidak,Tidak,Ya,Tidak,Tidak,Ya,600000,2,13.304686600863562
Kabupaten Madiun,Putri,Kecamatan Kartoharjo,0.0,Ya,Tidak,Ya,Ya,Ya,Ya,1350000,5,14.115615891155079
Kabupaten Madiun,Campur,Wungu,0.0,Ya,Ya,Ya,Tidak,Ya,Tidak,800000,4,13.592368256649284
Kabupaten Madiun,Campur,Kecamatan Taman,0.0,Ya,Ya,Ya,Ya,Ya,Tidak,1500000,5,14.220976332738882
Kabupaten Madiun,Putri,Kartoharjo,0.0,Tidak,Tidak,Ya,Tidak,Ya,Ya,500000,3,13.122365377402328
Kabupaten Madiun,Campur,Kecamatan Taman,0.0,Tidak,Ya,Ya,Tidak,Ya,Ya,450000,4,13.017005083966255
Kabupaten Madiun,Campur,Kecamatan Jiwan,0.0,Tidak,Tidak,Ya,Tidak,Tidak,Ya,350000,2,12.765691290604371
Kabupaten Madiun,Campur,Kecamatan Kartoharjo,0.0,Ya,Ya,Ya,Ya,Ya,Ya,1200000,6,13.997832948091215
Kabupaten Madiun,Putri,Kecamatan Kartoharjo,0.0,Tidak,Ya,Ya,Tidak,Tidak,Tidak,350000,2,12.765691290604371
Kabupaten Madiun,Campur,Wungu,0.0,Tidak,Ya,Tidak,Tidak,Ya,Ya,800000,3,13.592368256649284
Kabupaten Madiun,Putri,Kartoharjo,0.0,Tidak,Tidak,Ya,Tidak,Tidak,Ya,400000,2,12.899222326086994
Kabupaten Madiun,Putri,Taman,0.0,Tidak,Tidak,Ya,Ya,Tidak,Tidak,700000,2,13.45883704259595
Kabupaten Madiun,Putri,Taman,0.0,Tidak,Ya,Ya,Ya,Tidak,Tidak,350000,3,12.765691290604371
Kabupaten Madiun,Putra,Kecamatan Manguharjo,0.0,Ya,Ya,Ya,Ya,Ya,Ya,1000000,6,13.815511557963774
Kabupaten Madiun,Putri,Taman,0.0,Ya,Ya,Ya,Ya,Ya,Ya,1000000,6,13.815511557963774
Kabupaten Madiun,Putri,Kecamatan Manguharjo,0.0,Ya,Tidak,Ya,Ya,Ya,Ya,1500000,5,14.220976332738882
Kabupaten Madiun,Putra,Kartoharjo,0.0,Tidak,Tidak,Ya,Tidak,Tidak,Tidak,600000,1,13.304686600863562
Kabupaten Madiun,Putri,Kecamatan Manguharjo,0.0,Tidak,Tidak,Ya,Ya,Tidak,Ya,600000,3,13.304686600863562
Kabupaten Madiun,Putra,Kecamatan Taman,0.0,Tidak,Ya,Ya,Tidak,Tidak,Tidak,500000,2,13.122365377402328
Kabupaten Madiun,Putra,Kecamatan Manguharjo,0.0,Tidak,Tidak,Ya,Ya,Tidak,Ya,500000,3,13.122365377402328
Kabupaten Madiun,Putra,Kecamatan Taman,0.0,Tidak,Ya,Ya,Tidak,Ya,Ya,700000,4,13.45883704259595
Kabupaten Madiun,Putri,Kecamatan Taman,0.0,Tidak,Ya,Ya,Tidak,Ya,Ya,550000,4,13.217675375388819
Kabupaten Madiun,Putra,Kecamatan Taman,0.0,Tidak,Ya,Ya,Ya,Tidak,Ya,650000,4,13.384729180332174
Kabupaten Madiun,Putri,Kecamatan Kartoharjo,0.0,Tidak,Tidak,Ya,Ya,Ya,Ya,800000,4,13.592368256649284
Kabupaten Madiun,Putri,Kartoharjo,0.0,Tidak,Ya,Ya,Tidak,Ya,Ya,800000,4,13.592368256649284
Kabupaten Madiun,Putri,Kecamatan Kartoharjo,0.0,Tidak,Ya,Ya,Tidak,Tidak,Tidak,350000,2,12.765691290604371
Kabupaten Madiun,Campur,Kecamatan Jiwan,0.0,Tidak,Ya,Ya,Tidak,Tidak,Tidak,500000,2,13.122365377402328
Kabupaten Madiun,Putri,Kecamatan Taman,0.0,Tidak,Tidak,Ya,Tidak,Tidak,Ya,450000,2,13.017005083966255
Kabupaten Madiun,Putri,Mangu Harjo,0.0,Ya,Tidak,Ya,Ya,Ya,Ya,1000000,5,13.815511557963774
Kabupaten Madiun,Putra,Kecamatan Manguharjo,0.0,Tidak,Tidak,Ya,Tidak,Tidak,Ya,400000,2,12.899222326086994
Kabupaten Madiun,Putra,Manguharjo,0.0,Tidak,Ya,Ya,Tidak,Ya,Tidak,650000,3,13.384729180332174
Kabupaten Madiun,Campur,Kecamatan Manguharjo,0.0,Tidak,Ya,Tidak,Tidak,Ya,Tidak,500000,2,13.122365377402328
Kabupaten Madiun,Putri,Kecamatan Jiwan,0.0,Tidak,Ya,Ya,Tidak,Ya,Ya,600000,4,13.304686600863562
Kabupaten Madiun,Campur,Kecamatan Jiwan,0.0,Tidak,Ya,Ya,Ya,Tidak,Ya,500000,4,13.122365377402328
Kabupaten Madiun,Putri,Kecamatan Manguharjo,0.0,Tidak,Tidak,Ya,Tidak,Ya,Ya,625000,3,13.345508528717259
Kabupaten Madiun,Putri,Kecamatan Taman,0.0,Ya,Ya,Ya,Tidak,Tidak,Ya,1000000,4,13.815511557963774
Kabupaten Madiun,Putri,Taman,5.0,Ya,Ya,Ya,Tidak,Ya,Ya,1000000,5,13.815511557963774
Kabupaten Madiun,Putri,Kecamatan Geger,0.0,Tidak,Ya,Ya,Tidak,Ya,Tidak,550000,3,13.217675375388819
Kabupaten Madiun,Putri,Taman,0.0,Tidak,Tidak,Ya,Ya,Tidak,Tidak,450000,2,13.017005083966255
Kabupaten Madiun,Putri,Taman,5.0,Tidak,Tidak,Ya,Ya,Tidak,Tidak,500000,2,13.122365377402328
Kabupaten Madiun,Putra,Kecamatan Taman,0.0,Tidak,Ya,Ya,Ya,Ya,Ya,400000,5,12.899222326086994
Kabupaten Madiun,Putri,Kartoharjo,0.0,Tidak,Tidak,Ya,Ya,Ya,Ya,600000,4,13.304686600863562
Kabupaten Madiun,Putri,Kartoharjo,0.0,Tidak,Ya,Ya,Ya,Ya,Ya,500000,5,13.122365377402328
Kabupaten Madiun,Putri,Taman,0.0,Tidak,Tidak,Ya,Tidak,Ya,Ya,600000,3,13.304686600863562
Kabupaten Madiun,Putri,Kartoharjo,0.0,Tidak,Tidak,Ya,Tidak,Tidak,Ya,250000,2,12.429220196836383
Kabupaten Madiun,Putri,Taman,0.0,Tidak,Tidak,Ya,Ya,Tidak,Tidak,500000,2,13.122365377402328
Kabupaten Madiun,Putri,Kecamatan Kartoharjo,0.0,Tidak,Tidak,Ya,Tidak,Tidak,Ya,400000,2,12.899222326086994
Kabupaten Madiun,Putri,Taman,5.0,Tidak,Tidak,Ya,Ya,Ya,Ya,550000,4,13.217675375388819
Kabupaten Madiun,Putri,Taman,0.0,Ya,Tidak,Ya,Ya,Ya,Ya,950000,5,13.76421831620775
Kabupaten Madiun,Putri,Kartoharjo,0.0,Ya,Ya,Ya,Tidak,Ya,Ya,800000,5,13.592368256649284
Kabupaten Madiun,Putri,Kecamatan Kartoharjo,0.0,Tidak,Ya,Ya,Ya,Ya,Ya,760000,5,13.541075028051122
Kabupaten Madiun,Putri,Kecamatan Kartoharjo,0.0,Tidak,Ya,Ya,Tidak,Tidak,Ya,450000,3,13.017005083966255
Kabupaten Madiun,Putri,Kartoharjo,0.0,Tidak,Ya,Ya,Ya,Tidak,Tidak,400000,3,12.899222326086994
Kabupaten Madiun,Campur,Kecamatan Taman,0.0,Ya,Ya,Ya,Tidak,Ya,Ya,850000,5,13.652992804936396
Kabupaten Madiun,Campur,Kartoharjo,0.0,Ya,Ya,Ya,Ya,Ya,Tidak,1100000,5,13.910821646859095
Kabupaten Madiun,Campur,Mangu Harjo,0.0,Tidak,Tidak,Ya,Tidak,Tidak,Ya,350000,2,12.765691290604371
Kabupaten Magetan,Putri,Magetan,0.0,Tidak,Tidak,Ya,Ya,Tidak,Tidak,300000,2,12.611541086966115
Kabupaten Magetan,Putri,Magetan,0.0,Tidak,Ya,Ya,Tidak,Ya,Ya,700000,4,13.45883704259595
Kabupaten Magetan,Putra,Magetan,0.0,Tidak,Ya,Ya,Tidak,Ya,Ya,550000,4,13.217675375388819
Kabupaten Magetan,Putri,Kecamatan Magetan,0.0,Ya,Tidak,Ya,Ya,Ya,Ya,1000000,5,13.815511557963774
Kabupaten Mojokerto,Campur,Magersari,4.9,Ya,Ya,Ya,Ya,Ya,Ya,1250000,6,14.038654909278163
Kabupaten Mojokerto,Putri,Kecamatan Sooko,0.0,Tidak,Ya,Ya,Tidak,Ya,Ya,675000,4,13.42246945133505
Kabupaten Mojokerto,Campur,Kecamatan Magersari,0.0,Ya,Ya,Ya,Ya,Ya,Ya,1000000,6,13.815511557963774
Kabupaten Mojokerto,Campur,Kecamatan Mojoanyar,0.0,Tidak,Tidak,Ya,Tidak,Ya,Ya,700000,3,13.45883704259595
Kabupaten Mojokerto,Putri,Kecamatan Sooko,0.0,Tidak,Ya,Ya,Tidak,Ya,Ya,650000,4,13.384729180332174
Kabupaten Mojokerto,Putri,Mojosari,0.0,Ya,Ya,Ya,Ya,Ya,Ya,1300000,6,14.077875591662238
Kabupaten Mojokerto,Putra,Kecamatan Prajurit Kulon,0.0,Ya,Ya,Ya,Tidak,Ya,Ya,980000,5,13.795308871054397
Kabupaten Mojokerto,Campur,Mojosari,0.0,Tidak,Tidak,Ya,Tidak,Ya,Ya,450000,3,13.017005083966255
Kabupaten Mojokerto,Putri,Prajurit Kulon,0.0,Tidak,Tidak,Ya,Ya,Tidak,Ya,500000,3,13.122365377402328
Kabupaten Mojokerto,Putri,Magersari,0.0,Tidak,Tidak,Ya,Ya,Ya,Ya,650000,4,13.384729180332174
Kabupaten Mojokerto,Campur,Kecamatan Jetis,0.0,Tidak,Ya,Ya,Tidak,Tidak,Ya,550000,3,13.217675375388819
Kabupaten Mojokerto,Putri,Pungging,0.0,Tidak,Tidak,Ya,Tidak,Ya,Ya,600000,3,13.304686600863562
Kabupaten Mojokerto,Campur,Prajurit Kulon,0.0,Ya,Ya,Ya,Ya,Ya,Ya,1000000,6,13.815511557963774
Kabupaten Mojokerto,Putri,Kecamatan Pungging,0.0,Tidak,Tidak,Ya,Tidak,Tidak,Ya,400000,2,12.899222326086994
Kabupaten Mojokerto,Putri,Kecamatan Magersari,5.0,Tidak,Ya,Ya,Tidak,Tidak,Ya,400000,3,12.899222326086994
Kabupaten Mojokerto,Campur,Sooko,0.0,Ya,Ya,Ya,Ya,Ya,Ya,1000000,6,13.815511557963774
Kabupaten Mojokerto,Putri,Prajurit Kulon,0.0,Ya,Ya,Ya,Ya,Ya,Ya,800000,6,13.592368256649284
Kabupaten Mojokerto,Putra,Mojosari,0.0,Ya,Ya,Ya,Ya,Ya,Ya,1500000,6,14.220976332738882
Kabupaten Mojokerto,Putra,Mojosari,0.0,Ya,Ya,Ya,Ya,Ya,Ya,1500000,6,14.220976332738882
Kabupaten Mojokerto,Putri,Prajurit Kulon,5.0,Ya,Ya,Ya,Ya,Ya,Ya,920000,6,13.732130035981154
Kabupaten Mojokerto,Campur,Mojosari,0.0,Tidak,Ya,Tidak,Tidak,Ya,Tidak,800000,2,13.592368256649284
Kabupaten Mojokerto,Campur,Puri,0.0,Tidak,Ya,Ya,Tidak,Tidak,Ya,500000,3,13.122365377402328
Kabupaten Mojokerto,Campur,Kranggan,0.0,Tidak,Ya,Ya,Ya,Ya,Tidak,600000,4,13.304686600863562
Kabupaten Mojokerto,Putri,Prajurit Kulon,0.0,Tidak,Ya,Ya,Tidak,Tidak,Ya,400000,3,12.899222326086994
Kabupaten Mojokerto,Campur,Mojosari,5.0,Ya,Ya,Ya,Ya,Ya,Tidak,1500000,5,14.220976332738882
Kabupaten Mojokerto,Putra,Magersari,0.0,Tidak,Tidak,Ya,Tidak,Ya,Ya,980000,3,13.795308871054397
Kabupaten Mojokerto,Putri,Puri,0.0,Tidak,Ya,Ya,Tidak,Ya,Ya,450000,4,13.017005083966255
Kabupaten Mojokerto,Putra,Kecamatan Prajurit Kulon,0.0,Tidak,Ya,Ya,Tidak,Ya,Ya,780000,4,13.567050480716235
Kabupaten Mojokerto,Campur,Mojosari,0.0,Tidak,Ya,Ya,Ya,Ya,Ya,400000,5,12.899222326086994
Kabupaten Mojokerto,Campur,Mojosari,5.0,Ya,Ya,Ya,Ya,Ya,Ya,1000000,6,13.815511557963774
Kabupaten Mojokerto,Campur,Kecamatan Mojosari,0.0,Ya,Ya,Ya,Ya,Ya,Ya,1250000,6,14.038654909278163
Kabupaten Mojokerto,Putri,Kecamatan Magersari,0.0,Tidak,Ya,Ya,Tidak,Ya,Tidak,500000,3,13.122365377402328
Kabupaten Mojokerto,Putra,Kecamatan Jetis,0.0,Tidak,Ya,Ya,Tidak,Ya,Ya,500000,4,13.122365377402328
Kabupaten Mojokerto,Putri,Mojosari,0.0,Tidak,Ya,Ya,Tidak,Ya,Ya,600000,4,13.304686600863562
Kabupaten Mojokerto,Campur,Puri,0.0,Tidak,Ya,Ya,Ya,Tidak,Ya,350000,4,12.765691290604371
Kabupaten Mojokerto,Campur,Jetis,0.0,Tidak,Ya,Tidak,Tidak,Tidak,Tidak,400000,1,12.899222326086994
Kabupaten Mojokerto,Campur,Mojosari,0.0,Ya,Ya,Ya,Tidak,Ya,Ya,700000,5,13.45883704259595
Kabupaten Mojokerto,Campur,Magersari,0.0,Ya,Tidak,Ya,Tidak,Ya,Ya,1200000,4,13.997832948091215
Kabupaten Mojokerto,Campur,Mojosari,0.0,Tidak,Ya,Ya,Tidak,Ya,Ya,700000,4,13.45883704259595
Kabupaten Mojokerto,Putra,Magersari,5.0,Tidak,Tidak,Ya,Tidak,Ya,Ya,500000,3,13.122365377402328
Kabupaten Mojokerto,Putra,Kranggan,5.0,Ya,Ya,Ya,Tidak,Ya,Ya,900000,5,13.710151153416941
Kabupaten Mojokerto,Campur,Sooko,0.0,Tidak,Ya,Ya,Ya,Ya,Ya,350000,5,12.765691290604371
Kabupaten Mojokerto,Campur,Kecamatan Prajurit Kulon,5.0,Tidak,Ya,Ya,Ya,Ya,Ya,600000,5,13.304686600863562
Kabupaten Mojokerto,Campur,Kecamatan Mojosari,0.0,Tidak,Tidak,Ya,Ya,Ya,Ya,500000,4,13.122365377402328
Kabupaten Mojokerto,Putri,Kranggan,0.0,Ya,Ya,Ya,Ya,Ya,Ya,650000,6,13.384729180332174
Kabupaten Mojokerto,Putri,Kranggan,0.0,Ya,Ya,Ya,Tidak,Ya,Ya,900000,5,13.710151153416941
Kabupaten Mojokerto,Putra,Magersari,5.0,Ya,Ya,Ya,Tidak,Ya,Ya,750000,5,13.527829818844937
Kabupaten Mojokerto,Campur,Kecamatan Mojosari,0.0,Tidak,Ya,Ya,Ya,Ya,Ya,950000,5,13.76421831620775
Kabupaten Mojokerto,Campur,Mojosari,0.0,Tidak,Ya,Tidak,Tidak,Ya,Ya,500000,3,13.122365377402328
Kabupaten Mojokerto,Putri,Magersari,0.0,Tidak,Tidak,Ya,Ya,Tidak,Ya,550000,3,13.217675375388819
Kabupaten Mojokerto,Campur,Kecamatan Mojosari,0.0,Ya,Ya,Ya,Ya,Ya,Ya,1500000,6,14.220976332738882
Kabupaten Mojokerto,Campur,Kecamatan Mojosari,0.0,Tidak,Tidak,Tidak,Tidak,Tidak,Tidak,750000,0,13.527829818844937
Kabupaten Mojokerto,Putra,Kecamatan Jetis,0.0,Ya,Ya,Ya,Ya,Ya,Tidak,600000,5,13.304686600863562
Kabupaten Mojokerto,Putra,Mojosari,0.0,Tidak,Ya,Ya,Tidak,Ya,Ya,650000,4,13.384729180332174
Kabupaten Mojokerto,Campur,Mojosari,0.0,Ya,Ya,Ya,Tidak,Ya,Ya,1000000,5,13.815511557963774
Kabupaten Mojokerto,Campur,Sooko,0.0,Ya,Ya,Ya,Ya,Ya,Ya,850000,6,13.652992804936396
Kabupaten Mojokerto,Campur,Magersari,0.0,Tidak,Ya,Ya,Tidak,Ya,Tidak,450000,3,13.017005083966255
Kabupaten Mojokerto,Campur,Mojosari,0.0,Tidak,Ya,Ya,Tidak,Ya,Ya,600000,4,13.304686600863562
Kabupaten Mojokerto,Putri,Mojoanyar,0.0,Tidak,Tidak,Ya,Tidak,Ya,Tidak,500000,2,13.122365377402328
Kabupaten Mojokerto,Campur,Kecamatan Prajurit Kulon,0.0,Ya,Ya,Ya,Tidak,Ya,Ya,1200000,5,13.997832948091215
Kabupaten Mojokerto,Campur,Puri,0.0,Tidak,Tidak,Ya,Ya,Ya,Tidak,750000,3,13.527829818844937
Kabupaten Mojokerto,Putri,Mojosari,0.0,Tidak,Ya,Ya,Ya,Ya,Ya,800000,5,13.592368256649284
Kabupaten Mojokerto,Putri,Kecamatan Magersari,0.0,Tidak,Tidak,Ya,Tidak,Ya,Ya,600000,3,13.304686600863562
Kabupaten Mojokerto,Putri,Kecamatan Prajurit Kulon,0.0,Tidak,Ya,Ya,Tidak,Ya,Ya,500000,4,13.122365377402328
Kabupaten Mojokerto,Putra,Sooko,0.0,Tidak,Ya,Ya,Tidak,Ya,Ya,550000,4,13.217675375388819
Kabupaten Mojokerto,Campur,Sooko,0.0,Ya,Ya,Ya,Ya,Ya,Ya,1000000,6,13.815511557963774
Kabupaten Mojokerto,Campur,Kecamatan Prajurit Kulon,5.0,Ya,Tidak,Ya,Ya,Ya,Ya,950000,5,13.76421831620775
Kabupaten Mojokerto,Putri,Kecamatan Magersari,0.0,Ya,Ya,Ya,Ya,Ya,Ya,1100000,6,13.910821646859095
Kabupaten Mojokerto,Putri,Jetis,0.0,Ya,Ya,Ya,Ya,Ya,Ya,1000000,6,13.815511557963774
Kabupaten Mojokerto,Campur,Kecamatan Prajurit Kulon,5.0,Ya,Ya,Ya,Tidak,Ya,Ya,800000,5,13.592368256649284
Kabupaten Mojokerto,Putri,Sooko,0.0,Tidak,Tidak,Ya,Tidak,Ya,Tidak,500000,2,13.122365377402328
Kabupaten Mojokerto,Campur,Kecamatan Prajurit Kulon,0.0,Ya,Ya,Ya,Tidak,Ya,Ya,1200000,5,13.997832948091215
Kabupaten Mojokerto,Putra,Mojoanyar,0.0,Tidak,Tidak,Ya,Tidak,Ya,Ya,500000,3,13.122365377402328
Kabupaten Mojokerto,Putra,Kranggan,5.0,Tidak,Ya,Ya,Tidak,Ya,Tidak,500000,3,13.122365377402328
Kabupaten Mojokerto,Putri,Kecamatan Sooko,0.0,Tidak,Tidak,Ya,Tidak,Tidak,Ya,350000,2,12.765691290604371
Kabupaten Mojokerto,Campur,Kecamatan Magersari,0.0,Ya,Ya,Ya,Ya,Ya,Ya,1000000,6,13.815511557963774
Kabupaten Mojokerto,Putra,Mojoanyar,0.0,Tidak,Ya,Ya,Tidak,Ya,Ya,450000,4,13.017005083966255
Kabupaten Mojokerto,Putri,Kecamatan Prajurit Kulon,0.0,Tidak,Tidak,Ya,Ya,Ya,Ya,800000,4,13.592368256649284
Kabupaten Mojokerto,Campur,Kecamatan Magersari,5.0,Ya,Ya,Ya,Tidak,Ya,Ya,850000,5,13.652992804936396
Kabupaten Mojokerto,Campur,Mojosari,0.0,Ya,Ya,Ya,Ya,Ya,Ya,1000000,6,13.815511557963774
Kabupaten Mojokerto,Campur,Prajurit Kulon,0.0,Tidak,Tidak,Ya,Tidak,Ya,Tidak,500000,2,13.122365377402328
Kabupaten Mojokerto,Campur,Kecamatan Prajurit Kulon,0.0,Ya,Ya,Ya,Tidak,Ya,Ya,1100000,5,13.910821646859095
Kabupaten Mojokerto,Campur,Kecamatan Mojosari,0.0,Tidak,Ya,Ya,Tidak,Ya,Tidak,400000,3,12.899222326086994
Kabupaten Mojokerto,Campur,Kecamatan Prajurit Kulon,0.0,Ya,Ya,Ya,Tidak,Ya,Ya,900000,5,13.710151153416941
Kabupaten Mojokerto,Putri,Kecamatan Mojosari,0.0,Tidak,Ya,Ya,Ya,Ya,Ya,800000,5,13.592368256649284
Kabupaten Mojokerto,Putra,Prajurit Kulon,4.4,Ya,Ya,Ya,Ya,Ya,Ya,800000,6,13.592368256649284
Kabupaten Mojokerto,Campur,Kecamatan Magersari,5.0,Ya,Ya,Ya,Tidak,Ya,Ya,1350000,5,14.115615891155079
Kabupaten Mojokerto,Campur,Kecamatan Prajurit Kulon,0.0,Ya,Ya,Ya,Tidak,Ya,Ya,1300000,5,14.077875591662238
Kabupaten Mojokerto,Campur,Puri,0.0,Ya,Tidak,Ya,Ya,Ya,Ya,1000000,5,13.815511557963774
Kabupaten Mojokerto,Putra,Magersari,0.0,Tidak,Ya,Ya,Tidak,Ya,Tidak,450000,3,13.017005083966255
Kabupaten Mojokerto,Putri,Prajurit Kulon,5.0,Tidak,Ya,Ya,Ya,Ya,Ya,600000,5,13.304686600863562
Kabupaten Mojokerto,Campur,Kecamatan Magersari,0.0,Ya,Ya,Ya,Tidak,Ya,Ya,1250000,5,14.038654909278163
Kabupaten Mojokerto,Campur,Kecamatan Mojoanyar,0.0,Tidak,Ya,Ya,Tidak,Tidak,Ya,350000,3,12.765691290604371
Kabupaten Mojokerto,Campur,Sooko,0.0,Tidak,Ya,Ya,Tidak,Ya,Tidak,500000,3,13.122365377402328
Kabupaten Mojokerto,Campur,Kecamatan Prajurit Kulon,0.0,Tidak,Ya,Ya,Tidak,Ya,Ya,500000,4,13.122365377402328
Kabupaten Mojokerto,Campur,Kecamatan Prajurit Kulon,5.0,Ya,Ya,Ya,Tidak,Ya,Ya,700000,5,13.45883704259595
Kabupaten Mojokerto,Putri,Prajurit Kulon,0.0,Tidak,Tidak,Ya,Tidak,Ya,Ya,500000,3,13.122365377402328
Kabupaten Mojokerto,Campur,Kecamatan Magersari,0.0,Ya,Ya,Ya,Ya,Ya,Ya,1100000,6,13.910821646859095
Kabupaten Mojokerto,Campur,Mojosari,0.0,Tidak,Ya,Ya,Tidak,Ya,Tidak,450000,3,13.017005083966255
Kabupaten Mojokerto,Putra,Kranggan,0.0,Ya,Ya,Ya,Ya,Ya,Ya,900000,6,13.710151153416941
Kabupaten Mojokerto,Campur,Magersari,0.0,Tidak,Ya,Ya,Ya,Ya,Tidak,455000,4,13.02805489573287
Kabupaten Mojokerto,Campur,Kecamatan Prajurit Kulon,0.0,Ya,Ya,Ya,Tidak,Ya,Ya,1300000,5,14.077875591662238
Kabupaten Mojokerto,Campur,Kecamatan Magersari,0.0,Tidak,Tidak,Tidak,Tidak,Ya,Tidak,600000,1,13.304686600863562
Kabupaten Mojokerto,Campur,Magersari,0.0,Tidak,Tidak,Ya,Tidak,Ya,Ya,500000,3,13.122365377402328
Kabupaten Mojokerto,Campur,Kecamatan Magersari,0.0,Ya,Ya,Ya,Tidak,Ya,Ya,1500000,5,14.220976332738882
Kabupaten Mojokerto,Putra,Kecamatan Sooko,4.5,Ya,Ya,Ya,Ya,Ya,Ya,1000000,6,13.815511557963774
Kabupaten Mojokerto,Putra,Jetis,0.0,Ya,Ya,Ya,Ya,Ya,Tidak,600000,5,13.304686600863562
Kabupaten Mojokerto,Campur,Sooko,0.0,Ya,Ya,Ya,Ya,Ya,Ya,1100000,6,13.910821646859095
Kabupaten Mojokerto,Campur,Sooko,0.0,Ya,Tidak,Ya,Ya,Ya,Ya,950000,5,13.76421831620775
Kabupaten Mojokerto,Campur,Kecamatan Mojosari,0.0,Tidak,Tidak,Ya,Tidak,Ya,Tidak,300000,2,12.611541086966115
Kabupaten Mojokerto,Putri,Kecamatan Puri,0.0,Tidak,Ya,Ya,Tidak,Ya,Ya,500000,4,13.122365377402328
Kabupaten Mojokerto,Putri,Prajurit Kulon,5.0,Ya,Ya,Ya,Ya,Ya,Ya,900000,6,13.710151153416941
Kabupaten Mojokerto,Campur,Magersari,0.0,Ya,Ya,Ya,Ya,Ya,Ya,1100000,6,13.910821646859095
Kabupaten Mojokerto,Putra,Kecamatan Mojoanyar,0.0,Tidak,Ya,Ya,Tidak,Ya,Ya,300000,4,12.611541086966115
Kabupaten Mojokerto,Campur,Mojosari,0.0,Tidak,Tidak,Ya,Tidak,Ya,Ya,450000,3,13.017005083966255
Kabupaten Mojokerto,Putri,Magersari,0.0,Ya,Ya,Ya,Tidak,Ya,Ya,1000000,5,13.815511557963774
Kabupaten Mojokerto,Putri,Sooko,0.0,Tidak,Ya,Ya,Ya,Ya,Ya,300000,5,12.611541086966115
Kabupaten Mojokerto,Putri,Kranggan,0.0,Tidak,Ya,Ya,Tidak,Ya,Ya,650000,4,13.384729180332174
Kabupaten Mojokerto,Putri,Kecamatan Prajurit Kulon,0.0,Ya,Ya,Ya,Ya,Ya,Ya,1700000,6,14.346139397261565
Kabupaten Mojokerto,Campur,Kecamatan Magersari,0.0,Ya,Tidak,Ya,Ya,Ya,Ya,1050000,5,13.864301674514206
Kabupaten Mojokerto,Campur,Magersari,0.0,Tidak,Ya,Ya,Tidak,Ya,Tidak,450000,3,13.017005083966255
Kabupaten Mojokerto,Putra,Kecamatan Sooko,0.0,Ya,Ya,Ya,Ya,Ya,Ya,1000000,6,13.815511557963774
Kabupaten Mojokerto,Campur,Kecamatan Prajurit Kulon,0.0,Tidak,Tidak,Ya,Tidak,Ya,Ya,675000,3,13.42246945133505
Kabupaten Mojokerto,Campur,Kecamatan Prajurit Kulon,0.0,Tidak,Ya,Ya,Tidak,Ya,Ya,800000,4,13.592368256649284
Kabupaten Mojokerto,Campur,Mojosari,0.0,Tidak,Tidak,Ya,Tidak,Ya,Ya,500000,3,13.122365377402328
Kabupaten Mojokerto,Putri,Kecamatan Sooko,0.0,Ya,Ya,Ya,Ya,Ya,Ya,1000000,6,13.815511557963774
Kabupaten Mojokerto,Putri,Kecamatan Prajurit Kulon,0.0,Ya,Tidak,Ya,Ya,Ya,Ya,1100000,5,13.910821646859095
Kabupaten Mojokerto,Putri,Kecamatan Prajurit Kulon,0.0,Ya,Tidak,Ya,Ya,Ya,Ya,1200000,5,13.997832948091215
Kabupaten Mojokerto,Campur,Kecamatan Pacet,0.0,Ya,Ya,Ya,Ya,Ya,Ya,700000,6,13.45883704259595
Kabupaten Mojokerto,Putra,Kecamatan Magersari,0.0,Tidak,Ya,Ya,Tidak,Ya,Ya,800000,4,13.592368256649284
Kabupaten Mojokerto,Putra,Prajurit Kulon,5.0,Tidak,Ya,Ya,Ya,Ya,Ya,600000,5,13.304686600863562
Kabupaten Mojokerto,Putri,Prajurit Kulon,0.0,Tidak,Tidak,Ya,Tidak,Ya,Ya,500000,3,13.122365377402328
Kabupaten Mojokerto,Campur,Pungging,0.0,Tidak,Ya,Ya,Tidak,Ya,Ya,500000,4,13.122365377402328
Kabupaten Mojokerto,Campur,Kecamatan Prajurit Kulon,0.0,Ya,Ya,Ya,Tidak,Ya,Ya,1300000,5,14.077875591662238
Kabupaten Mojokerto,Campur,Magersari,0.0,Ya,Ya,Ya,Ya,Ya,Tidak,850000,5,13.652992804936396
Kabupaten Mojokerto,Campur,Mojosari,0.0,Tidak,Ya,Ya,Ya,Ya,Ya,600000,5,13.304686600863562
Kabupaten Mojokerto,Campur,Kecamatan Magersari,0.0,Ya,Ya,Ya,Tidak,Ya,Ya,1000000,5,13.815511557963774
Kabupaten Mojokerto,Putri,Kecamatan Magersari,0.0,Tidak,Ya,Ya,Tidak,Ya,Ya,700000,4,13.45883704259595
Kabupaten Mojokerto,Campur,Kecamatan Prajurit Kulon,0.0,Ya,Ya,Ya,Tidak,Ya,Ya,1500000,5,14.220976332738882
Kabupaten Mojokerto,Campur,Kecamatan Mojosari,0.0,Tidak,Ya,Ya,Tidak,Ya,Tidak,500001,3,13.122367377396328
Kabupaten Mojokerto,Putri,Kecamatan Sooko,0.0,Ya,Ya,Ya,Tidak,Tidak,Ya,1000000,4,13.815511557963774
Kabupaten Mojokerto,Campur,Kecamatan Mojoanyar,0.0,Tidak,Tidak,Ya,Tidak,Ya,Ya,400000,3,12.899222326086994
Kabupaten Mojokerto,Campur,Kecamatan Mojosari,0.0,Tidak,Ya,Ya,Tidak,Tidak,Ya,500000,3,13.122365377402328
Kabupaten Mojokerto,Campur,Kecamatan Mojosari,0.0,Tidak,Ya,Tidak,Tidak,Ya,Tidak,500000,2,13.122365377402328
Kabupaten Mojokerto,Putra,Kecamatan Mojoanyar,0.0,Tidak,Ya,Ya,Tidak,Tidak,Ya,300000,3,12.611541086966115
Kabupaten Mojokerto,Campur,Prajurit Kulon,0.0,Tidak,Tidak,Ya,Tidak,Ya,Tidak,700000,2,13.45883704259595
Kabupaten Mojokerto,Campur,Kecamatan Mojosari,0.0,Tidak,Ya,Ya,Ya,Ya,Tidak,600000,4,13.304686600863562
Kabupaten Mojokerto,Putra,Dawar Blandong,0.0,Tidak,Ya,Ya,Ya,Tidak,Tidak,1500000,3,14.220976332738882
Kabupaten Mojokerto,Campur,Kecamatan Magersari,0.0,Ya,Tidak,Ya,Ya,Ya,Ya,1400000,5,14.151983508870947
Kabupaten Mojokerto,Putra,Sooko,0.0,Ya,Ya,Ya,Ya,Ya,Tidak,1000000,5,13.815511557963774
Kabupaten Mojokerto,Campur,Kecamatan Magersari,0.0,Ya,Tidak,Ya,Ya,Ya,Ya,1300000,5,14.077875591662238
Kabupaten Mojokerto,Putri,Magersari,0.0,Tidak,Ya,Ya,Tidak,Ya,Ya,700000,4,13.45883704259595
Kabupaten Mojokerto,Campur,Mojosari,0.0,Tidak,Ya,Ya,Tidak,Ya,Ya,500000,4,13.122365377402328
Kabupaten Mojokerto,Campur,Magersari,0.0,Tidak,Ya,Ya,Ya,Ya,Ya,700000,5,13.45883704259595
Kabupaten Mojokerto,Putri,Kecamatan Sooko,0.0,Tidak,Ya,Ya,Ya,Tidak,Ya,350000,4,12.765691290604371
Kabupaten Mojokerto,Putri,Prajurit Kulon,0.0,Ya,Ya,Ya,Ya,Ya,Ya,1300000,6,14.077875591662238
Kabupaten Mojokerto,Campur,Mojosari,0.0,Ya,Ya,Ya,Ya,Ya,Tidak,1100000,5,13.910821646859095
Kabupaten Mojokerto,Campur,Kecamatan Magersari,0.0,Ya,Tidak,Ya,Ya,Ya,Ya,1800000,5,14.403297778421795
Kabupaten Mojokerto,Campur,Puri,0.0,Ya,Ya,Ya,Ya,Ya,Ya,850000,6,13.652992804936396
Kabupaten Mojokerto,Putri,Kecamatan Mojosari,0.0,Tidak,Tidak,Ya,Tidak,Tidak,Ya,550000,2,13.217675375388819
Kabupaten Mojokerto,Putri,Kecamatan Prajurit Kulon,0.0,Tidak,Ya,Ya,Tidak,Tidak,Tidak,750000,2,13.527829818844937
Kabupaten Mojokerto,Campur,Kecamatan Magersari,0.0,Tidak,Tidak,Tidak,Tidak,Tidak,Tidak,1166000,0,13.96909050352514
Kabupaten Mojokerto,Putri,Sooko,0.0,Ya,Tidak,Ya,Ya,Ya,Tidak,800000,4,13.592368256649284
Kabupaten Mojokerto,Putri,Sooko,0.0,Ya,Ya,Ya,Tidak,Ya,Ya,1200000,5,13.997832948091215
Kabupaten Mojokerto,Campur,Kecamatan Dawar Blandong,0.0,Tidak,Ya,Ya,Ya,Tidak,Ya,375000,4,12.834683971615659
Kabupaten Mojokerto,Campur,Sooko,0.0,Tidak,Ya,Ya,Ya,Ya,Tidak,700000,4,13.45883704259595
Kabupaten Mojokerto,Putra,Kecamatan Magersari,0.0,Tidak,Ya,Ya,Tidak,Tidak,Ya,500000,3,13.122365377402328
Kabupaten Mojokerto,Campur,Kecamatan Magersari,0.0,Tidak,Ya,Ya,Tidak,Tidak,Ya,600000,3,13.304686600863562
Kabupaten Mojokerto,Putra,Kecamatan Sooko,0.0,Ya,Tidak,Ya,Ya,Ya,Ya,1000000,5,13.815511557963774
Kabupaten Mojokerto,Campur,Mojosari,0.0,Tidak,Ya,Ya,Ya,Ya,Ya,800000,5,13.592368256649284
Kabupaten Mojokerto,Campur,Kecamatan Magersari,0.0,Ya,Ya,Ya,Tidak,Ya,Ya,1300000,5,14.077875591662238
Kabupaten Mojokerto,Campur,Kecamatan Mojosari,0.0,Tidak,Ya,Tidak,Tidak,Ya,Tidak,500000,2,13.122365377402328
Kabupaten Mojokerto,Campur,Magersari,0.0,Tidak,Tidak,Tidak,Tidak,Tidak,Ya,500000,1,13.122365377402328
Kabupaten Mojokerto,Campur,Kecamatan Magersari,0.0,Tidak,Ya,Ya,Tidak,Tidak,Ya,450000,3,13.017005083966255
Kabupaten Mojokerto,Campur,Kecamatan Gedek,0.0,Tidak,Ya,Ya,Tidak,Ya,Tidak,450000,3,13.017005083966255
Kabupaten Mojokerto,Putri,Kecamatan Magersari,0.0,Tidak,Ya,Ya,Ya,Ya,Ya,750000,5,13.527829818844937
Kabupaten Mojokerto,Campur,Kecamatan Mojosari,0.0,Tidak,Ya,Ya,Tidak,Ya,Tidak,400000,3,12.899222326086994
Kabupaten Mojokerto,Campur,Prajurit Kulon,0.0,Tidak,Tidak,Ya,Ya,Ya,Ya,700000,4,13.45883704259595
Kabupaten Mojokerto,Campur,Kecamatan Gedek,0.0,Tidak,Tidak,Tidak,Tidak,Ya,Tidak,600000,1,13.304686600863562
Kabupaten Mojokerto,Putri,Kecamatan Puri,0.0,Tidak,Ya,Ya,Tidak,Tidak,Ya,300000,3,12.611541086966115
Kabupaten Mojokerto,Campur,Kecamatan Magersari,0.0,Ya,Ya,Ya,Tidak,Ya,Ya,1700000,5,14.346139397261565
Kabupaten Mojokerto,Campur,Prajurit Kulon,3.8,Ya,Ya,Ya,Tidak,Ya,Tidak,1000000,4,13.815511557963774
Kabupaten Mojokerto,Campur,Kecamatan Magersari,0.0,Ya,Ya,Ya,Tidak,Ya,Ya,1700000,5,14.346139397261565
Kabupaten Mojokerto,Campur,Kecamatan Sooko,0.0,Tidak,Ya,Ya,Tidak,Ya,Ya,450000,4,13.017005083966255
Kabupaten Mojokerto,Campur,Gedek,0.0,Tidak,Ya,Ya,Tidak,Ya,Tidak,450000,3,13.017005083966255
Kabupaten Mojokerto,Putra,Mojoanyar,0.0,Tidak,Ya,Ya,Tidak,Tidak,Tidak,400000,2,12.899222326086994
Kabupaten Mojokerto,Putri,Kecamatan Mojosari,0.0,Tidak,Tidak,Ya,Tidak,Ya,Tidak,550000,2,13.217675375388819
Kabupaten Mojokerto,Putri,Pungging,0.0,Tidak,Ya,Ya,Tidak,Ya,Ya,550000,4,13.217675375388819
Kabupaten Mojokerto,Campur,Kecamatan Prajurit Kulon,0.0,Ya,Tidak,Ya,Tidak,Ya,Ya,1200000,4,13.997832948091215
Kabupaten Mojokerto,Campur,Puri,0.0,Ya,Tidak,Ya,Tidak,Ya,Tidak,850000,3,13.652992804936396
Kabupaten Mojokerto,Campur,Kecamatan Mojosari,0.0,Tidak,Ya,Tidak,Tidak,Ya,Tidak,600000,2,13.304686600863562
Kabupaten Mojokerto,Putri,Kecamatan Puri,0.0,Tidak,Tidak,Ya,Ya,Tidak,Ya,350000,3,12.765691290604371
Kabupaten Mojokerto,Putri,Magersari,0.0,Tidak,Ya,Ya,Ya,Tidak,Tidak,700000,3,13.45883704259595
Kabupaten Mojokerto,Campur,Kecamatan Mojosari,0.0,Tidak,Ya,Tidak,Tidak,Ya,Tidak,550000,2,13.217675375388819
Kabupaten Mojokerto,Campur,Magersari,0.0,Ya,Tidak,Ya,Ya,Tidak,Tidak,1100000,3,13.910821646859095
Kabupaten Mojokerto,Putri,Prajurit Kulon,0.0,Tidak,Ya,Tidak,Ya,Ya,Tidak,850000,3,13.652992804936396
Kabupaten Mojokerto,Putri,Jatirejo,0.0,Tidak,Ya,Ya,Tidak,Tidak,Ya,500000,3,13.122365377402328
Kabupaten Mojokerto,Campur,Kecamatan Sooko,0.0,Tidak,Ya,Ya,Ya,Ya,Ya,750000,5,13.527829818844937
Kabupaten Mojokerto,Campur,Mojosari,0.0,Tidak,Tidak,Ya,Tidak,Ya,Ya,550000,3,13.217675375388819
Kabupaten Mojokerto,Putra,Sooko,0.0,Tidak,Ya,Ya,Ya,Ya,Tidak,650000,4,13.384729180332174
Kabupaten Mojokerto,Campur,Jetis,0.0,Tidak,Ya,Ya,Tidak,Ya,Ya,700000,4,13.45883704259595
Kabupaten Mojokerto,Putri,Kecamatan Prajurit Kulon,0.0,Tidak,Ya,Ya,Tidak,Ya,Ya,550000,4,13.217675375388819
Kabupaten Mojokerto,Campur,Kecamatan Puri,0.0,Tidak,Tidak,Ya,Tidak,Ya,Ya,500000,3,13.122365377402328
Kabupaten Mojokerto,Campur,Kecamatan Prajurit Kulon,0.0,Tidak,Ya,Ya,Tidak,Ya,Ya,750000,4,13.527829818844937
Kabupaten Mojokerto,Putri,Mojosari,0.0,Tidak,Ya,Ya,Tidak,Tidak,Tidak,550000,2,13.217675375388819
Kabupaten Mojokerto,Campur,Kecamatan Jetis,0.0,Ya,Ya,Ya,Tidak,Ya,Tidak,1000000,4,13.815511557963774
Kabupaten Mojokerto,Campur,Kecamatan Mojosari,0.0,Tidak,Tidak,Ya,Tidak,Tidak,Ya,500000,2,13.122365377402328
Kabupaten Mojokerto,Campur,Magersari,0.0,Tidak,Ya,Ya,Ya,Ya,Tidak,450000,4,13.017005083966255
Kabupaten Mojokerto,Putri,Mojoanyar,0.0,Tidak,Tidak,Ya,Tidak,Tidak,Tidak,500000,1,13.122365377402328
Kabupaten Mojokerto,Putra,Kecamatan Magersari,0.0,Tidak,Ya,Ya,Tidak,Ya,Ya,750000,4,13.527829818844937
Kabupaten Mojokerto,Putri,Kecamatan Magersari,0.0,Tidak,Ya,Ya,Ya,Tidak,Tidak,550000,3,13.217675375388819
Kabupaten Mojokerto,Campur,Kecamatan Magersari,0.0,Tidak,Ya,Ya,Ya,Ya,Ya,700000,5,13.45883704259595
Kabupaten Mojokerto,Putri,Prajurit Kulon,0.0,Tidak,Tidak,Ya,Tidak,Ya,Ya,600000,3,13.304686600863562
Kabupaten Nganjuk,Campur,Kecamatan Nganjuk,0.0,Ya,Ya,Ya,Ya,Ya,Ya,500000,6,13.122365377402328
Kabupaten Nganjuk,Campur,Nganjuk,0.0,Ya,Ya,Ya,Ya,Ya,Ya,1000000,6,13.815511557963774
Kabupaten Nganjuk,Putra,Nganjuk,0.0,Tidak,Ya,Ya,Ya,Tidak,Ya,500000,4,13.122365377402328
Kabupaten Nganjuk,Putri,Nganjuk,0.0,Tidak,Ya,Ya,Ya,Tidak,Ya,400000,4,12.899222326086994
Kabupaten Nganjuk,Campur,Kecamatan Nganjuk,0.0,Ya,Ya,Ya,Tidak,Ya,Ya,1200000,5,13.997832948091215
Kabupaten Nganjuk,Putri,Kecamatan Nganjuk,0.0,Ya,Ya,Ya,Ya,Ya,Ya,1000000,6,13.815511557963774
Kabupaten Nganjuk,Campur,Kecamatan Nganjuk,0.0,Ya,Ya,Ya,Ya,Ya,Ya,1500000,6,14.220976332738882
Kabupaten Nganjuk,Putra,Nganjuk,4.6,Tidak,Tidak,Ya,Tidak,Tidak,Ya,400000,2,12.899222326086994
Kabupaten Nganjuk,Putra,Nganjuk,4.8,Ya,Ya,Ya,Ya,Ya,Ya,1000000,6,13.815511557963774
Kabupaten Nganjuk,Putri,Nganjuk,5.0,Ya,Tidak,Ya,Ya,Ya,Ya,850000,5,13.652992804936396
Kabupaten Nganjuk,Putra,Kecamatan Nganjuk,0.0,Tidak,Tidak,Ya,Ya,Ya,Ya,725000,4,13.493928313146206
Kabupaten Nganjuk,Campur,Kecamatan Nganjuk,0.0,Tidak,Tidak,Ya,Tidak,Ya,Ya,700000,3,13.45883704259595
Kabupaten Nganjuk,Putri,Kecamatan Nganjuk,0.0,Ya,Ya,Ya,Ya,Ya,Tidak,1000000,5,13.815511557963774
Kabupaten Nganjuk,Campur,Kecamatan Nganjuk,0.0,Ya,Ya,Ya,Ya,Tidak,Tidak,1000000,4,13.815511557963774
Kabupaten Nganjuk,Putra,Kecamatan Nganjuk,4.5,Tidak,Tidak,Ya,Ya,Tidak,Ya,410000,3,12.923914877701906
Kabupaten Nganjuk,Putra,Kecamatan Nganjuk,0.0,Tidak,Tidak,Tidak,Tidak,Tidak,Tidak,400000,0,12.899222326086994
Kabupaten Nganjuk,Campur,Kecamatan Nganjuk,0.0,Tidak,Ya,Ya,Ya,Ya,Ya,750000,5,13.527829818844937
Kabupaten Nganjuk,Campur,Kecamatan Nganjuk,0.0,Tidak,Ya,Ya,Ya,Ya,Tidak,700000,4,13.45883704259595
Kabupaten Nganjuk,Putra,Nganjuk,5.0,Tidak,Ya,Ya,Ya,Ya,Ya,650000,5,13.384729180332174
Kabupaten Nganjuk,Campur,Kecamatan Nganjuk,0.0,Ya,Ya,Ya,Ya,Ya,Ya,1100000,6,13.910821646859095
Kabupaten Nganjuk,Campur,Kecamatan Nganjuk,0.0,Tidak,Ya,Ya,Ya,Ya,Ya,900000,5,13.710151153416941
Kabupaten Nganjuk,Putri,Kecamatan Loceret,0.0,Tidak,Tidak,Ya,Ya,Ya,Ya,400000,4,12.899222326086994
Kabupaten Nganjuk,Putra,Nganjuk,0.0,Tidak,Ya,Ya,Tidak,Tidak,Tidak,350000,2,12.765691290604371
Kabupaten Nganjuk,Putri,Nganjuk,0.0,Tidak,Ya,Ya,Ya,Ya,Ya,700000,5,13.45883704259595
Kabupaten Nganjuk,Putri,Kecamatan Nganjuk,0.0,Tidak,Tidak,Ya,Ya,Tidak,Ya,450000,3,13.017005083966255
Kabupaten Nganjuk,Campur,Kecamatan Nganjuk,0.0,Tidak,Ya,Ya,Tidak,Ya,Tidak,800000,3,13.592368256649284
Kabupaten Nganjuk,Putri,Kecamatan Nganjuk,0.0,Ya,Tidak,Ya,Ya,Ya,Ya,1100000,5,13.910821646859095
Kabupaten Nganjuk,Putra,Kecamatan Nganjuk,0.0,Ya,Ya,Ya,Ya,Ya,Ya,850000,6,13.652992804936396
Kabupaten Nganjuk,Putri,Kecamatan Nganjuk,0.0,Tidak,Tidak,Ya,Ya,Tidak,Tidak,400000,2,12.899222326086994
Kabupaten Nganjuk,Putri,Kecamatan Nganjuk,0.0,Tidak,Ya,Ya,Tidak,Tidak,Ya,500000,3,13.122365377402328
Kabupaten Nganjuk,Putri,Kecamatan Nganjuk,0.0,Tidak,Ya,Ya,Tidak,Ya,Ya,500000,4,13.122365377402328
Kabupaten Nganjuk,Putra,Nganjuk,0.0,Tidak,Tidak,Ya,Ya,Ya,Ya,400000,4,12.899222326086994
Kabupaten Nganjuk,Campur,Nganjuk,0.0,Tidak,Ya,Ya,Tidak,Tidak,Tidak,400000,2,12.899222326086994
Kabupaten Nganjuk,Campur,Nganjuk,0.0,Tidak,Ya,Ya,Tidak,Tidak,Ya,400000,3,12.899222326086994
Kabupaten Nganjuk,Putri,Nganjuk,0.0,Ya,Ya,Ya,Ya,Ya,Ya,1200000,6,13.997832948091215
Kabupaten Nganjuk,Putri,Kecamatan Loceret,0.0,Ya,Ya,Ya,Ya,Ya,Ya,1000000,6,13.815511557963774
Kabupaten Nganjuk,Campur,Bagor,0.0,Ya,Ya,Ya,Tidak,Ya,Ya,1100000,5,13.910821646859095
Kabupaten Nganjuk,Putra,Bagor,0.0,Tidak,Tidak,Ya,Tidak,Ya,Ya,375000,3,12.834683971615659
Kabupaten Nganjuk,Putra,Kecamatan Loceret,0.0,Ya,Ya,Ya,Ya,Tidak,Ya,700000,5,13.45883704259595
Kabupaten Nganjuk,Putri,Kecamatan Nganjuk,0.0,Tidak,Tidak,Ya,Ya,Ya,Ya,800000,4,13.592368256649284
Kabupaten Nganjuk,Putri,Kecamatan Nganjuk,0.0,Tidak,Ya,Ya,Tidak,Tidak,Ya,350000,3,12.765691290604371
Kabupaten Nganjuk,Campur,Nganjuk,0.0,Tidak,Tidak,Ya,Tidak,Tidak,Tidak,325000,1,12.691583538230217
Kabupaten Nganjuk,Campur,Kecamatan Nganjuk,0.0,Tidak,Tidak,Ya,Ya,Ya,Tidak,700000,3,13.45883704259595
Kabupaten Nganjuk,Campur,Kecamatan Bagor,0.0,Tidak,Ya,Ya,Tidak,Ya,Ya,450000,4,13.017005083966255
Kabupaten Nganjuk,Putra,Kecamatan Nganjuk,0.0,Tidak,Ya,Ya,Ya,Tidak,Ya,285000,4,12.560247968016562
Kabupaten Nganjuk,Putri,Kecamatan Nganjuk,0.0,Tidak,Ya,Ya,Ya,Tidak,Ya,300000,4,12.611541086966115
Kabupaten Nganjuk,Campur,Nganjuk,0.0,Ya,Tidak,Ya,Ya,Ya,Ya,1100000,5,13.910821646859095
Kabupaten Nganjuk,Campur,Nganjuk,0.0,Tidak,Ya,Ya,Ya,Ya,Ya,700000,5,13.45883704259595
Kabupaten Nganjuk,Campur,Nganjuk,0.0,Ya,Ya,Ya,Ya,Ya,Ya,1000000,6,13.815511557963774
Kabupaten Nganjuk,Putri,Kecamatan Nganjuk,5.0,Tidak,Tidak,Ya,Tidak,Tidak,Ya,250000,2,12.429220196836383
Kabupaten Nganjuk,Putri,Kecamatan Nganjuk,0.0,Ya,Tidak,Ya,Ya,Ya,Ya,800000,5,13.592368256649284
Kabupaten Nganjuk,Campur,Kecamatan Nganjuk,0.0,Tidak,Tidak,Ya,Tidak,Ya,Tidak,500000,2,13.122365377402328
Kabupaten Nganjuk,Putra,Nganjuk,0.0,Ya,Ya,Ya,Ya,Ya,Ya,850000,6,13.652992804936396
Kabupaten Nganjuk,Campur,Nganjuk,0.0,Tidak,Tidak,Ya,Tidak,Tidak,Tidak,250000,1,12.429220196836383
Kabupaten Nganjuk,Campur,Kecamatan Nganjuk,0.0,Ya,Ya,Ya,Ya,Ya,Ya,800000,6,13.592368256649284
Kabupaten Nganjuk,Putri,Kecamatan Nganjuk,0.0,Tidak,Ya,Ya,Ya,Tidak,Ya,600000,4,13.304686600863562
Kabupaten Nganjuk,Campur,Kecamatan Nganjuk,0.0,Tidak,Ya,Tidak,Tidak,Ya,Tidak,525000,2,13.171155446333852
Kabupaten Nganjuk,Putri,Kecamatan Nganjuk,0.0,Tidak,Ya,Ya,Tidak,Tidak,Tidak,350000,2,12.765691290604371
Kabupaten Nganjuk,Putri,Nganjuk,0.0,Tidak,Ya,Ya,Tidak,Tidak,Ya,450000,3,13.017005083966255
Kabupaten Nganjuk,Campur,Nganjuk,4.8,Tidak,Tidak,Ya,Ya,Ya,Tidak,425000,3,12.959846800844963
Kabupaten Nganjuk,Campur,Nganjuk,0.0,Ya,Ya,Ya,Ya,Ya,Ya,1800000,6,14.403297778421795
Kabupaten Nganjuk,Putri,Nganjuk,5.0,Tidak,Tidak,Ya,Ya,Tidak,Tidak,500000,2,13.122365377402328
Kabupaten Nganjuk,Campur,Kecamatan Nganjuk,0.0,Tidak,Ya,Ya,Tidak,Ya,Ya,600000,4,13.304686600863562
Kabupaten Nganjuk,Putri,Nganjuk,4.6,Tidak,Ya,Ya,Tidak,Tidak,Ya,350000,3,12.765691290604371
Kabupaten Ngawi,Putri,Ngawi,0.0,Ya,Tidak,Ya,Ya,Ya,Ya,850000,5,13.652992804936396
Kabupaten Ngawi,Campur,Ngawi,0.0,Ya,Tidak,Ya,Ya,Ya,Ya,1200000,5,13.997832948091215
Kabupaten Ngawi,Putri,Ngawi,0.0,Ya,Tidak,Ya,Ya,Ya,Ya,1500000,5,14.220976332738882
Kabupaten Ngawi,Putri,Ngawi,0.0,Ya,Tidak,Ya,Ya,Ya,Ya,900000,5,13.710151153416941
Kabupaten Ngawi,Putra,Kecamatan Ngawi,0.0,Ya,Ya,Ya,Ya,Ya,Ya,1000000,6,13.815511557963774
Kabupaten Ngawi,Campur,Ngawi,0.0,Tidak,Ya,Ya,Tidak,Ya,Tidak,600000,3,13.304686600863562
Kabupaten Ngawi,Putri,Ngawi,0.0,Tidak,Ya,Ya,Ya,Ya,Ya,850000,5,13.652992804936396
Kabupaten Ngawi,Putri,Kecamatan Ngawi,0.0,Ya,Ya,Ya,Ya,Ya,Tidak,1100000,5,13.910821646859095
Kabupaten Ngawi,Putri,Kecamatan Ngawi,0.0,Tidak,Tidak,Ya,Tidak,Tidak,Ya,500000,2,13.122365377402328
Kabupaten Ngawi,Putri,Ngawi,0.0,Tidak,Tidak,Ya,Tidak,Ya,Ya,600000,3,13.304686600863562
Kabupaten Ngawi,Campur,Ngawi,0.0,Ya,Ya,Ya,Ya,Ya,Ya,1200000,6,13.997832948091215
Kabupaten Ngawi,Putra,Ngawi,0.0,Tidak,Tidak,Ya,Tidak,Tidak,Ya,350000,2,12.765691290604371
Kabupaten Ngawi,Putri,Kecamatan Ngawi,0.0,Ya,Ya,Ya,Ya,Ya,Ya,1000000,6,13.815511557963774
Kabupaten Ngawi,Campur,Ngawi,0.0,Ya,Ya,Ya,Ya,Ya,Ya,1300001,6,14.07787636089212
Kabupaten Ngawi,Campur,Ngawi,0.0,Tidak,Tidak,Ya,Tidak,Ya,Ya,500000,3,13.122365377402328
Kabupaten Ngawi,Campur,Kecamatan Ngawi,0.0,Tidak,Ya,Ya,Tidak,Ya,Tidak,500000,3,13.122365377402328
Kabupaten Ngawi,Putri,Ngawi,0.0,Tidak,Tidak,Ya,Tidak,Ya,Tidak,800000,2,13.592368256649284
Kabupaten Ngawi,Campur,Ngawi,0.0,Ya,Tidak,Ya,Ya,Ya,Ya,1200000,5,13.997832948091215
Kabupaten Ngawi,Putri,Kecamatan Ngawi,0.0,Ya,Tidak,Ya,Ya,Ya,Ya,950000,5,13.76421831620775
Kabupaten Ngawi,Campur,Ngawi,0.0,Ya,Ya,Ya,Tidak,Ya,Ya,950000,5,13.76421831620775
Kabupaten Ngawi,Putri,Ngawi,0.0,Tidak,Ya,Tidak,Ya,Tidak,Tidak,300000,2,12.611541086966115
Kabupaten Ngawi,Campur,Ngawi,0.0,Ya,Tidak,Ya,Ya,Ya,Ya,1100000,5,13.910821646859095
Kabupaten Ngawi,Putra,Kecamatan Ngawi,0.0,Tidak,Ya,Ya,Tidak,Tidak,Ya,600000,3,13.304686600863562
Kabupaten Ngawi,Putra,Kecamatan Ngawi,0.0,Tidak,Tidak,Ya,Tidak,Tidak,Ya,300000,2,12.611541086966115
Kabupaten Ngawi,Putri,Ngawi,0.0,Tidak,Tidak,Ya,Ya,Ya,Ya,650000,4,13.384729180332174
Kabupaten Pacitan,Putra,Pacitan,0.0,Tidak,Ya,Ya,Tidak,Tidak,Tidak,400000,2,12.899222326086994
Kabupaten Pacitan,Putra,Pacitan,0.0,Ya,Ya,Ya,Ya,Ya,Tidak,750000,5,13.527829818844937
Kabupaten Pacitan,Putra,Pacitan,0.0,Ya,Ya,Ya,Ya,Tidak,Tidak,600000,4,13.304686600863562
Kabupaten Pacitan,Putra,Kecamatan Pacitan,0.0,Tidak,Ya,Ya,Ya,Ya,Tidak,500000,4,13.122365377402328
Kabupaten Pacitan,Putra,Pacitan,0.0,Tidak,Ya,Ya,Ya,Ya,Tidak,400000,4,12.899222326086994
Kabupaten Pasuruan,Campur,Kecamatan Panggungrejo,0.0,Tidak,Ya,Ya,Ya,Ya,Ya,800000,5,13.592368256649284
Kabupaten Pasuruan,Putri,Kecamatan Purworejo,0.0,Tidak,Ya,Ya,Tidak,Ya,Tidak,650000,3,13.384729180332174
Kabupaten Pasuruan,Putri,Bugulkidul,5.0,Tidak,Ya,Ya,Tidak,Ya,Ya,485000,4,13.091906231773164
Kabupaten Pasuruan,Campur,Purworejo,5.0,Ya,Ya,Ya,Ya,Ya,Ya,1200000,6,13.997832948091215
Kabupaten Pasuruan,Putri,Kecamatan Purworejo,0.0,Tidak,Ya,Ya,Tidak,Tidak,Ya,550000,3,13.217675375388819
Kabupaten Pasuruan,Putri,Bugulkidul,0.0,Tidak,Ya,Ya,Tidak,Tidak,Ya,460000,3,13.038983942375959
Kabupaten Pasuruan,Campur,Kecamatan Purworejo,0.0,Ya,Ya,Ya,Ya,Ya,Ya,1150000,6,13.955273369904273
Kabupaten Pasuruan,Campur,Kecamatan Panggungrejo,0.0,Ya,Ya,Ya,Ya,Ya,Ya,1200000,6,13.997832948091215
Kabupaten Pasuruan,Putra,Bugulkidul,0.0,Tidak,Tidak,Ya,Tidak,Tidak,Tidak,475000,1,13.07107218827772
Kabupaten Pasuruan,Campur,Kecamatan Panggungrejo,0.0,Ya,Ya,Ya,Ya,Ya,Ya,1100000,6,13.910821646859095
Kabupaten Pasuruan,Putri,Kecamatan Gadingrejo,0.0,Ya,Ya,Ya,Ya,Ya,Ya,1000000,6,13.815511557963774
Kabupaten Pasuruan,Campur,Kecamatan Gadingrejo,0.0,Ya,Ya,Ya,Ya,Tidak,Ya,1500000,5,14.220976332738882
Kabupaten Pasuruan,Putra,Bugulkidul,0.0,Tidak,Ya,Ya,Tidak,Tidak,Ya,550000,3,13.217675375388819
Kabupaten Pasuruan,Putri,Purworejo,0.0,Tidak,Tidak,Ya,Ya,Tidak,Ya,550000,3,13.217675375388819
Kabupaten Pasuruan,Campur,Kecamatan Purworejo,0.0,Tidak,Ya,Ya,Tidak,Ya,Ya,700000,4,13.45883704259595
Kabupaten Pasuruan,Campur,Kecamatan Gadingrejo,0.0,Tidak,Ya,Ya,Tidak,Ya,Ya,650000,4,13.384729180332174
Kabupaten Pasuruan,Campur,Purworejo,0.0,Ya,Tidak,Ya,Ya,Ya,Ya,1800000,5,14.403297778421795
Kabupaten Pasuruan,Putri,Bugulkidul,0.0,Tidak,Ya,Ya,Ya,Tidak,Ya,600000,4,13.304686600863562
Kabupaten Pasuruan,Putri,Kecamatan Panggungrejo,0.0,Tidak,Tidak,Ya,Tidak,Tidak,Ya,400000,2,12.899222326086994
Kabupaten Pasuruan,Putra,Bugulkidul,0.0,Tidak,Ya,Ya,Tidak,Ya,Tidak,600000,3,13.304686600863562
Kabupaten Pasuruan,Putra,Panggungrejo,0.0,Tidak,Tidak,Ya,Ya,Ya,Tidak,700000,3,13.45883704259595
Kabupaten Pasuruan,Campur,Kecamatan Bugulkidul,0.0,Ya,Ya,Ya,Ya,Ya,Ya,1350000,6,14.115615891155079
Kabupaten Pasuruan,Putra,Bugulkidul,0.0,Ya,Ya,Ya,Tidak,Ya,Tidak,1000000,4,13.815511557963774
Kabupaten Pasuruan,Putri,Purworejo,0.0,Ya,Tidak,Ya,Ya,Tidak,Ya,850000,4,13.652992804936396
Kabupaten Pasuruan,Putra,Panggungrejo,0.0,Ya,Tidak,Ya,Ya,Ya,Tidak,900000,4,13.710151153416941
Kabupaten Pasuruan,Campur,Bugulkidul,0.0,Ya,Ya,Ya,Ya,Ya,Ya,1550000,6,14.253766134056512
Kabupaten Pasuruan,Putra,Bugulkidul,0.0,Tidak,Ya,Ya,Ya,Ya,Ya,600000,5,13.304686600863562
Kabupaten Pasuruan,Putri,Panggungrejo,0.0,Tidak,Ya,Ya,Ya,Ya,Ya,450000,5,13.017005083966255
Kabupaten Pasuruan,Putra,Kecamatan Bugulkidul,0.0,Ya,Tidak,Ya,Ya,Ya,Ya,850000,5,13.652992804936396
Kabupaten Pasuruan,Campur,Kecamatan Gadingrejo,0.0,Ya,Ya,Ya,Tidak,Ya,Ya,800000,5,13.592368256649284
Kabupaten Pasuruan,Campur,Purworejo,0.0,Ya,Tidak,Ya,Ya,Ya,Ya,1500000,5,14.220976332738882
Kabupaten Pasuruan,Putri,Bugulkidul,0.0,Tidak,Tidak,Ya,Ya,Tidak,Tidak,500000,2,13.122365377402328
Kabupaten Pasuruan,Putri,Kecamatan Panggungrejo,0.0,Ya,Tidak,Ya,Ya,Ya,Ya,500000,5,13.122365377402328
Kabupaten Pasuruan,Putri,Kecamatan Purworejo,0.0,Tidak,Tidak,Tidak,Tidak,Ya,Tidak,600000,1,13.304686600863562
Kabupaten Pasuruan,Putri,Panggungrejo,0.0,Tidak,Tidak,Ya,Ya,Tidak,Ya,500000,3,13.122365377402328
Kabupaten Pasuruan,Putra,Kecamatan Purworejo,0.0,Ya,Tidak,Ya,Ya,Ya,Ya,1100000,5,13.910821646859095
Kabupaten Pasuruan,Putra,Kecamatan Panggungrejo,0.0,Tidak,Ya,Ya,Tidak,Tidak,Tidak,550000,2,13.217675375388819
Kabupaten Pasuruan,Putra,Purworejo,0.0,Tidak,Ya,Tidak,Ya,Tidak,Tidak,600000,2,13.304686600863562
Kabupaten Pasuruan,Putra,Panggungrejo,0.0,Tidak,Ya,Ya,Tidak,Tidak,Tidak,350000,2,12.765691290604371
Kabupaten Pasuruan,Campur,Panggungrejo,0.0,Tidak,Ya,Ya,Tidak,Tidak,Ya,550000,3,13.217675375388819
Kabupaten Pasuruan,Putri,Purworejo,0.0,Ya,Ya,Ya,Tidak,Ya,Ya,1500000,5,14.220976332738882
Kabupaten Pasuruan,Campur,Kecamatan Purworejo,0.0,Ya,Tidak,Ya,Tidak,Ya,Ya,1000000,4,13.815511557963774
Kabupaten Pasuruan,Putri,Gadingrejo,0.0,Tidak,Tidak,Ya,Tidak,Tidak,Tidak,400000,1,12.899222326086994
Kabupaten Pasuruan,Campur,Kecamatan Purworejo,0.0,Tidak,Ya,Ya,Ya,Ya,Tidak,500000,4,13.122365377402328
Kabupaten Pasuruan,Putri,Kecamatan Bugul Kidul,0.0,Tidak,Tidak,Ya,Tidak,Ya,Ya,600000,3,13.304686600863562
Kabupaten Pasuruan,Putra,Kecamatan Bugulkidul,0.0,Tidak,Tidak,Ya,Ya,Ya,Ya,600000,4,13.304686600863562
Kabupaten Pasuruan,Putra,Purworejo,0.0,Tidak,Ya,Ya,Tidak,Tidak,Tidak,500000,2,13.122365377402328
Kabupaten Pasuruan,Putra,Kecamatan Purworejo,0.0,Tidak,Ya,Ya,Tidak,Tidak,Ya,330000,3,12.706850963741102
Kabupaten Pasuruan,Campur,Panggungrejo,0.0,Tidak,Ya,Ya,Tidak,Tidak,Ya,380000,3,12.847929163278053
Kabupaten Pasuruan,Putri,Kecamatan Purworejo,0.0,Tidak,Ya,Ya,Ya,Tidak,Ya,600000,4,13.304686600863562
Kabupaten Pasuruan,Campur,Panggungrejo,0.0,Tidak,Tidak,Ya,Ya,Tidak,Tidak,500000,2,13.122365377402328
Kabupaten Pasuruan,Putri,Panggungrejo,0.0,Tidak,Tidak,Ya,Tidak,Ya,Ya,600000,3,13.304686600863562
Kabupaten Pasuruan,Campur,Kecamatan Purworejo,0.0,Ya,Ya,Ya,Ya,Ya,Tidak,1500000,5,14.220976332738882
Kabupaten Pasuruan,Campur,Kecamatan Purworejo,0.0,Tidak,Ya,Ya,Tidak,Ya,Tidak,700000,3,13.45883704259595
Kabupaten Pasuruan,Campur,Kecamatan Bugul Kidul,0.0,Tidak,Tidak,Tidak,Tidak,Ya,Tidak,750000,1,13.527829818844937
Kabupaten Pasuruan,Putri,Panggungrejo,0.0,Tidak,Tidak,Ya,Tidak,Ya,Ya,600000,3,13.304686600863562
Kabupaten Pasuruan,Campur,Bugulkidul,0.0,Tidak,Ya,Ya,Tidak,Ya,Ya,600000,4,13.304686600863562
Kabupaten Pasuruan,Putri,Bugulkidul,0.0,Tidak,Ya,Ya,Ya,Tidak,Tidak,475000,3,13.07107218827772
Kabupaten Pasuruan,Campur,Kecamatan Gadingrejo,0.0,Ya,Ya,Ya,Tidak,Ya,Ya,800000,5,13.592368256649284
Kabupaten Pasuruan,Campur,Purworejo,0.0,Tidak,Ya,Ya,Tidak,Ya,Tidak,500000,3,13.122365377402328
Kabupaten Pasuruan,Campur,Gadingrejo,0.0,Tidak,Tidak,Ya,Tidak,Tidak,Tidak,400000,1,12.899222326086994
Kabupaten Pasuruan,Putra,Bugulkidul,0.0,Ya,Tidak,Ya,Ya,Ya,Tidak,700000,4,13.45883704259595
Kabupaten Pasuruan,Putra,Panggungrejo,0.0,Tidak,Ya,Ya,Ya,Tidak,Tidak,400000,3,12.899222326086994
Kabupaten Pasuruan,Putra,Purworejo,0.0,Tidak,Tidak,Ya,Tidak,Tidak,Tidak,280000,1,12.54254845357358
Kabupaten Pasuruan,Putri,Kecamatan Purworejo,0.0,Tidak,Tidak,Ya,Tidak,Ya,Ya,650000,3,13.384729180332174
Kabupaten Pasuruan,Campur,Purworejo,0.0,Tidak,Ya,Ya,Ya,Tidak,Tidak,300000,3,12.611541086966115
Kabupaten Pasuruan,Putra,Gadingrejo,0.0,Tidak,Ya,Ya,Tidak,Tidak,Tidak,450000,2,13.017005083966255
Kabupaten Pasuruan,Putri,Kecamatan Panggungrejo,0.0,Tidak,Tidak,Ya,Tidak,Ya,Ya,550000,3,13.217675375388819
Kabupaten Pasuruan,Putri,Panggungrejo,0.0,Ya,Ya,Ya,Ya,Ya,Ya,1050000,6,13.864301674514206
Kabupaten Pasuruan,Putra,Bugulkidul,0.0,Tidak,Tidak,Ya,Tidak,Tidak,Tidak,600000,1,13.304686600863562
Kabupaten Pasuruan,Campur,Panggungrejo,0.0,Ya,Ya,Ya,Ya,Ya,Ya,650000,6,13.384729180332174
Kabupaten Pasuruan,Putri,Gadingrejo,0.0,Ya,Tidak,Ya,Tidak,Tidak,Tidak,700000,2,13.45883704259595
Kabupaten Pasuruan,Campur,Bugulkidul,5.0,Tidak,Ya,Ya,Tidak,Tidak,Ya,400000,3,12.899222326086994
Kabupaten Pasuruan,Campur,Panggungrejo,0.0,Tidak,Tidak,Ya,Tidak,Ya,Ya,550000,3,13.217675375388819
Kabupaten Pasuruan,Putra,Purworejo,0.0,Tidak,Tidak,Ya,Ya,Ya,Tidak,600000,3,13.304686600863562
Kabupaten Pasuruan,Putri,Bugulkidul,0.0,Tidak,Ya,Ya,Ya,Tidak,Tidak,400000,3,12.899222326086994
Kabupaten Pasuruan,Putra,Bugulkidul,0.0,Tidak,Tidak,Ya,Tidak,Tidak,Tidak,500000,1,13.122365377402328
Kabupaten Pasuruan,Putri,Kecamatan Bugul Kidul,0.0,Tidak,Ya,Ya,Ya,Tidak,Ya,600000,4,13.304686600863562
Kabupaten Pasuruan,Campur,Kecamatan Panggungrejo,0.0,Tidak,Tidak,Ya,Tidak,Tidak,Tidak,500000,1,13.122365377402328
Kabupaten Ponorogo,Campur,Kecamatan Ponorogo,0.0,Tidak,Tidak,Ya,Tidak,Ya,Ya,600000,3,13.304686600863562
Kabupaten Ponorogo,Campur,Kecamatan Ponorogo,0.0,Tidak,Tidak,Ya,Ya,Ya,Ya,950000,4,13.76421831620775
Kabupaten Ponorogo,Putri,Kecamatan Babadan,0.0,Tidak,Ya,Ya,Tidak,Ya,Ya,500000,4,13.122365377402328
Kabupaten Ponorogo,Putri,Siman,0.0,Tidak,Tidak,Ya,Tidak,Ya,Ya,500000,3,13.122365377402328
Kabupaten Ponorogo,Campur,Ponorogo,0.0,Ya,Ya,Ya,Tidak,Tidak,Ya,1000000,4,13.815511557963774
Kabupaten Ponorogo,Putri,Ponorogo,0.0,Tidak,Tidak,Ya,Tidak,Ya,Ya,380000,3,12.847929163278053
Kabupaten Ponorogo,Campur,Ponorogo,0.0,Ya,Ya,Ya,Tidak,Tidak,Ya,1350000,4,14.115615891155079
Kabupaten Ponorogo,Campur,Ponorogo,0.0,Tidak,Ya,Ya,Tidak,Tidak,Ya,600000,3,13.304686600863562
Kabupaten Ponorogo,Campur,Kauman,0.0,Ya,Ya,Ya,Ya,Ya,Ya,1500000,6,14.220976332738882
Kabupaten Ponorogo,Putri,Ponorogo,0.0,Tidak,Tidak,Ya,Ya,Ya,Ya,600000,4,13.304686600863562
Kabupaten Ponorogo,Putri,Ponorogo,0.0,Tidak,Ya,Ya,Ya,Ya,Ya,500000,5,13.122365377402328
Kabupaten Ponorogo,Campur,Kecamatan Ponorogo,0.0,Ya,Tidak,Ya,Ya,Ya,Ya,950000,5,13.76421831620775
Kabupaten Ponorogo,Putra,Kecamatan Ponorogo,0.0,Tidak,Ya,Ya,Tidak,Ya,Tidak,550000,3,13.217675375388819
Kabupaten Ponorogo,Campur,Kecamatan Ponorogo,0.0,Ya,Ya,Ya,Ya,Ya,Ya,1700000,6,14.346139397261565
Kabupaten Ponorogo,Putri,Kecamatan Babadan,0.0,Tidak,Ya,Ya,Tidak,Ya,Ya,449997,4,13.016998417292182
Kabupaten Ponorogo,Campur,Ponorogo,0.0,Ya,Ya,Ya,Ya,Ya,Ya,1000000,6,13.815511557963774
Kabupaten Ponorogo,Putri,Ponorogo,0.0,Tidak,Ya,Ya,Tidak,Ya,Ya,600000,4,13.304686600863562
Kabupaten Ponorogo,Putri,Ponorogo,0.0,Tidak,Tidak,Ya,Ya,Ya,Ya,600000,4,13.304686600863562
Kabupaten Ponorogo,Putra,Ponorogo,0.0,Tidak,Tidak,Ya,Tidak,Tidak,Tidak,400000,1,12.899222326086994
Kabupaten Ponorogo,Putri,Babadan,0.0,Tidak,Ya,Ya,Tidak,Ya,Ya,600000,4,13.304686600863562
Kabupaten Ponorogo,Putri,Ponorogo,0.0,Ya,Tidak,Ya,Ya,Ya,Ya,1100000,5,13.910821646859095
Kabupaten Ponorogo,Putri,Babadan,0.0,Tidak,Ya,Ya,Tidak,Tidak,Ya,350000,3,12.765691290604371
Kabupaten Ponorogo,Campur,Kecamatan Ponorogo,4.9,Ya,Ya,Ya,Ya,Ya,Ya,1450000,6,14.187074804051692
Kabupaten Ponorogo,Campur,Kecamatan Ponorogo,0.0,Tidak,Ya,Ya,Ya,Ya,Ya,700000,5,13.45883704259595
Kabupaten Ponorogo,Putra,Kecamatan Ponorogo,0.0,Tidak,Ya,Ya,Ya,Ya,Ya,500000,5,13.122365377402328
Kabupaten Ponorogo,Putri,Babadan,0.0,Tidak,Tidak,Ya,Tidak,Ya,Ya,400000,3,12.899222326086994
Kabupaten Ponorogo,Putri,Babadan,0.0,Tidak,Tidak,Ya,Ya,Ya,Ya,550000,4,13.217675375388819
Kabupaten Ponorogo,Putri,Siman,0.0,Tidak,Ya,Tidak,Tidak,Ya,Ya,375000,3,12.834683971615659
Kabupaten Ponorogo,Putri,Ponorogo,0.0,Tidak,Ya,Ya,Tidak,Tidak,Ya,325000,3,12.691583538230217
Kabupaten Ponorogo,Putri,Ponorogo,0.0,Tidak,Ya,Ya,Ya,Tidak,Ya,450000,4,13.017005083966255
Kabupaten Ponorogo,Campur,Kecamatan Ponorogo,0.0,Tidak,Tidak,Ya,Tidak,Ya,Ya,600000,3,13.304686600863562
Kabupaten Ponorogo,Campur,Ponorogo,0.0,Ya,Ya,Ya,Ya,Ya,Ya,1250000,6,14.038654909278163
Kabupaten Ponorogo,Putri,Kecamatan Babadan,0.0,Tidak,Ya,Ya,Ya,Tidak,Ya,350000,4,12.765691290604371
Kabupaten Ponorogo,Putri,Babadan,0.0,Tidak,Tidak,Tidak,Tidak,Ya,Tidak,300000,1,12.611541086966115
Kabupaten Ponorogo,Putri,Babadan,0.0,Tidak,Tidak,Ya,Tidak,Ya,Tidak,500000,2,13.122365377402328
Kabupaten Ponorogo,Putri,Ponorogo,0.0,Ya,Tidak,Ya,Ya,Ya,Ya,1500000,5,14.220976332738882
Kabupaten Ponorogo,Campur,Kecamatan Ponorogo,0.0,Ya,Ya,Tidak,Tidak,Tidak,Ya,1850000,3,14.430696737594902
Kabupaten Ponorogo,Putri,Ponorogo,0.0,Tidak,Ya,Ya,Tidak,Ya,Ya,550000,4,13.217675375388819
Kabupaten Ponorogo,Putri,Kecamatan Siman,0.0,Tidak,Ya,Ya,Ya,Ya,Ya,600000,5,13.304686600863562
Kabupaten Ponorogo,Campur,Kecamatan Ponorogo,0.0,Ya,Tidak,Ya,Tidak,Ya,Ya,900000,4,13.710151153416941
Kabupaten Ponorogo,Putri,Kecamatan Ponorogo,0.0,Tidak,Tidak,Ya,Tidak,Tidak,Ya,400000,2,12.899222326086994
Kabupaten Ponorogo,Putri,Ponorogo,0.0,Tidak,Ya,Ya,Tidak,Ya,Ya,425000,4,12.959846800844963
Kabupaten Ponorogo,Putri,Kecamatan Ponorogo,0.0,Tidak,Tidak,Ya,Tidak,Ya,Ya,650000,3,13.384729180332174
Kabupaten Ponorogo,Putri,Ponorogo,0.0,Tidak,Tidak,Ya,Tidak,Ya,Ya,425000,3,12.959846800844963
Kabupaten Ponorogo,Putri,Kecamatan Ponorogo,0.0,Tidak,Tidak,Ya,Ya,Ya,Ya,1000000,4,13.815511557963774
Kabupaten Ponorogo,Campur,Kecamatan Ponorogo,0.0,Ya,Ya,Ya,Ya,Ya,Ya,1000000,6,13.815511557963774
Kabupaten Ponorogo,Putri,Kecamatan Ponorogo,0.0,Tidak,Tidak,Ya,Tidak,Tidak,Ya,400000,2,12.899222326086994
Kabupaten Ponorogo,Putri,Kecamatan Ponorogo,0.0,Tidak,Tidak,Ya,Tidak,Ya,Ya,600000,3,13.304686600863562
Kabupaten Ponorogo,Putra,Ponorogo,0.0,Ya,Ya,Ya,Tidak,Ya,Ya,700000,5,13.45883704259595
Kabupaten Ponorogo,Campur,Kecamatan Ponorogo,0.0,Tidak,Tidak,Ya,Ya,Ya,Tidak,700000,3,13.45883704259595
Kabupaten Ponorogo,Putri,Kecamatan Ponorogo,0.0,Tidak,Tidak,Ya,Ya,Ya,Ya,600000,4,13.304686600863562
Kabupaten Ponorogo,Putri,Kecamatan Ponorogo,0.0,Ya,Ya,Ya,Ya,Ya,Ya,1305000,6,14.081714365022162
Kabupaten Ponorogo,Putri,Kecamatan Ponorogo,0.0,Tidak,Tidak,Ya,Tidak,Tidak,Ya,400000,2,12.899222326086994
Kabupaten Ponorogo,Putri,Siman,0.0,Tidak,Ya,Ya,Ya,Ya,Ya,500000,5,13.122365377402328
Kabupaten Ponorogo,Putri,Kecamatan Siman,0.0,Tidak,Ya,Ya,Ya,Ya,Ya,450000,5,13.017005083966255
Kabupaten Ponorogo,Putri,Kecamatan Ponorogo,0.0,Ya,Tidak,Ya,Ya,Ya,Ya,1100000,5,13.910821646859095
Kabupaten Ponorogo,Putri,Kecamatan Ponorogo,0.0,Tidak,Tidak,Ya,Ya,Ya,Ya,700000,4,13.45883704259595
Kabupaten Ponorogo,Putri,Siman,0.0,Tidak,Tidak,Tidak,Tidak,Tidak,Tidak,350000,0,12.765691290604371
Kabupaten Ponorogo,Putri,Kecamatan Ponorogo,0.0,Tidak,Tidak,Ya,Tidak,Tidak,Ya,300000,2,12.611541086966115
Kabupaten Ponorogo,Campur,Babadan,0.0,Tidak,Ya,Ya,Tidak,Ya,Tidak,385000,3,12.861001210669146
Kabupaten Ponorogo,Putri,Kecamatan Ponorogo,0.0,Tidak,Ya,Ya,Tidak,Ya,Ya,400000,4,12.899222326086994
Kabupaten Ponorogo,Putra,Kecamatan Ponorogo,0.0,Tidak,Tidak,Ya,Ya,Tidak,Ya,400000,3,12.899222326086994
Kabupaten Ponorogo,Putri,Siman,0.0,Tidak,Tidak,Ya,Tidak,Tidak,Ya,500000,2,13.122365377402328
Kabupaten Ponorogo,Putra,Kecamatan Ponorogo,0.0,Tidak,Ya,Ya,Tidak,Ya,Ya,350000,4,12.765691290604371
Kabupaten Ponorogo,Putri,Kecamatan Babadan,0.0,Tidak,Tidak,Ya,Tidak,Ya,Ya,500000,3,13.122365377402328
Kabupaten Ponorogo,Campur,Sukorejo,0.0,Ya,Ya,Ya,Tidak,Ya,Ya,800000,5,13.592368256649284
Kabupaten Ponorogo,Campur,Kecamatan Ponorogo,0.0,Ya,Ya,Ya,Ya,Ya,Ya,1100000,6,13.910821646859095
Kabupaten Ponorogo,Putri,Kecamatan Ponorogo,0.0,Tidak,Tidak,Ya,Ya,Ya,Ya,450000,4,13.017005083966255
Kabupaten Ponorogo,Campur,Ponorogo,0.0,Tidak,Ya,Ya,Tidak,Ya,Ya,500000,4,13.122365377402328
Kabupaten Ponorogo,Putri,Babadan,0.0,Tidak,Ya,Ya,Tidak,Tidak,Ya,300000,3,12.611541086966115
Kabupaten Ponorogo,Campur,Babadan,0.0,Ya,Ya,Ya,Ya,Ya,Ya,1000000,6,13.815511557963774
Kabupaten Ponorogo,Putri,Kecamatan Siman,0.0,Tidak,Ya,Ya,Tidak,Ya,Ya,500000,4,13.122365377402328
Kabupaten Ponorogo,Campur,Ponorogo,0.0,Tidak,Tidak,Ya,Tidak,Ya,Ya,500000,3,13.122365377402328
Kabupaten Ponorogo,Putra,Siman,0.0,Tidak,Tidak,Ya,Tidak,Tidak,Tidak,365000,1,12.807655372286902
Kabupaten Ponorogo,Putri,Ponorogo,0.0,Tidak,Ya,Ya,Tidak,Tidak,Ya,350000,3,12.765691290604371
Kabupaten Ponorogo,Putri,Kecamatan Ponorogo,0.0,Ya,Ya,Ya,Ya,Ya,Ya,1200000,6,13.997832948091215
Kabupaten Ponorogo,Putra,Kecamatan Babadan,0.0,Tidak,Ya,Ya,Tidak,Ya,Ya,500000,4,13.122365377402328
Kabupaten Ponorogo,Campur,Ponorogo,0.0,Tidak,Tidak,Ya,Tidak,Tidak,Ya,650000,2,13.384729180332174
Kabupaten Ponorogo,Putri,Babadan,0.0,Tidak,Tidak,Ya,Tidak,Tidak,Tidak,350000,1,12.765691290604371
Kabupaten Ponorogo,Putra,Siman,0.0,Tidak,Tidak,Ya,Tidak,Ya,Ya,525000,3,13.171155446333852
Kabupaten Ponorogo,Putra,Siman,4.0,Tidak,Ya,Ya,Ya,Ya,Ya,500000,5,13.122365377402328
Kabupaten Ponorogo,Campur,Ponorogo,0.0,Ya,Ya,Ya,Ya,Ya,Ya,1000000,6,13.815511557963774
Kabupaten Ponorogo,Putra,Kecamatan Siman,0.0,Tidak,Tidak,Ya,Tidak,Tidak,Ya,350000,2,12.765691290604371
Kabupaten Ponorogo,Putri,Kecamatan Ponorogo,0.0,Tidak,Tidak,Ya,Ya,Ya,Ya,350000,4,12.765691290604371
Kabupaten Ponorogo,Putri,Kecamatan Ponorogo,0.0,Tidak,Tidak,Ya,Tidak,Ya,Ya,500000,3,13.122365377402328
Kabupaten Ponorogo,Putra,Kecamatan Ponorogo,0.0,Tidak,Ya,Ya,Tidak,Ya,Ya,500000,4,13.122365377402328
Kabupaten Ponorogo,Campur,Babadan,0.0,Tidak,Ya,Ya,Tidak,Ya,Ya,850000,4,13.652992804936396
Kabupaten Ponorogo,Putra,Kecamatan Ponorogo,0.0,Ya,Ya,Ya,Ya,Ya,Ya,1300000,6,14.077875591662238
Kabupaten Ponorogo,Putra,Ponorogo,0.0,Ya,Tidak,Ya,Ya,Ya,Tidak,700000,4,13.45883704259595
Kabupaten Ponorogo,Putra,Siman,0.0,Ya,Ya,Ya,Tidak,Ya,Ya,750000,5,13.527829818844937
Kabupaten Ponorogo,Putri,Kecamatan Ponorogo,0.0,Tidak,Ya,Ya,Tidak,Ya,Ya,600000,4,13.304686600863562
Kabupaten Ponorogo,Campur,Siman,0.0,Tidak,Tidak,Tidak,Tidak,Ya,Tidak,600000,1,13.304686600863562
Kabupaten Ponorogo,Putra,Kecamatan Siman,0.0,Tidak,Ya,Ya,Tidak,Tidak,Tidak,350000,2,12.765691290604371
Kabupaten Ponorogo,Putra,Babadan,0.0,Tidak,Ya,Ya,Tidak,Ya,Ya,600000,4,13.304686600863562
Kabupaten Ponorogo,Putra,Kecamatan Ponorogo,0.0,Tidak,Ya,Ya,Tidak,Ya,Ya,400000,4,12.899222326086994
Kabupaten Ponorogo,Putra,Ponorogo,0.0,Tidak,Tidak,Ya,Ya,Ya,Tidak,450000,3,13.017005083966255
Kabupaten Ponorogo,Putra,Ponorogo,0.0,Tidak,Tidak,Ya,Ya,Ya,Tidak,1000000,3,13.815511557963774
Kabupaten Ponorogo,Putra,Ponorogo,0.0,Tidak,Ya,Ya,Tidak,Ya,Ya,600000,4,13.304686600863562
Kabupaten Ponorogo,Putra,Kecamatan Babadan,0.0,Tidak,Ya,Ya,Tidak,Tidak,Ya,300000,3,12.611541086966115
Kabupaten Ponorogo,Putri,Ponorogo,0.0,Tidak,Ya,Ya,Tidak,Tidak,Ya,550000,3,13.217675375388819
Kabupaten Ponorogo,Campur,Kecamatan Ponorogo,0.0,Ya,Ya,Ya,Ya,Ya,Ya,1500000,6,14.220976332738882
Kabupaten Ponorogo,Putra,Kecamatan Babadan,4.1,Tidak,Ya,Ya,Tidak,Tidak,Tidak,330000,2,12.706850963741102
Kabupaten Probolinggo,Campur,Kademangan,4.4,Ya,Ya,Ya,Ya,Ya,Ya,1000000,6,13.815511557963774
Kabupaten Probolinggo,Campur,Kanigaran,0.0,Tidak,Ya,Ya,Ya,Ya,Ya,600000,5,13.304686600863562
Kabupaten Probolinggo,Campur,Kanigaran,0.0,Ya,Ya,Ya,Ya,Ya,Ya,1200000,6,13.997832948091215
Kabupaten Probolinggo,Campur,Kecamatan Kanigaran,5.0,Ya,Ya,Ya,Ya,Ya,Ya,1000000,6,13.815511557963774
Kabupaten Probolinggo,Putri,Mayangan,0.0,Ya,Ya,Ya,Tidak,Ya,Ya,750000,5,13.527829818844937
Kabupaten Probolinggo,Campur,Kecamatan Mayangan,0.0,Ya,Ya,Ya,Ya,Ya,Ya,1300000,6,14.077875591662238
Kabupaten Probolinggo,Putri,Kanigaran,0.0,Tidak,Ya,Ya,Tidak,Ya,Ya,500000,4,13.122365377402328
Kabupaten Probolinggo,Campur,Kecamatan Mayangan,0.0,Ya,Tidak,Ya,Ya,Ya,Ya,1100000,5,13.910821646859095
Kabupaten Probolinggo,Campur,Mayangan,0.0,Ya,Ya,Ya,Ya,Ya,Ya,1400000,6,14.151983508870947
Kabupaten Probolinggo,Campur,Kademangan,0.0,Ya,Ya,Ya,Ya,Ya,Ya,1200000,6,13.997832948091215
Kabupaten Probolinggo,Campur,Kecamatan Kanigaran,0.0,Tidak,Ya,Ya,Tidak,Tidak,Tidak,800000,2,13.592368256649284
Kabupaten Probolinggo,Campur,Kecamatan Kanigaran,0.0,Tidak,Ya,Ya,Tidak,Ya,Ya,600000,4,13.304686600863562
Kabupaten Probolinggo,Campur,Mayangan,0.0,Ya,Ya,Ya,Ya,Ya,Ya,1150000,6,13.955273369904273
Kabupaten Probolinggo,Campur,Kecamatan Kanigaran,0.0,Tidak,Ya,Ya,Tidak,Ya,Tidak,500000,3,13.122365377402328
Kabupaten Probolinggo,Putra,Mayangan,0.0,Ya,Ya,Ya,Ya,Ya,Ya,1200000,6,13.997832948091215
Kabupaten Probolinggo,Putri,Kanigaran,0.0,Tidak,Tidak,Ya,Ya,Ya,Ya,500000,4,13.122365377402328
Kabupaten Probolinggo,Campur,Kademangan,0.0,Tidak,Ya,Tidak,Tidak,Ya,Tidak,600000,2,13.304686600863562
Kabupaten Probolinggo,Putri,Mayangan,0.0,Tidak,Ya,Ya,Tidak,Tidak,Tidak,400000,2,12.899222326086994
Kabupaten Probolinggo,Putri,Kecamatan Mayangan,0.0,Tidak,Tidak,Ya,Tidak,Ya,Ya,500000,3,13.122365377402328
Kabupaten Probolinggo,Campur,Kedopok,0.0,Ya,Ya,Ya,Ya,Ya,Ya,1300000,6,14.077875591662238
Kabupaten Probolinggo,Putri,Kanigaran,0.0,Ya,Ya,Ya,Ya,Tidak,Ya,1500000,5,14.220976332738882
Kabupaten Probolinggo,Campur,Kanigaran,0.0,Ya,Ya,Ya,Ya,Ya,Ya,1300000,6,14.077875591662238
Kabupaten Probolinggo,Putri,Kanigaran,0.0,Ya,Tidak,Ya,Ya,Ya,Ya,1000000,5,13.815511557963774
Kabupaten Probolinggo,Putri,Kanigaran,0.0,Ya,Tidak,Ya,Ya,Ya,Ya,1000000,5,13.815511557963774
Kabupaten Probolinggo,Putri,Kanigaran,0.0,Tidak,Ya,Ya,Ya,Ya,Ya,510000,5,13.1421679654829
Kabupaten Probolinggo,Putri,Kecamatan Kanigaran,0.0,Ya,Ya,Ya,Ya,Ya,Ya,1050000,6,13.864301674514206
Kabupaten Probolinggo,Putra,Kanigaran,0.0,Tidak,Tidak,Ya,Tidak,Ya,Ya,350000,3,12.765691290604371
Kabupaten Probolinggo,Putri,Kanigaran,0.0,Tidak,Ya,Ya,Ya,Ya,Ya,550000,5,13.217675375388819
Kabupaten Probolinggo,Putri,Kanigaran,0.0,Tidak,Ya,Ya,Ya,Ya,Ya,500000,5,13.122365377402328
Kabupaten Probolinggo,Putri,Kanigaran,0.0,Tidak,Tidak,Ya,Tidak,Tidak,Ya,500000,2,13.122365377402328
Kabupaten Probolinggo,Campur,Kanigaran,0.0,Ya,Tidak,Ya,Ya,Ya,Ya,1100000,5,13.910821646859095
Kabupaten Probolinggo,Campur,Kedopok,0.0,Tidak,Ya,Ya,Ya,Ya,Ya,300000,5,12.611541086966115
Kabupaten Probolinggo,Putra,Kecamatan Kanigaran,0.0,Tidak,Ya,Ya,Tidak,Tidak,Tidak,300000,2,12.611541086966115
Kabupaten Probolinggo,Putra,Kecamatan Kanigaran,0.0,Tidak,Ya,Ya,Tidak,Ya,Tidak,420000,3,12.948012371209098
Kabupaten Probolinggo,Putra,Mayangan,0.0,Ya,Ya,Ya,Ya,Ya,Ya,1000000,6,13.815511557963774
Kabupaten Probolinggo,Campur,Kecamatan Mayangan,4.9,Ya,Ya,Ya,Ya,Ya,Ya,800000,6,13.592368256649284
Kabupaten Probolinggo,Putri,Kecamatan Mayangan,0.0,Ya,Ya,Ya,Ya,Ya,Ya,1450000,6,14.187074804051692
Kabupaten Probolinggo,Putri,Kanigaran,0.0,Tidak,Tidak,Ya,Tidak,Ya,Ya,450000,3,13.017005083966255
Kabupaten Probolinggo,Putri,Kanigaran,0.0,Tidak,Tidak,Ya,Tidak,Ya,Ya,450000,3,13.017005083966255
Kabupaten Probolinggo,Campur,Kecamatan Mayangan,0.0,Ya,Ya,Ya,Ya,Ya,Ya,1100000,6,13.910821646859095
Kabupaten Probolinggo,Putri,Kanigaran,0.0,Tidak,Tidak,Ya,Ya,Ya,Ya,450000,4,13.017005083966255
Kabupaten Probolinggo,Campur,Kecamatan Kanigaran,0.0,Ya,Ya,Ya,Tidak,Ya,Ya,900000,5,13.710151153416941
Kabupaten Probolinggo,Putra,Kademangan,4.8,Ya,Ya,Ya,Tidak,Ya,Ya,850000,5,13.652992804936396
Kabupaten Probolinggo,Putra,Kecamatan Kanigaran,0.0,Tidak,Ya,Ya,Ya,Tidak,Ya,500000,4,13.122365377402328
Kabupaten Probolinggo,Campur,Mayangan,0.0,Ya,Tidak,Ya,Ya,Ya,Ya,1100000,5,13.910821646859095
Kabupaten Probolinggo,Putri,Kademangan,0.0,Ya,Ya,Ya,Tidak,Ya,Ya,900000,5,13.710151153416941
Kabupaten Probolinggo,Putri,Kanigaran,0.0,Tidak,Tidak,Ya,Tidak,Tidak,Tidak,350000,1,12.765691290604371
Kabupaten Probolinggo,Campur,Mayangan,0.0,Tidak,Tidak,Ya,Tidak,Tidak,Tidak,350000,1,12.765691290604371
Kabupaten Probolinggo,Campur,Mayangan,0.0,Tidak,Ya,Ya,Tidak,Tidak,Tidak,250000,2,12.429220196836383
Kabupaten Probolinggo,Campur,Kecamatan Mayangan,0.0,Tidak,Tidak,Ya,Ya,Tidak,Ya,370000,3,12.821260987319457
Kabupaten Probolinggo,Campur,Mayangan,0.0,Ya,Ya,Ya,Ya,Ya,Ya,850000,6,13.652992804936396
Kabupaten Probolinggo,Putra,Kanigaran,0.0,Tidak,Tidak,Ya,Tidak,Tidak,Ya,350000,2,12.765691290604371
Kabupaten Probolinggo,Putri,Kecamatan Kanigaran,0.0,Tidak,Tidak,Ya,Tidak,Ya,Ya,550000,3,13.217675375388819
Kabupaten Probolinggo,Putra,Mayangan,0.0,Ya,Tidak,Ya,Ya,Tidak,Tidak,1100000,3,13.910821646859095
Kabupaten Probolinggo,Campur,Kecamatan Leces,0.0,Tidak,Ya,Ya,Tidak,Tidak,Ya,250000,3,12.429220196836383
Kabupaten Probolinggo,Putri,Kecamatan Dringu,0.0,Ya,Ya,Ya,Ya,Ya,Ya,900000,6,13.710151153416941
Kabupaten Probolinggo,Putra,Mayangan,0.0,Ya,Ya,Ya,Ya,Tidak,Ya,700000,5,13.45883704259595
Kabupaten Probolinggo,Putra,Kanigaran,0.0,Tidak,Ya,Ya,Tidak,Ya,Ya,500000,4,13.122365377402328
Kabupaten Probolinggo,Campur,Kecamatan Mayangan,0.0,Tidak,Tidak,Ya,Tidak,Tidak,Ya,450000,2,13.017005083966255
Kabupaten Probolinggo,Campur,Kecamatan Mayangan,0.0,Tidak,Ya,Ya,Tidak,Tidak,Ya,450000,3,13.017005083966255
Kabupaten Probolinggo,Putra,Kecamatan Mayangan,0.0,Ya,Ya,Ya,Ya,Ya,Ya,1000000,6,13.815511557963774
Kabupaten Probolinggo,Putri,Dringu,0.0,Tidak,Ya,Ya,Tidak,Tidak,Tidak,350000,2,12.765691290604371
Kabupaten Probolinggo,Campur,Mayangan,0.0,Tidak,Tidak,Ya,Tidak,Tidak,Tidak,520000,1,13.161586013632684
Kabupaten Probolinggo,Campur,Mayangan,0.0,Ya,Tidak,Ya,Tidak,Ya,Tidak,1000000,3,13.815511557963774
Kabupaten Probolinggo,Campur,Kecamatan Kedopok,0.0,Ya,Ya,Ya,Ya,Ya,Ya,800000,6,13.592368256649284
Kabupaten Probolinggo,Putri,Mayangan,0.0,Tidak,Ya,Ya,Ya,Tidak,Ya,450000,4,13.017005083966255
Kabupaten Probolinggo,Putri,Kecamatan Leces,0.0,Tidak,Ya,Ya,Ya,Tidak,Ya,500000,4,13.122365377402328
Kabupaten Probolinggo,Putri,Kecamatan Kademangan,0.0,Ya,Tidak,Ya,Ya,Ya,Ya,800000,5,13.592368256649284
Kabupaten Probolinggo,Putra,Kademangan,0.0,Ya,Tidak,Ya,Ya,Ya,Ya,1200000,5,13.997832948091215
Kabupaten Probolinggo,Putri,Kanigaran,0.0,Tidak,Ya,Ya,Tidak,Ya,Ya,300000,4,12.611541086966115
Kabupaten Probolinggo,Campur,Kanigaran,0.0,Tidak,Ya,Ya,Tidak,Ya,Ya,650000,4,13.384729180332174
Kabupaten Probolinggo,Putra,Mayangan,0.0,Tidak,Ya,Tidak,Ya,Ya,Ya,750000,4,13.527829818844937
Kabupaten Probolinggo,Putri,Kanigaran,0.0,Tidak,Ya,Ya,Ya,Ya,Ya,600000,5,13.304686600863562
Kabupaten Probolinggo,Campur,Mayangan,0.0,Tidak,Ya,Ya,Ya,Tidak,Ya,700000,4,13.45883704259595
Kabupaten Probolinggo,Putri,Mayangan,0.0,Tidak,Tidak,Ya,Ya,Ya,Ya,600000,4,13.304686600863562
Kabupaten Probolinggo,Campur,Kecamatan Kanigaran,0.0,Ya,Ya,Ya,Ya,Ya,Ya,700000,6,13.45883704259595
Kabupaten Probolinggo,Putri,Mayangan,0.0,Ya,Ya,Ya,Ya,Ya,Ya,1200000,6,13.997832948091215
Kabupaten Probolinggo,Campur,Kecamatan Kanigaran,0.0,Tidak,Tidak,Ya,Ya,Ya,Ya,450000,4,13.017005083966255
Kabupaten Probolinggo,Campur,Dringu,0.0,Tidak,Tidak,Ya,Tidak,Tidak,Tidak,400000,1,12.899222326086994
Kabupaten Probolinggo,Campur,Mayangan,5.0,Ya,Tidak,Ya,Ya,Ya,Tidak,1200000,4,13.997832948091215
Kabupaten Probolinggo,Putra,Kecamatan Mayangan,0.0,Tidak,Ya,Ya,Tidak,Tidak,Tidak,350000,2,12.765691290604371
Kabupaten Probolinggo,Campur,Mayangan,0.0,Ya,Tidak,Ya,Ya,Ya,Ya,1400000,5,14.151983508870947
Kabupaten Probolinggo,Campur,Mayangan,0.0,Tidak,Ya,Ya,Tidak,Ya,Tidak,450000,3,13.017005083966255
Kabupaten Probolinggo,Campur,Kanigaran,0.0,Ya,Tidak,Ya,Ya,Ya,Ya,450000,5,13.017005083966255
Kabupaten Probolinggo,Putri,Kecamatan Kademangan,0.0,Tidak,Tidak,Ya,Ya,Ya,Ya,500000,4,13.122365377402328
Kabupaten Probolinggo,Campur,Kecamatan Kanigaran,0.0,Ya,Ya,Ya,Ya,Ya,Ya,1500000,6,14.220976332738882
Kabupaten Probolinggo,Putra,Mayangan,0.0,Tidak,Tidak,Ya,Tidak,Ya,Ya,500000,3,13.122365377402328
Kabupaten Probolinggo,Campur,Kecamatan Mayangan,0.0,Ya,Ya,Ya,Ya,Ya,Tidak,1750000,5,14.375126917328105
Kabupaten Probolinggo,Campur,Mayangan,0.0,Tidak,Tidak,Ya,Tidak,Ya,Ya,350000,3,12.765691290604371
Kabupaten Probolinggo,Campur,Kecamatan Mayangan,0.0,Ya,Ya,Ya,Ya,Ya,Ya,1500000,6,14.220976332738882
Kabupaten Probolinggo,Putra,Kecamatan Kanigaran,0.0,Tidak,Ya,Ya,Ya,Ya,Ya,500000,5,13.122365377402328
Kabupaten Probolinggo,Putri,Kanigaran,0.0,Tidak,Tidak,Ya,Ya,Ya,Ya,650000,4,13.384729180332174
Kabupaten Probolinggo,Campur,Kecamatan Mayangan,0.0,Ya,Tidak,Ya,Ya,Ya,Ya,1300000,5,14.077875591662238
Kabupaten Probolinggo,Campur,Kademangan,0.0,Ya,Ya,Ya,Ya,Ya,Ya,700000,6,13.45883704259595
Kabupaten Probolinggo,Campur,Kecamatan Kanigaran,0.0,Tidak,Ya,Ya,Ya,Ya,Ya,500000,5,13.122365377402328
Kabupaten Probolinggo,Campur,Kecamatan Wonoasih,0.0,Tidak,Ya,Ya,Tidak,Ya,Ya,700000,4,13.45883704259595
Kabupaten Probolinggo,Putri,Kecamatan Mayangan,0.0,Tidak,Ya,Ya,Tidak,Tidak,Ya,375000,3,12.834683971615659
Kabupaten Probolinggo,Campur,Kademangan,0.0,Tidak,Ya,Ya,Ya,Ya,Ya,500000,5,13.122365377402328
Kabupaten Probolinggo,Putra,Kanigaran,0.0,Tidak,Tidak,Ya,Tidak,Ya,Tidak,585000,2,13.279368835614243
Kabupaten Probolinggo,Campur,Kademangan,0.0,Ya,Ya,Ya,Ya,Ya,Ya,900000,6,13.710151153416941
Kabupaten Probolinggo,Putra,Kecamatan Mayangan,0.0,Tidak,Ya,Ya,Ya,Tidak,Tidak,400000,3,12.899222326086994
Kabupaten Probolinggo,Campur,Kecamatan Mayangan,0.0,Tidak,Ya,Ya,Tidak,Tidak,Tidak,450000,2,13.017005083966255
Kabupaten Probolinggo,Campur,Kecamatan Kademangan,0.0,Tidak,Ya,Ya,Ya,Ya,Tidak,600000,4,13.304686600863562
Kabupaten Probolinggo,Putri,Kecamatan Kanigaran,0.0,Tidak,Ya,Ya,Tidak,Tidak,Ya,375000,3,12.834683971615659
Kabupaten Probolinggo,Campur,Mayangan,0.0,Ya,Ya,Ya,Ya,Ya,Ya,1000000,6,13.815511557963774
Kabupaten Probolinggo,Putra,Mayangan,0.0,Ya,Tidak,Ya,Tidak,Ya,Ya,800000,4,13.592368256649284
Kabupaten Probolinggo,Putri,Kanigaran,0.0,Tidak,Ya,Ya,Ya,Ya,Ya,900000,5,13.710151153416941
Kabupaten Probolinggo,Campur,Kanigaran,0.0,Ya,Tidak,Ya,Tidak,Ya,Ya,600000,4,13.304686600863562
Kabupaten Probolinggo,Putra,Kanigaran,0.0,Ya,Tidak,Ya,Ya,Tidak,Ya,400000,4,12.899222326086994
Kabupaten Probolinggo,Putra,Kecamatan Mayangan,0.0,Tidak,Ya,Ya,Ya,Tidak,Tidak,350000,3,12.765691290604371
Kabupaten Probolinggo,Campur,Kademangan,0.0,Ya,Ya,Ya,Ya,Ya,Ya,900000,6,13.710151153416941
Kabupaten Probolinggo,Putri,Kecamatan Mayangan,0.0,Ya,Ya,Tidak,Ya,Ya,Ya,1250000,5,14.038654909278163
Kabupaten Probolinggo,Putri,Kecamatan Kanigaran,0.0,Tidak,Tidak,Ya,Ya,Ya,Ya,400000,4,12.899222326086994
Kabupaten Probolinggo,Putra,Kanigaran,0.0,Tidak,Ya,Ya,Tidak,Ya,Ya,550000,4,13.217675375388819
Kabupaten Probolinggo,Campur,Kanigaran,0.0,Tidak,Ya,Ya,Ya,Ya,Ya,600000,5,13.304686600863562
Kabupaten Probolinggo,Campur,Kanigaran,0.0,Ya,Ya,Ya,Ya,Ya,Ya,1500000,6,14.220976332738882
Kabupaten Probolinggo,Putri,Kecamatan Mayangan,0.0,Tidak,Tidak,Ya,Tidak,Ya,Ya,500000,3,13.122365377402328
Kabupaten Probolinggo,Putri,Kanigaran,0.0,Tidak,Ya,Ya,Ya,Tidak,Ya,500000,4,13.122365377402328
Kabupaten Probolinggo,Campur,Kecamatan Kanigaran,0.0,Tidak,Ya,Ya,Ya,Ya,Tidak,450000,4,13.017005083966255
Kabupaten Probolinggo,Putri,Kademangan,0.0,Tidak,Tidak,Ya,Tidak,Ya,Tidak,600000,2,13.304686600863562
Kabupaten Probolinggo,Campur,Kanigaran,0.0,Tidak,Ya,Ya,Tidak,Ya,Ya,550000,4,13.217675375388819
Kabupaten Probolinggo,Putri,Dringu,0.0,Tidak,Ya,Ya,Ya,Ya,Ya,950000,5,13.76421831620775
Kabupaten Probolinggo,Campur,Kecamatan Mayangan,0.0,Tidak,Tidak,Ya,Tidak,Ya,Ya,470000,3,13.060490101343552
Kabupaten Probolinggo,Campur,Kecamatan Mayangan,0.0,Ya,Ya,Ya,Ya,Ya,Ya,850000,6,13.652992804936396
Kabupaten Probolinggo,Putra,Mayangan,0.0,Ya,Tidak,Ya,Ya,Tidak,Tidak,850000,3,13.652992804936396
Kabupaten Probolinggo,Putra,Kanigaran,0.0,Tidak,Tidak,Ya,Tidak,Tidak,Ya,350000,2,12.765691290604371
Kabupaten Probolinggo,Putri,Kanigaran,4.9,Tidak,Ya,Ya,Ya,Ya,Ya,525000,5,13.171155446333852
Kabupaten Probolinggo,Putri,Kecamatan Mayangan,0.0,Ya,Tidak,Ya,Ya,Tidak,Ya,1100000,4,13.910821646859095
Kabupaten Probolinggo,Campur,Kecamatan Kedopok,0.0,Tidak,Ya,Ya,Tidak,Ya,Ya,500000,4,13.122365377402328
Kabupaten Probolinggo,Campur,Kademangan,0.0,Ya,Ya,Ya,Ya,Ya,Ya,900000,6,13.710151153416941
Kabupaten Probolinggo,Putra,Kecamatan Kanigaran,0.0,Tidak,Tidak,Ya,Tidak,Tidak,Ya,500000,2,13.122365377402328
Kabupaten Probolinggo,Campur,Kecamatan Kanigaran,0.0,Tidak,Ya,Ya,Ya,Ya,Tidak,500000,4,13.122365377402328
Kabupaten Probolinggo,Putra,Mayangan,0.0,Tidak,Tidak,Ya,Tidak,Ya,Tidak,500000,2,13.122365377402328
Kabupaten Probolinggo,Campur,Kanigaran,0.0,Tidak,Ya,Ya,Tidak,Tidak,Tidak,350000,2,12.765691290604371
Kabupaten Probolinggo,Putri,Kecamatan Kedopok,0.0,Tidak,Ya,Ya,Ya,Ya,Ya,500000,5,13.122365377402328
Kabupaten Probolinggo,Campur,Kademangan,0.0,Tidak,Tidak,Ya,Tidak,Ya,Tidak,450000,2,13.017005083966255
Kabupaten Probolinggo,Putri,Kecamatan Kanigaran,0.0,Tidak,Tidak,Ya,Tidak,Ya,Tidak,300000,2,12.611541086966115
Kabupaten Probolinggo,Putra,Mayangan,0.0,Ya,Ya,Ya,Ya,Tidak,Ya,300000,5,12.611541086966115
Kabupaten Probolinggo,Campur,Dringu,0.0,Ya,Tidak,Ya,Ya,Ya,Ya,700000,5,13.45883704259595
Kabupaten Probolinggo,Campur,Mayangan,0.0,Tidak,Tidak,Ya,Tidak,Ya,Tidak,800000,2,13.592368256649284
Kabupaten Probolinggo,Campur,Kecamatan Kanigaran,0.0,Tidak,Ya,Ya,Tidak,Ya,Ya,400000,4,12.899222326086994
Kabupaten Probolinggo,Campur,Kecamatan Kedopak,0.0,Tidak,Tidak,Ya,Tidak,Tidak,Tidak,600000,1,13.304686600863562
Kabupaten Probolinggo,Campur,Kademangan,0.0,Tidak,Tidak,Ya,Tidak,Ya,Tidak,500000,2,13.122365377402328
Kabupaten Probolinggo,Putri,Kecamatan Mayangan,0.0,Ya,Tidak,Ya,Ya,Ya,Ya,1300000,5,14.077875591662238
Kabupaten Probolinggo,Putri,Kedopok,0.0,Tidak,Ya,Ya,Ya,Ya,Ya,500000,5,13.122365377402328
Kabupaten Probolinggo,Campur,Mayangan,0.0,Tidak,Ya,Ya,Tidak,Ya,Tidak,500000,3,13.122365377402328
Kabupaten Probolinggo,Campur,Kecamatan Mayangan,0.0,Tidak,Ya,Ya,Tidak,Tidak,Ya,400000,3,12.899222326086994
Kabupaten Probolinggo,Putri,Kanigaran,0.0,Tidak,Ya,Ya,Tidak,Ya,Ya,375000,4,12.834683971615659
Kabupaten Probolinggo,Putra,Mayangan,0.0,Ya,Tidak,Ya,Ya,Ya,Ya,1200000,5,13.997832948091215
Kabupaten Probolinggo,Campur,Kecamatan Kanigaran,0.0,Ya,Ya,Ya,Ya,Ya,Ya,1100000,6,13.910821646859095
Kabupaten Probolinggo,Campur,Dringu,0.0,Ya,Tidak,Ya,Ya,Ya,Ya,650000,5,13.384729180332174
Kabupaten Probolinggo,Campur,Mayangan,0.0,Ya,Ya,Ya,Ya,Tidak,Ya,1000000,5,13.815511557963774
Kabupaten Probolinggo,Putri,Kanigaran,0.0,Ya,Tidak,Ya,Ya,Ya,Ya,800000,5,13.592368256649284
Kabupaten Probolinggo,Campur,Kecamatan Kanigaran,0.0,Ya,Ya,Ya,Ya,Ya,Ya,850000,6,13.652992804936396
Kabupaten Probolinggo,Putri,Mayangan,0.0,Tidak,Ya,Ya,Ya,Tidak,Ya,500000,4,13.122365377402328
Kabupaten Probolinggo,Putra,Kanigaran,0.0,Tidak,Tidak,Ya,Ya,Ya,Tidak,450000,3,13.017005083966255
Kabupaten Probolinggo,Campur,Mayangan,0.0,Ya,Tidak,Ya,Ya,Ya,Ya,1200000,5,13.997832948091215
Kabupaten Probolinggo,Campur,Kecamatan Kanigaran,0.0,Ya,Ya,Ya,Ya,Ya,Ya,950000,6,13.76421831620775
Kabupaten Probolinggo,Putra,Mayangan,0.0,Tidak,Ya,Tidak,Ya,Tidak,Tidak,350000,2,12.765691290604371
Kabupaten Probolinggo,Campur,Mayangan,0.0,Tidak,Ya,Ya,Ya,Tidak,Ya,600000,4,13.304686600863562
Kabupaten Probolinggo,Putri,Kanigaran,0.0,Tidak,Ya,Ya,Ya,Tidak,Ya,300000,4,12.611541086966115
Kabupaten Probolinggo,Putri,Dringu,0.0,Tidak,Ya,Tidak,Tidak,Tidak,Tidak,400000,1,12.899222326086994
Kabupaten Probolinggo,Putri,Mayangan,0.0,Tidak,Tidak,Tidak,Tidak,Tidak,Tidak,500000,0,13.122365377402328
Kabupaten Probolinggo,Campur,Mayangan,0.0,Tidak,Ya,Ya,Ya,Ya,Tidak,450000,4,13.017005083966255
Kabupaten Probolinggo,Putra,Kecamatan Mayangan,0.0,Tidak,Ya,Ya,Tidak,Ya,Ya,450000,4,13.017005083966255
Kabupaten Probolinggo,Putra,Kanigaran,0.0,Tidak,Tidak,Ya,Tidak,Ya,Ya,350000,3,12.765691290604371
Kabupaten Probolinggo,Campur,Kanigaran,0.0,Ya,Ya,Ya,Tidak,Ya,Ya,850000,5,13.652992804936396
Kabupaten Probolinggo,Putri,Kecamatan Mayangan,0.0,Tidak,Tidak,Ya,Ya,Ya,Ya,600000,4,13.304686600863562
Kabupaten Probolinggo,Campur,Mayangan,0.0,Ya,Ya,Ya,Ya,Tidak,Ya,900000,5,13.710151153416941
Kabupaten Probolinggo,Putra,Kecamatan Mayangan,0.0,Ya,Ya,Ya,Ya,Ya,Ya,750000,6,13.527829818844937
Kabupaten Probolinggo,Putra,Kecamatan Mayangan,0.0,Tidak,Tidak,Ya,Tidak,Tidak,Tidak,300000,1,12.611541086966115
Kabupaten Probolinggo,Campur,Kecamatan Kanigaran,5.0,Ya,Tidak,Ya,Ya,Ya,Ya,850000,5,13.652992804936396
Kabupaten Probolinggo,Campur,Kademangan,0.0,Tidak,Tidak,Ya,Tidak,Ya,Tidak,350000,2,12.765691290604371
Kabupaten Probolinggo,Campur,Kecamatan Dringu,0.0,Tidak,Ya,Ya,Tidak,Ya,Ya,250000,4,12.429220196836383
Kabupaten Probolinggo,Putri,Mayangan,0.0,Ya,Tidak,Ya,Ya,Ya,Ya,900000,5,13.710151153416941
Kabupaten Probolinggo,Putri,Kecamatan Mayangan,0.0,Tidak,Ya,Ya,Ya,Ya,Ya,650000,5,13.384729180332174
Kabupaten Probolinggo,Campur,Kecamatan Wonoasih,0.0,Ya,Tidak,Ya,Tidak,Ya,Ya,750000,4,13.527829818844937
Kabupaten Probolinggo,Campur,Kecamatan Kanigaran,0.0,Ya,Tidak,Ya,Tidak,Ya,Tidak,450000,3,13.017005083966255
Kabupaten Probolinggo,Campur,Mayangan,0.0,Ya,Tidak,Ya,Tidak,Ya,Tidak,800000,3,13.592368256649284
Kabupaten Probolinggo,Campur,Kecamatan Kanigaran,5.0,Ya,Ya,Ya,Ya,Ya,Ya,1200000,6,13.997832948091215
Kabupaten Probolinggo,Campur,Mayangan,0.0,Tidak,Ya,Ya,Ya,Ya,Tidak,550000,4,13.217675375388819
Kabupaten Probolinggo,Campur,Mayangan,0.0,Tidak,Ya,Ya,Tidak,Ya,Ya,650000,4,13.384729180332174
Kabupaten Probolinggo,Campur,Kecamatan Kanigaran,0.0,Tidak,Ya,Ya,Ya,Ya,Ya,500000,5,13.122365377402328
Kabupaten Probolinggo,Campur,Kecamatan Kademangan,0.0,Tidak,Ya,Ya,Tidak,Ya,Tidak,400000,3,12.899222326086994
Kabupaten Probolinggo,Putri,Kedopok,0.0,Tidak,Tidak,Ya,Tidak,Tidak,Tidak,300000,1,12.611541086966115
Kabupaten Probolinggo,Putri,Kedopok,0.0,Tidak,Tidak,Ya,Tidak,Ya,Tidak,500000,2,13.122365377402328
Kabupaten Sidoarjo,Putra,Sidoarjo,0.0,Tidak,Ya,Ya,Ya,Ya,Tidak,1000000,4,13.815511557963774
Kabupaten Sidoarjo,Putri,Kecamatan Candi,0.0,Ya,Tidak,Ya,Tidak,Tidak,Ya,1200000,3,13.997832948091215
Kabupaten Sidoarjo,Putri,Kecamatan Sidoarjo,0.0,Tidak,Tidak,Ya,Ya,Tidak,Ya,800000,3,13.592368256649284
Kabupaten Sidoarjo,Putra,Candi,0.0,Ya,Tidak,Ya,Ya,Ya,Ya,1350000,5,14.115615891155079
Kabupaten Sidoarjo,Putra,Sidoarjo,4.9,Tidak,Ya,Ya,Tidak,Tidak,Ya,500000,3,13.122365377402328
Kabupaten Sidoarjo,Putri,Sidoarjo,0.0,Ya,Ya,Ya,Ya,Ya,Ya,1100000,6,13.910821646859095
Kabupaten Sidoarjo,Putra,Sidoarjo,0.0,Tidak,Tidak,Ya,Ya,Ya,Tidak,1000000,3,13.815511557963774
Kabupaten Sidoarjo,Campur,Kecamatan Sidoarjo,0.0,Tidak,Ya,Ya,Tidak,Ya,Ya,1300000,4,14.077875591662238
Kabupaten Sidoarjo,Putra,Candi,0.0,Ya,Tidak,Ya,Ya,Ya,Ya,1200000,5,13.997832948091215
Kabupaten Sidoarjo,Campur,Sidoarjo,0.0,Ya,Ya,Ya,Ya,Ya,Ya,1350000,6,14.115615891155079
Kabupaten Sidoarjo,Putra,Kecamatan Sidoarjo,0.0,Tidak,Ya,Ya,Ya,Ya,Ya,700000,5,13.45883704259595
Kabupaten Sidoarjo,Campur,Sidoarjo,0.0,Ya,Ya,Ya,Ya,Ya,Ya,1200000,6,13.997832948091215
Kabupaten Sidoarjo,Putra,Candi,0.0,Tidak,Tidak,Ya,Ya,Ya,Ya,1100000,4,13.910821646859095
Kabupaten Sidoarjo,Putra,Sidoarjo,0.0,Ya,Ya,Ya,Ya,Ya,Ya,900000,6,13.710151153416941
Kabupaten Sidoarjo,Putri,Sidoarjo,0.0,Ya,Ya,Ya,Ya,Ya,Ya,1300000,6,14.077875591662238
Kabupaten Sidoarjo,Campur,Kecamatan Sidoarjo,4.6,Ya,Ya,Ya,Tidak,Ya,Ya,1500000,5,14.220976332738882
Kabupaten Sidoarjo,Putri,Sidoarjo,0.0,Ya,Ya,Ya,Ya,Ya,Ya,1150000,6,13.955273369904273
Kabupaten Sidoarjo,Campur,Kecamatan Sidoarjo,5.0,Ya,Ya,Ya,Ya,Ya,Ya,1550000,6,14.253766134056512
Kabupaten Sidoarjo,Campur,Sidoarjo,0.0,Ya,Ya,Ya,Ya,Ya,Ya,1000000,6,13.815511557963774
Kabupaten Sidoarjo,Campur,Sidoarjo,0.0,Ya,Ya,Ya,Ya,Ya,Ya,1350000,6,14.115615891155079
Kabupaten Sidoarjo,Campur,Sidoarjo,5.0,Ya,Ya,Ya,Ya,Ya,Ya,1550000,6,14.253766134056512
Kabupaten Sidoarjo,Campur,Sidoarjo,0.0,Ya,Ya,Ya,Ya,Ya,Ya,1300000,6,14.077875591662238
Kabupaten Sidoarjo,Campur,Sidoarjo,0.0,Ya,Ya,Ya,Ya,Ya,Ya,1750000,6,14.375126917328105
Kabupaten Sidoarjo,Putri,Sidoarjo,0.0,Tidak,Tidak,Ya,Tidak,Tidak,Ya,375000,2,12.834683971615659
Kabupaten Sidoarjo,Putri,Sidoarjo,0.0,Tidak,Tidak,Ya,Tidak,Ya,Ya,850000,3,13.652992804936396
Kabupaten Sidoarjo,Putri,Kecamatan Sidoarjo,0.0,Ya,Tidak,Ya,Ya,Ya,Ya,1100000,5,13.910821646859095
Kabupaten Sidoarjo,Putri,Sidoarjo,0.0,Tidak,Ya,Ya,Ya,Ya,Ya,850000,5,13.652992804936396
Kabupaten Sidoarjo,Campur,Sidoarjo,0.0,Ya,Tidak,Ya,Ya,Ya,Ya,1850000,5,14.430696737594902
Kabupaten Sidoarjo,Putri,Kecamatan Sidoarjo,0.0,Tidak,Ya,Ya,Ya,Ya,Ya,950000,5,13.76421831620775
Kabupaten Sidoarjo,Putri,Sidoarjo,0.0,Tidak,Ya,Ya,Ya,Ya,Ya,1100000,5,13.910821646859095
Kabupaten Sidoarjo,Campur,Kecamatan Sidoarjo,0.0,Ya,Tidak,Ya,Ya,Ya,Ya,1500000,5,14.220976332738882
Kabupaten Sidoarjo,Campur,Kecamatan Sidoarjo,0.0,Ya,Tidak,Ya,Ya,Ya,Tidak,1400000,4,14.151983508870947
Kabupaten Sidoarjo,Putri,Sidoarjo,4.0,Tidak,Ya,Ya,Ya,Ya,Ya,800000,5,13.592368256649284
Kabupaten Sidoarjo,Campur,Sidoarjo,0.0,Ya,Tidak,Ya,Ya,Ya,Ya,1250000,5,14.038654909278163
Kabupaten Sidoarjo,Campur,Sidoarjo,0.0,Ya,Ya,Ya,Ya,Ya,Ya,1350000,6,14.115615891155079
Kabupaten Sidoarjo,Putri,Kecamatan Sidoarjo,0.0,Ya,Tidak,Ya,Ya,Ya,Ya,1600000,5,14.285514812209815
Kabupaten Sidoarjo,Putri,Sidoarjo,0.0,Tidak,Ya,Ya,Ya,Tidak,Ya,800000,4,13.592368256649284
Kabupaten Sidoarjo,Campur,Sidoarjo,0.0,Ya,Ya,Ya,Tidak,Ya,Ya,1000000,5,13.815511557963774
Kabupaten Sidoarjo,Putra,Sidoarjo,0.0,Ya,Tidak,Ya,Ya,Ya,Ya,950000,5,13.76421831620775
Kabupaten Sidoarjo,Campur,Kecamatan Sidoarjo,0.0,Tidak,Ya,Ya,Ya,Ya,Tidak,550000,4,13.217675375388819
Kabupaten Sidoarjo,Putri,Sidoarjo,0.0,Ya,Ya,Ya,Tidak,Ya,Ya,1050000,5,13.864301674514206
Kabupaten Sidoarjo,Putri,Sidoarjo,0.0,Tidak,Ya,Ya,Ya,Tidak,Ya,850000,4,13.652992804936396
Kabupaten Sidoarjo,Campur,Kecamatan Sidoarjo,0.0,Ya,Ya,Ya,Ya,Ya,Ya,1250000,6,14.038654909278163
Kabupaten Sidoarjo,Campur,Kecamatan Sidoarjo,0.0,Tidak,Tidak,Ya,Ya,Ya,Ya,800000,4,13.592368256649284
Kabupaten Sidoarjo,Campur,Sidoarjo,0.0,Ya,Tidak,Ya,Ya,Ya,Ya,1700000,5,14.346139397261565
Kabupaten Sidoarjo,Putra,Sidoarjo,5.0,Tidak,Ya,Ya,Ya,Tidak,Ya,650000,4,13.384729180332174
Kabupaten Sidoarjo,Campur,Kecamatan Sidoarjo,0.0,Tidak,Ya,Ya,Ya,Ya,Ya,1350000,5,14.115615891155079
Kabupaten Sidoarjo,Campur,Kecamatan Sidoarjo,0.0,Tidak,Ya,Ya,Ya,Ya,Ya,1650000,5,14.316286451937186
Kabupaten Sidoarjo,Campur,Kecamatan Sidoarjo,0.0,Ya,Tidak,Ya,Ya,Ya,Ya,1850000,5,14.430696737594902
Kabupaten Sidoarjo,Putra,Kecamatan Sidoarjo,0.0,Ya,Ya,Ya,Ya,Ya,Ya,950000,6,13.76421831620775
Kabupaten Sidoarjo,Putri,Kecamatan Sidoarjo,0.0,Ya,Tidak,Ya,Ya,Ya,Ya,1700000,5,14.346139397261565
Kabupaten Sidoarjo,Campur,Sidoarjo,0.0,Ya,Tidak,Ya,Ya,Ya,Ya,1050000,5,13.864301674514206
Kabupaten Sidoarjo,Putri,Kecamatan Buduran,0.0,Tidak,Ya,Ya,Ya,Ya,Ya,950000,5,13.76421831620775
Kabupaten Sidoarjo,Campur,Kecamatan Sidoarjo,0.0,Ya,Tidak,Ya,Ya,Ya,Ya,1850000,5,14.430696737594902
Kabupaten Sidoarjo,Campur,Sidoarjo,0.0,Ya,Tidak,Ya,Ya,Ya,Ya,1100000,5,13.910821646859095
Kabupaten Sidoarjo,Campur,Kecamatan Sidoarjo,0.0,Ya,Ya,Ya,Ya,Tidak,Tidak,1850000,4,14.430696737594902
Kabupaten Sidoarjo,Campur,Sidoarjo,0.0,Ya,Tidak,Ya,Ya,Ya,Ya,1450000,5,14.187074804051692
Kabupaten Sidoarjo,Putri,Sidoarjo,0.0,Tidak,Tidak,Ya,Ya,Tidak,Tidak,350000,2,12.765691290604371
Kabupaten Sidoarjo,Campur,Sidoarjo,0.0,Ya,Tidak,Ya,Ya,Ya,Ya,1800000,5,14.403297778421795
Kabupaten Sidoarjo,Campur,Sidoarjo,0.0,Tidak,Ya,Ya,Ya,Ya,Ya,700000,5,13.45883704259595
Kabupaten Sidoarjo,Campur,Sidoarjo,0.0,Tidak,Tidak,Ya,Ya,Ya,Ya,850000,4,13.652992804936396
Kabupaten Sidoarjo,Putra,Kecamatan Sidoarjo,0.0,Ya,Ya,Ya,Ya,Tidak,Ya,875000,5,13.681980308196241
Kabupaten Sidoarjo,Putri,Sidoarjo,0.0,Ya,Ya,Ya,Ya,Ya,Ya,1300000,6,14.077875591662238
Kabupaten Sidoarjo,Campur,Sidoarjo,0.0,Tidak,Ya,Ya,Tidak,Ya,Ya,600000,4,13.304686600863562
Kabupaten Sidoarjo,Putra,Sidoarjo,0.0,Tidak,Ya,Ya,Tidak,Tidak,Ya,500000,3,13.122365377402328
Kabupaten Sidoarjo,Putri,Kecamatan Sidoarjo,0.0,Ya,Ya,Ya,Tidak,Ya,Ya,650000,5,13.384729180332174
Kabupaten Sidoarjo,Campur,Sidoarjo,0.0,Ya,Ya,Ya,Ya,Ya,Ya,500000,6,13.122365377402328
Kabupaten Sidoarjo,Campur,Kecamatan Sidoarjo,0.0,Tidak,Ya,Ya,Tidak,Ya,Ya,500000,4,13.122365377402328
Kabupaten Sidoarjo,Putri,Buduran,5.0,Tidak,Ya,Ya,Tidak,Ya,Ya,700000,4,13.45883704259595
Kabupaten Sidoarjo,Campur,Sidoarjo,0.0,Tidak,Ya,Ya,Ya,Ya,Ya,350000,5,12.765691290604371
Kabupaten Sidoarjo,Putri,Sidoarjo,0.0,Ya,Ya,Ya,Ya,Tidak,Ya,800000,5,13.592368256649284
Kabupaten Sidoarjo,Campur,Sidoarjo,0.0,Ya,Tidak,Ya,Ya,Ya,Ya,1000000,5,13.815511557963774
Kabupaten Sidoarjo,Putri,Sidoarjo,0.0,Tidak,Tidak,Ya,Tidak,Tidak,Ya,600000,2,13.304686600863562
Kabupaten Sidoarjo,Campur,Kecamatan Sidoarjo,0.0,Tidak,Ya,Ya,Ya,Ya,Ya,900000,5,13.710151153416941
Kabupaten Sidoarjo,Campur,Sidoarjo,0.0,Ya,Ya,Ya,Ya,Ya,Tidak,1000000,5,13.815511557963774
Kabupaten Sidoarjo,Campur,Sidoarjo,0.0,Tidak,Tidak,Ya,Ya,Ya,Ya,750000,4,13.527829818844937
Kabupaten Sidoarjo,Putri,Buduran,0.0,Ya,Ya,Ya,Ya,Tidak,Ya,1250000,5,14.038654909278163
Kabupaten Sidoarjo,Putri,Sidoarjo,0.0,Ya,Ya,Ya,Ya,Tidak,Ya,750000,5,13.527829818844937
Kabupaten Sidoarjo,Putri,Sidoarjo,0.0,Ya,Tidak,Ya,Ya,Ya,Ya,1250000,5,14.038654909278163
Kabupaten Sidoarjo,Putri,Sidoarjo,5.0,Tidak,Tidak,Ya,Tidak,Tidak,Ya,450000,2,13.017005083966255
Kabupaten Sidoarjo,Putri,Kecamatan Sidoarjo,0.0,Tidak,Ya,Ya,Tidak,Ya,Ya,785000,4,13.573440270649085
Kabupaten Sidoarjo,Campur,Sidoarjo,0.0,Tidak,Tidak,Ya,Tidak,Ya,Ya,450000,3,13.017005083966255
Kabupaten Sidoarjo,Putri,Buduran,0.0,Tidak,Ya,Ya,Ya,Tidak,Tidak,700000,3,13.45883704259595
Kabupaten Sidoarjo,Campur,Sidoarjo,0.0,Ya,Ya,Ya,Ya,Ya,Ya,1200000,6,13.997832948091215
Kabupaten Sidoarjo,Putra,Kecamatan Sidoarjo,0.0,Tidak,Ya,Ya,Tidak,Tidak,Ya,435000,3,12.983103608918753
Kabupaten Sidoarjo,Campur,Buduran,0.0,Tidak,Ya,Ya,Ya,Ya,Ya,800000,5,13.592368256649284
Kabupaten Sidoarjo,Putri,Kecamatan Sidoarjo,0.0,Ya,Ya,Ya,Ya,Ya,Ya,1250000,6,14.038654909278163
Kabupaten Sidoarjo,Campur,Buduran,0.0,Tidak,Ya,Ya,Ya,Ya,Ya,800000,5,13.592368256649284
Kabupaten Sidoarjo,Campur,Sidoarjo,0.0,Tidak,Tidak,Ya,Tidak,Ya,Ya,500000,3,13.122365377402328
Kabupaten Sidoarjo,Putri,Sidoarjo,0.0,Tidak,Ya,Ya,Tidak,Tidak,Ya,625000,3,13.345508528717259
Kabupaten Sidoarjo,Putri,Sidoarjo,0.0,Tidak,Ya,Ya,Tidak,Tidak,Ya,595000,3,13.296318365198623
Kabupaten Sidoarjo,Putri,Kecamatan Sidoarjo,0.0,Tidak,Ya,Ya,Ya,Ya,Tidak,600000,4,13.304686600863562
Kabupaten Sidoarjo,Putri,Sidoarjo,0.0,Tidak,Tidak,Ya,Tidak,Tidak,Tidak,525000,1,13.171155446333852
Kabupaten Sidoarjo,Putra,Sidoarjo,0.0,Ya,Tidak,Ya,Ya,Ya,Ya,800000,5,13.592368256649284
Kabupaten Sidoarjo,Putri,Buduran,0.0,Tidak,Ya,Ya,Ya,Tidak,Tidak,650000,3,13.384729180332174
Kabupaten Sidoarjo,Campur,Sidoarjo,0.0,Tidak,Ya,Ya,Tidak,Tidak,Tidak,450000,2,13.017005083966255
Kabupaten Sidoarjo,Putra,Sidoarjo,0.0,Tidak,Ya,Ya,Tidak,Tidak,Ya,400000,3,12.899222326086994
Kabupaten Sidoarjo,Campur,Kecamatan Buduran,0.0,Ya,Ya,Ya,Ya,Ya,Ya,1500000,6,14.220976332738882
Kabupaten Sidoarjo,Campur,Sidoarjo,0.0,Ya,Ya,Ya,Ya,Ya,Ya,1350000,6,14.115615891155079
Kabupaten Sidoarjo,Putra,Sidoarjo,0.0,Ya,Tidak,Ya,Tidak,Ya,Ya,1000000,4,13.815511557963774
Kabupaten Sidoarjo,Campur,Buduran,0.0,Tidak,Tidak,Ya,Tidak,Ya,Tidak,450000,2,13.017005083966255
Kabupaten Sidoarjo,Putri,Sidoarjo,0.0,Tidak,Ya,Ya,Ya,Tidak,Ya,650000,4,13.384729180332174
Kabupaten Sidoarjo,Putri,Sidoarjo,0.0,Tidak,Tidak,Ya,Ya,Tidak,Ya,550000,3,13.217675375388819
Kabupaten Sidoarjo,Campur,Kecamatan Sidoarjo,0.0,Ya,Tidak,Ya,Ya,Ya,Tidak,1500000,4,14.220976332738882
Kabupaten Sidoarjo,Putri,Sidoarjo,0.0,Ya,Ya,Ya,Ya,Ya,Ya,1200000,6,13.997832948091215
Kabupaten Sidoarjo,Campur,Sidoarjo,0.0,Ya,Ya,Ya,Ya,Ya,Ya,1000000,6,13.815511557963774
Kabupaten Sidoarjo,Putri,Sidoarjo,0.0,Ya,Tidak,Ya,Ya,Tidak,Ya,1100000,4,13.910821646859095
Kabupaten Sidoarjo,Putri,Sidoarjo,0.0,Ya,Ya,Ya,Ya,Ya,Ya,900000,6,13.710151153416941
Kabupaten Sidoarjo,Putri,Sidoarjo,4.9,Tidak,Ya,Ya,Tidak,Ya,Ya,400000,4,12.899222326086994
Kabupaten Sidoarjo,Putri,Sidoarjo,0.0,Ya,Ya,Ya,Ya,Ya,Ya,1200000,6,13.997832948091215
Kabupaten Sidoarjo,Campur,Sidoarjo,0.0,Tidak,Ya,Ya,Tidak,Ya,Ya,500000,4,13.122365377402328
Kabupaten Sidoarjo,Putri,Sidoarjo,0.0,Ya,Ya,Ya,Ya,Tidak,Ya,950000,5,13.76421831620775
Kabupaten Sidoarjo,Campur,Kecamatan Buduran,0.0,Ya,Ya,Ya,Ya,Ya,Ya,1100000,6,13.910821646859095
Kabupaten Sidoarjo,Campur,Kecamatan Sidoarjo,0.0,Ya,Ya,Ya,Ya,Ya,Ya,1100000,6,13.910821646859095
Kabupaten Sidoarjo,Campur,Kecamatan Sidoarjo,0.0,Ya,Ya,Ya,Ya,Ya,Ya,1100000,6,13.910821646859095
Kabupaten Sidoarjo,Putri,Sidoarjo,0.0,Ya,Ya,Ya,Ya,Tidak,Ya,950000,5,13.76421831620775
Kabupaten Sidoarjo,Putra,Kecamatan Sidoarjo,1.6,Tidak,Ya,Ya,Tidak,Tidak,Ya,400000,3,12.899222326086994
Kabupaten Sidoarjo,Putri,Sidoarjo,5.0,Tidak,Tidak,Ya,Tidak,Ya,Ya,1000000,3,13.815511557963774
Kabupaten Sidoarjo,Putri,Sidoarjo,0.0,Tidak,Ya,Ya,Ya,Ya,Ya,650000,5,13.384729180332174
Kabupaten Sidoarjo,Putri,Kecamatan Sidoarjo,0.0,Tidak,Ya,Ya,Tidak,Tidak,Tidak,600000,2,13.304686600863562
Kabupaten Sidoarjo,Putri,Sidoarjo,0.0,Tidak,Ya,Tidak,Ya,Tidak,Ya,550000,3,13.217675375388819
Kabupaten Sidoarjo,Campur,Sidoarjo,0.0,Ya,Ya,Ya,Tidak,Ya,Ya,1100000,5,13.910821646859095
Kabupaten Sidoarjo,Putri,Sidoarjo,0.0,Ya,Tidak,Ya,Ya,Ya,Ya,1300000,5,14.077875591662238
Kabupaten Sidoarjo,Campur,Candi,0.0,Tidak,Ya,Ya,Tidak,Ya,Tidak,675000,3,13.42246945133505
Kabupaten Sidoarjo,Putri,Sidoarjo,0.0,Tidak,Ya,Ya,Tidak,Ya,Ya,550000,4,13.217675375388819
Kabupaten Sidoarjo,Campur,Kecamatan Buduran,0.0,Ya,Ya,Ya,Tidak,Ya,Ya,975000,5,13.790193775620484
Kabupaten Sidoarjo,Putri,Kecamatan Sidoarjo,0.0,Ya,Ya,Ya,Ya,Ya,Ya,1300000,6,14.077875591662238
Kabupaten Sidoarjo,Putri,Sidoarjo,0.0,Tidak,Tidak,Ya,Tidak,Tidak,Ya,400000,2,12.899222326086994
Kabupaten Sidoarjo,Putri,Sidoarjo,0.0,Ya,Tidak,Ya,Ya,Ya,Ya,1200000,5,13.997832948091215
Kabupaten Sidoarjo,Campur,Sidoarjo,0.0,Ya,Tidak,Ya,Ya,Ya,Ya,1250000,5,14.038654909278163
Kabupaten Sidoarjo,Campur,Sidoarjo,0.0,Ya,Ya,Ya,Tidak,Ya,Ya,875000,5,13.681980308196241
Kabupaten Sidoarjo,Campur,Sidoarjo,0.0,Ya,Ya,Ya,Ya,Ya,Ya,1500000,6,14.220976332738882
Kabupaten Sidoarjo,Putri,Kecamatan Sidoarjo,0.0,Tidak,Tidak,Ya,Ya,Ya,Ya,599999,4,13.304684934198283
Kabupaten Sidoarjo,Putri,Sidoarjo,0.0,Tidak,Ya,Ya,Ya,Ya,Ya,750000,5,13.527829818844937
Kabupaten Sidoarjo,Putri,Sidoarjo,0.0,Tidak,Ya,Ya,Tidak,Tidak,Ya,600000,3,13.304686600863562
Kabupaten Sidoarjo,Campur,Kecamatan Sidoarjo,0.0,Ya,Ya,Ya,Tidak,Ya,Ya,1100000,5,13.910821646859095
Kabupaten Sidoarjo,Putri,Sidoarjo,0.0,Tidak,Ya,Ya,Tidak,Tidak,Ya,550000,3,13.217675375388819
Kabupaten Sidoarjo,Putra,Kecamatan Sidoarjo,0.0,Ya,Tidak,Ya,Ya,Ya,Ya,1100000,5,13.910821646859095
Kabupaten Sidoarjo,Putri,Sidoarjo,0.0,Tidak,Tidak,Ya,Ya,Ya,Tidak,800000,3,13.592368256649284
Kabupaten Sidoarjo,Campur,Kecamatan Sidoarjo,0.0,Ya,Ya,Ya,Ya,Ya,Ya,1500000,6,14.220976332738882
Kabupaten Sidoarjo,Putri,Kecamatan Sidoarjo,0.0,Ya,Ya,Ya,Tidak,Ya,Ya,400000,5,12.899222326086994
Kabupaten Sidoarjo,Putri,Kecamatan Buduran,0.0,Tidak,Ya,Ya,Ya,Ya,Ya,750000,5,13.527829818844937
Kabupaten Sidoarjo,Putri,Sidoarjo,0.0,Ya,Ya,Ya,Ya,Ya,Ya,1300000,6,14.077875591662238
Kabupaten Sidoarjo,Campur,Candi,0.0,Tidak,Ya,Ya,Tidak,Ya,Tidak,850000,3,13.652992804936396
Kabupaten Sidoarjo,Putra,Sidoarjo,0.0,Tidak,Tidak,Ya,Tidak,Tidak,Tidak,500000,1,13.122365377402328
Kabupaten Sidoarjo,Campur,Kecamatan Sidoarjo,0.0,Ya,Tidak,Ya,Ya,Ya,Ya,1000000,5,13.815511557963774
Kabupaten Sidoarjo,Putri,Sidoarjo,5.0,Ya,Ya,Ya,Ya,Ya,Ya,1250000,6,14.038654909278163
Kabupaten Sidoarjo,Campur,Sidoarjo,5.0,Ya,Ya,Ya,Ya,Tidak,Tidak,950000,4,13.76421831620775
Kabupaten Sidoarjo,Putri,Sidoarjo,5.0,Ya,Tidak,Ya,Ya,Ya,Ya,1100000,5,13.910821646859095
Kabupaten Sidoarjo,Campur,Sidoarjo,0.0,Tidak,Ya,Ya,Ya,Ya,Ya,1050000,5,13.864301674514206
Kabupaten Sidoarjo,Campur,Kecamatan Sidoarjo,0.0,Ya,Ya,Ya,Ya,Ya,Ya,1650000,6,14.316286451937186
Kabupaten Sidoarjo,Campur,Sidoarjo,0.0,Tidak,Ya,Ya,Tidak,Ya,Tidak,700000,3,13.45883704259595
Kabupaten Sidoarjo,Campur,Sidoarjo,0.0,Ya,Tidak,Ya,Ya,Ya,Ya,1300000,5,14.077875591662238
Kabupaten Sidoarjo,Campur,Kecamatan Sidoarjo,0.0,Ya,Ya,Ya,Tidak,Ya,Ya,1000000,5,13.815511557963774
Kabupaten Sidoarjo,Campur,Kecamatan Candi,0.0,Ya,Ya,Ya,Ya,Ya,Ya,1400000,6,14.151983508870947
Kabupaten Sidoarjo,Campur,Buduran,0.0,Tidak,Ya,Ya,Tidak,Ya,Ya,715000,4,13.480039220276565
Kabupaten Sidoarjo,Putri,Kecamatan Sidoarjo,0.0,Tidak,Ya,Ya,Ya,Ya,Ya,750000,5,13.527829818844937
Kabupaten Sidoarjo,Putri,Kecamatan Sidoarjo,0.0,Tidak,Tidak,Ya,Ya,Tidak,Ya,650000,3,13.384729180332174
Kabupaten Sidoarjo,Campur,Sidoarjo,0.0,Ya,Ya,Tidak,Tidak,Ya,Ya,1500000,4,14.220976332738882
Kabupaten Sidoarjo,Putri,Kecamatan Sidoarjo,0.0,Ya,Tidak,Ya,Ya,Ya,Ya,1750000,5,14.375126917328105
Kabupaten Sidoarjo,Campur,Sidoarjo,0.0,Ya,Ya,Ya,Ya,Ya,Ya,900000,6,13.710151153416941
Kabupaten Sidoarjo,Campur,Sidoarjo,0.0,Ya,Ya,Ya,Tidak,Ya,Ya,900000,5,13.710151153416941
Kabupaten Sidoarjo,Campur,Sidoarjo,4.9,Tidak,Ya,Ya,Ya,Ya,Ya,750000,5,13.527829818844937
Kabupaten Sidoarjo,Campur,Sidoarjo,0.0,Ya,Ya,Ya,Ya,Ya,Ya,1200000,6,13.997832948091215
Kabupaten Sidoarjo,Putri,Sidoarjo,4.9,Tidak,Ya,Ya,Ya,Tidak,Ya,500000,4,13.122365377402328
Kabupaten Sidoarjo,Campur,Sidoarjo,0.0,Tidak,Tidak,Ya,Ya,Tidak,Tidak,300000,2,12.611541086966115
Kabupaten Sidoarjo,Putri,Kecamatan Sidoarjo,0.0,Tidak,Ya,Ya,Ya,Tidak,Ya,450000,4,13.017005083966255
Kabupaten Sidoarjo,Putri,Sidoarjo,0.0,Tidak,Ya,Ya,Tidak,Tidak,Tidak,600000,2,13.304686600863562
Kabupaten Sidoarjo,Campur,Buduran,0.0,Ya,Tidak,Ya,Tidak,Ya,Ya,1500000,4,14.220976332738882
Kabupaten Sidoarjo,Putri,Kecamatan Sidoarjo,0.0,Ya,Tidak,Ya,Ya,Ya,Ya,1600000,5,14.285514812209815
Kabupaten Sidoarjo,Campur,Kecamatan Sidoarjo,0.0,Tidak,Ya,Ya,Tidak,Tidak,Tidak,350000,2,12.765691290604371
Kabupaten Sidoarjo,Putri,Sidoarjo,0.0,Tidak,Ya,Ya,Ya,Tidak,Ya,650000,4,13.384729180332174
Kabupaten Sidoarjo,Putra,Kecamatan Sidoarjo,0.0,Ya,Tidak,Ya,Ya,Ya,Ya,850000,5,13.652992804936396
Kabupaten Sidoarjo,Putri,Sidoarjo,0.0,Ya,Tidak,Ya,Ya,Tidak,Tidak,1250000,3,14.038654909278163
Kabupaten Sidoarjo,Putri,Sidoarjo,0.0,Tidak,Tidak,Ya,Ya,Ya,Tidak,750000,3,13.527829818844937
Kabupaten Sidoarjo,Campur,Sidoarjo,0.0,Ya,Tidak,Ya,Tidak,Tidak,Tidak,1250000,2,14.038654909278163
Kabupaten Sidoarjo,Campur,Buduran,0.0,Ya,Tidak,Ya,Ya,Ya,Ya,1500000,5,14.220976332738882
Kabupaten Sidoarjo,Putri,Sidoarjo,0.0,Tidak,Tidak,Ya,Ya,Ya,Ya,750000,4,13.527829818844937
Kabupaten Sidoarjo,Putri,Sidoarjo,4.9,Tidak,Ya,Ya,Ya,Tidak,Ya,435000,4,12.983103608918753
Kabupaten Sidoarjo,Campur,Kecamatan Sidoarjo,0.0,Ya,Ya,Ya,Ya,Ya,Ya,900000,6,13.710151153416941
Kabupaten Sidoarjo,Putri,Kecamatan Sidoarjo,0.0,Ya,Ya,Ya,Ya,Ya,Ya,1300000,6,14.077875591662238
Kabupaten Sidoarjo,Putri,Sidoarjo,0.0,Tidak,Tidak,Ya,Ya,Tidak,Tidak,500000,2,13.122365377402328
Kabupaten Sidoarjo,Putri,Kecamatan Sidoarjo,0.0,Ya,Ya,Ya,Tidak,Tidak,Ya,800000,4,13.592368256649284
Kabupaten Sidoarjo,Putri,Sidoarjo,0.0,Ya,Ya,Ya,Ya,Ya,Ya,1300000,6,14.077875591662238
Kabupaten Sidoarjo,Campur,Sidoarjo,0.0,Ya,Tidak,Ya,Tidak,Tidak,Tidak,1600000,2,14.285514812209815
Kabupaten Sidoarjo,Putra,Kecamatan Sidoarjo,5.0,Ya,Ya,Ya,Tidak,Ya,Ya,950000,5,13.76421831620775
Kabupaten Sidoarjo,Putri,Kecamatan Sidoarjo,0.0,Tidak,Tidak,Ya,Ya,Ya,Ya,700000,4,13.45883704259595
Kabupaten Sidoarjo,Campur,Kecamatan Sidoarjo,0.0,Ya,Ya,Ya,Ya,Tidak,Tidak,1200000,4,13.997832948091215
Kabupaten Sidoarjo,Putri,Sidoarjo,0.0,Ya,Ya,Ya,Ya,Tidak,Ya,1160000,5,13.963931425151141
Kabupaten Sidoarjo,Campur,Kecamatan Sidoarjo,0.0,Tidak,Tidak,Ya,Tidak,Ya,Tidak,750000,2,13.527829818844937
Kabupaten Sidoarjo,Putri,Kecamatan Sidoarjo,0.0,Ya,Ya,Ya,Ya,Ya,Ya,1300000,6,14.077875591662238
Kabupaten Sidoarjo,Putri,Sidoarjo,0.0,Tidak,Tidak,Tidak,Ya,Tidak,Tidak,400000,1,12.899222326086994
Kabupaten Sidoarjo,Putri,Sidoarjo,0.0,Tidak,Ya,Ya,Tidak,Tidak,Ya,425000,3,12.959846800844963
Kabupaten Sidoarjo,Putra,Sidoarjo,0.0,Ya,Ya,Ya,Ya,Tidak,Ya,750000,5,13.527829818844937
Kabupaten Sidoarjo,Putra,Kecamatan Sidoarjo,0.0,Tidak,Tidak,Ya,Tidak,Ya,Tidak,450000,2,13.017005083966255
Kabupaten Sidoarjo,Putri,Kecamatan Sidoarjo,0.0,Ya,Tidak,Tidak,Tidak,Ya,Ya,1300000,3,14.077875591662238
Kabupaten Sidoarjo,Campur,Buduran,0.0,Ya,Tidak,Ya,Ya,Ya,Ya,1800000,5,14.403297778421795
Kabupaten Sidoarjo,Campur,Buduran,0.0,Tidak,Ya,Ya,Tidak,Tidak,Ya,650000,3,13.384729180332174
Kabupaten Sidoarjo,Campur,Kecamatan Buduran,0.0,Ya,Ya,Ya,Ya,Ya,Ya,1500000,6,14.220976332738882
Kabupaten Sidoarjo,Putri,Buduran,0.0,Tidak,Tidak,Ya,Ya,Ya,Ya,1000000,4,13.815511557963774
Kabupaten Sidoarjo,Putri,Kecamatan Sidoarjo,0.0,Ya,Ya,Ya,Ya,Tidak,Ya,1100000,5,13.910821646859095
Kabupaten Sidoarjo,Putri,Kecamatan Sidoarjo,0.0,Tidak,Ya,Ya,Tidak,Ya,Ya,822500,4,13.620104977426395
Kabupaten Sidoarjo,Putri,Kecamatan Sidoarjo,0.0,Tidak,Tidak,Ya,Ya,Tidak,Ya,1600000,3,14.285514812209815
Kabupaten Sidoarjo,Putri,Kecamatan Sidoarjo,0.0,Ya,Ya,Ya,Ya,Tidak,Ya,1500000,5,14.220976332738882
Kabupaten Sidoarjo,Putri,Kecamatan Candi,0.0,Tidak,Tidak,Ya,Ya,Ya,Ya,400000,4,12.899222326086994
Kabupaten Sidoarjo,Putri,Sidoarjo,0.0,Tidak,Ya,Ya,Ya,Ya,Ya,1100000,5,13.910821646859095
Kabupaten Sidoarjo,Campur,Kecamatan Sidoarjo,0.0,Tidak,Ya,Ya,Tidak,Tidak,Ya,650000,3,13.384729180332174
Kabupaten Sidoarjo,Putri,Sidoarjo,0.0,Tidak,Ya,Ya,Ya,Ya,Ya,800000,5,13.592368256649284
Kabupaten Sidoarjo,Putri,Kecamatan Sidoarjo,0.0,Ya,Ya,Ya,Tidak,Tidak,Ya,1000000,4,13.815511557963774
Kabupaten Sidoarjo,Putri,Sidoarjo,0.0,Tidak,Tidak,Ya,Tidak,Ya,Tidak,750000,2,13.527829818844937
Kabupaten Sidoarjo,Campur,Kecamatan Sidoarjo,0.0,Ya,Ya,Ya,Tidak,Ya,Ya,1000000,5,13.815511557963774
Kabupaten Sidoarjo,Campur,Candi,0.0,Ya,Ya,Ya,Tidak,Ya,Ya,800000,5,13.592368256649284
Kabupaten Sidoarjo,Campur,Kecamatan Sidoarjo,0.0,Tidak,Tidak,Ya,Ya,Ya,Tidak,650000,3,13.384729180332174
Kabupaten Sidoarjo,Campur,Candi,0.0,Tidak,Ya,Ya,Tidak,Ya,Tidak,500000,3,13.122365377402328
Kabupaten Sidoarjo,Putri,Kecamatan Sidoarjo,0.0,Ya,Ya,Ya,Ya,Ya,Ya,1300000,6,14.077875591662238
Kabupaten Sidoarjo,Putri,Sidoarjo,0.0,Ya,Ya,Ya,Ya,Ya,Ya,1800000,6,14.403297778421795
Kabupaten Sidoarjo,Putra,Kecamatan Sidoarjo,0.0,Ya,Tidak,Ya,Ya,Ya,Ya,1350000,5,14.115615891155079
Kabupaten Sidoarjo,Campur,Sidoarjo,0.0,Ya,Ya,Ya,Ya,Ya,Tidak,1100000,5,13.910821646859095
Kabupaten Sidoarjo,Putri,Kecamatan Buduran,0.0,Tidak,Ya,Ya,Tidak,Ya,Ya,585000,4,13.279368835614243
Kabupaten Sidoarjo,Campur,Kecamatan Buduran,0.0,Tidak,Ya,Tidak,Tidak,Ya,Tidak,750000,2,13.527829818844937
Kabupaten Sidoarjo,Putri,Kecamatan Sidoarjo,0.0,Ya,Tidak,Ya,Ya,Tidak,Ya,1100000,4,13.910821646859095
Kabupaten Sidoarjo,Putra,Kecamatan Sidoarjo,0.0,Ya,Ya,Ya,Ya,Ya,Ya,1200000,6,13.997832948091215
Kabupaten Sidoarjo,Putri,Sidoarjo,0.0,Tidak,Ya,Ya,Tidak,Tidak,Ya,403000,3,12.90669432231532
Kabupaten Sidoarjo,Putri,Kecamatan Sidoarjo,0.0,Ya,Tidak,Ya,Ya,Ya,Ya,1100000,5,13.910821646859095
Kabupaten Situbondo,Campur,Situbondo,0.0,Tidak,Ya,Ya,Tidak,Ya,Ya,400000,4,12.899222326086994
Kabupaten Situbondo,Putra,Situbondo,5.0,Tidak,Ya,Ya,Tidak,Ya,Tidak,300000,3,12.611541086966115
Kabupaten Situbondo,Campur,Kecamatan Panji,4.5,Ya,Ya,Ya,Ya,Ya,Ya,750000,6,13.527829818844937
Kabupaten Situbondo,Putra,Kecamatan Panji,0.0,Tidak,Ya,Ya,Ya,Ya,Ya,550000,5,13.217675375388819
Kabupaten Situbondo,Putri,Kecamatan Situbondo,0.0,Ya,Ya,Ya,Tidak,Ya,Ya,700000,5,13.45883704259595
Kabupaten Situbondo,Putri,Kecamatan Panji,0.0,Ya,Tidak,Ya,Ya,Ya,Ya,1000001,5,13.815512557962274
Kabupaten Situbondo,Campur,Situbondo,0.0,Tidak,Ya,Ya,Ya,Ya,Tidak,500000,4,13.122365377402328
Kabupaten Situbondo,Campur,Panarukan,0.0,Ya,Ya,Ya,Tidak,Ya,Ya,700000,5,13.45883704259595
Kabupaten Situbondo,Campur,Kecamatan Panji,0.0,Ya,Ya,Ya,Ya,Ya,Ya,700000,6,13.45883704259595
Kabupaten Situbondo,Putra,Kecamatan Panji,0.0,Tidak,Tidak,Ya,Tidak,Ya,Tidak,500000,2,13.122365377402328
Kabupaten Situbondo,Campur,Kecamatan Situbondo,0.0,Tidak,Tidak,Tidak,Tidak,Ya,Ya,500000,2,13.122365377402328
Kabupaten Situbondo,Putri,Kecamatan Situbondo,0.0,Tidak,Ya,Ya,Tidak,Tidak,Tidak,400000,2,12.899222326086994
Kabupaten Situbondo,Campur,Kecamatan Panji,0.0,Tidak,Ya,Ya,Ya,Ya,Ya,700000,5,13.45883704259595
Kabupaten Situbondo,Putri,Situbondo,0.0,Tidak,Ya,Ya,Tidak,Tidak,Ya,400000,3,12.899222326086994
Kabupaten Situbondo,Campur,Situbondo,0.0,Ya,Ya,Ya,Ya,Ya,Tidak,800000,5,13.592368256649284
Kabupaten Situbondo,Putra,Kecamatan Situbondo,0.0,Tidak,Ya,Ya,Ya,Ya,Ya,350000,5,12.765691290604371
Kabupaten Situbondo,Putri,Kecamatan Situbondo,0.0,Tidak,Tidak,Ya,Tidak,Tidak,Ya,350000,2,12.765691290604371
Kabupaten Situbondo,Campur,Kecamatan Situbondo,0.0,Tidak,Tidak,Ya,Tidak,Ya,Ya,400000,3,12.899222326086994
Kabupaten Situbondo,Putri,Situbondo,0.0,Tidak,Ya,Ya,Tidak,Tidak,Ya,350000,3,12.765691290604371
Kabupaten Situbondo,Campur,Kecamatan Situbondo,0.0,Tidak,Tidak,Ya,Tidak,Ya,Tidak,850000,2,13.652992804936396
Kabupaten Situbondo,Putri,Kecamatan Situbondo,0.0,Tidak,Ya,Ya,Tidak,Ya,Ya,500000,4,13.122365377402328
Kabupaten Situbondo,Putra,Kecamatan Situbondo,0.0,Ya,Ya,Ya,Ya,Ya,Ya,750000,6,13.527829818844937
Kabupaten Situbondo,Putri,Panji,0.0,Tidak,Tidak,Ya,Ya,Tidak,Ya,700000,3,13.45883704259595
Kabupaten Situbondo,Putri,Kecamatan Situbondo,0.0,Tidak,Ya,Ya,Tidak,Tidak,Ya,400000,3,12.899222326086994
Kabupaten Situbondo,Putri,Kecamatan Panji,0.0,Ya,Tidak,Ya,Ya,Ya,Ya,750000,5,13.527829818844937
Kabupaten Situbondo,Putra,Panji,0.0,Tidak,Tidak,Ya,Tidak,Tidak,Tidak,350000,1,12.765691290604371
Kabupaten Situbondo,Putra,Kecamatan Panji,0.0,Tidak,Ya,Ya,Ya,Tidak,Ya,550000,4,13.217675375388819
Kabupaten Situbondo,Campur,Kecamatan Panji,0.0,Ya,Ya,Ya,Ya,Ya,Ya,1000000,6,13.815511557963774
Kabupaten Situbondo,Campur,Panji,0.0,Tidak,Tidak,Ya,Ya,Ya,Tidak,550000,3,13.217675375388819
Kabupaten Situbondo,Campur,Panji,0.0,Tidak,Tidak,Ya,Tidak,Ya,Tidak,450000,2,13.017005083966255
Kabupaten Situbondo,Putri,Panarukan,0.0,Ya,Ya,Tidak,Tidak,Ya,Ya,700000,4,13.45883704259595
Kabupaten Situbondo,Campur,Kecamatan Situbondo,0.0,Tidak,Tidak,Ya,Tidak,Ya,Tidak,550000,2,13.217675375388819
Kabupaten Situbondo,Campur,Kecamatan Situbondo,0.0,Tidak,Ya,Ya,Tidak,Tidak,Tidak,400000,2,12.899222326086994
Kabupaten Situbondo,Putra,Situbondo,0.0,Tidak,Tidak,Ya,Ya,Ya,Tidak,500000,3,13.122365377402328
Kabupaten Situbondo,Campur,Situbondo,0.0,Tidak,Ya,Ya,Tidak,Ya,Ya,350000,4,12.765691290604371
Kabupaten Situbondo,Putri,Situbondo,0.0,Tidak,Ya,Ya,Tidak,Ya,Tidak,400000,3,12.899222326086994
Kabupaten Situbondo,Campur,Kecamatan Panji,0.0,Tidak,Ya,Ya,Ya,Ya,Ya,500000,5,13.122365377402328
Kabupaten Situbondo,Putri,Situbondo,0.0,Tidak,Tidak,Ya,Tidak,Ya,Ya,600000,3,13.304686600863562
Kabupaten Situbondo,Campur,Kecamatan Panji,0.0,Ya,Ya,Ya,Ya,Ya,Ya,850000,6,13.652992804936396
Kabupaten Situbondo,Campur,Situbondo,0.0,Tidak,Ya,Ya,Tidak,Ya,Tidak,350000,3,12.765691290604371
Kabupaten Situbondo,Campur,Panarukan,0.0,Tidak,Tidak,Ya,Ya,Tidak,Ya,360000,3,12.793862088206213
Kabupaten Situbondo,Campur,Situbondo,0.0,Tidak,Tidak,Ya,Tidak,Tidak,Tidak,350000,1,12.765691290604371
Kabupaten Situbondo,Campur,Panji,0.0,Tidak,Tidak,Ya,Tidak,Ya,Tidak,350000,2,12.765691290604371
Kabupaten Situbondo,Campur,Kecamatan Panji,0.0,Tidak,Ya,Ya,Tidak,Ya,Ya,500000,4,13.122365377402328
Kabupaten Situbondo,Campur,Kecamatan Situbondo,0.0,Tidak,Ya,Ya,Ya,Tidak,Ya,300000,4,12.611541086966115
Kabupaten Situbondo,Putri,Kecamatan Situbondo,0.0,Tidak,Tidak,Ya,Tidak,Ya,Ya,450000,3,13.017005083966255
Kabupaten Situbondo,Putri,Situbondo,0.0,Ya,Tidak,Ya,Ya,Ya,Tidak,600000,4,13.304686600863562
Kabupaten Situbondo,Putri,Kecamatan Panarukan,0.0,Tidak,Tidak,Tidak,Ya,Tidak,Tidak,350000,1,12.765691290604371
Kabupaten Tuban,Campur,Tuban,0.0,Tidak,Tidak,Tidak,Tidak,Tidak,Tidak,600000,0,13.304686600863562
Kabupaten Tuban,Putra,Kecamatan Tuban,0.0,Tidak,Ya,Ya,Tidak,Tidak,Ya,400000,3,12.899222326086994
Kabupaten Tuban,Campur,Semanding,0.0,Ya,Ya,Ya,Ya,Ya,Ya,950000,6,13.76421831620775
Kabupaten Tuban,Campur,Kecamatan Tuban,0.0,Ya,Ya,Ya,Ya,Ya,Ya,1100000,6,13.910821646859095
Kabupaten Tuban,Campur,Kecamatan Semanding,0.0,Tidak,Ya,Tidak,Ya,Tidak,Tidak,900000,2,13.710151153416941
Kabupaten Tuban,Putra,Tuban,0.0,Tidak,Ya,Ya,Tidak,Tidak,Ya,980000,3,13.795308871054397
Kabupaten Tuban,Campur,Kecamatan Tuban,0.0,Ya,Ya,Ya,Ya,Ya,Ya,1100000,6,13.910821646859095
Kabupaten Tuban,Campur,Tuban,0.0,Tidak,Ya,Ya,Ya,Ya,Tidak,600000,4,13.304686600863562
Kabupaten Tuban,Putri,Kecamatan Tuban,0.0,Tidak,Ya,Ya,Tidak,Tidak,Ya,300000,3,12.611541086966115
Kabupaten Tuban,Campur,Kecamatan Tuban,0.0,Ya,Ya,Ya,Ya,Ya,Ya,900000,6,13.710151153416941
Kabupaten Tuban,Campur,Tuban,4.9,Tidak,Ya,Ya,Ya,Ya,Ya,650000,5,13.384729180332174
Kabupaten Tuban,Putri,Tuban,5.0,Tidak,Ya,Ya,Tidak,Tidak,Ya,350000,3,12.765691290604371
Kabupaten Tuban,Putra,Tuban,0.0,Tidak,Ya,Ya,Tidak,Ya,Ya,600000,4,13.304686600863562
Kabupaten Tuban,Campur,Tuban,0.0,Ya,Ya,Ya,Tidak,Ya,Ya,750000,5,13.527829818844937
Kabupaten Tuban,Campur,Kecamatan Semanding,0.0,Tidak,Ya,Ya,Ya,Ya,Tidak,700000,4,13.45883704259595
Kabupaten Tuban,Putri,Tuban,0.0,Tidak,Ya,Ya,Tidak,Tidak,Tidak,350000,2,12.765691290604371
Kabupaten Tuban,Campur,Tuban,5.0,Tidak,Tidak,Ya,Tidak,Ya,Ya,500000,3,13.122365377402328
Kabupaten Tuban,Campur,Tuban,0.0,Tidak,Ya,Ya,Ya,Tidak,Tidak,350000,3,12.765691290604371
Kabupaten Tuban,Putri,Kecamatan Tuban,0.0,Tidak,Tidak,Ya,Ya,Ya,Ya,650000,4,13.384729180332174
Kabupaten Tuban,Campur,Semanding,0.0,Tidak,Ya,Ya,Ya,Ya,Ya,600000,5,13.304686600863562
Kabupaten Tuban,Putri,Tuban,0.0,Ya,Ya,Ya,Ya,Ya,Ya,750000,6,13.527829818844937
Kabupaten Tuban,Putra,Semanding,0.0,Tidak,Tidak,Ya,Tidak,Ya,Ya,450000,3,13.017005083966255
Kabupaten Tuban,Putri,Semanding,0.0,Tidak,Tidak,Ya,Tidak,Tidak,Ya,400000,2,12.899222326086994
Kabupaten Tuban,Putri,Kecamatan Tuban,0.0,Tidak,Ya,Ya,Tidak,Tidak,Ya,500000,3,13.122365377402328
Kabupaten Tuban,Putri,Tuban,0.0,Ya,Ya,Ya,Ya,Ya,Ya,1100000,6,13.910821646859095
Kabupaten Tuban,Campur,Semanding,0.0,Tidak,Ya,Tidak,Tidak,Ya,Tidak,500000,2,13.122365377402328
Kabupaten Tuban,Putri,Kecamatan Tuban,0.0,Tidak,Ya,Ya,Tidak,Tidak,Tidak,550000,2,13.217675375388819
Kabupaten Tuban,Campur,Tuban,0.0,Ya,Tidak,Ya,Ya,Ya,Ya,1200000,5,13.997832948091215
Kabupaten Tuban,Campur,Tuban,0.0,Tidak,Tidak,Ya,Ya,Ya,Ya,550000,4,13.217675375388819
Kabupaten Tuban,Putra,Kecamatan Tuban,0.0,Ya,Ya,Ya,Tidak,Ya,Ya,950000,5,13.76421831620775
Kabupaten Tuban,Putri,Kecamatan Tuban,0.0,Tidak,Tidak,Ya,Ya,Ya,Ya,550000,4,13.217675375388819
Kabupaten Tuban,Putri,Kecamatan Tuban,0.0,Tidak,Ya,Ya,Tidak,Tidak,Ya,950000,3,13.76421831620775
Kabupaten Tuban,Putri,Semanding,0.0,Ya,Ya,Ya,Tidak,Tidak,Ya,1250000,4,14.038654909278163
Kabupaten Tuban,Putri,Tuban,0.0,Tidak,Tidak,Ya,Tidak,Tidak,Ya,500000,2,13.122365377402328
Kabupaten Tuban,Campur,Tuban,0.0,Tidak,Ya,Ya,Ya,Ya,Ya,600000,5,13.304686600863562
Kabupaten Tuban,Putri,Kecamatan Tuban,0.0,Tidak,Tidak,Ya,Ya,Ya,Ya,450000,4,13.017005083966255
Kabupaten Tuban,Putra,Kecamatan Tuban,0.0,Ya,Ya,Ya,Ya,Ya,Ya,800000,6,13.592368256649284
Kabupaten Tuban,Putri,Kecamatan Tuban,0.0,Ya,Ya,Ya,Tidak,Tidak,Tidak,850000,3,13.652992804936396
Kabupaten Tuban,Putri,Tuban,0.0,Tidak,Ya,Ya,Tidak,Tidak,Tidak,550000,2,13.217675375388819
Kabupaten Tuban,Campur,Kecamatan Semanding,0.0,Tidak,Tidak,Ya,Tidak,Ya,Ya,500000,3,13.122365377402328
Kabupaten Tuban,Campur,Tuban,0.0,Tidak,Ya,Ya,Tidak,Ya,Ya,600000,4,13.304686600863562
Kabupaten Tuban,Putri,Tuban,0.0,Ya,Ya,Ya,Tidak,Ya,Ya,800000,5,13.592368256649284
Kabupaten Tuban,Putri,Tuban,0.0,Tidak,Ya,Tidak,Ya,Ya,Ya,700000,4,13.45883704259595
Kabupaten Tuban,Campur,Kecamatan Semanding,0.0,Tidak,Ya,Tidak,Tidak,Ya,Tidak,400000,2,12.899222326086994
Kabupaten Tuban,Campur,Tuban,0.0,Ya,Tidak,Ya,Ya,Ya,Ya,950000,5,13.76421831620775
Kabupaten Tuban,Campur,Tuban,0.0,Ya,Ya,Ya,Ya,Ya,Ya,1050000,6,13.864301674514206
Kabupaten Tuban,Campur,Tuban,0.0,Ya,Ya,Ya,Tidak,Ya,Tidak,850000,4,13.652992804936396
Kabupaten Tuban,Campur,Tuban,0.0,Ya,Ya,Tidak,Tidak,Ya,Tidak,650000,3,13.384729180332174
Kabupaten Tuban,Putri,Kecamatan Tuban,0.0,Tidak,Ya,Ya,Tidak,Tidak,Tidak,400000,2,12.899222326086994
Kabupaten Tuban,Campur,Tuban,0.0,Ya,Ya,Ya,Ya,Ya,Tidak,1000000,5,13.815511557963774
Kabupaten Tuban,Campur,Kecamatan Semanding,0.0,Ya,Ya,Ya,Tidak,Ya,Ya,1000000,5,13.815511557963774
Kabupaten Tuban,Campur,Kecamatan Tuban,0.0,Tidak,Ya,Ya,Ya,Ya,Tidak,500000,4,13.122365377402328
Kabupaten Tuban,Campur,Tuban,0.0,Ya,Ya,Ya,Ya,Ya,Ya,1300000,6,14.077875591662238
Kabupaten Tuban,Campur,Tuban,0.0,Tidak,Ya,Ya,Ya,Ya,Tidak,550000,4,13.217675375388819
Kabupaten Tuban,Campur,Tuban,5.0,Ya,Ya,Ya,Ya,Ya,Ya,1200000,6,13.997832948091215
Kabupaten Tuban,Putri,Tuban,0.0,Tidak,Ya,Ya,Tidak,Tidak,Ya,350000,3,12.765691290604371
Kabupaten Tuban,Campur,Kecamatan Tuban,0.0,Tidak,Tidak,Ya,Ya,Ya,Tidak,500000,3,13.122365377402328
Kabupaten Tuban,Campur,Kecamatan Semanding,0.0,Tidak,Ya,Ya,Tidak,Ya,Ya,600000,4,13.304686600863562
Kabupaten Tuban,Campur,Kecamatan Tuban,5.0,Ya,Ya,Ya,Ya,Ya,Ya,1150000,6,13.955273369904273
Kabupaten Tuban,Putri,Semanding,0.0,Tidak,Ya,Ya,Tidak,Ya,Tidak,400000,3,12.899222326086994
Kabupaten Tuban,Campur,Tuban,0.0,Ya,Tidak,Ya,Ya,Ya,Ya,1200000,5,13.997832948091215
Kabupaten Tuban,Campur,Tuban,0.0,Ya,Ya,Ya,Ya,Ya,Tidak,1200000,5,13.997832948091215
Kabupaten Tuban,Campur,Kecamatan Tuban,0.0,Tidak,Ya,Ya,Tidak,Ya,Ya,600000,4,13.304686600863562
Kabupaten Tuban,Campur,Tuban,0.0,Tidak,Tidak,Ya,Tidak,Ya,Tidak,500000,2,13.122365377402328
Kabupaten Tuban,Campur,Kecamatan Tuban,0.0,Tidak,Ya,Tidak,Ya,Tidak,Tidak,1250000,2,14.038654909278163
Kabupaten Tuban,Campur,Tuban,5.0,Ya,Ya,Ya,Ya,Ya,Ya,850000,6,13.652992804936396
Kabupaten Tuban,Putri,Kecamatan Tuban,0.0,Tidak,Ya,Ya,Tidak,Tidak,Ya,400000,3,12.899222326086994
Kabupaten Tuban,Putri,Palang,0.0,Tidak,Tidak,Ya,Ya,Tidak,Ya,300000,3,12.611541086966115
Kabupaten Tuban,Campur,Tuban,5.0,Ya,Ya,Ya,Ya,Ya,Tidak,1050000,5,13.864301674514206
Kabupaten Tuban,Campur,Kecamatan Tuban,0.0,Tidak,Ya,Ya,Ya,Ya,Tidak,500000,4,13.122365377402328
Kabupaten Tuban,Campur,Tuban,0.0,Ya,Ya,Ya,Ya,Ya,Ya,1200000,6,13.997832948091215
Kabupaten Tuban,Campur,Kecamatan Tuban,0.0,Tidak,Ya,Ya,Tidak,Ya,Ya,500000,4,13.122365377402328
Kabupaten Tuban,Campur,Tuban,0.0,Ya,Ya,Ya,Ya,Ya,Ya,1200000,6,13.997832948091215
Kabupaten Tuban,Campur,Kecamatan Tuban,0.0,Tidak,Ya,Ya,Ya,Ya,Ya,550000,5,13.217675375388819
Kabupaten Tulungagung,Putri,Kedungwaru,0.0,Tidak,Tidak,Ya,Ya,Ya,Ya,650000,4,13.384729180332174
Kabupaten Tulungagung,Putra,Kecamatan Tulungagung,0.0,Ya,Ya,Ya,Ya,Ya,Tidak,900000,5,13.710151153416941
Kabupaten Tulungagung,Campur,Tulungagung,0.0,Tidak,Ya,Ya,Tidak,Ya,Ya,600000,4,13.304686600863562
Kabupaten Tulungagung,Campur,Tulungagung,0.0,Tidak,Ya,Ya,Ya,Ya,Ya,550000,5,13.217675375388819
Kabupaten Tulungagung,Putri,Kecamatan Tulungagung,0.0,Ya,Ya,Ya,Tidak,Ya,Ya,1200000,5,13.997832948091215
Kabupaten Tulungagung,Putri,Kecamatan Tulungagung,0.0,Tidak,Ya,Ya,Tidak,Tidak,Ya,570000,3,13.25339339419516
Kabupaten Tulungagung,Putri,Kecamatan Tulungagung,0.0,Ya,Ya,Ya,Ya,Ya,Ya,900000,6,13.710151153416941
Kabupaten Tulungagung,Campur,Kecamatan Tulungagung,0.0,Tidak,Ya,Ya,Ya,Ya,Ya,850000,5,13.652992804936396
Kabupaten Tulungagung,Campur,Tulungagung,0.0,Ya,Ya,Ya,Ya,Ya,Ya,1400000,6,14.151983508870947
Kabupaten Tulungagung,Campur,Kedungwaru,0.0,Tidak,Tidak,Ya,Ya,Ya,Ya,600000,4,13.304686600863562
Kabupaten Tulungagung,Campur,Kecamatan Tulungagung,0.0,Tidak,Ya,Ya,Tidak,Ya,Tidak,650000,3,13.384729180332174
Kabupaten Tulungagung,Campur,Kecamatan Tulungagung,0.0,Tidak,Ya,Ya,Tidak,Ya,Tidak,400000,3,12.899222326086994
Kabupaten Tulungagung,Campur,Tulungagung,0.0,Tidak,Ya,Ya,Tidak,Ya,Ya,500000,4,13.122365377402328
Kabupaten Tulungagung,Campur,Boyolangu,0.0,Tidak,Tidak,Ya,Tidak,Ya,Tidak,550000,2,13.217675375388819
Kabupaten Tulungagung,Campur,Boyolangu,0.0,Tidak,Tidak,Ya,Ya,Ya,Ya,550000,4,13.217675375388819
Kabupaten Tulungagung,Campur,Tulungagung,0.0,Ya,Tidak,Ya,Ya,Ya,Ya,1300000,5,14.077875591662238
Kabupaten Tulungagung,Putri,Boyolangu,0.0,Tidak,Tidak,Ya,Tidak,Tidak,Ya,350000,2,12.765691290604371
Kabupaten Tulungagung,Campur,Tulungagung,0.0,Ya,Ya,Ya,Ya,Ya,Ya,850000,6,13.652992804936396
Kabupaten Tulungagung,Campur,Tulungagung,0.0,Tidak,Ya,Ya,Tidak,Ya,Ya,600000,4,13.304686600863562
Kabupaten Tulungagung,Campur,Kecamatan Tulungagung,0.0,Ya,Tidak,Ya,Ya,Ya,Ya,500000,5,13.122365377402328
Kabupaten Tulungagung,Campur,Tulungagung,0.0,Tidak,Ya,Ya,Tidak,Ya,Ya,500000,4,13.122365377402328
Kabupaten Tulungagung,Campur,Kecamatan Tulungagung,0.0,Ya,Ya,Ya,Ya,Ya,Ya,1200000,6,13.997832948091215
Kabupaten Tulungagung,Putri,Tulungagung,5.0,Tidak,Tidak,Ya,Tidak,Ya,Ya,550000,3,13.217675375388819
Kabupaten Tulungagung,Campur,Tulungagung,0.0,Tidak,Ya,Ya,Ya,Ya,Ya,500000,5,13.122365377402328
Kabupaten Tulungagung,Campur,Kecamatan Tulungagung,0.0,Ya,Ya,Ya,Ya,Ya,Ya,1100000,6,13.910821646859095
Kabupaten Tulungagung,Putri,Kecamatan Tulungagung,0.0,Tidak,Ya,Ya,Ya,Ya,Ya,500000,5,13.122365377402328
Kabupaten Tulungagung,Campur,Kecamatan Kedungwaru,0.0,Tidak,Ya,Ya,Ya,Tidak,Ya,450000,4,13.017005083966255
Kabupaten Tulungagung,Campur,Tulungagung,0.0,Tidak,Tidak,Ya,Ya,Ya,Ya,500000,4,13.122365377402328
Kabupaten Tulungagung,Putri,Kecamatan Tulungagung,0.0,Tidak,Ya,Ya,Tidak,Tidak,Tidak,425000,2,12.959846800844963
Kabupaten Tulungagung,Putri,Kecamatan Tulungagung,0.0,Ya,Ya,Ya,Ya,Ya,Ya,700000,6,13.45883704259595
Kabupaten Tulungagung,Campur,Kecamatan Tulungagung,0.0,Tidak,Ya,Ya,Ya,Ya,Ya,850000,5,13.652992804936396
Kabupaten Tulungagung,Campur,Kedungwaru,0.0,Tidak,Tidak,Ya,Tidak,Ya,Ya,600000,3,13.304686600863562
Kabupaten Tulungagung,Campur,Tulungagung,0.0,Tidak,Ya,Ya,Ya,Ya,Ya,650000,5,13.384729180332174
Kabupaten Tulungagung,Putri,Kecamatan Kedungwaru,0.0,Tidak,Tidak,Ya,Tidak,Tidak,Ya,400000,2,12.899222326086994
Kabupaten Tulungagung,Campur,Kecamatan Tulungagung,0.0,Ya,Tidak,Ya,Ya,Ya,Ya,1300000,5,14.077875591662238
Kabupaten Tulungagung,Putri,Kecamatan Tulungagung,0.0,Ya,Ya,Ya,Ya,Ya,Ya,1000000,6,13.815511557963774
Kabupaten Tulungagung,Campur,Tulungagung,0.0,Tidak,Ya,Ya,Tidak,Ya,Tidak,600000,3,13.304686600863562
Kabupaten Tulungagung,Putra,Tulungagung,0.0,Ya,Ya,Ya,Ya,Tidak,Ya,700000,5,13.45883704259595
Kabupaten Tulungagung,Campur,Kecamatan Boyolangu,0.0,Tidak,Tidak,Ya,Tidak,Tidak,Tidak,600000,1,13.304686600863562
Kabupaten Tulungagung,Campur,Tulungagung,0.0,Ya,Tidak,Ya,Ya,Ya,Ya,1300000,5,14.077875591662238
Kabupaten Tulungagung,Putri,Tulungagung,0.0,Tidak,Tidak,Ya,Ya,Tidak,Tidak,400000,2,12.899222326086994
Kabupaten Tulungagung,Campur,Kecamatan Tulungagung,0.0,Tidak,Ya,Ya,Ya,Ya,Tidak,1000000,4,13.815511557963774
Kabupaten Tulungagung,Campur,Tulungagung,0.0,Tidak,Ya,Tidak,Tidak,Tidak,Tidak,1000000,1,13.815511557963774
Kabupaten Tulungagung,Putri,Boyolangu,0.0,Ya,Tidak,Ya,Ya,Ya,Ya,1300000,5,14.077875591662238
Kabupaten Tulungagung,Putra,Boyolangu,0.0,Ya,Tidak,Ya,Ya,Ya,Ya,800000,5,13.592368256649284
Kabupaten Tulungagung,Campur,Kecamatan Tulungagung,0.0,Tidak,Tidak,Tidak,Ya,Ya,Tidak,650000,2,13.384729180332174
Kabupaten Tulungagung,Campur,Kecamatan Tulungagung,0.0,Ya,Ya,Ya,Tidak,Ya,Tidak,500000,4,13.122365377402328
Kabupaten Tulungagung,Campur,Kecamatan Tulungagung,0.0,Tidak,Ya,Ya,Tidak,Ya,Tidak,550000,3,13.217675375388819
Kabupaten Tulungagung,Putra,Kecamatan Kedungwaru,0.0,Tidak,Tidak,Ya,Ya,Tidak,Ya,750000,3,13.527829818844937
Kabupaten Tulungagung,Campur,Kecamatan Tulungagung,0.0,Ya,Ya,Ya,Ya,Ya,Ya,1000000,6,13.815511557963774
Kabupaten Tulungagung,Campur,Kecamatan Tulungagung,0.0,Ya,Ya,Ya,Ya,Ya,Ya,1200000,6,13.997832948091215
Kabupaten Tulungagung,Putri,Tulungagung,0.0,Tidak,Ya,Ya,Ya,Tidak,Ya,350000,4,12.765691290604371
Kabupaten Tulungagung,Putri,Tulungagung,5.0,Tidak,Tidak,Ya,Ya,Tidak,Ya,450000,3,13.017005083966255
Kabupaten Tulungagung,Putri,Kecamatan Tulungagung,0.0,Tidak,Tidak,Ya,Ya,Tidak,Tidak,575000,2,13.26212705890841
Kabupaten Tulungagung,Campur,Boyolangu,0.0,Ya,Ya,Ya,Tidak,Ya,Ya,850000,5,13.652992804936396
Kabupaten Tulungagung,Putri,Kecamatan Boyolangu,0.0,Tidak,Tidak,Ya,Tidak,Tidak,Ya,350000,2,12.765691290604371
Kabupaten Tulungagung,Campur,Kecamatan Kedungwaru,0.0,Tidak,Ya,Ya,Ya,Ya,Ya,500000,5,13.122365377402328
Kabupaten Tulungagung,Campur,Kecamatan Tulungagung,0.0,Tidak,Ya,Ya,Tidak,Ya,Ya,550000,4,13.217675375388819
Kabupaten Tulungagung,Campur,Kedungwaru,0.0,Tidak,Ya,Ya,Tidak,Ya,Ya,550000,4,13.217675375388819
Kabupaten Tulungagung,Putri,Kecamatan Tulungagung,0.0,Tidak,Ya,Ya,Tidak,Ya,Tidak,550000,3,13.217675375388819
Kabupaten Tulungagung,Putri,Kecamatan Kedungwaru,0.0,Tidak,Tidak,Ya,Tidak,Ya,Ya,450000,3,13.017005083966255
Kabupaten Tulungagung,Campur,Tulungagung,0.0,Tidak,Ya,Ya,Tidak,Tidak,Ya,450000,3,13.017005083966255
Kabupaten Tulungagung,Campur,Kecamatan Tulungagung,0.0,Ya,Ya,Ya,Ya,Ya,Ya,1100000,6,13.910821646859095
Kabupaten Tulungagung,Campur,Kecamatan Kedungwaru,0.0,Tidak,Ya,Ya,Ya,Ya,Ya,600000,5,13.304686600863562
Kabupaten Tulungagung,Putri,Boyolangu,0.0,Tidak,Tidak,Ya,Tidak,Tidak,Ya,550000,2,13.217675375388819
Kabupaten Tulungagung,Campur,Boyolangu,0.0,Tidak,Tidak,Ya,Ya,Ya,Ya,450000,4,13.017005083966255
Kabupaten Tulungagung,Campur,Kecamatan Kedungwaru,0.0,Tidak,Tidak,Ya,Ya,Ya,Ya,500000,4,13.122365377402328
Kabupaten Tulungagung,Campur,Kecamatan Boyolangu,0.0,Tidak,Ya,Ya,Tidak,Ya,Ya,750000,4,13.527829818844937
Kabupaten Tulungagung,Putra,Tulungagung,0.0,Tidak,Ya,Ya,Ya,Tidak,Ya,500000,4,13.122365377402328
Kabupaten Tulungagung,Putra,Kecamatan Kedungwaru,0.0,Tidak,Tidak,Ya,Ya,Ya,Ya,1500000,4,14.220976332738882
Kabupaten Tulungagung,Campur,Tulungagung,0.0,Ya,Tidak,Ya,Ya,Ya,Ya,1500000,5,14.220976332738882
Kabupaten Tulungagung,Campur,Kecamatan Tulungagung,0.0,Tidak,Ya,Ya,Ya,Ya,Tidak,1800000,4,14.403297778421795
Kabupaten Tulungagung,Putri,Boyolangu,0.0,Tidak,Tidak,Ya,Tidak,Tidak,Ya,375000,2,12.834683971615659
Kabupaten Tulungagung,Putri,Kecamatan Tulungagung,0.0,Tidak,Tidak,Ya,Ya,Tidak,Ya,450000,3,13.017005083966255
Kabupaten Tulungagung,Putri,Kecamatan Tulungagung,0.0,Ya,Ya,Ya,Ya,Tidak,Ya,1200000,5,13.997832948091215
Kabupaten Tulungagung,Campur,Boyolangu,0.0,Ya,Ya,Tidak,Ya,Ya,Tidak,1200000,4,13.997832948091215
Kabupaten Tulungagung,Putri,Kecamatan Kedungwaru,0.0,Tidak,Tidak,Ya,Ya,Tidak,Ya,400000,3,12.899222326086994
Kabupaten Tulungagung,Campur,Tulungagung,0.0,Ya,Ya,Ya,Ya,Ya,Tidak,1100000,5,13.910821646859095
Kabupaten Tulungagung,Putri,Kedungwaru,5.0,Tidak,Ya,Ya,Tidak,Ya,Ya,500000,4,13.122365377402328
Kabupaten Tulungagung,Putri,Kecamatan Tulungagung,0.0,Tidak,Tidak,Ya,Ya,Tidak,Tidak,450000,2,13.017005083966255
Kabupaten Tulungagung,Campur,Kecamatan Tulungagung,0.0,Ya,Ya,Ya,Ya,Ya,Ya,1400000,6,14.151983508870947
Kabupaten Tulungagung,Campur,Kecamatan Kedungwaru,0.0,Tidak,Tidak,Ya,Tidak,Ya,Ya,600000,3,13.304686600863562
Kabupaten Tulungagung,Putra,Boyolangu,0.0,Tidak,Ya,Ya,Tidak,Tidak,Tidak,350000,2,12.765691290604371
Kabupaten Tulungagung,Campur,Kecamatan Tulungagung,0.0,Tidak,Ya,Ya,Tidak,Ya,Ya,500000,4,13.122365377402328
Kabupaten Tulungagung,Putra,Kedungwaru,0.0,Tidak,Tidak,Ya,Tidak,Ya,Tidak,450000,2,13.017005083966255
Kabupaten Tulungagung,Putri,Boyolangu,4.6,Tidak,Tidak,Ya,Ya,Tidak,Ya,400000,3,12.899222326086994
Kabupaten Tulungagung,Campur,Tulungagung,0.0,Tidak,Ya,Ya,Tidak,Tidak,Ya,370000,3,12.821260987319457
Kabupaten Tulungagung,Campur,Kecamatan Tulungagung,0.0,Ya,Ya,Ya,Ya,Ya,Ya,1800000,6,14.403297778421795
Kabupaten Tulungagung,Putri,Tulungagung,0.0,Tidak,Tidak,Ya,Tidak,Tidak,Tidak,450000,1,13.017005083966255
Kabupaten Tulungagung,Putri,Kecamatan Tulungagung,0.0,Tidak,Ya,Ya,Tidak,Ya,Ya,600000,4,13.304686600863562
Kabupaten Tulungagung,Campur,Kecamatan Tulungagung,0.0,Ya,Tidak,Ya,Ya,Ya,Ya,1200000,5,13.997832948091215
Kabupaten Tulungagung,Putri,Boyolangu,5.0,Tidak,Tidak,Ya,Tidak,Tidak,Ya,450000,2,13.017005083966255
Kabupaten Tulungagung,Campur,Boyolangu,0.0,Tidak,Ya,Ya,Tidak,Ya,Ya,475000,4,13.07107218827772
Kabupaten Tulungagung,Campur,Kecamatan Tulungagung,0.0,Tidak,Ya,Ya,Tidak,Ya,Ya,700000,4,13.45883704259595
Kabupaten Tulungagung,Campur,Kecamatan Tulungagung,0.0,Ya,Tidak,Tidak,Ya,Tidak,Tidak,1000000,2,13.815511557963774
Kabupaten Tulungagung,Campur,Kecamatan Kedungwaru,0.0,Tidak,Ya,Ya,Ya,Ya,Ya,600000,5,13.304686600863562
Kabupaten Tulungagung,Putra,Boyolangu,0.0,Tidak,Tidak,Ya,Tidak,Tidak,Ya,350000,2,12.765691290604371
Kabupaten Tulungagung,Campur,Kecamatan Tulungagung,0.0,Tidak,Ya,Ya,Ya,Ya,Ya,500000,5,13.122365377402328
Kabupaten Tulungagung,Campur,Boyolangu,0.0,Tidak,Ya,Ya,Tidak,Ya,Ya,550000,4,13.217675375388819
Kabupaten Tulungagung,Campur,Kedungwaru,0.0,Ya,Ya,Ya,Ya,Ya,Tidak,700000,5,13.45883704259595
Kabupaten Tulungagung,Campur,Kedungwaru,0.0,Tidak,Ya,Ya,Ya,Ya,Tidak,300000,4,12.611541086966115
Kabupaten Tulungagung,Campur,Kedungwaru,0.0,Tidak,Ya,Ya,Tidak,Ya,Ya,610000,4,13.321215875492413
Kabupaten Tulungagung,Campur,Kecamatan Boyolangu,0.0,Ya,Ya,Ya,Ya,Ya,Ya,1100000,6,13.910821646859095
Kabupaten Tulungagung,Campur,Kecamatan Tulungagung,0.0,Tidak,Ya,Ya,Ya,Ya,Ya,600000,5,13.304686600863562
Kabupaten Tulungagung,Campur,Kecamatan Kedungwaru,0.0,Ya,Ya,Ya,Ya,Tidak,Ya,600000,5,13.304686600863562
Kabupaten Tulungagung,Putri,Kecamatan Tulungagung,0.0,Tidak,Tidak,Ya,Tidak,Ya,Ya,550000,3,13.217675375388819
Kabupaten Tulungagung,Campur,Kecamatan Tulungagung,0.0,Ya,Ya,Ya,Ya,Ya,Tidak,1100000,5,13.910821646859095
Kota Batu,Putri,Batu,0.0,Tidak,Ya,Ya,Ya,Ya,Ya,600000,5,13.304686600863562
Kota Batu,Putri,Batu,0.0,Tidak,Ya,Ya,Tidak,Ya,Ya,700000,4,13.45883704259595
Kota Batu,Putri,Batu,3.6,Tidak,Ya,Ya,Tidak,Tidak,Ya,450000,3,13.017005083966255
Kota Batu,Campur,Batu,0.0,Tidak,Tidak,Ya,Ya,Ya,Ya,1850000,4,14.430696737594902
Kota Batu,Putri,Batu,0.0,Tidak,Ya,Ya,Tidak,Tidak,Ya,450000,3,13.017005083966255
Kota Batu,Putri,Batu,0.0,Tidak,Ya,Ya,Ya,Tidak,Ya,500000,4,13.122365377402328
Kota Batu,Putri,Batu,0.0,Tidak,Ya,Ya,Ya,Ya,Ya,600000,5,13.304686600863562
Kota Batu,Putri,Kecamatan Batu,0.0,Tidak,Ya,Ya,Ya,Tidak,Ya,650000,4,13.384729180332174
Kota Batu,Putri,Batu,0.0,Tidak,Ya,Ya,Ya,Tidak,Ya,600000,4,13.304686600863562
Kota Batu,Putri,Batu,0.0,Tidak,Ya,Ya,Ya,Ya,Ya,600000,5,13.304686600863562
Kota Batu,Putri,Batu,0.0,Tidak,Ya,Ya,Ya,Ya,Ya,600000,5,13.304686600863562
Kota Batu,Putri,Batu,0.0,Tidak,Ya,Ya,Ya,Tidak,Ya,600000,4,13.304686600863562
Kota Batu,Putri,Batu,0.0,Tidak,Ya,Ya,Ya,Tidak,Ya,800000,4,13.592368256649284
Kota Batu,Putri,Batu,0.0,Tidak,Ya,Ya,Ya,Tidak,Ya,700000,4,13.45883704259595
Kota Batu,Putri,Batu,0.0,Tidak,Ya,Ya,Ya,Tidak,Ya,600000,4,13.304686600863562
Kota Batu,Campur,Batu,0.0,Tidak,Ya,Ya,Tidak,Ya,Tidak,500000,3,13.122365377402328
Kota Batu,Campur,Batu,0.0,Tidak,Ya,Ya,Tidak,Ya,Ya,800000,4,13.592368256649284
Kota Batu,Putri,Batu,0.0,Tidak,Tidak,Ya,Ya,Tidak,Tidak,300000,2,12.611541086966115
Kota Batu,Putri,Kecamatan Batu,0.0,Tidak,Tidak,Ya,Tidak,Ya,Ya,750000,3,13.527829818844937
Kota Batu,Putri,Batu,0.0,Tidak,Tidak,Ya,Ya,Tidak,Ya,600000,3,13.304686600863562
Kota Batu,Putri,Batu,0.0,Tidak,Ya,Ya,Ya,Tidak,Ya,600000,4,13.304686600863562
Kota Batu,Putri,Kecamatan Batu,0.0,Tidak,Ya,Ya,Ya,Tidak,Tidak,700000,3,13.45883704259595
Kota Batu,Putri,Bumiaji,0.0,Tidak,Ya,Ya,Tidak,Tidak,Ya,800000,3,13.592368256649284
Kota Batu,Putri,Kecamatan Batu,0.0,Tidak,Ya,Ya,Ya,Tidak,Ya,600000,4,13.304686600863562
Kota Batu,Campur,Batu,0.0,Tidak,Ya,Ya,Ya,Ya,Ya,750000,5,13.527829818844937
Kota Batu,Campur,Batu,5.0,Tidak,Tidak,Ya,Tidak,Ya,Ya,550000,3,13.217675375388819
Kota Batu,Campur,Batu,4.6,Tidak,Tidak,Ya,Tidak,Tidak,Ya,600000,2,13.304686600863562
Kota Batu,Campur,Batu,0.0,Tidak,Tidak,Ya,Tidak,Ya,Tidak,400000,2,12.899222326086994
Kota Batu,Putri,Kecamatan Batu,0.0,Tidak,Ya,Ya,Ya,Tidak,Ya,600000,4,13.304686600863562
Kota Batu,Campur,Kecamatan Batu,4.9,Tidak,Ya,Ya,Tidak,Ya,Tidak,650000,3,13.384729180332174
Kota Batu,Putri,Batu,0.0,Tidak,Ya,Ya,Tidak,Tidak,Ya,500000,3,13.122365377402328
Kota Batu,Campur,Batu,0.0,Tidak,Ya,Ya,Ya,Ya,Ya,850000,5,13.652992804936396
Kota Batu,Campur,Batu,0.0,Tidak,Ya,Ya,Ya,Ya,Tidak,800000,4,13.592368256649284
Kota Batu,Putri,Kecamatan Batu,0.0,Tidak,Ya,Ya,Ya,Tidak,Ya,800000,4,13.592368256649284
Kota Batu,Putri,Batu,0.0,Tidak,Tidak,Ya,Ya,Ya,Ya,800000,4,13.592368256649284
Kota Batu,Putri,Bumiaji,0.0,Tidak,Ya,Ya,Tidak,Tidak,Ya,800000,3,13.592368256649284
Kota Batu,Campur,Batu,0.0,Tidak,Tidak,Ya,Ya,Tidak,Ya,500000,3,13.122365377402328
Kota Batu,Putri,Kecamatan Batu,0.0,Tidak,Ya,Ya,Ya,Tidak,Ya,750000,4,13.527829818844937
Kota Batu,Campur,Batu,0.0,Tidak,Ya,Ya,Ya,Ya,Ya,850000,5,13.652992804936396
Kota Batu,Campur,Batu,0.0,Tidak,Ya,Ya,Tidak,Ya,Ya,800000,4,13.592368256649284
Kota Batu,Putri,Bumiaji,0.0,Tidak,Ya,Ya,Tidak,Tidak,Ya,800000,3,13.592368256649284
Kota Batu,Putri,Bumiaji,0.0,Tidak,Ya,Ya,Tidak,Tidak,Ya,800000,3,13.592368256649284
Kota Batu,Putra,Batu,0.0,Tidak,Ya,Ya,Tidak,Tidak,Ya,400000,3,12.899222326086994
Kota Batu,Campur,Batu,5.0,Tidak,Ya,Ya,Ya,Tidak,Ya,620000,4,13.3374763699232
Kota Batu,Campur,Batu,0.0,Tidak,Ya,Ya,Ya,Tidak,Ya,600000,4,13.304686600863562
Kota Batu,Campur,Batu,0.0,Tidak,Tidak,Ya,Ya,Tidak,Ya,750000,3,13.527829818844937
Kota Batu,Campur,Batu,0.0,Tidak,Ya,Ya,Ya,Ya,Ya,1800000,5,14.403297778421795
Kota Batu,Putri,Kecamatan Batu,0.0,Tidak,Ya,Ya,Tidak,Tidak,Ya,500000,3,13.122365377402328
Kota Batu,Campur,Kecamatan Batu,0.0,Tidak,Ya,Ya,Tidak,Tidak,Ya,550000,3,13.217675375388819
Kota Batu,Putra,Kecamatan Batu,0.0,Tidak,Ya,Ya,Ya,Ya,Ya,600000,5,13.304686600863562
Kota Batu,Campur,Kecamatan Batu,0.0,Tidak,Ya,Ya,Tidak,Ya,Ya,715000,4,13.480039220276565
Kota Batu,Campur,Kecamatan Batu,0.0,Tidak,Ya,Ya,Tidak,Tidak,Tidak,700000,2,13.45883704259595
Kota Batu,Putra,Kecamatan Batu,0.0,Tidak,Tidak,Ya,Tidak,Tidak,Tidak,500000,1,13.122365377402328
Kota Batu,Putri,Kecamatan Batu,0.0,Tidak,Ya,Ya,Ya,Tidak,Ya,750000,4,13.527829818844937
Kota Batu,Campur,Batu,0.0,Tidak,Ya,Ya,Ya,Tidak,Ya,600000,4,13.304686600863562
Kota Batu,Campur,Kecamatan Batu,0.0,Tidak,Ya,Ya,Tidak,Ya,Ya,700000,4,13.45883704259595
Kota Batu,Campur,Kecamatan Batu,0.0,Tidak,Ya,Ya,Tidak,Ya,Ya,500000,4,13.122365377402328
Kota Batu,Putri,Batu,0.0,Tidak,Ya,Ya,Tidak,Tidak,Ya,550000,3,13.217675375388819
Kota Batu,Campur,Batu,0.0,Tidak,Ya,Ya,Tidak,Ya,Ya,900000,4,13.710151153416941
Kota Batu,Putri,Kecamatan Batu,0.0,Tidak,Ya,Ya,Ya,Ya,Ya,600000,5,13.304686600863562
Kota Batu,Putri,Batu,0.0,Tidak,Tidak,Ya,Ya,Tidak,Tidak,800000,2,13.592368256649284
Kota Batu,Putri,Kecamatan Batu,0.0,Tidak,Ya,Ya,Tidak,Tidak,Ya,450000,3,13.017005083966255
Kota Batu,Putri,Kecamatan Batu,0.0,Tidak,Tidak,Ya,Tidak,Ya,Tidak,750000,2,13.527829818844937
Kota Batu,Putri,Kecamatan Batu,0.0,Tidak,Ya,Ya,Tidak,Tidak,Ya,600000,3,13.304686600863562
Kota Batu,Campur,Kecamatan Batu,0.0,Tidak,Tidak,Ya,Tidak,Tidak,Tidak,500000,1,13.122365377402328
Kota Batu,Campur,Batu,0.0,Tidak,Ya,Ya,Ya,Ya,Ya,750000,5,13.527829818844937
Kota Batu,Putri,Batu,0.0,Tidak,Ya,Ya,Tidak,Ya,Ya,600000,4,13.304686600863562
Kota Batu,Campur,Batu,0.0,Tidak,Ya,Ya,Tidak,Tidak,Ya,500000,3,13.122365377402328
Kota Batu,Putri,Batu,0.0,Tidak,Tidak,Ya,Ya,Tidak,Ya,600000,3,13.304686600863562
Kota Batu,Putri,Kecamatan Batu,0.0,Tidak,Tidak,Ya,Tidak,Ya,Ya,800000,3,13.592368256649284
Kota Batu,Campur,Kecamatan Batu,0.0,Tidak,Ya,Tidak,Ya,Tidak,Ya,500000,3,13.122365377402328
Kota Batu,Putri,Kecamatan Batu,0.0,Tidak,Ya,Ya,Tidak,Tidak,Ya,650000,3,13.384729180332174
Kota Batu,Campur,Kecamatan Batu,0.0,Tidak,Tidak,Tidak,Ya,Ya,Tidak,500000,2,13.122365377402328
Kota Batu,Putri,Batu,0.0,Tidak,Tidak,Ya,Tidak,Tidak,Tidak,500000,1,13.122365377402328
Kota Batu,Campur,Kecamatan Batu,0.0,Tidak,Ya,Ya,Tidak,Ya,Ya,700000,4,13.45883704259595
Kota Batu,Campur,Batu,0.0,Tidak,Tidak,Ya,Ya,Tidak,Ya,500000,3,13.122365377402328
Kota Batu,Putri,Batu,0.0,Tidak,Ya,Ya,Tidak,Tidak,Tidak,750000,2,13.527829818844937
Kota Batu,Campur,Kecamatan Batu,0.0,Tidak,Ya,Ya,Ya,Tidak,Ya,425000,4,12.959846800844963
Kota Batu,Putri,Batu,0.0,Tidak,Tidak,Ya,Ya,Tidak,Ya,600000,3,13.304686600863562
Kota Batu,Putri,Batu,0.0,Tidak,Ya,Ya,Tidak,Tidak,Ya,500000,3,13.122365377402328
Kota Batu,Campur,Batu,0.0,Tidak,Ya,Ya,Tidak,Ya,Ya,500000,4,13.122365377402328
Kota Batu,Campur,Batu,0.0,Tidak,Tidak,Ya,Ya,Tidak,Ya,750000,3,13.527829818844937
Kota Batu,Putra,Batu,0.0,Tidak,Tidak,Ya,Tidak,Tidak,Tidak,300000,1,12.611541086966115
Kota Batu,Putri,Kecamatan Batu,0.0,Tidak,Ya,Tidak,Tidak,Tidak,Ya,700000,2,13.45883704259595
Kota Batu,Putra,Batu,0.0,Tidak,Tidak,Ya,Ya,Tidak,Tidak,550000,2,13.217675375388819
Kota Batu,Campur,Batu,0.0,Tidak,Ya,Ya,Tidak,Tidak,Tidak,550000,2,13.217675375388819
Kota Batu,Campur,Batu,0.0,Tidak,Ya,Ya,Tidak,Tidak,Tidak,400000,2,12.899222326086994
Kota Batu,Putri,Batu,0.0,Tidak,Tidak,Ya,Ya,Ya,Ya,500000,4,13.122365377402328
Kota Batu,Putri,Batu,4.1,Tidak,Tidak,Ya,Ya,Ya,Ya,700000,4,13.45883704259595
Kota Batu,Putri,Batu,4.1,Tidak,Tidak,Ya,Tidak,Tidak,Tidak,550000,1,13.217675375388819
Kota Batu,Campur,Batu,0.0,Tidak,Ya,Ya,Ya,Ya,Ya,800000,5,13.592368256649284
Kota Batu,Putri,Kecamatan Batu,0.0,Tidak,Tidak,Ya,Ya,Tidak,Ya,699998,3,13.458834185453092
Kota Batu,Putri,Batu,4.5,Tidak,Tidak,Ya,Ya,Tidak,Ya,400000,3,12.899222326086994
Kota Batu,Putri,Kecamatan Batu,0.0,Tidak,Tidak,Ya,Ya,Tidak,Tidak,700000,2,13.45883704259595
Kota Batu,Putri,Batu,0.0,Tidak,Ya,Ya,Ya,Ya,Tidak,985000,4,13.800397935382136
Kota Batu,Putri,Batu,0.0,Tidak,Ya,Ya,Ya,Ya,Ya,850000,5,13.652992804936396
Kota Batu,Putri,Kecamatan Batu,0.0,Tidak,Ya,Ya,Ya,Ya,Ya,750000,5,13.527829818844937
Kota Batu,Campur,Kecamatan Batu,0.0,Tidak,Tidak,Ya,Tidak,Ya,Tidak,750000,2,13.527829818844937
Kota Batu,Campur,Batu,0.0,Tidak,Ya,Ya,Tidak,Tidak,Tidak,350000,2,12.765691290604371
Kota Batu,Putra,Kecamatan Batu,0.0,Tidak,Tidak,Ya,Ya,Tidak,Tidak,350000,2,12.765691290604371
Kota Batu,Campur,Kecamatan Batu,0.0,Tidak,Ya,Tidak,Tidak,Ya,Tidak,550000,2,13.217675375388819
Kota Batu,Putra,Batu,3.8,Tidak,Tidak,Ya,Ya,Ya,Tidak,500000,3,13.122365377402328
Kota Batu,Campur,Batu,0.0,Tidak,Tidak,Ya,Tidak,Tidak,Tidak,350000,1,12.765691290604371
Kota Batu,Campur,Batu,0.0,Tidak,Tidak,Ya,Ya,Tidak,Ya,750000,3,13.527829818844937
Kota Batu,Campur,Batu,0.0,Tidak,Ya,Ya,Tidak,Tidak,Ya,400000,3,12.899222326086994
Kota Batu,Putri,Kecamatan Batu,0.0,Tidak,Tidak,Ya,Ya,Tidak,Ya,650000,3,13.384729180332174
Kota Batu,Putri,Kecamatan Batu,0.0,Tidak,Ya,Ya,Ya,Ya,Ya,800000,5,13.592368256649284
Kota Batu,Putra,Batu,0.0,Tidak,Ya,Ya,Tidak,Tidak,Ya,450000,3,13.017005083966255
Kota Batu,Campur,Kecamatan Batu,0.0,Tidak,Tidak,Ya,Tidak,Tidak,Ya,600000,2,13.304686600863562
Kota Batu,Putri,Batu,0.0,Tidak,Ya,Ya,Ya,Ya,Ya,750000,5,13.527829818844937
Kota Batu,Campur,Batu,0.0,Tidak,Ya,Ya,Tidak,Ya,Ya,500000,4,13.122365377402328
Kota Batu,Campur,Batu,0.0,Tidak,Ya,Ya,Tidak,Ya,Ya,400000,4,12.899222326086994
Kota Batu,Putri,Batu,0.0,Tidak,Tidak,Ya,Ya,Ya,Ya,600000,4,13.304686600863562
Kota Batu,Campur,Kecamatan Batu,0.0,Tidak,Tidak,Ya,Ya,Tidak,Ya,450000,3,13.017005083966255
Kota Batu,Campur,Batu,0.0,Tidak,Ya,Ya,Tidak,Tidak,Ya,500000,3,13.122365377402328
Kota Batu,Campur,Batu,0.0,Tidak,Ya,Ya,Ya,Ya,Ya,1500000,5,14.220976332738882
Kota Batu,Campur,Batu,0.0,Tidak,Ya,Ya,Ya,Ya,Ya,600000,5,13.304686600863562
Kota Blitar,Putri,Kecamatan Sananwetan,0.0,Tidak,Tidak,Ya,Tidak,Ya,Ya,500000,3,13.122365377402328
Kota Blitar,Campur,Sananwetan,0.0,Ya,Ya,Ya,Ya,Ya,Ya,1500000,6,14.220976332738882
Kota Blitar,Putra,Sananwetan,0.0,Tidak,Ya,Ya,Ya,Ya,Ya,350000,5,12.765691290604371
Kota Blitar,Putri,Kecamatan Sananwetan,0.0,Ya,Ya,Ya,Ya,Ya,Ya,950000,6,13.76421831620775
Kota Blitar,Campur,Kecamatan Kanigoro,0.0,Tidak,Ya,Ya,Ya,Tidak,Ya,500000,4,13.122365377402328
Kota Blitar,Putri,Kecamatan Kanigoro,0.0,Ya,Ya,Ya,Ya,Ya,Ya,900000,6,13.710151153416941
Kota Blitar,Putri,Kecamatan Kanigoro,0.0,Tidak,Ya,Ya,Ya,Ya,Ya,650000,5,13.384729180332174
Kota Blitar,Putra,Kepanjen Kidul,0.0,Tidak,Tidak,Ya,Ya,Tidak,Ya,850000,3,13.652992804936396
Kota Blitar,Putri,Kecamatan Sukorejo,4.6,Tidak,Tidak,Ya,Tidak,Tidak,Ya,625000,2,13.345508528717259
Kota Blitar,Campur,Kecamatan Sukorejo,0.0,Tidak,Ya,Ya,Tidak,Ya,Ya,700000,4,13.45883704259595
Kota Blitar,Putra,Kecamatan Sananwetan,0.0,Tidak,Ya,Ya,Ya,Tidak,Ya,325000,4,12.691583538230217
Kota Blitar,Putra,Sananwetan,0.0,Tidak,Ya,Ya,Ya,Tidak,Ya,350000,4,12.765691290604371
Kota Blitar,Campur,Kecamatan Sananwetan,0.0,Tidak,Ya,Ya,Tidak,Tidak,Tidak,300000,2,12.611541086966115
Kota Blitar,Putri,Kecamatan Kepanjenkidul,0.0,Tidak,Ya,Ya,Tidak,Tidak,Ya,500000,3,13.122365377402328
Kota Blitar,Putra,Sananwetan,0.0,Tidak,Ya,Ya,Tidak,Tidak,Ya,400000,3,12.899222326086994
Kota Blitar,Putri,Sananwetan,0.0,Tidak,Tidak,Ya,Tidak,Ya,Ya,600000,3,13.304686600863562
Kota Blitar,Campur,Kecamatan Sananwetan,0.0,Tidak,Ya,Ya,Tidak,Ya,Ya,450000,4,13.017005083966255
Kota Blitar,Putra,Sananwetan,0.0,Ya,Tidak,Ya,Ya,Ya,Ya,1500000,5,14.220976332738882
Kota Blitar,Campur,Kepanjenkidul,5.0,Tidak,Tidak,Tidak,Tidak,Tidak,Tidak,850000,0,13.652992804936396
Kota Blitar,Campur,Kecamatan Sukorejo,0.0,Tidak,Ya,Ya,Tidak,Ya,Ya,750000,4,13.527829818844937
Kota Blitar,Campur,Sukorejo,0.0,Ya,Ya,Ya,Ya,Ya,Ya,1200000,6,13.997832948091215
Kota Blitar,Putri,Sukorejo,0.0,Tidak,Ya,Ya,Tidak,Ya,Ya,450000,4,13.017005083966255
Kota Blitar,Campur,Kepanjenkidul,5.0,Tidak,Tidak,Tidak,Tidak,Tidak,Tidak,1650000,0,14.316286451937186
Kota Blitar,Putri,Kecamatan Sananwetan,0.0,Tidak,Ya,Ya,Tidak,Tidak,Ya,400000,3,12.899222326086994
Kota Blitar,Putra,Kecamatan Kepanjenkidul,0.0,Tidak,Ya,Ya,Tidak,Ya,Tidak,300000,3,12.611541086966115
Kota Blitar,Putri,Kecamatan Sukorejo,0.0,Tidak,Ya,Ya,Tidak,Ya,Ya,375000,4,12.834683971615659
Kota Blitar,Putri,Kecamatan Sananwetan,0.0,Ya,Tidak,Ya,Tidak,Ya,Ya,1550000,4,14.253766134056512
Kota Blitar,Campur,Kecamatan Sananwetan,0.0,Tidak,Ya,Ya,Ya,Ya,Ya,800000,5,13.592368256649284
Kota Blitar,Campur,Sukorejo,0.0,Tidak,Ya,Ya,Tidak,Ya,Ya,600000,4,13.304686600863562
Kota Blitar,Putri,Sananwetan,0.0,Ya,Ya,Ya,Ya,Ya,Ya,1650000,6,14.316286451937186
Kota Blitar,Putri,Sananwetan,5.0,Tidak,Ya,Ya,Tidak,Ya,Ya,550000,4,13.217675375388819
Kota Blitar,Campur,Sukorejo,0.0,Tidak,Ya,Ya,Tidak,Ya,Ya,650000,4,13.384729180332174
Kota Blitar,Putri,Sananwetan,0.0,Tidak,Ya,Ya,Tidak,Ya,Ya,500000,4,13.122365377402328
Kota Blitar,Putri,Sananwetan,5.0,Tidak,Ya,Ya,Ya,Ya,Ya,700000,5,13.45883704259595
Kota Blitar,Putri,Kecamatan Sananwetan,0.0,Ya,Ya,Ya,Ya,Ya,Ya,1100000,6,13.910821646859095
Kota Blitar,Putri,Kecamatan Sananwetan,0.0,Tidak,Ya,Ya,Ya,Ya,Ya,550000,5,13.217675375388819
Kota Blitar,Campur,Kecamatan Sukorejo,0.0,Tidak,Ya,Ya,Tidak,Ya,Ya,700000,4,13.45883704259595
Kota Blitar,Putri,Kanigoro,0.0,Tidak,Ya,Ya,Ya,Ya,Ya,550000,5,13.217675375388819
Kota Blitar,Putra,Sananwetan,0.0,Tidak,Ya,Ya,Tidak,Tidak,Ya,380000,3,12.847929163278053
Kota Blitar,Campur,Kecamatan Sananwetan,0.0,Ya,Ya,Ya,Tidak,Ya,Ya,1105000,5,13.915356797910956
Kota Blitar,Putri,Kecamatan Sananwetan,0.0,Tidak,Tidak,Ya,Tidak,Ya,Ya,750000,3,13.527829818844937
Kota Blitar,Campur,Kecamatan Kepanjenkidul,0.0,Tidak,Tidak,Ya,Tidak,Ya,Ya,500000,3,13.122365377402328
Kota Blitar,Campur,Sukorejo,0.0,Tidak,Tidak,Ya,Tidak,Ya,Ya,550000,3,13.217675375388819
Kota Blitar,Putri,Kepanjenkidul,0.0,Tidak,Ya,Ya,Tidak,Tidak,Tidak,425000,2,12.959846800844963
Kota Blitar,Campur,Kecamatan Sananwetan,0.0,Tidak,Ya,Ya,Ya,Ya,Tidak,400000,4,12.899222326086994
Kota Blitar,Putri,Kecamatan Sananwetan,0.0,Tidak,Tidak,Ya,Ya,Ya,Ya,650000,4,13.384729180332174
Kota Blitar,Putra,Kecamatan Sananwetan,0.0,Tidak,Ya,Ya,Ya,Tidak,Ya,525000,4,13.171155446333852
Kota Blitar,Campur,Sananwetan,0.0,Ya,Ya,Ya,Ya,Ya,Ya,1300000,6,14.077875591662238
Kota Blitar,Campur,Sananwetan,5.0,Tidak,Ya,Ya,Ya,Ya,Ya,500000,5,13.122365377402328
Kota Blitar,Campur,Kecamatan Sananwetan,0.0,Tidak,Ya,Ya,Ya,Tidak,Ya,400000,4,12.899222326086994
Kota Blitar,Putri,Kecamatan Sukorejo,0.0,Tidak,Tidak,Ya,Ya,Ya,Ya,600000,4,13.304686600863562
Kota Blitar,Putri,Sananwetan,0.0,Tidak,Tidak,Ya,Ya,Tidak,Ya,500000,3,13.122365377402328
Kota Blitar,Campur,Kepanjenkidul,0.0,Tidak,Tidak,Ya,Tidak,Ya,Ya,350000,3,12.765691290604371
Kota Blitar,Campur,Kademangan,0.0,Tidak,Ya,Ya,Tidak,Ya,Tidak,450000,3,13.017005083966255
Kota Blitar,Putri,Kanigoro,0.0,Tidak,Ya,Ya,Ya,Tidak,Ya,400000,4,12.899222326086994
Kota Blitar,Campur,Sananwetan,0.0,Tidak,Tidak,Ya,Tidak,Tidak,Ya,600000,2,13.304686600863562
Kota Blitar,Putri,Sananwetan,0.0,Tidak,Tidak,Ya,Ya,Tidak,Ya,500000,3,13.122365377402328
Kota Blitar,Putri,Sananwetan,0.0,Ya,Ya,Ya,Ya,Ya,Ya,1400000,6,14.151983508870947
Kota Blitar,Putri,Kecamatan Sananwetan,0.0,Tidak,Ya,Ya,Ya,Ya,Ya,500000,5,13.122365377402328
Kota Blitar,Putri,Sananwetan,0.0,Tidak,Ya,Ya,Ya,Ya,Ya,500000,5,13.122365377402328
Kota Blitar,Putri,Kecamatan Sukorejo,0.0,Tidak,Tidak,Ya,Tidak,Tidak,Ya,400000,2,12.899222326086994
Kota Blitar,Putra,Sananwetan,0.0,Tidak,Tidak,Ya,Ya,Tidak,Ya,475000,3,13.07107218827772
Kota Blitar,Campur,Sananwetan,0.0,Tidak,Ya,Ya,Tidak,Ya,Ya,800000,4,13.592368256649284
Kota Blitar,Putri,Sanankulon,0.0,Tidak,Ya,Ya,Ya,Ya,Ya,450000,5,13.017005083966255
Kota Blitar,Putri,Kecamatan Sananwetan,0.0,Ya,Ya,Ya,Ya,Ya,Ya,1000000,6,13.815511557963774
Kota Blitar,Campur,Kecamatan Sananwetan,0.0,Tidak,Ya,Ya,Tidak,Ya,Tidak,460000,3,13.038983942375959
Kota Blitar,Campur,Sukorejo,0.0,Ya,Tidak,Ya,Ya,Tidak,Ya,1350000,4,14.115615891155079
Kota Blitar,Putri,Sananwetan,4.8,Tidak,Ya,Ya,Ya,Ya,Ya,550000,5,13.217675375388819
Kota Blitar,Putri,Kecamatan Sananwetan,0.0,Tidak,Ya,Ya,Tidak,Tidak,Ya,400000,3,12.899222326086994
Kota Blitar,Putri,Kepanjenkidul,0.0,Tidak,Tidak,Ya,Tidak,Ya,Ya,1000000,3,13.815511557963774
Kota Blitar,Putri,Sananwetan,0.0,Ya,Tidak,Ya,Ya,Ya,Ya,1250000,5,14.038654909278163
Kota Blitar,Putri,Kepanjenkidul,4.4,Tidak,Ya,Ya,Tidak,Ya,Ya,550000,4,13.217675375388819
Kota Blitar,Putri,Sananwetan,0.0,Tidak,Ya,Ya,Ya,Ya,Ya,550000,5,13.217675375388819
Kota Blitar,Putri,Sananwetan,0.0,Ya,Tidak,Ya,Ya,Ya,Ya,1200000,5,13.997832948091215
Kota Blitar,Campur,Kanigoro,0.0,Ya,Tidak,Ya,Tidak,Ya,Ya,1000000,4,13.815511557963774
Kota Blitar,Putri,Kecamatan Sukorejo,0.0,Ya,Tidak,Ya,Tidak,Ya,Ya,800000,4,13.592368256649284
Kota Blitar,Campur,Sananwetan,0.0,Tidak,Ya,Ya,Tidak,Ya,Ya,800000,4,13.592368256649284
Kota Blitar,Putra,Kecamatan Sananwetan,0.0,Tidak,Tidak,Ya,Ya,Tidak,Ya,550000,3,13.217675375388819
Kota Blitar,Campur,Kecamatan Sananwetan,0.0,Ya,Ya,Ya,Tidak,Ya,Ya,1200000,5,13.997832948091215
Kota Blitar,Putri,Kepanjenkidul,0.0,Tidak,Tidak,Ya,Tidak,Tidak,Ya,350000,2,12.765691290604371
Kota Blitar,Putri,Kepanjenkidul,0.0,Tidak,Ya,Ya,Tidak,Ya,Ya,700000,4,13.45883704259595
Kota Blitar,Campur,Kecamatan Kepanjenkidul,0.0,Tidak,Tidak,Ya,Tidak,Ya,Ya,500000,3,13.122365377402328
Kota Blitar,Campur,Kecamatan Ponggok,0.0,Tidak,Ya,Ya,Tidak,Ya,Ya,500000,4,13.122365377402328
Kota Blitar,Putri,Sananwetan,5.0,Tidak,Ya,Ya,Ya,Ya,Ya,350000,5,12.765691290604371
Kota Blitar,Campur,Kecamatan Kepanjenkidul,0.0,Tidak,Ya,Ya,Tidak,Ya,Ya,500000,4,13.122365377402328
Kota Blitar,Putri,Sananwetan,5.0,Ya,Ya,Ya,Ya,Ya,Ya,850000,6,13.652992804936396
Kota Blitar,Putri,Sananwetan,0.0,Ya,Tidak,Ya,Ya,Ya,Ya,1350000,5,14.115615891155079
Kota Blitar,Campur,Kecamatan Sananwetan,0.0,Tidak,Ya,Ya,Tidak,Ya,Ya,850000,4,13.652992804936396
Kota Blitar,Putri,Kecamatan Sukorejo,0.0,Tidak,Ya,Ya,Ya,Tidak,Ya,500000,4,13.122365377402328
Kota Blitar,Putri,Kecamatan Kepanjenkidul,0.0,Tidak,Ya,Ya,Tidak,Tidak,Ya,375000,3,12.834683971615659
Kota Blitar,Putri,Kecamatan Sukorejo,0.0,Tidak,Ya,Ya,Ya,Ya,Ya,500000,5,13.122365377402328
Kota Blitar,Campur,Kecamatan Sukorejo,0.0,Tidak,Ya,Ya,Tidak,Ya,Ya,450000,4,13.017005083966255
Kota Blitar,Putri,Kecamatan Sananwetan,0.0,Ya,Tidak,Ya,Ya,Ya,Ya,700000,5,13.45883704259595
Kota Blitar,Putri,Kecamatan Sananwetan,0.0,Tidak,Tidak,Ya,Ya,Tidak,Ya,700000,3,13.45883704259595
Kota Blitar,Campur,Kepanjenkidul,0.0,Tidak,Ya,Ya,Tidak,Ya,Tidak,700000,3,13.45883704259595
Kota Blitar,Putri,Kecamatan Kepanjenkidul,0.0,Tidak,Tidak,Ya,Ya,Ya,Tidak,500000,3,13.122365377402328
Kota Blitar,Putri,Sananwetan,0.0,Ya,Ya,Ya,Ya,Ya,Ya,800000,6,13.592368256649284
Kota Blitar,Campur,Kanigoro,0.0,Tidak,Tidak,Ya,Tidak,Ya,Ya,550000,3,13.217675375388819
Kota Blitar,Putri,Sananwetan,4.9,Tidak,Tidak,Ya,Ya,Ya,Tidak,500000,3,13.122365377402328
Kota Blitar,Putri,Kanigoro,0.0,Tidak,Tidak,Ya,Tidak,Tidak,Ya,360000,2,12.793862088206213
Kota Blitar,Putra,Kecamatan Sananwetan,0.0,Tidak,Tidak,Ya,Ya,Tidak,Tidak,250000,2,12.429220196836383
Kota Blitar,Putra,Kecamatan Sananwetan,0.0,Tidak,Ya,Ya,Tidak,Tidak,Ya,650000,3,13.384729180332174
Kota Blitar,Campur,Sananwetan,0.0,Tidak,Ya,Ya,Tidak,Ya,Ya,550000,4,13.217675375388819
Kota Blitar,Putri,Kecamatan Kepanjenkidul,0.0,Tidak,Ya,Ya,Tidak,Ya,Ya,450000,4,13.017005083966255
Kota Blitar,Putri,Sananwetan,0.0,Tidak,Tidak,Ya,Ya,Ya,Tidak,600000,3,13.304686600863562
Kota Blitar,Campur,Kecamatan Sukorejo,0.0,Tidak,Ya,Ya,Tidak,Ya,Ya,700000,4,13.45883704259595
Kota Blitar,Campur,Kecamatan Kanigoro,0.0,Tidak,Ya,Ya,Tidak,Ya,Ya,500000,4,13.122365377402328
Kota Blitar,Putri,Kecamatan Sukorejo,0.0,Tidak,Tidak,Ya,Tidak,Ya,Ya,550000,3,13.217675375388819
Kota Blitar,Putri,Sananwetan,0.0,Ya,Tidak,Ya,Ya,Ya,Tidak,1000000,4,13.815511557963774
Kota Blitar,Putra,Kepanjenkidul,0.0,Tidak,Ya,Ya,Ya,Tidak,Ya,450000,4,13.017005083966255
Kota Blitar,Putri,Sananwetan,0.0,Ya,Tidak,Ya,Ya,Ya,Tidak,1100000,4,13.910821646859095
Kota Blitar,Putri,Sananwetan,0.0,Tidak,Ya,Ya,Ya,Tidak,Ya,600000,4,13.304686600863562
Kota Blitar,Putri,Sanankulon,0.0,Tidak,Tidak,Ya,Tidak,Ya,Ya,600000,3,13.304686600863562
Kota Blitar,Putri,Sananwetan,0.0,Ya,Ya,Ya,Ya,Ya,Ya,1300000,6,14.077875591662238
Kota Blitar,Campur,Kecamatan Sananwetan,0.0,Tidak,Ya,Ya,Ya,Tidak,Ya,850000,4,13.652992804936396
Kota Blitar,Putri,Kecamatan Sananwetan,0.0,Tidak,Tidak,Ya,Tidak,Ya,Ya,600000,3,13.304686600863562
Kota Blitar,Campur,Kanigoro,0.0,Tidak,Tidak,Ya,Tidak,Ya,Ya,600000,3,13.304686600863562
Kota Blitar,Putri,Sananwetan,0.0,Tidak,Ya,Ya,Ya,Ya,Ya,650000,5,13.384729180332174
Kota Blitar,Putri,Kecamatan Sananwetan,0.0,Tidak,Ya,Ya,Tidak,Tidak,Ya,400000,3,12.899222326086994
Kota Blitar,Putri,Kecamatan Sananwetan,0.0,Tidak,Ya,Ya,Tidak,Ya,Ya,500000,4,13.122365377402328
Kota Blitar,Putri,Sananwetan,0.0,Tidak,Tidak,Ya,Ya,Tidak,Tidak,500000,2,13.122365377402328
Kota Blitar,Campur,Kecamatan Sananwetan,0.0,Tidak,Tidak,Tidak,Ya,Tidak,Ya,200000,2,12.206077645517674
Kota Blitar,Putri,Sukorejo,0.0,Tidak,Ya,Ya,Tidak,Ya,Ya,530000,4,13.180634172318978
Kota Blitar,Campur,Kecamatan Sananwetan,0.0,Tidak,Ya,Ya,Tidak,Ya,Ya,400000,4,12.899222326086994
Kota Blitar,Putri,Kanigoro,4.8,Ya,Tidak,Ya,Ya,Ya,Ya,1000000,5,13.815511557963774
Kota Blitar,Campur,Sananwetan,0.0,Tidak,Ya,Ya,Tidak,Tidak,Ya,600000,3,13.304686600863562
Kota Blitar,Putri,Sukorejo,0.0,Tidak,Ya,Ya,Tidak,Ya,Ya,460000,4,13.038983942375959
Kota Blitar,Campur,Sananwetan,0.0,Ya,Ya,Ya,Tidak,Ya,Ya,1150000,5,13.955273369904273
Kota Blitar,Putri,Sananwetan,0.0,Tidak,Tidak,Ya,Ya,Ya,Ya,500000,4,13.122365377402328
Kota Blitar,Campur,Sukorejo,0.0,Tidak,Tidak,Ya,Ya,Ya,Ya,850000,4,13.652992804936396
Kota Blitar,Putri,Kecamatan Kepanjenkidul,0.0,Tidak,Ya,Ya,Tidak,Tidak,Ya,350000,3,12.765691290604371
Kota Blitar,Campur,Sananwetan,0.0,Tidak,Ya,Ya,Tidak,Ya,Ya,500000,4,13.122365377402328
Kota Blitar,Putri,Kecamatan Sananwetan,0.0,Ya,Tidak,Ya,Ya,Ya,Ya,1250000,5,14.038654909278163
Kota Blitar,Putri,Kecamatan Sukorejo,0.0,Tidak,Tidak,Tidak,Tidak,Ya,Tidak,600000,1,13.304686600863562
Kota Blitar,Putra,Kepanjen Kidul,0.0,Ya,Tidak,Ya,Ya,Tidak,Ya,1600000,4,14.285514812209815
Kota Blitar,Campur,Kepanjenkidul,0.0,Tidak,Tidak,Tidak,Tidak,Ya,Tidak,600000,1,13.304686600863562
Kota Blitar,Putri,Sukorejo,0.0,Tidak,Ya,Ya,Ya,Ya,Ya,400000,5,12.899222326086994
Kota Blitar,Campur,Sananwetan,0.0,Tidak,Ya,Ya,Ya,Ya,Ya,600000,5,13.304686600863562
Kota Blitar,Putri,Sananwetan,0.0,Tidak,Tidak,Ya,Tidak,Ya,Ya,550000,3,13.217675375388819
Kota Blitar,Campur,Sananwetan,0.0,Tidak,Tidak,Ya,Ya,Ya,Ya,650000,4,13.384729180332174
Kota Blitar,Campur,Kanigoro,0.0,Tidak,Ya,Ya,Tidak,Ya,Ya,650000,4,13.384729180332174
Kota Blitar,Putri,Kecamatan Sukorejo,0.0,Ya,Ya,Ya,Tidak,Tidak,Ya,1000000,4,13.815511557963774
Kota Blitar,Putri,Sananwetan,0.0,Ya,Tidak,Ya,Tidak,Ya,Ya,900000,4,13.710151153416941
Kota Blitar,Campur,Sananwetan,0.0,Ya,Ya,Ya,Tidak,Ya,Tidak,1350000,4,14.115615891155079
Kota Blitar,Putri,Kepanjenkidul,0.0,Tidak,Ya,Ya,Ya,Ya,Ya,700000,5,13.45883704259595
Kota Blitar,Campur,Kecamatan Sananwetan,0.0,Tidak,Tidak,Ya,Tidak,Tidak,Tidak,400000,1,12.899222326086994
Kota Blitar,Putra,Kecamatan Kepanjenkidul,0.0,Tidak,Ya,Ya,Ya,Tidak,Tidak,500000,3,13.122365377402328
Kota Blitar,Putri,Kecamatan Kepanjenkidul,0.0,Tidak,Ya,Ya,Tidak,Tidak,Ya,400000,3,12.899222326086994
Kota Blitar,Putri,Kepanjenkidul,0.0,Tidak,Ya,Ya,Tidak,Ya,Tidak,450000,3,13.017005083966255
Kota Blitar,Putri,Kecamatan Kanigoro,0.0,Tidak,Ya,Ya,Ya,Ya,Ya,1000000,5,13.815511557963774
Kota Blitar,Putri,Sukorejo,0.0,Tidak,Tidak,Ya,Tidak,Ya,Ya,460000,3,13.038983942375959
Kota Blitar,Campur,Kepanjenkidul,0.0,Ya,Ya,Ya,Ya,Ya,Ya,1150000,6,13.955273369904273
Kota Blitar,Campur,Kanigoro,0.0,Tidak,Tidak,Ya,Ya,Ya,Ya,650000,4,13.384729180332174
Kota Blitar,Campur,Kecamatan Sananwetan,0.0,Tidak,Ya,Ya,Ya,Tidak,Ya,350000,4,12.765691290604371
Kota Blitar,Putri,Kecamatan Sananwetan,0.0,Tidak,Tidak,Ya,Ya,Ya,Ya,900000,4,13.710151153416941
Kota Blitar,Campur,Sananwetan,0.0,Tidak,Tidak,Ya,Ya,Ya,Ya,650000,4,13.384729180332174
Kota Blitar,Putri,Kepanjenkidul,0.0,Tidak,Tidak,Ya,Ya,Ya,Ya,350000,4,12.765691290604371
Kota Blitar,Campur,Kecamatan Sukorejo,0.0,Tidak,Ya,Ya,Tidak,Ya,Ya,600000,4,13.304686600863562
Kota Blitar,Putri,Sananwetan,0.0,Tidak,Ya,Ya,Tidak,Tidak,Ya,400000,3,12.899222326086994
Kota Blitar,Putra,Sananwetan,0.0,Tidak,Ya,Ya,Ya,Tidak,Ya,250000,4,12.429220196836383
Kota Blitar,Campur,Kecamatan Sananwetan,0.0,Ya,Ya,Ya,Tidak,Ya,Ya,1500000,5,14.220976332738882
Kota Blitar,Campur,Kepanjenkidul,0.0,Tidak,Ya,Ya,Tidak,Ya,Ya,650000,4,13.384729180332174
Kota Blitar,Putri,Kepanjenkidul,0.0,Tidak,Ya,Ya,Tidak,Ya,Tidak,700000,3,13.45883704259595
Kota Blitar,Putri,Kepanjenkidul,0.0,Tidak,Ya,Ya,Ya,Tidak,Tidak,300000,3,12.611541086966115
Kota Blitar,Campur,Kanigoro,0.0,Tidak,Tidak,Ya,Tidak,Ya,Tidak,700000,2,13.45883704259595
Kota Blitar,Putri,Sananwetan,0.0,Tidak,Tidak,Ya,Ya,Tidak,Ya,500000,3,13.122365377402328
Kota Blitar,Putra,Sananwetan,0.0,Tidak,Tidak,Ya,Tidak,Tidak,Ya,375000,2,12.834683971615659
Kota Blitar,Putri,Kecamatan Sananwetan,5.0,Ya,Ya,Ya,Ya,Ya,Ya,1100000,6,13.910821646859095
Kota Blitar,Putri,Kecamatan Sukorejo,0.0,Tidak,Ya,Ya,Tidak,Ya,Ya,600000,4,13.304686600863562
Kota Blitar,Putri,Kecamatan Kepanjenkidul,0.0,Tidak,Ya,Ya,Ya,Ya,Ya,750000,5,13.527829818844937
Kota Blitar,Putri,Sananwetan,0.0,Tidak,Tidak,Ya,Tidak,Ya,Ya,385000,3,12.861001210669146
Kota Blitar,Putri,Sananwetan,0.0,Ya,Ya,Ya,Tidak,Ya,Ya,1500000,5,14.220976332738882
Kota Blitar,Putri,Kepanjenkidul,0.0,Tidak,Ya,Ya,Ya,Ya,Tidak,450000,4,13.017005083966255
Kota Blitar,Putri,Kepanjenkidul,0.0,Tidak,Ya,Ya,Tidak,Ya,Ya,700000,4,13.45883704259595
Kota Blitar,Putri,Kecamatan Sananwetan,0.0,Tidak,Ya,Ya,Tidak,Tidak,Tidak,350000,2,12.765691290604371
Kota Blitar,Campur,Sukorejo,0.0,Tidak,Tidak,Ya,Tidak,Ya,Tidak,500000,2,13.122365377402328
Kota Blitar,Campur,Sanankulon,0.0,Tidak,Ya,Ya,Tidak,Ya,Ya,500000,4,13.122365377402328
Kota Blitar,Campur,Kepanjenkidul,0.0,Tidak,Ya,Ya,Tidak,Ya,Ya,400000,4,12.899222326086994
Kota Blitar,Campur,Kecamatan Kanigoro,0.0,Tidak,Ya,Ya,Ya,Ya,Ya,600000,5,13.304686600863562
Kota Blitar,Putra,Kanigoro,0.0,Tidak,Tidak,Ya,Tidak,Ya,Ya,500000,3,13.122365377402328
Kota Blitar,Putri,Sananwetan,0.0,Tidak,Tidak,Ya,Tidak,Tidak,Ya,275000,2,12.524530013005734
Kota Blitar,Campur,Sananwetan,0.0,Tidak,Ya,Ya,Tidak,Ya,Tidak,500000,3,13.122365377402328
Kota Blitar,Campur,Kepanjenkidul,0.0,Tidak,Ya,Ya,Tidak,Ya,Ya,450000,4,13.017005083966255
Kota Blitar,Campur,Sananwetan,0.0,Tidak,Ya,Ya,Tidak,Ya,Ya,600000,4,13.304686600863562
Kota Blitar,Putri,Kecamatan Sananwetan,0.0,Tidak,Ya,Ya,Ya,Tidak,Ya,250000,4,12.429220196836383
Kota Blitar,Campur,Kecamatan Sukorejo,0.0,Tidak,Ya,Ya,Tidak,Ya,Tidak,1000000,3,13.815511557963774
Kota Blitar,Campur,Kanigoro,0.0,Tidak,Ya,Ya,Tidak,Ya,Tidak,580000,3,13.270785106659046
Kota Blitar,Putri,Kecamatan Sananwetan,0.0,Tidak,Ya,Ya,Ya,Tidak,Ya,450000,4,13.017005083966255
Kota Blitar,Campur,Sananwetan,0.0,Tidak,Tidak,Ya,Tidak,Tidak,Tidak,350000,1,12.765691290604371
Kota Blitar,Putri,Sukorejo,0.0,Tidak,Ya,Ya,Tidak,Tidak,Tidak,250000,2,12.429220196836383
Kota Blitar,Campur,Kanigoro,0.0,Tidak,Tidak,Ya,Tidak,Ya,Ya,800000,3,13.592368256649284
Kota Blitar,Putri,Sukorejo,0.0,Tidak,Ya,Ya,Tidak,Tidak,Tidak,300000,2,12.611541086966115
Kota Blitar,Campur,Sananwetan,0.0,Ya,Ya,Ya,Ya,Tidak,Ya,1100000,5,13.910821646859095
Kota Blitar,Campur,Sananwetan,0.0,Tidak,Tidak,Ya,Tidak,Ya,Tidak,400000,2,12.899222326086994
Kota Blitar,Putri,Kecamatan Sananwetan,0.0,Tidak,Tidak,Ya,Tidak,Tidak,Ya,275000,2,12.524530013005734
Kota Blitar,Putra,Kecamatan Sananwetan,0.0,Tidak,Tidak,Ya,Tidak,Ya,Ya,700000,3,13.45883704259595
Kota Blitar,Campur,Kanigoro,0.0,Ya,Tidak,Ya,Ya,Ya,Ya,1100000,5,13.910821646859095
Kota Blitar,Putra,Kecamatan Sananwetan,0.0,Tidak,Tidak,Ya,Tidak,Ya,Ya,600000,3,13.304686600863562
Kota Blitar,Putra,Kepanjenkidul,0.0,Tidak,Tidak,Ya,Tidak,Ya,Ya,450000,3,13.017005083966255
Kota Blitar,Campur,Kecamatan Sananwetan,0.0,Tidak,Ya,Ya,Tidak,Ya,Ya,600000,4,13.304686600863562
Kota Blitar,Campur,Sananwetan,0.0,Tidak,Tidak,Ya,Tidak,Ya,Ya,550000,3,13.217675375388819
Kota Blitar,Campur,Kecamatan Sananwetan,0.0,Tidak,Tidak,Ya,Ya,Ya,Ya,600000,4,13.304686600863562
Kota Blitar,Putra,Kepanjenkidul,0.0,Tidak,Ya,Ya,Tidak,Ya,Tidak,450000,3,13.017005083966255
Kota Blitar,Putri,Kecamatan Sananwetan,0.0,Tidak,Tidak,Ya,Tidak,Tidak,Tidak,250000,1,12.429220196836383
Kota Blitar,Campur,Kepanjenkidul,0.0,Ya,Ya,Ya,Tidak,Ya,Ya,1000000,5,13.815511557963774
Kota Blitar,Campur,Kepanjenkidul,3.4,Tidak,Ya,Ya,Tidak,Ya,Tidak,400000,3,12.899222326086994
Kota Blitar,Campur,Sananwetan,0.0,Tidak,Tidak,Ya,Tidak,Tidak,Tidak,400000,1,12.899222326086994
Kota Blitar,Campur,Kecamatan Sananwetan,0.0,Tidak,Ya,Ya,Tidak,Ya,Ya,650000,4,13.384729180332174
Kota Blitar,Putri,Sananwetan,0.0,Tidak,Ya,Ya,Ya,Ya,Ya,250000,5,12.429220196836383
Kota Blitar,Putri,Kecamatan Sananwetan,0.0,Tidak,Tidak,Ya,Ya,Tidak,Ya,480000,3,13.081543466215237
Kota Blitar,Putri,Kepanjenkidul,0.0,Tidak,Tidak,Ya,Tidak,Ya,Ya,370000,3,12.821260987319457
Kota Blitar,Putri,Sananwetan,0.0,Tidak,Ya,Ya,Ya,Tidak,Tidak,580000,3,13.270785106659046
Kota Blitar,Campur,Kecamatan Kepanjenkidul,0.0,Tidak,Tidak,Ya,Tidak,Ya,Ya,450000,3,13.017005083966255
Kota Blitar,Putri,Sananwetan,0.0,Tidak,Ya,Ya,Tidak,Tidak,Tidak,350000,2,12.765691290604371
Kota Blitar,Campur,Sukorejo,0.0,Tidak,Tidak,Ya,Tidak,Ya,Ya,500000,3,13.122365377402328
Kota Blitar,Putri,Sananwetan,0.0,Tidak,Ya,Ya,Tidak,Ya,Ya,600000,4,13.304686600863562
Kota Blitar,Putra,Sananwetan,0.0,Tidak,Ya,Ya,Tidak,Tidak,Tidak,250000,2,12.429220196836383
Kota Blitar,Campur,Kecamatan Sananwetan,0.0,Tidak,Ya,Ya,Ya,Ya,Ya,750000,5,13.527829818844937
Kota Blitar,Campur,Kecamatan Kanigoro,0.0,Tidak,Tidak,Ya,Ya,Ya,Ya,650000,4,13.384729180332174
Kota Blitar,Putra,Sananwetan,0.0,Tidak,Ya,Ya,Tidak,Tidak,Tidak,500000,2,13.122365377402328
Kota Blitar,Campur,Kecamatan Kepanjenkidul,0.0,Tidak,Ya,Tidak,Tidak,Ya,Tidak,750000,2,13.527829818844937
Kota Blitar,Putri,Kepanjenkidul,0.0,Tidak,Ya,Ya,Tidak,Ya,Tidak,600000,3,13.304686600863562
Kota Blitar,Campur,Kecamatan Sananwetan,0.0,Tidak,Ya,Ya,Ya,Tidak,Ya,550000,4,13.217675375388819
Kota Blitar,Putri,Sananwetan,0.0,Ya,Ya,Ya,Ya,Ya,Ya,1250000,6,14.038654909278163
Kota Blitar,Campur,Sananwetan,0.0,Tidak,Tidak,Ya,Tidak,Ya,Ya,600000,3,13.304686600863562
Kota Blitar,Putri,Sananwetan,0.0,Tidak,Ya,Ya,Tidak,Ya,Ya,500000,4,13.122365377402328
Kota Blitar,Campur,Sananwetan,0.0,Tidak,Ya,Ya,Tidak,Ya,Tidak,600000,3,13.304686600863562
Kota Blitar,Putri,Kepanjenkidul,0.0,Tidak,Ya,Ya,Tidak,Ya,Ya,500000,4,13.122365377402328
Kota Blitar,Campur,Kecamatan Sananwetan,0.0,Tidak,Ya,Ya,Ya,Ya,Ya,750000,5,13.527829818844937
Kota Blitar,Campur,Sananwetan,0.0,Tidak,Tidak,Ya,Tidak,Ya,Tidak,550000,2,13.217675375388819
Kota Blitar,Putri,Sananwetan,0.0,Tidak,Ya,Ya,Tidak,Ya,Ya,500000,4,13.122365377402328
Kota Blitar,Campur,Sananwetan,0.0,Tidak,Tidak,Ya,Tidak,Ya,Tidak,500000,2,13.122365377402328
Kota Blitar,Campur,Sananwetan,0.0,Ya,Ya,Ya,Ya,Ya,Ya,1100000,6,13.910821646859095
Kota Kediri,Putri,Mojoroto,0.0,Tidak,Ya,Ya,Tidak,Ya,Ya,540000,4,13.199326270390594
Kota Kediri,Putri,Mojoroto,0.0,Tidak,Ya,Ya,Tidak,Ya,Ya,495000,4,13.112315061750808
Kota Kediri,Putri,Mojoroto,0.0,Ya,Tidak,Ya,Ya,Ya,Ya,925000,5,13.73755009757506
Kota Kediri,Putri,Mojoroto,0.0,Tidak,Tidak,Ya,Ya,Ya,Ya,610000,4,13.321215875492413
Kota Kediri,Putri,Mojoroto,0.0,Tidak,Tidak,Ya,Tidak,Ya,Ya,550000,3,13.217675375388819
Kota Kediri,Putri,Kecamatan Kota Kediri,5.0,Tidak,Tidak,Ya,Tidak,Ya,Tidak,550000,2,13.217675375388819
Kota Kediri,Putri,Kediri,0.0,Tidak,Tidak,Ya,Ya,Ya,Ya,500000,4,13.122365377402328
Kota Kediri,Putra,Mojoroto,0.0,Tidak,Ya,Ya,Tidak,Ya,Ya,750000,4,13.527829818844937
Kota Kediri,Putri,Kota Kediri,0.0,Tidak,Ya,Ya,Tidak,Tidak,Ya,300000,3,12.611541086966115
Kota Kediri,Putra,Ngasem,0.0,Tidak,Ya,Ya,Tidak,Ya,Ya,600000,4,13.304686600863562
Kota Kediri,Putri,Pesantren,0.0,Tidak,Ya,Ya,Ya,Tidak,Ya,500000,4,13.122365377402328
Kota Kediri,Putri,Kota Kediri,0.0,Tidak,Ya,Ya,Ya,Ya,Ya,600000,5,13.304686600863562
Kota Kediri,Putri,Kecamatan Ngasem,0.0,Ya,Ya,Ya,Ya,Ya,Ya,1100000,6,13.910821646859095
Kota Kediri,Putra,Kecamatan Mojoroto,0.0,Tidak,Ya,Ya,Tidak,Ya,Ya,650000,4,13.384729180332174
Kota Kediri,Campur,Kediri,0.0,Ya,Tidak,Ya,Ya,Ya,Ya,1100000,5,13.910821646859095
Kota Kediri,Putra,Mojoroto,0.0,Ya,Tidak,Ya,Tidak,Ya,Ya,1200000,4,13.997832948091215
Kota Kediri,Putri,Kediri,0.0,Tidak,Tidak,Ya,Ya,Ya,Ya,300000,4,12.611541086966115
Kota Kediri,Putri,Kota Kediri,0.0,Tidak,Tidak,Ya,Tidak,Ya,Ya,450000,3,13.017005083966255
Kota Kediri,Putri,Mojoroto,0.0,Tidak,Ya,Ya,Tidak,Ya,Ya,550000,4,13.217675375388819
Kota Kediri,Campur,Kota Kediri,0.0,Tidak,Ya,Ya,Ya,Ya,Ya,450000,5,13.017005083966255
Kota Kediri,Putri,Kecamatan Pesantren,0.0,Ya,Ya,Ya,Ya,Tidak,Ya,700000,5,13.45883704259595
Kota Kediri,Putri,Kecamatan Ngasem,0.0,Tidak,Tidak,Ya,Tidak,Tidak,Tidak,500000,1,13.122365377402328
Kota Kediri,Putra,Kediri,0.0,Tidak,Ya,Ya,Tidak,Ya,Ya,600000,4,13.304686600863562
Kota Kediri,Putri,Mojoroto,0.0,Tidak,Ya,Ya,Tidak,Ya,Ya,500000,4,13.122365377402328
Kota Kediri,Putri,Kediri,0.0,Tidak,Tidak,Ya,Ya,Tidak,Ya,500000,3,13.122365377402328
Kota Kediri,Putri,Kediri,0.0,Tidak,Ya,Ya,Ya,Tidak,Ya,400000,4,12.899222326086994
Kota Kediri,Putri,Pesantren,0.0,Tidak,Ya,Ya,Ya,Tidak,Ya,550000,4,13.217675375388819
Kota Kediri,Campur,Mojoroto,0.0,Ya,Ya,Ya,Ya,Ya,Ya,1800000,6,14.403297778421795
Kota Kediri,Campur,Kecamatan Pesantren,0.0,Tidak,Ya,Ya,Ya,Ya,Ya,900000,5,13.710151153416941
Kota Kediri,Putra,Mojoroto,5.0,Tidak,Ya,Ya,Tidak,Ya,Ya,375000,4,12.834683971615659
Kota Kediri,Putri,Mojoroto,0.0,Tidak,Tidak,Ya,Tidak,Ya,Ya,650000,3,13.384729180332174
Kota Kediri,Campur,Kecamatan Mojoroto,0.0,Ya,Ya,Ya,Ya,Ya,Ya,1300000,6,14.077875591662238
Kota Kediri,Campur,Kecamatan Pesantren,0.0,Ya,Ya,Ya,Ya,Ya,Ya,1100000,6,13.910821646859095
Kota Kediri,Campur,Kecamatan Pesantren,0.0,Ya,Ya,Ya,Ya,Ya,Ya,1200000,6,13.997832948091215
Kota Kediri,Campur,Mojoroto,0.0,Ya,Ya,Ya,Ya,Ya,Ya,1400000,6,14.151983508870947
Kota Kediri,Putra,Mojoroto,0.0,Tidak,Ya,Ya,Tidak,Tidak,Ya,380000,3,12.847929163278053
Kota Kediri,Campur,Mojoroto,0.0,Ya,Tidak,Ya,Ya,Ya,Ya,850000,5,13.652992804936396
Kota Kediri,Campur,Pesantren,4.8,Tidak,Ya,Ya,Tidak,Ya,Ya,600000,4,13.304686600863562
Kota Kediri,Campur,Pesantren,0.0,Ya,Ya,Ya,Tidak,Ya,Ya,1200000,5,13.997832948091215
Kota Kediri,Campur,Pesantren,0.0,Ya,Ya,Ya,Tidak,Ya,Ya,800000,5,13.592368256649284
Kota Kediri,Putri,Kediri,0.0,Ya,Tidak,Ya,Ya,Ya,Ya,850000,5,13.652992804936396
Kota Kediri,Putra,Ngadiluwih,0.0,Tidak,Ya,Ya,Tidak,Ya,Ya,550000,4,13.217675375388819
Kota Kediri,Putri,Mojoroto,0.0,Tidak,Ya,Ya,Tidak,Tidak,Ya,350000,3,12.765691290604371
Kota Kediri,Campur,Kecamatan Mojoroto,0.0,Ya,Ya,Ya,Ya,Ya,Ya,1450000,6,14.187074804051692
Kota Kediri,Putri,Kediri,0.0,Ya,Tidak,Ya,Ya,Ya,Ya,1350000,5,14.115615891155079
Kota Kediri,Campur,Mojoroto,0.0,Ya,Ya,Ya,Ya,Ya,Ya,1400000,6,14.151983508870947
Kota Kediri,Putri,Kota Kediri,0.0,Tidak,Tidak,Ya,Ya,Tidak,Ya,450000,3,13.017005083966255
Kota Kediri,Putri,Mojoroto,0.0,Ya,Ya,Ya,Ya,Ya,Ya,1050000,6,13.864301674514206
Kota Kediri,Putri,Kediri,5.0,Ya,Tidak,Ya,Ya,Ya,Ya,1000000,5,13.815511557963774
Kota Kediri,Campur,Mojoroto,0.0,Ya,Ya,Ya,Ya,Ya,Ya,1600000,6,14.285514812209815
Kota Kediri,Campur,Pesantren,4.6,Tidak,Ya,Ya,Tidak,Ya,Ya,1000000,4,13.815511557963774
Kota Kediri,Putri,Kediri,0.0,Ya,Tidak,Ya,Ya,Ya,Ya,1200000,5,13.997832948091215
Kota Kediri,Putra,Mojoroto,0.0,Tidak,Ya,Ya,Tidak,Ya,Ya,425000,4,12.959846800844963
Kota Kediri,Putra,Ngasem,0.0,Tidak,Ya,Ya,Ya,Ya,Ya,450000,5,13.017005083966255
Kota Kediri,Putri,Mojoroto,0.0,Tidak,Ya,Ya,Ya,Tidak,Ya,350000,4,12.765691290604371
Kota Kediri,Putra,Ngadiluwih,0.0,Tidak,Ya,Ya,Tidak,Ya,Ya,475000,4,13.07107218827772
Kota Kediri,Putra,Kecamatan Mojoroto,0.0,Tidak,Ya,Ya,Ya,Tidak,Ya,350000,4,12.765691290604371
Kota Kediri,Putri,Kota Kediri,0.0,Tidak,Ya,Ya,Tidak,Ya,Ya,500000,4,13.122365377402328
Kota Kediri,Putri,Kecamatan Mojoroto,0.0,Ya,Tidak,Ya,Ya,Ya,Ya,1200000,5,13.997832948091215
Kota Kediri,Campur,Mojoroto,0.0,Ya,Ya,Ya,Ya,Ya,Ya,650000,6,13.384729180332174
Kota Kediri,Putra,Kota Kediri,0.0,Ya,Ya,Ya,Ya,Ya,Ya,1100000,6,13.910821646859095
Kota Kediri,Putri,Kecamatan Mojoroto,5.0,Tidak,Ya,Ya,Tidak,Tidak,Ya,350000,3,12.765691290604371
Kota Kediri,Putri,Kecamatan Kota,0.0,Tidak,Tidak,Ya,Tidak,Tidak,Ya,350000,2,12.765691290604371
Kota Kediri,Putri,Mojoroto,0.0,Tidak,Ya,Ya,Ya,Tidak,Ya,450000,4,13.017005083966255
Kota Kediri,Putra,Mojoroto,0.0,Ya,Tidak,Ya,Tidak,Ya,Ya,1300000,4,14.077875591662238
Kota Kediri,Putri,Mojoroto,0.0,Ya,Tidak,Ya,Ya,Tidak,Ya,750000,4,13.527829818844937
Kota Kediri,Putri,Mojoroto,0.0,Tidak,Ya,Ya,Ya,Tidak,Ya,450000,4,13.017005083966255
Kota Kediri,Putri,Kota Kediri,0.0,Tidak,Ya,Ya,Tidak,Ya,Ya,400000,4,12.899222326086994
Kota Kediri,Putra,Kecamatan Mojoroto,0.0,Tidak,Ya,Ya,Tidak,Tidak,Ya,360000,3,12.793862088206213
Kota Kediri,Putra,Mojoroto,0.0,Ya,Ya,Ya,Ya,Ya,Ya,1100000,6,13.910821646859095
Kota Kediri,Putra,Mojoroto,0.0,Tidak,Ya,Ya,Tidak,Tidak,Ya,450000,3,13.017005083966255
Kota Kediri,Putra,Mojoroto,0.0,Tidak,Ya,Ya,Ya,Ya,Ya,500000,5,13.122365377402328
Kota Kediri,Campur,Kediri,0.0,Tidak,Ya,Ya,Ya,Tidak,Ya,450000,4,13.017005083966255
Kota Kediri,Putra,Kecamatan Mojoroto,0.0,Tidak,Ya,Ya,Ya,Tidak,Ya,375000,4,12.834683971615659
Kota Kediri,Putri,Kota Kediri,0.0,Tidak,Ya,Ya,Ya,Tidak,Ya,400000,4,12.899222326086994
Kota Kediri,Campur,Pesantren,0.0,Ya,Ya,Ya,Ya,Ya,Ya,1300000,6,14.077875591662238
Kota Kediri,Putri,Kecamatan Pesantren,0.0,Ya,Ya,Ya,Ya,Ya,Ya,500000,6,13.122365377402328
Kota Kediri,Putra,Mojoroto,0.0,Tidak,Tidak,Ya,Tidak,Tidak,Ya,400000,2,12.899222326086994
Kota Kediri,Campur,Kota Kediri,0.0,Ya,Ya,Ya,Ya,Ya,Ya,1100000,6,13.910821646859095
Kota Kediri,Putri,Mojoroto,0.0,Ya,Tidak,Ya,Ya,Tidak,Ya,700000,4,13.45883704259595
Kota Kediri,Putri,Kota Kediri,0.0,Tidak,Tidak,Ya,Tidak,Ya,Ya,600000,3,13.304686600863562
Kota Kediri,Putri,Kediri,0.0,Tidak,Tidak,Ya,Ya,Ya,Ya,650000,4,13.384729180332174
Kota Kediri,Campur,Kecamatan Pesantren,0.0,Ya,Tidak,Ya,Ya,Ya,Ya,1100000,5,13.910821646859095
Kota Kediri,Putra,Kecamatan Mojoroto,5.0,Tidak,Ya,Ya,Tidak,Tidak,Ya,360000,3,12.793862088206213
Kota Kediri,Campur,Pesantren,0.0,Ya,Ya,Ya,Ya,Ya,Ya,650000,6,13.384729180332174
Kota Kediri,Campur,Pesantren,0.0,Ya,Ya,Ya,Ya,Ya,Ya,1650000,6,14.316286451937186
Kota Kediri,Putri,Kediri,0.0,Tidak,Ya,Ya,Tidak,Ya,Tidak,600000,3,13.304686600863562
Kota Kediri,Putra,Ngadiluwih,0.0,Ya,Ya,Ya,Tidak,Ya,Ya,900000,5,13.710151153416941
Kota Kediri,Putri,Mojoroto,0.0,Ya,Ya,Ya,Ya,Ya,Ya,1400000,6,14.151983508870947
Kota Kediri,Putra,Mojoroto,0.0,Tidak,Ya,Ya,Ya,Tidak,Ya,500000,4,13.122365377402328
Kota Kediri,Campur,Ngasem,0.0,Tidak,Ya,Ya,Tidak,Tidak,Ya,350000,3,12.765691290604371
Kota Kediri,Putri,Mojoroto,0.0,Ya,Ya,Ya,Ya,Ya,Ya,1100000,6,13.910821646859095
Kota Kediri,Campur,Pesantren,0.0,Ya,Tidak,Ya,Ya,Ya,Ya,1700000,5,14.346139397261565
Kota Kediri,Putri,Mojoroto,0.0,Ya,Tidak,Ya,Ya,Tidak,Ya,1000000,4,13.815511557963774
Kota Kediri,Putri,Kecamatan Mojoroto,0.0,Tidak,Ya,Ya,Ya,Ya,Ya,500000,5,13.122365377402328
Kota Kediri,Campur,Pesantren,0.0,Ya,Ya,Ya,Ya,Ya,Ya,1500000,6,14.220976332738882
Kota Kediri,Putra,Kecamatan Mojoroto,0.0,Tidak,Ya,Ya,Tidak,Ya,Ya,480000,4,13.081543466215237
Kota Kediri,Putra,Kediri,0.0,Tidak,Tidak,Ya,Ya,Ya,Ya,760000,4,13.541075028051122
Kota Kediri,Putri,Kota Kediri,0.0,Ya,Tidak,Ya,Tidak,Ya,Ya,800000,4,13.592368256649284
Kota Kediri,Putri,Mojoroto,0.0,Ya,Tidak,Ya,Ya,Tidak,Ya,1000000,4,13.815511557963774
Kota Kediri,Putra,Ngadiluwih,0.0,Tidak,Ya,Ya,Tidak,Tidak,Ya,350000,3,12.765691290604371
Kota Kediri,Campur,Pesantren,0.0,Ya,Ya,Ya,Ya,Ya,Ya,1300000,6,14.077875591662238
Kota Kediri,Putri,Mojoroto,0.0,Tidak,Ya,Ya,Ya,Ya,Ya,550000,5,13.217675375388819
Kota Kediri,Putra,Kecamatan Mojoroto,0.0,Tidak,Ya,Tidak,Tidak,Tidak,Tidak,400000,1,12.899222326086994
Kota Kediri,Campur,Kecamatan Pesantren,0.0,Tidak,Ya,Ya,Ya,Ya,Tidak,750000,4,13.527829818844937
Kota Kediri,Putri,Mojoroto,0.0,Tidak,Ya,Ya,Tidak,Ya,Ya,400000,4,12.899222326086994
Kota Kediri,Campur,Mojoroto,4.4,Tidak,Ya,Ya,Ya,Ya,Ya,650000,5,13.384729180332174
Kota Kediri,Putri,Pesantren,0.0,Tidak,Ya,Tidak,Tidak,Ya,Ya,1000000,3,13.815511557963774
Kota Kediri,Campur,Kediri,0.0,Ya,Tidak,Ya,Ya,Ya,Ya,900000,5,13.710151153416941
Kota Kediri,Campur,Mojoroto,0.0,Ya,Tidak,Ya,Ya,Ya,Ya,1250000,5,14.038654909278163
Kota Kediri,Putri,Kecamatan Pesantren,0.0,Ya,Ya,Ya,Ya,Ya,Ya,1200000,6,13.997832948091215
Kota Kediri,Campur,Mojoroto,0.0,Ya,Tidak,Ya,Ya,Tidak,Ya,1250000,4,14.038654909278163
Kota Kediri,Putri,Mojoroto,0.0,Tidak,Tidak,Ya,Tidak,Ya,Ya,750000,3,13.527829818844937
Kota Kediri,Putra,Kecamatan Kota,4.9,Tidak,Ya,Ya,Tidak,Ya,Tidak,400000,3,12.899222326086994
Kota Kediri,Campur,Pesantren,5.0,Ya,Ya,Ya,Tidak,Tidak,Tidak,1500000,3,14.220976332738882
Kota Kediri,Putra,Mojoroto,4.9,Tidak,Ya,Ya,Tidak,Ya,Tidak,400000,3,12.899222326086994
Kota Kediri,Putri,Mojoroto,0.0,Tidak,Ya,Ya,Ya,Tidak,Ya,400000,4,12.899222326086994
Kota Kediri,Putra,Kota Kediri,0.0,Ya,Ya,Ya,Ya,Ya,Ya,1000000,6,13.815511557963774
Kota Kediri,Putri,Mojoroto,0.0,Tidak,Tidak,Ya,Tidak,Ya,Ya,400000,3,12.899222326086994
Kota Kediri,Putri,Mojoroto,5.0,Tidak,Ya,Ya,Tidak,Tidak,Ya,600000,3,13.304686600863562
Kota Kediri,Putra,Kota Kediri,0.0,Tidak,Tidak,Ya,Tidak,Ya,Ya,500000,3,13.122365377402328
Kota Kediri,Putri,Mojoroto,4.0,Ya,Ya,Ya,Ya,Tidak,Ya,1200000,5,13.997832948091215
Kota Kediri,Putri,Mojoroto,0.0,Tidak,Ya,Ya,Tidak,Ya,Ya,500000,4,13.122365377402328
Kota Kediri,Campur,Pesantren,0.0,Ya,Ya,Ya,Ya,Ya,Ya,1300000,6,14.077875591662238
Kota Kediri,Putri,Mojoroto,0.0,Tidak,Ya,Ya,Tidak,Tidak,Ya,450000,3,13.017005083966255
Kota Kediri,Putri,Kecamatan Mojoroto,0.0,Tidak,Ya,Ya,Ya,Ya,Ya,550000,5,13.217675375388819
Kota Kediri,Putri,Kota Kediri,0.0,Tidak,Tidak,Ya,Tidak,Tidak,Ya,400000,2,12.899222326086994
Kota Kediri,Putri,Kecamatan Mojoroto,0.0,Ya,Ya,Ya,Ya,Ya,Ya,1500000,6,14.220976332738882
Kota Kediri,Putra,Mojoroto,0.0,Tidak,Ya,Ya,Tidak,Ya,Ya,550000,4,13.217675375388819
Kota Kediri,Campur,Kecamatan Pesantren,0.0,Ya,Ya,Ya,Ya,Ya,Ya,800000,6,13.592368256649284
Kota Kediri,Putri,Mojoroto,0.0,Tidak,Tidak,Ya,Ya,Tidak,Ya,500000,3,13.122365377402328
Kota Kediri,Putri,Mojoroto,0.0,Tidak,Ya,Ya,Ya,Ya,Ya,580000,5,13.270785106659046
Kota Kediri,Putri,Mojoroto,0.0,Tidak,Tidak,Ya,Tidak,Tidak,Ya,500000,2,13.122365377402328
Kota Kediri,Putri,Kecamatan Mojoroto,0.0,Tidak,Tidak,Ya,Tidak,Ya,Ya,500000,3,13.122365377402328
Kota Kediri,Putri,Mojoroto,0.0,Tidak,Ya,Ya,Tidak,Tidak,Ya,550000,3,13.217675375388819
Kota Kediri,Putri,Kecamatan Pesantren,0.0,Ya,Tidak,Ya,Ya,Ya,Ya,1200000,5,13.997832948091215
Kota Madiun,Putri,Kecamatan Manguharjo,0.0,Tidak,Ya,Ya,Tidak,Ya,Ya,750000,4,13.527829818844937
Kota Madiun,Campur,Kecamatan Manguharjo,0.0,Ya,Ya,Ya,Ya,Ya,Ya,1000000,6,13.815511557963774
Kota Madiun,Putri,Kartoharjo,0.0,Tidak,Tidak,Ya,Tidak,Ya,Ya,700000,3,13.45883704259595
Kota Madiun,Putra,Jiwan,0.0,Tidak,Tidak,Ya,Ya,Ya,Ya,600000,4,13.304686600863562
Kota Madiun,Campur,Kecamatan Taman,0.0,Ya,Ya,Ya,Ya,Ya,Ya,1250000,6,14.038654909278163
Kota Madiun,Putra,Kecamatan Taman,0.0,Ya,Ya,Ya,Ya,Ya,Ya,1800000,6,14.403297778421795
Kota Madiun,Putra,Kecamatan Taman,0.0,Tidak,Tidak,Ya,Tidak,Ya,Ya,600000,3,13.304686600863562
Kota Madiun,Putra,Taman,0.0,Ya,Ya,Ya,Tidak,Ya,Ya,750000,5,13.527829818844937
Kota Madiun,Putra,Kartoharjo,5.0,Ya,Ya,Ya,Ya,Ya,Ya,900000,6,13.710151153416941
Kota Madiun,Putri,Kartoharjo,0.0,Tidak,Ya,Ya,Ya,Ya,Ya,600000,5,13.304686600863562
Kota Madiun,Putri,Taman,4.5,Tidak,Ya,Ya,Tidak,Tidak,Ya,450000,3,13.017005083966255
Kota Madiun,Campur,Taman,0.0,Ya,Ya,Ya,Ya,Ya,Ya,1100000,6,13.910821646859095
Kota Madiun,Putra,Kartoharjo,0.0,Ya,Ya,Ya,Ya,Ya,Ya,1300000,6,14.077875591662238
Kota Madiun,Putri,Kecamatan Taman,4.6,Tidak,Tidak,Ya,Ya,Tidak,Ya,450000,3,13.017005083966255
Kota Madiun,Putri,Kecamatan Manguharjo,0.0,Tidak,Ya,Ya,Tidak,Tidak,Ya,550000,3,13.217675375388819
Kota Madiun,Campur,Kartoharjo,0.0,Ya,Ya,Ya,Ya,Ya,Ya,1349000,6,14.114874876479462
Kota Madiun,Putri,Kecamatan Taman,0.0,Tidak,Tidak,Ya,Ya,Tidak,Ya,550000,3,13.217675375388819
Kota Madiun,Campur,Taman,0.0,Tidak,Ya,Ya,Ya,Ya,Ya,800000,5,13.592368256649284
Kota Madiun,Putri,Taman,0.0,Tidak,Tidak,Ya,Ya,Ya,Ya,550000,4,13.217675375388819
Kota Madiun,Putri,Kecamatan Manguharjo,0.0,Tidak,Tidak,Ya,Tidak,Tidak,Ya,449999,2,13.017002861746503
Kota Madiun,Putri,Kecamatan Taman,0.0,Tidak,Tidak,Ya,Ya,Tidak,Ya,550000,3,13.217675375388819
Kota Madiun,Putri,Taman,0.0,Ya,Ya,Ya,Ya,Ya,Ya,999998,6,13.815509557963773
Kota Madiun,Putri,Kecamatan Kartoharjo,0.0,Tidak,Ya,Ya,Ya,Ya,Tidak,550000,4,13.217675375388819
Kota Madiun,Campur,Mangu Harjo,0.0,Tidak,Tidak,Ya,Tidak,Ya,Ya,600000,3,13.304686600863562
Kota Madiun,Putri,Taman,0.0,Tidak,Ya,Ya,Ya,Ya,Ya,698000,5,13.455975814408239
Kota Madiun,Putra,Kecamatan Kartoharjo,0.0,Ya,Ya,Ya,Ya,Ya,Ya,1000000,6,13.815511557963774
Kota Madiun,Putri,Kecamatan Taman,0.0,Ya,Tidak,Ya,Ya,Tidak,Ya,1099998,4,13.910819828677276
Kota Madiun,Putri,Kecamatan Manguharjo,0.0,Ya,Tidak,Ya,Ya,Ya,Ya,1000000,5,13.815511557963774
Kota Madiun,Campur,Kecamatan Taman,0.0,Ya,Ya,Ya,Ya,Ya,Ya,1500000,6,14.220976332738882
Kota Madiun,Campur,Taman,0.0,Ya,Ya,Ya,Ya,Ya,Ya,950000,6,13.76421831620775
Kota Madiun,Putra,Taman,0.0,Tidak,Ya,Ya,Tidak,Tidak,Ya,400000,3,12.899222326086994
Kota Madiun,Putri,Taman,0.0,Tidak,Ya,Ya,Tidak,Tidak,Ya,550000,3,13.217675375388819
Kota Madiun,Campur,Taman,0.0,Ya,Ya,Ya,Tidak,Ya,Ya,1300000,5,14.077875591662238
Kota Madiun,Putri,Taman,0.0,Tidak,Ya,Ya,Tidak,Tidak,Ya,399998,3,12.899217326086994
Kota Madiun,Putri,Mangu Harjo,0.0,Tidak,Tidak,Ya,Tidak,Ya,Ya,650000,3,13.384729180332174
Kota Madiun,Campur,Kecamatan Taman,0.0,Ya,Ya,Ya,Ya,Ya,Ya,1400000,6,14.151983508870947
Kota Madiun,Putra,Taman,0.0,Tidak,Ya,Ya,Ya,Ya,Ya,600000,5,13.304686600863562
Kota Madiun,Putri,Kartoharjo,0.0,Tidak,Ya,Ya,Ya,Tidak,Ya,650000,4,13.384729180332174
Kota Madiun,Putri,Kartoharjo,0.0,Tidak,Tidak,Ya,Ya,Tidak,Ya,550000,3,13.217675375388819
Kota Madiun,Putra,Kecamatan Taman,5.0,Ya,Ya,Ya,Tidak,Ya,Tidak,1000000,4,13.815511557963774
Kota Madiun,Putra,Kartoharjo,0.0,Tidak,Ya,Ya,Tidak,Tidak,Ya,600000,3,13.304686600863562
Kota Madiun,Putri,Kecamatan Taman,0.0,Tidak,Ya,Ya,Tidak,Tidak,Ya,365000,3,12.807655372286902
Kota Madiun,Campur,Kartoharjo,0.0,Tidak,Ya,Ya,Tidak,Ya,Ya,1200000,4,13.997832948091215
Kota Madiun,Putra,Taman,0.0,Tidak,Ya,Ya,Ya,Ya,Ya,650000,5,13.384729180332174
Kota Madiun,Campur,Kecamatan Taman,0.0,Ya,Ya,Ya,Ya,Ya,Ya,1600000,6,14.285514812209815
Kota Madiun,Putra,Kecamatan Taman,0.0,Tidak,Ya,Ya,Tidak,Tidak,Ya,400000,3,12.899222326086994
Kota Madiun,Putri,Taman,0.0,Tidak,Ya,Ya,Ya,Ya,Ya,450000,5,13.017005083966255
Kota Madiun,Campur,Kecamatan Kartoharjo,0.0,Tidak,Ya,Ya,Tidak,Ya,Ya,700000,4,13.45883704259595
Kota Madiun,Campur,Kecamatan Taman,0.0,Ya,Ya,Ya,Ya,Ya,Ya,1300000,6,14.077875591662238
Kota Madiun,Putri,Kecamatan Taman,0.0,Tidak,Ya,Ya,Ya,Ya,Ya,650000,5,13.384729180332174
Kota Madiun,Putri,Kartoharjo,0.0,Ya,Ya,Ya,Ya,Ya,Ya,600000,6,13.304686600863562
Kota Madiun,Putra,Taman,5.0,Tidak,Tidak,Ya,Tidak,Tidak,Ya,500000,2,13.122365377402328
Kota Madiun,Campur,Taman,0.0,Ya,Ya,Ya,Ya,Ya,Ya,1400000,6,14.151983508870947
Kota Madiun,Putri,Kartoharjo,0.0,Tidak,Ya,Ya,Ya,Tidak,Ya,500000,4,13.122365377402328
Kota Madiun,Putra,Kecamatan Taman,0.0,Tidak,Ya,Ya,Tidak,Ya,Tidak,700000,3,13.45883704259595
Kota Madiun,Campur,Kecamatan Taman,0.0,Tidak,Ya,Ya,Ya,Ya,Ya,750000,5,13.527829818844937
Kota Madiun,Putri,Kartoharjo,0.0,Tidak,Ya,Ya,Ya,Tidak,Ya,550000,4,13.217675375388819
Kota Madiun,Putra,Kecamatan Taman,0.0,Ya,Ya,Ya,Ya,Ya,Ya,1600000,6,14.285514812209815
Kota Madiun,Putra,Kecamatan Taman,0.0,Ya,Ya,Ya,Ya,Ya,Ya,1200000,6,13.997832948091215
Kota Madiun,Putra,Kecamatan Taman,0.0,Tidak,Ya,Ya,Tidak,Ya,Ya,500000,4,13.122365377402328
Kota Madiun,Putri,Taman,0.0,Tidak,Ya,Ya,Tidak,Ya,Ya,600000,4,13.304686600863562
Kota Madiun,Campur,Kecamatan Manguharjo,0.0,Tidak,Ya,Ya,Ya,Ya,Ya,550000,5,13.217675375388819
Kota Madiun,Putra,Kecamatan Taman,0.0,Ya,Ya,Ya,Ya,Ya,Ya,1500000,6,14.220976332738882
Kota Madiun,Campur,Taman,0.0,Tidak,Ya,Ya,Ya,Ya,Ya,800000,5,13.592368256649284
Kota Madiun,Campur,Kartoharjo,5.0,Ya,Ya,Ya,Ya,Ya,Ya,1000000,6,13.815511557963774
Kota Madiun,Campur,Kartoharjo,0.0,Ya,Ya,Ya,Tidak,Ya,Ya,1075000,5,13.887832149776026
Kota Madiun,Putri,Mangu Harjo,0.0,Ya,Ya,Ya,Ya,Ya,Ya,1100000,6,13.910821646859095
Kota Madiun,Putri,Kecamatan Taman,5.0,Tidak,Ya,Ya,Tidak,Tidak,Ya,500000,3,13.122365377402328
Kota Madiun,Putri,Kecamatan Taman,0.0,Tidak,Tidak,Ya,Tidak,Ya,Ya,500000,3,13.122365377402328
Kota Madiun,Putri,Kecamatan Taman,0.0,Tidak,Ya,Ya,Tidak,Tidak,Tidak,500000,2,13.122365377402328
Kota Madiun,Putri,Taman,5.0,Tidak,Ya,Ya,Ya,Tidak,Ya,600000,4,13.304686600863562
Kota Madiun,Putri,Taman,0.0,Tidak,Ya,Ya,Tidak,Ya,Ya,600000,4,13.304686600863562
Kota Madiun,Putri,Kartoharjo,0.0,Tidak,Ya,Ya,Tidak,Tidak,Ya,250000,3,12.429220196836383
Kota Madiun,Putri,Kecamatan Taman,0.0,Tidak,Tidak,Ya,Tidak,Ya,Tidak,900000,2,13.710151153416941
Kota Madiun,Putra,Taman,0.0,Tidak,Ya,Ya,Tidak,Ya,Ya,600000,4,13.304686600863562
Kota Madiun,Putri,Mangu Harjo,0.0,Tidak,Tidak,Ya,Tidak,Tidak,Ya,550000,2,13.217675375388819
Kota Madiun,Putri,Kecamatan Manguharjo,0.0,Ya,Tidak,Ya,Ya,Ya,Ya,1200000,5,13.997832948091215
Kota Madiun,Campur,Kecamatan Kartoharjo,0.0,Ya,Ya,Ya,Ya,Ya,Ya,1300000,6,14.077875591662238
Kota Madiun,Putra,Taman,0.0,Ya,Ya,Ya,Tidak,Ya,Ya,900000,5,13.710151153416941
Kota Madiun,Campur,Kecamatan Manguharjo,0.0,Tidak,Ya,Ya,Tidak,Ya,Tidak,790000,3,13.579789490265188
Kota Madiun,Campur,Mangu Harjo,0.0,Tidak,Ya,Ya,Tidak,Ya,Tidak,650000,3,13.384729180332174
Kota Madiun,Putra,Kartoharjo,0.0,Ya,Ya,Ya,Ya,Ya,Tidak,1400000,5,14.151983508870947
Kota Madiun,Putra,Kecamatan Taman,0.0,Tidak,Ya,Ya,Tidak,Tidak,Ya,450000,3,13.017005083966255
Kota Madiun,Putri,Taman,0.0,Tidak,Ya,Ya,Ya,Tidak,Ya,450000,4,13.017005083966255
Kota Madiun,Putra,Kecamatan Manguharjo,0.0,Tidak,Ya,Ya,Tidak,Ya,Tidak,500000,3,13.122365377402328
Kota Madiun,Putra,Kecamatan Taman,0.0,Tidak,Ya,Ya,Tidak,Tidak,Ya,500000,3,13.122365377402328
Kota Madiun,Putra,Kecamatan Kartoharjo,5.0,Tidak,Ya,Ya,Tidak,Ya,Ya,600000,4,13.304686600863562
Kota Madiun,Putra,Kecamatan Taman,0.0,Ya,Tidak,Ya,Ya,Ya,Ya,1250000,5,14.038654909278163
Kota Madiun,Putri,Kecamatan Taman,0.0,Ya,Ya,Ya,Ya,Ya,Ya,1500000,6,14.220976332738882
Kota Madiun,Putra,Kecamatan Manguharjo,0.0,Tidak,Ya,Ya,Tidak,Tidak,Tidak,450000,2,13.017005083966255
Kota Madiun,Putra,Kecamatan Kartoharjo,0.0,Tidak,Ya,Ya,Ya,Ya,Ya,650000,5,13.384729180332174
Kota Madiun,Putri,Taman,0.0,Tidak,Tidak,Ya,Ya,Ya,Ya,625000,4,13.345508528717259
Kota Madiun,Putra,Jiwan,0.0,Tidak,Ya,Ya,Ya,Tidak,Ya,400000,4,12.899222326086994
Kota Madiun,Campur,Taman,0.0,Ya,Ya,Ya,Ya,Ya,Ya,1350000,6,14.115615891155079
Kota Madiun,Putra,Kecamatan Kartoharjo,0.0,Ya,Ya,Ya,Ya,Ya,Ya,1000000,6,13.815511557963774
Kota Madiun,Putra,Taman,0.0,Tidak,Ya,Ya,Tidak,Tidak,Tidak,350000,2,12.765691290604371
Kota Madiun,Putri,Kecamatan Taman,0.0,Tidak,Tidak,Ya,Ya,Ya,Tidak,400000,3,12.899222326086994
Kota Madiun,Campur,Mangu Harjo,0.0,Tidak,Ya,Ya,Ya,Ya,Tidak,600000,4,13.304686600863562
Kota Madiun,Putra,Taman,0.0,Ya,Ya,Ya,Tidak,Ya,Ya,1000000,5,13.815511557963774
Kota Madiun,Putri,Kartoharjo,0.0,Tidak,Ya,Ya,Tidak,Tidak,Ya,350000,3,12.765691290604371
Kota Madiun,Campur,Taman,0.0,Ya,Ya,Ya,Ya,Ya,Ya,1200000,6,13.997832948091215
Kota Madiun,Putri,Kecamatan Kartoharjo,0.0,Tidak,Tidak,Ya,Ya,Ya,Ya,700000,4,13.45883704259595
Kota Madiun,Putra,Kecamatan Taman,0.0,Ya,Ya,Tidak,Ya,Ya,Ya,1200000,5,13.997832948091215
Kota Madiun,Putri,Taman,0.0,Tidak,Tidak,Ya,Tidak,Tidak,Ya,400000,2,12.899222326086994
Kota Madiun,Putra,Kartoharjo,0.0,Ya,Ya,Ya,Ya,Ya,Tidak,1200000,5,13.997832948091215
Kota Madiun,Putri,Kecamatan Kartoharjo,0.0,Tidak,Tidak,Ya,Tidak,Tidak,Ya,350000,2,12.765691290604371
Kota Madiun,Putri,Kecamatan Manguharjo,0.0,Ya,Ya,Ya,Ya,Ya,Ya,900000,6,13.710151153416941
Kota Madiun,Putri,Taman,0.0,Ya,Ya,Ya,Ya,Ya,Ya,1000000,6,13.815511557963774
Kota Madiun,Campur,Kartoharjo,0.0,Tidak,Ya,Ya,Tidak,Ya,Ya,600000,4,13.304686600863562
Kota Madiun,Putri,Kecamatan Kartoharjo,0.0,Tidak,Ya,Ya,Tidak,Ya,Ya,675000,4,13.42246945133505
Kota Madiun,Campur,Kecamatan Manguharjo,4.0,Tidak,Tidak,Ya,Tidak,Ya,Ya,600000,3,13.304686600863562
Kota Madiun,Campur,Kartoharjo,0.0,Tidak,Ya,Ya,Ya,Ya,Tidak,900000,4,13.710151153416941
Kota Madiun,Putri,Kecamatan Kartoharjo,0.0,Ya,Ya,Ya,Ya,Ya,Ya,1000000,6,13.815511557963774
Kota Madiun,Putra,Mangu Harjo,2.0,Tidak,Ya,Ya,Tidak,Ya,Ya,700000,4,13.45883704259595
Kota Madiun,Putri,Taman,0.0,Tidak,Tidak,Ya,Ya,Ya,Ya,750000,4,13.527829818844937
Kota Madiun,Putri,Kecamatan Taman,0.0,Tidak,Ya,Ya,Tidak,Tidak,Ya,500000,3,13.122365377402328
Kota Madiun,Campur,Mangu Harjo,0.0,Tidak,Ya,Ya,Ya,Ya,Tidak,600000,4,13.304686600863562
Kota Madiun,Putri,Taman,0.0,Tidak,Tidak,Ya,Ya,Ya,Ya,675000,4,13.42246945133505
Kota Madiun,Putri,Kecamatan Kartoharjo,0.0,Tidak,Tidak,Ya,Tidak,Tidak,Ya,350000,2,12.765691290604371
Kota Madiun,Putra,Kecamatan Kartoharjo,0.0,Tidak,Ya,Ya,Ya,Tidak,Ya,500000,4,13.122365377402328
Kota Madiun,Campur,Kecamatan Manguharjo,0.0,Tidak,Tidak,Ya,Tidak,Ya,Tidak,650000,2,13.384729180332174
Kota Madiun,Campur,Jiwan,0.0,Tidak,Ya,Ya,Ya,Tidak,Ya,500000,4,13.122365377402328
Kota Madiun,Putri,Kecamatan Taman,5.0,Tidak,Ya,Ya,Tidak,Ya,Ya,465000,4,13.049794835104816
Kota Madiun,Putra,Kecamatan Kartoharjo,0.0,Tidak,Ya,Tidak,Tidak,Tidak,Tidak,500000,1,13.122365377402328
Kota Madiun,Campur,Mangu Harjo,0.0,Ya,Ya,Ya,Ya,Ya,Ya,1500000,6,14.220976332738882
Kota Madiun,Campur,Mangu Harjo,5.0,Ya,Ya,Ya,Tidak,Ya,Ya,550000,5,13.217675375388819
Kota Madiun,Putri,Kecamatan Kartoharjo,0.0,Ya,Ya,Ya,Ya,Ya,Ya,1200000,6,13.997832948091215
Kota Madiun,Putri,Kecamatan Taman,0.0,Tidak,Tidak,Ya,Tidak,Ya,Ya,800000,3,13.592368256649284
Kota Madiun,Putri,Kecamatan Taman,0.0,Tidak,Ya,Ya,Tidak,Ya,Ya,800000,4,13.592368256649284
Kota Madiun,Putri,Kecamatan Manguharjo,0.0,Tidak,Ya,Ya,Ya,Ya,Ya,650000,5,13.384729180332174
Kota Madiun,Putri,Kecamatan Taman,0.0,Tidak,Tidak,Tidak,Tidak,Tidak,Tidak,500000,0,13.122365377402328
Kota Madiun,Putri,Kecamatan Manguharjo,0.0,Tidak,Tidak,Ya,Ya,Ya,Ya,750000,4,13.527829818844937
Kota Madiun,Putri,Kecamatan Kartoharjo,0.0,Ya,Ya,Ya,Tidak,Tidak,Ya,1000000,4,13.815511557963774
Kota Madiun,Campur,Kecamatan Manguharjo,0.0,Tidak,Ya,Ya,Tidak,Ya,Ya,600000,4,13.304686600863562
Kota Madiun,Putri,Kartoharjo,0.0,Tidak,Tidak,Ya,Ya,Ya,Ya,650000,4,13.384729180332174
Kota Madiun,Campur,Kecamatan Taman,0.0,Ya,Ya,Ya,Ya,Ya,Tidak,1200000,5,13.997832948091215
Kota Madiun,Putri,Kecamatan Taman,0.0,Tidak,Ya,Ya,Tidak,Ya,Tidak,400000,3,12.899222326086994
Kota Madiun,Campur,Taman,0.0,Ya,Tidak,Ya,Ya,Ya,Ya,1000000,5,13.815511557963774
Kota Madiun,Putri,Kecamatan Taman,0.0,Ya,Tidak,Ya,Ya,Tidak,Ya,950000,4,13.76421831620775
Kota Madiun,Putri,Kecamatan Taman,0.0,Tidak,Tidak,Ya,Tidak,Tidak,Ya,400000,2,12.899222326086994
Kota Madiun,Putri,Kartoharjo,0.0,Tidak,Ya,Ya,Tidak,Ya,Tidak,499999,3,13.122363377404328
Kota Madiun,Putri,Kartoharjo,0.0,Tidak,Ya,Ya,Tidak,Tidak,Ya,500000,3,13.122365377402328
Kota Madiun,Putra,Taman,0.0,Ya,Tidak,Ya,Tidak,Ya,Ya,1100000,4,13.910821646859095
Kota Madiun,Putra,Taman,5.0,Ya,Ya,Ya,Ya,Ya,Ya,1100000,6,13.910821646859095
Kota Madiun,Campur,Kartoharjo,0.0,Tidak,Ya,Ya,Ya,Tidak,Tidak,550000,3,13.217675375388819
Kota Madiun,Putri,Taman,0.0,Tidak,Ya,Ya,Tidak,Tidak,Ya,400000,3,12.899222326086994
Kota Madiun,Putri,Kecamatan Taman,0.0,Ya,Tidak,Ya,Ya,Ya,Tidak,1000000,4,13.815511557963774
Kota Madiun,Campur,Kecamatan Taman,0.0,Tidak,Tidak,Ya,Tidak,Ya,Tidak,550000,2,13.217675375388819
Kota Madiun,Putri,Taman,0.0,Tidak,Ya,Ya,Tidak,Tidak,Ya,400000,3,12.899222326086994
Kota Madiun,Putra,Kecamatan Manguharjo,0.0,Tidak,Tidak,Ya,Tidak,Tidak,Ya,475000,2,13.07107218827772
Kota Madiun,Putra,Kecamatan Taman,0.0,Ya,Ya,Ya,Ya,Ya,Ya,1000000,6,13.815511557963774
Kota Madiun,Putra,Kecamatan Manguharjo,0.0,Tidak,Tidak,Ya,Tidak,Tidak,Ya,475000,2,13.07107218827772
Kota Madiun,Putri,Taman,0.0,Tidak,Tidak,Ya,Ya,Tidak,Ya,550000,3,13.217675375388819
Kota Madiun,Putra,Kecamatan Taman,0.0,Ya,Tidak,Ya,Ya,Ya,Ya,1250000,5,14.038654909278163
Kota Madiun,Putri,Kartoharjo,0.0,Tidak,Ya,Ya,Ya,Tidak,Ya,550000,4,13.217675375388819
Kota Madiun,Putri,Taman,0.0,Tidak,Ya,Ya,Ya,Tidak,Ya,500000,4,13.122365377402328
Kota Madiun,Putri,Kartoharjo,0.0,Tidak,Ya,Ya,Tidak,Ya,Ya,580000,4,13.270785106659046
Kota Madiun,Putri,Kecamatan Taman,0.0,Tidak,Tidak,Ya,Tidak,Tidak,Ya,300000,2,12.611541086966115
Kota Madiun,Putri,Taman,0.0,Tidak,Ya,Ya,Tidak,Tidak,Ya,400000,3,12.899222326086994
Kota Madiun,Putri,Mangu Harjo,0.0,Tidak,Tidak,Ya,Tidak,Ya,Ya,400000,3,12.899222326086994
Kota Madiun,Putra,Kecamatan Taman,0.0,Tidak,Ya,Ya,Tidak,Tidak,Tidak,500000,2,13.122365377402328
Kota Madiun,Putri,Kartoharjo,4.8,Tidak,Tidak,Ya,Tidak,Tidak,Tidak,400000,1,12.899222326086994
Kota Madiun,Putra,Mangu Harjo,0.0,Tidak,Ya,Ya,Tidak,Ya,Ya,725000,4,13.493928313146206
Kota Madiun,Putra,Kecamatan Taman,0.0,Tidak,Ya,Ya,Ya,Tidak,Ya,900000,4,13.710151153416941
Kota Madiun,Putri,Kecamatan Kartoharjo,0.0,Ya,Ya,Ya,Ya,Ya,Ya,1000000,6,13.815511557963774
Kota Madiun,Putri,Kecamatan Manguharjo,0.0,Ya,Tidak,Ya,Ya,Ya,Ya,1000000,5,13.815511557963774
Kota Madiun,Putra,Taman,5.0,Tidak,Ya,Ya,Tidak,Ya,Ya,500000,4,13.122365377402328
Kota Madiun,Campur,Kartoharjo,0.0,Ya,Ya,Ya,Ya,Ya,Ya,1500000,6,14.220976332738882
Kota Madiun,Putri,Taman,0.0,Tidak,Tidak,Ya,Ya,Tidak,Tidak,500000,2,13.122365377402328
Kota Madiun,Putri,Taman,0.0,Tidak,Ya,Ya,Tidak,Tidak,Ya,500000,3,13.122365377402328
Kota Madiun,Putri,Kartoharjo,0.0,Tidak,Ya,Ya,Ya,Ya,Ya,600000,5,13.304686600863562
Kota Madiun,Putri,Taman,0.0,Tidak,Ya,Ya,Tidak,Tidak,Ya,450000,3,13.017005083966255
Kota Madiun,Putra,Kecamatan Taman,0.0,Tidak,Ya,Ya,Tidak,Tidak,Tidak,300000,2,12.611541086966115
Kota Madiun,Putri,Kecamatan Kartoharjo,0.0,Ya,Ya,Ya,Tidak,Ya,Ya,1300000,5,14.077875591662238
Kota Madiun,Putri,Kecamatan Taman,0.0,Ya,Ya,Ya,Tidak,Ya,Ya,1300000,5,14.077875591662238
Kota Madiun,Putri,Kartoharjo,5.0,Tidak,Ya,Ya,Ya,Tidak,Ya,500000,4,13.122365377402328
Kota Madiun,Putri,Kecamatan Manguharjo,0.0,Tidak,Ya,Ya,Ya,Tidak,Tidak,450000,3,13.017005083966255
Kota Madiun,Putri,Kecamatan Taman,0.0,Tidak,Tidak,Ya,Tidak,Ya,Ya,650000,3,13.384729180332174
Kota Madiun,Putri,Kartoharjo,0.0,Tidak,Ya,Ya,Tidak,Ya,Ya,700000,4,13.45883704259595
Kota Madiun,Putri,Kecamatan Manguharjo,0.0,Ya,Tidak,Ya,Ya,Ya,Ya,1100000,5,13.910821646859095
Kota Madiun,Putra,Kartoharjo,4.9,Tidak,Tidak,Ya,Tidak,Tidak,Ya,600000,2,13.304686600863562
Kota Madiun,Putri,Kecamatan Kartoharjo,0.0,Ya,Tidak,Ya,Ya,Ya,Ya,1350000,5,14.115615891155079
Kota Madiun,Campur,Wungu,0.0,Ya,Ya,Ya,Tidak,Ya,Tidak,800000,4,13.592368256649284
Kota Madiun,Campur,Kecamatan Taman,0.0,Ya,Ya,Ya,Ya,Ya,Tidak,1500000,5,14.220976332738882
Kota Madiun,Putri,Kartoharjo,0.0,Tidak,Tidak,Ya,Tidak,Ya,Ya,500000,3,13.122365377402328
Kota Madiun,Campur,Kecamatan Taman,0.0,Tidak,Ya,Ya,Tidak,Ya,Ya,450000,4,13.017005083966255
Kota Madiun,Campur,Kecamatan Jiwan,0.0,Tidak,Tidak,Ya,Tidak,Tidak,Ya,350000,2,12.765691290604371
Kota Madiun,Campur,Kecamatan Kartoharjo,0.0,Ya,Ya,Ya,Ya,Ya,Ya,1200000,6,13.997832948091215
Kota Madiun,Putri,Kecamatan Kartoharjo,0.0,Tidak,Ya,Ya,Tidak,Tidak,Tidak,350000,2,12.765691290604371
Kota Madiun,Campur,Wungu,0.0,Tidak,Ya,Tidak,Tidak,Ya,Ya,800000,3,13.592368256649284
Kota Madiun,Putri,Kartoharjo,0.0,Tidak,Tidak,Ya,Tidak,Tidak,Ya,400000,2,12.899222326086994
Kota Madiun,Putri,Taman,0.0,Tidak,Tidak,Ya,Ya,Tidak,Tidak,700000,2,13.45883704259595
Kota Madiun,Putri,Taman,0.0,Tidak,Ya,Ya,Ya,Tidak,Tidak,350000,3,12.765691290604371
Kota Madiun,Putra,Kecamatan Manguharjo,0.0,Ya,Ya,Ya,Ya,Ya,Ya,1000000,6,13.815511557963774
Kota Madiun,Putri,Taman,0.0,Ya,Ya,Ya,Ya,Ya,Ya,1000000,6,13.815511557963774
Kota Madiun,Putri,Kecamatan Manguharjo,0.0,Ya,Tidak,Ya,Ya,Ya,Ya,1500000,5,14.220976332738882
Kota Madiun,Putra,Kartoharjo,0.0,Tidak,Tidak,Ya,Tidak,Tidak,Tidak,600000,1,13.304686600863562
Kota Madiun,Putri,Kecamatan Manguharjo,0.0,Tidak,Tidak,Ya,Ya,Tidak,Ya,600000,3,13.304686600863562
Kota Madiun,Putra,Kecamatan Taman,0.0,Tidak,Ya,Ya,Tidak,Tidak,Tidak,500000,2,13.122365377402328
Kota Madiun,Putra,Kecamatan Manguharjo,0.0,Tidak,Tidak,Ya,Ya,Tidak,Ya,500000,3,13.122365377402328
Kota Madiun,Putra,Kecamatan Taman,0.0,Tidak,Ya,Ya,Tidak,Ya,Ya,700000,4,13.45883704259595
Kota Madiun,Putri,Kecamatan Taman,0.0,Tidak,Ya,Ya,Tidak,Ya,Ya,550000,4,13.217675375388819
Kota Madiun,Putra,Kecamatan Taman,0.0,Tidak,Ya,Ya,Ya,Tidak,Ya,650000,4,13.384729180332174
Kota Madiun,Putri,Kecamatan Kartoharjo,0.0,Tidak,Tidak,Ya,Ya,Ya,Ya,800000,4,13.592368256649284
Kota Madiun,Putri,Kartoharjo,0.0,Tidak,Ya,Ya,Tidak,Ya,Ya,800000,4,13.592368256649284
Kota Madiun,Putri,Kecamatan Kartoharjo,0.0,Tidak,Ya,Ya,Tidak,Tidak,Tidak,350000,2,12.765691290604371
Kota Madiun,Campur,Kecamatan Jiwan,0.0,Tidak,Ya,Ya,Tidak,Tidak,Tidak,500000,2,13.122365377402328
Kota Madiun,Putri,Kecamatan Taman,0.0,Tidak,Tidak,Ya,Tidak,Tidak,Ya,450000,2,13.017005083966255
Kota Madiun,Putri,Mangu Harjo,0.0,Ya,Tidak,Ya,Ya,Ya,Ya,1000000,5,13.815511557963774
Kota Madiun,Putra,Kecamatan Manguharjo,0.0,Tidak,Tidak,Ya,Tidak,Tidak,Ya,400000,2,12.899222326086994
Kota Madiun,Putra,Manguharjo,0.0,Tidak,Ya,Ya,Tidak,Ya,Tidak,650000,3,13.384729180332174
Kota Madiun,Campur,Kecamatan Manguharjo,0.0,Tidak,Ya,Tidak,Tidak,Ya,Tidak,500000,2,13.122365377402328
Kota Madiun,Putri,Kecamatan Jiwan,0.0,Tidak,Ya,Ya,Tidak,Ya,Ya,600000,4,13.304686600863562
Kota Madiun,Campur,Kecamatan Jiwan,0.0,Tidak,Ya,Ya,Ya,Tidak,Ya,500000,4,13.122365377402328
Kota Madiun,Putri,Kecamatan Manguharjo,0.0,Tidak,Tidak,Ya,Tidak,Ya,Ya,625000,3,13.345508528717259
Kota Madiun,Putri,Kecamatan Taman,0.0,Ya,Ya,Ya,Tidak,Tidak,Ya,1000000,4,13.815511557963774
Kota Madiun,Putri,Taman,5.0,Ya,Ya,Ya,Tidak,Ya,Ya,1000000,5,13.815511557963774
Kota Madiun,Putri,Kecamatan Geger,0.0,Tidak,Ya,Ya,Tidak,Ya,Tidak,550000,3,13.217675375388819
Kota Madiun,Putri,Taman,0.0,Tidak,Tidak,Ya,Ya,Tidak,Tidak,450000,2,13.017005083966255
Kota Madiun,Putri,Taman,5.0,Tidak,Tidak,Ya,Ya,Tidak,Tidak,500000,2,13.122365377402328
Kota Madiun,Putra,Kecamatan Taman,0.0,Tidak,Ya,Ya,Ya,Ya,Ya,400000,5,12.899222326086994
Kota Madiun,Putri,Kartoharjo,0.0,Tidak,Tidak,Ya,Ya,Ya,Ya,600000,4,13.304686600863562
Kota Madiun,Putri,Kartoharjo,0.0,Tidak,Ya,Ya,Ya,Ya,Ya,500000,5,13.122365377402328
Kota Madiun,Putri,Taman,0.0,Tidak,Tidak,Ya,Tidak,Ya,Ya,600000,3,13.304686600863562
Kota Madiun,Putri,Kartoharjo,0.0,Tidak,Tidak,Ya,Tidak,Tidak,Ya,250000,2,12.429220196836383
Kota Madiun,Putri,Taman,0.0,Tidak,Tidak,Ya,Ya,Tidak,Tidak,500000,2,13.122365377402328
Kota Madiun,Putri,Kecamatan Kartoharjo,0.0,Tidak,Tidak,Ya,Tidak,Tidak,Ya,400000,2,12.899222326086994
Kota Madiun,Putri,Taman,5.0,Tidak,Tidak,Ya,Ya,Ya,Ya,550000,4,13.217675375388819
Kota Madiun,Putri,Taman,0.0,Ya,Tidak,Ya,Ya,Ya,Ya,950000,5,13.76421831620775
Kota Madiun,Putri,Kartoharjo,0.0,Ya,Ya,Ya,Tidak,Ya,Ya,800000,5,13.592368256649284
Kota Madiun,Putri,Kecamatan Kartoharjo,0.0,Tidak,Ya,Ya,Ya,Ya,Ya,760000,5,13.541075028051122
Kota Madiun,Putri,Kecamatan Kartoharjo,0.0,Tidak,Ya,Ya,Tidak,Tidak,Ya,450000,3,13.017005083966255
Kota Madiun,Putri,Kartoharjo,0.0,Tidak,Ya,Ya,Ya,Tidak,Tidak,400000,3,12.899222326086994
Kota Madiun,Campur,Kecamatan Taman,0.0,Ya,Ya,Ya,Tidak,Ya,Ya,850000,5,13.652992804936396
Kota Madiun,Campur,Kartoharjo,0.0,Ya,Ya,Ya,Ya,Ya,Tidak,1100000,5,13.910821646859095
Kota Madiun,Campur,Mangu Harjo,0.0,Tidak,Tidak,Ya,Tidak,Tidak,Ya,350000,2,12.765691290604371
Kota Malang,Putri,Lowokwaru,0.0,Tidak,Ya,Ya,Tidak,Tidak,Ya,765000,3,13.547632419997361
Kota Malang,Putra,Blimbing,0.0,Tidak,Ya,Ya,Tidak,Tidak,Ya,855000,3,13.658857917508856
Kota Malang,Putra,Blimbing,0.0,Tidak,Ya,Ya,Tidak,Tidak,Ya,720000,3,13.487007879880162
Kota Malang,Putri,Lowokwaru,0.0,Ya,Ya,Ya,Ya,Ya,Ya,1850000,6,14.430696737594902
Kota Malang,Putri,Lowokwaru,0.0,Ya,Ya,Ya,Ya,Ya,Ya,1700000,6,14.346139397261565
Kota Malang,Putra,Kecamatan Lowokwaru,4.8,Ya,Ya,Ya,Ya,Ya,Ya,1625000,6,14.301018989130402
Kota Malang,Putri,Lowokwaru,0.0,Tidak,Tidak,Ya,Ya,Ya,Ya,925000,4,13.73755009757506
Kota Malang,Putri,Lowokwaru,0.0,Ya,Tidak,Ya,Ya,Ya,Ya,1195000,5,13.993657580167481
Kota Malang,Putra,Lowokwaru,5.0,Ya,Ya,Ya,Ya,Ya,Ya,1465000,6,14.19736648302693
Kota Malang,Putri,Lowokwaru,0.0,Ya,Tidak,Ya,Ya,Ya,Ya,1105000,5,13.915356797910956
Kota Malang,Putra,Kecamatan Lowokwaru,4.6,Tidak,Ya,Ya,Ya,Ya,Ya,1275000,5,14.058457520888082
Kota Malang,Putri,Sukun,0.0,Ya,Ya,Ya,Ya,Ya,Ya,1481000,6,14.208228768469155
Kota Malang,Putri,Lowokwaru,0.0,Tidak,Tidak,Ya,Tidak,Tidak,Ya,700000,2,13.45883704259595
Kota Malang,Putri,Lowokwaru,0.0,Tidak,Tidak,Ya,Tidak,Tidak,Ya,610000,2,13.321215875492413
Kota Malang,Putra,Lowokwaru,4.9,Tidak,Ya,Ya,Ya,Ya,Ya,745000,5,13.521140839642674
Kota Malang,Putri,Sukun,0.0,Ya,Ya,Ya,Ya,Ya,Ya,1572000,6,14.267859888103402
Kota Malang,Putri,Lowokwaru,0.0,Tidak,Tidak,Ya,Tidak,Tidak,Ya,835000,2,13.635188201437066
Kota Malang,Putri,Sukun,0.0,Ya,Ya,Ya,Ya,Ya,Ya,1663000,6,14.324134359497794
Kota Malang,Campur,Lowokwaru,0.0,Ya,Ya,Ya,Ya,Ya,Ya,1645000,6,14.31325155008416
Kota Malang,Putra,Lowokwaru,0.0,Ya,Ya,Ya,Ya,Ya,Ya,1375000,6,14.13396501635527
Kota Malang,Putra,Lowokwaru,0.0,Tidak,Ya,Ya,Ya,Ya,Ya,1104000,5,13.914451411615868
Kota Malang,Putra,Lowokwaru,0.0,Tidak,Ya,Ya,Ya,Ya,Ya,925000,5,13.73755009757506
Kota Malang,Putri,Lowokwaru,0.0,Tidak,Tidak,Ya,Tidak,Tidak,Ya,652500,2,13.38856795074486
Kota Malang,Putri,Lowokwaru,0.0,Tidak,Tidak,Ya,Ya,Tidak,Ya,925000,3,13.73755009757506
Kota Malang,Putra,Lowokwaru,0.0,Ya,Ya,Ya,Ya,Ya,Ya,1350000,6,14.115615891155079
Kota Malang,Putri,Lowokwaru,4.9,Ya,Tidak,Ya,Ya,Ya,Ya,1530000,5,14.240778946963175
Kota Malang,Putri,Klojen,0.0,Tidak,Ya,Ya,Ya,Tidak,Ya,650000,4,13.384729180332174
Kota Malang,Putra,Lowokwaru,0.0,Tidak,Ya,Ya,Ya,Tidak,Ya,1200000,4,13.997832948091215
Kota Malang,Putra,Lowokwaru,0.0,Tidak,Ya,Ya,Ya,Tidak,Ya,1080000,4,13.8924725250259
Kota Malang,Putri,Klojen,0.0,Tidak,Ya,Ya,Ya,Ya,Ya,1000000,5,13.815511557963774
Kota Malang,Putra,Lowokwaru,4.0,Tidak,Tidak,Ya,Tidak,Tidak,Ya,720000,2,13.487007879880162
Kota Malang,Campur,Lowokwaru,5.0,Tidak,Ya,Ya,Ya,Tidak,Ya,475000,4,13.07107218827772
Kota Malang,Campur,Lowokwaru,0.0,Ya,Ya,Ya,Ya,Ya,Ya,1825000,6,14.417091092943783
Kota Malang,Putri,Lowokwaru,0.0,Ya,Ya,Ya,Ya,Ya,Ya,1530000,6,14.240778946963175
Kota Malang,Putri,Lowokwaru,0.0,Tidak,Ya,Ya,Ya,Tidak,Ya,900000,4,13.710151153416941
Kota Malang,Putri,Klojen,5.0,Ya,Ya,Ya,Ya,Ya,Ya,1300000,6,14.077875591662238
Kota Malang,Putri,Lowokwaru,5.0,Tidak,Ya,Ya,Tidak,Ya,Ya,773500,4,13.558682241819245
Kota Malang,Putra,Klojen,5.0,Tidak,Tidak,Ya,Tidak,Ya,Ya,1200000,3,13.997832948091215
Kota Malang,Putri,Lowokwaru,0.0,Tidak,Ya,Ya,Ya,Tidak,Ya,1100000,4,13.910821646859095
Kota Malang,Putri,Blimbing,0.0,Tidak,Ya,Ya,Tidak,Ya,Ya,765000,4,13.547632419997361
Kota Malang,Putri,Lowokwaru,0.0,Ya,Ya,Ya,Ya,Ya,Ya,1500000,6,14.220976332738882
Kota Malang,Putri,Lowokwaru,0.0,Ya,Tidak,Ya,Ya,Ya,Ya,1545000,5,14.250535115562965
Kota Malang,Putra,Klojen,4.9,Tidak,Tidak,Ya,Tidak,Ya,Ya,900000,3,13.710151153416941
Kota Malang,Putra,Klojen,4.0,Tidak,Tidak,Ya,Tidak,Ya,Ya,1100000,3,13.910821646859095
Kota Malang,Putra,Lowokwaru,4.8,Tidak,Ya,Ya,Tidak,Tidak,Ya,525500,3,13.172107372246904
Kota Malang,Putri,Blimbing,0.0,Tidak,Ya,Ya,Tidak,Tidak,Ya,405000,3,12.91164481522143
Kota Malang,Campur,Blimbing,4.0,Tidak,Ya,Ya,Ya,Ya,Ya,1170000,5,13.972515161474428
Kota Malang,Putri,Kecamatan Sukun,4.8,Ya,Ya,Ya,Ya,Ya,Ya,1487800,6,14.212809748872504
Kota Malang,Putri,Lowokwaru,4.6,Tidak,Tidak,Ya,Tidak,Tidak,Ya,484380,2,13.090627066109803
Kota Malang,Putra,Lowokwaru,0.0,Ya,Tidak,Ya,Ya,Ya,Ya,1253500,5,14.041450994346421
Kota Malang,Putra,Lowokwaru,4.6,Ya,Ya,Ya,Ya,Ya,Ya,1450000,6,14.187074804051692
Kota Malang,Putri,Lowokwaru,4.8,Ya,Tidak,Ya,Ya,Ya,Ya,1402500,5,14.153767629391211
Kota Malang,Putri,Lowokwaru,0.0,Tidak,Ya,Ya,Tidak,Tidak,Ya,639250,3,13.368052457485412
Kota Malang,Campur,Lowokwaru,0.0,Tidak,Ya,Ya,Tidak,Tidak,Ya,571000,3,13.255146239950099
Kota Malang,Putri,Lowokwaru,4.9,Ya,Tidak,Ya,Ya,Tidak,Ya,1187500,4,13.987361656995843
Kota Malang,Putri,Lowokwaru,0.0,Ya,Ya,Ya,Ya,Ya,Ya,1453500,6,14.189485686975328
Kota Malang,Campur,Lowokwaru,0.0,Tidak,Ya,Ya,Tidak,Tidak,Ya,707500,3,13.469494321926092
Kota Malang,Putri,Lowokwaru,0.0,Tidak,Ya,Ya,Tidak,Tidak,Ya,821250,3,13.618584066436227
Kota Malang,Putri,Lowokwaru,0.0,Tidak,Ya,Ya,Ya,Ya,Ya,1104000,5,13.914451411615868
Kota Malang,Putri,Lowokwaru,0.0,Tidak,Ya,Ya,Tidak,Tidak,Ya,455000,3,13.02805489573287
Kota Malang,Putri,Lowokwaru,5.0,Tidak,Tidak,Ya,Tidak,Tidak,Ya,510300,2,13.142756026681733
Kota Malang,Putri,Lowokwaru,5.0,Tidak,Tidak,Ya,Ya,Tidak,Ya,760000,3,13.541075028051122
Kota Malang,Putra,Lowokwaru,4.8,Tidak,Ya,Ya,Tidak,Tidak,Ya,570000,3,13.25339339419516
Kota Malang,Putri,Lowokwaru,0.0,Ya,Ya,Ya,Ya,Ya,Ya,1365000,6,14.126665719201661
Kota Malang,Putri,Lowokwaru,4.9,Tidak,Tidak,Ya,Ya,Tidak,Ya,900000,3,13.710151153416941
Kota Malang,Putra,Lowokwaru,4.9,Tidak,Tidak,Ya,Tidak,Tidak,Ya,450000,2,13.017005083966255
Kota Malang,Putri,Sukun,5.0,Tidak,Ya,Ya,Tidak,Tidak,Ya,800000,3,13.592368256649284
Kota Malang,Putri,Lowokwaru,4.4,Tidak,Tidak,Ya,Ya,Tidak,Ya,900000,3,13.710151153416941
Kota Malang,Putri,Lowokwaru,0.0,Ya,Ya,Ya,Ya,Ya,Ya,1380000,6,14.137594781770806
Kota Malang,Putra,Lowokwaru,4.6,Tidak,Tidak,Ya,Tidak,Ya,Ya,700000,3,13.45883704259595
Kota Malang,Putri,Blimbing,0.0,Ya,Ya,Ya,Ya,Tidak,Ya,1425000,5,14.169683073439028
Kota Malang,Putri,Lowokwaru,4.5,Tidak,Ya,Ya,Ya,Ya,Ya,828000,5,13.626769641096136
Kota Malang,Putri,Lowokwaru,4.0,Tidak,Ya,Ya,Ya,Ya,Ya,1104000,5,13.914451411615868
Kota Malang,Putri,Lowokwaru,4.8,Tidak,Ya,Ya,Ya,Ya,Ya,1125000,5,13.933294482509151
Kota Malang,Putri,Lowokwaru,5.0,Tidak,Ya,Ya,Tidak,Tidak,Ya,550550,3,13.21867487390554
Kota Malang,Putri,Sukun,0.0,Ya,Ya,Ya,Ya,Ya,Ya,1200000,6,13.997832948091215
Kota Malang,Putri,Lowokwaru,0.0,Ya,Ya,Ya,Ya,Ya,Ya,1700000,6,14.346139397261565
Kota Malang,Putra,Lowokwaru,0.0,Tidak,Ya,Ya,Tidak,Ya,Ya,950000,4,13.76421831620775
Kota Malang,Putri,Lowokwaru,0.0,Ya,Ya,Ya,Ya,Ya,Ya,1450000,6,14.187074804051692
Kota Malang,Putri,Lowokwaru,4.3,Tidak,Tidak,Ya,Ya,Tidak,Ya,665000,3,13.407543823396258
Kota Malang,Putri,Lowokwaru,5.0,Tidak,Ya,Ya,Ya,Ya,Ya,1000000,5,13.815511557963774
Kota Malang,Putra,Lowokwaru,0.0,Ya,Ya,Ya,Ya,Ya,Ya,1600000,6,14.285514812209815
Kota Malang,Putri,Sukun,5.0,Tidak,Ya,Ya,Ya,Ya,Ya,1358000,5,14.121524323477532
Kota Malang,Putra,Kecamatan Lowokwaru,0.0,Tidak,Ya,Ya,Tidak,Ya,Ya,1050000,4,13.864301674514206
Kota Malang,Putri,Lowokwaru,0.0,Tidak,Tidak,Ya,Ya,Ya,Ya,850000,4,13.652992804936396
Kota Malang,Putri,Blimbing,5.0,Tidak,Ya,Ya,Ya,Tidak,Ya,650000,4,13.384729180332174
Kota Malang,Putri,Sukun,5.0,Ya,Ya,Ya,Ya,Tidak,Ya,850000,5,13.652992804936396
Kota Malang,Putra,Lowokwaru,0.0,Tidak,Ya,Ya,Tidak,Tidak,Ya,650000,3,13.384729180332174
Kota Malang,Putra,Lowokwaru,0.0,Tidak,Ya,Ya,Tidak,Tidak,Ya,760000,3,13.541075028051122
Kota Malang,Putra,Lowokwaru,0.0,Tidak,Ya,Ya,Ya,Ya,Ya,1000000,5,13.815511557963774
Kota Malang,Putra,Lowokwaru,5.0,Tidak,Ya,Ya,Ya,Ya,Ya,1500000,5,14.220976332738882
Kota Malang,Putra,Lowokwaru,0.0,Tidak,Ya,Ya,Ya,Ya,Ya,650000,5,13.384729180332174
Kota Malang,Putri,Sukun,0.0,Tidak,Ya,Ya,Ya,Ya,Ya,1100000,5,13.910821646859095
Kota Malang,Putri,Blimbing,5.0,Ya,Ya,Ya,Ya,Tidak,Ya,950000,5,13.76421831620775
Kota Malang,Putri,Lowokwaru,5.0,Ya,Tidak,Ya,Ya,Ya,Ya,1500000,5,14.220976332738882
Kota Malang,Putra,Lowokwaru,3.9,Tidak,Ya,Ya,Tidak,Tidak,Ya,600000,3,13.304686600863562
Kota Malang,Putri,Lowokwaru,5.0,Tidak,Ya,Ya,Ya,Tidak,Ya,825000,4,13.623139877437296
Kota Malang,Putri,Sukun,5.0,Ya,Ya,Ya,Ya,Tidak,Ya,850000,5,13.652992804936396
Kota Malang,Putri,Kecamatan Lowokwaru,0.0,Tidak,Ya,Ya,Ya,Ya,Ya,950000,5,13.76421831620775
Kota Malang,Putra,Lowokwaru,4.9,Tidak,Tidak,Ya,Tidak,Ya,Ya,650000,3,13.384729180332174
Kota Malang,Putri,Sukun,0.0,Tidak,Ya,Ya,Tidak,Tidak,Ya,750000,3,13.527829818844937
Kota Malang,Putra,Lowokwaru,4.9,Ya,Ya,Ya,Ya,Ya,Ya,1675000,6,14.331324320256051
Kota Malang,Putra,Sukun,0.0,Tidak,Ya,Ya,Ya,Tidak,Ya,550000,4,13.217675375388819
Kota Malang,Putri,Kecamatan Lowokwaru,3.8,Tidak,Ya,Ya,Tidak,Tidak,Ya,667000,3,13.410546824147012
Kota Malang,Putri,Lowokwaru,5.0,Tidak,Ya,Ya,Ya,Ya,Ya,950000,5,13.76421831620775
Kota Malang,Putri,Blimbing,0.0,Ya,Ya,Ya,Ya,Ya,Ya,1200000,6,13.997832948091215
Kota Malang,Putra,Lowokwaru,5.0,Ya,Ya,Ya,Ya,Ya,Ya,1750000,6,14.375126917328105
Kota Malang,Putra,Lowokwaru,0.0,Ya,Ya,Ya,Ya,Ya,Ya,1750000,6,14.375126917328105
Kota Malang,Putri,Lowokwaru,4.6,Tidak,Tidak,Ya,Ya,Tidak,Ya,807500,3,13.601699572468275
Kota Malang,Putra,Kecamatan Lowokwaru,0.0,Ya,Ya,Ya,Ya,Ya,Ya,1850000,6,14.430696737594902
Kota Malang,Putri,Lowokwaru,5.0,Ya,Ya,Ya,Ya,Ya,Ya,1275000,6,14.058457520888082
Kota Malang,Putri,Kecamatan Lowokwaru,0.0,Ya,Ya,Ya,Ya,Ya,Ya,1800000,6,14.403297778421795
Kota Malang,Putri,Kecamatan Klojen,0.0,Tidak,Ya,Ya,Ya,Ya,Ya,900000,5,13.710151153416941
Kota Malang,Putri,Lowokwaru,0.0,Tidak,Ya,Ya,Ya,Ya,Ya,1100000,5,13.910821646859095
Kota Malang,Putri,Lowokwaru,4.8,Tidak,Ya,Ya,Ya,Ya,Ya,1225000,5,14.018452218287162
Kota Malang,Putri,Sukun,0.0,Ya,Ya,Ya,Ya,Ya,Ya,1200000,6,13.997832948091215
Kota Malang,Putri,Lowokwaru,0.0,Ya,Ya,Ya,Ya,Ya,Ya,1400000,6,14.151983508870947
Kota Malang,Putri,Lowokwaru,4.9,Tidak,Ya,Ya,Ya,Ya,Ya,1025000,5,13.840204146163925
Kota Malang,Putri,Kecamatan Lowokwaru,4.3,Tidak,Tidak,Ya,Ya,Tidak,Ya,1050000,3,13.864301674514206
Kota Malang,Putra,Kecamatan Lowokwaru,4.9,Tidak,Tidak,Ya,Tidak,Tidak,Ya,850000,2,13.652992804936396
Kota Malang,Putri,Dau,0.0,Ya,Tidak,Ya,Ya,Ya,Ya,1200000,5,13.997832948091215
Kota Malang,Putri,Lowokwaru,0.0,Ya,Ya,Ya,Ya,Ya,Ya,1500000,6,14.220976332738882
Kota Malang,Putri,Lowokwaru,5.0,Ya,Ya,Ya,Ya,Ya,Ya,1500000,6,14.220976332738882
Kota Malang,Putra,Lowokwaru,3.9,Ya,Ya,Ya,Ya,Ya,Tidak,1250000,5,14.038654909278163
Kota Malang,Putra,Lowokwaru,0.0,Tidak,Ya,Ya,Tidak,Tidak,Ya,700000,3,13.45883704259595
Kota Malang,Putra,Lowokwaru,5.0,Ya,Ya,Ya,Ya,Ya,Ya,1500000,6,14.220976332738882
Kota Malang,Putri,Lowokwaru,0.0,Tidak,Ya,Ya,Ya,Ya,Ya,900000,5,13.710151153416941
Kota Malang,Putri,Blimbing,0.0,Tidak,Tidak,Ya,Tidak,Tidak,Ya,500000,2,13.122365377402328
Kota Malang,Putri,Lowokwaru,0.0,Tidak,Ya,Ya,Ya,Ya,Ya,1100000,5,13.910821646859095
Kota Malang,Putra,Lowokwaru,0.0,Tidak,Tidak,Ya,Ya,Tidak,Ya,650000,3,13.384729180332174
Kota Malang,Putri,Sukun,0.0,Tidak,Tidak,Ya,Ya,Tidak,Ya,750000,3,13.527829818844937
Kota Malang,Putra,Lowokwaru,5.0,Ya,Ya,Ya,Ya,Ya,Ya,1800000,6,14.403297778421795
Kota Malang,Putri,Kecamatan Lowokwaru,0.0,Tidak,Tidak,Ya,Ya,Ya,Ya,750000,4,13.527829818844937
Kota Malang,Putri,Lowokwaru,0.0,Ya,Ya,Ya,Ya,Ya,Ya,1400000,6,14.151983508870947
Kota Malang,Putri,Lowokwaru,0.0,Ya,Ya,Ya,Ya,Ya,Ya,1500000,6,14.220976332738882
Kota Malang,Putri,Kecamatan Lowokwaru,0.0,Ya,Tidak,Ya,Ya,Ya,Ya,1400000,5,14.151983508870947
Kota Malang,Putra,Sukun,0.0,Tidak,Ya,Ya,Ya,Tidak,Ya,600000,4,13.304686600863562
Kota Malang,Putra,Kecamatan Lowokwaru,0.0,Tidak,Ya,Ya,Ya,Ya,Ya,1320000,5,14.093143052138025
Kota Malang,Putri,Kecamatan Lowokwaru,0.0,Tidak,Tidak,Ya,Ya,Tidak,Ya,750000,3,13.527829818844937
Kota Malang,Putra,Lowokwaru,0.0,Ya,Tidak,Ya,Ya,Ya,Ya,1500000,5,14.220976332738882
Kota Malang,Putri,Kecamatan Lowokwaru,0.0,Ya,Ya,Ya,Ya,Ya,Ya,1500000,6,14.220976332738882
Kota Malang,Putra,Lowokwaru,0.0,Tidak,Tidak,Ya,Tidak,Ya,Ya,950000,3,13.76421831620775
Kota Malang,Putra,Lowokwaru,0.0,Ya,Tidak,Ya,Ya,Ya,Ya,1100000,5,13.910821646859095
Kota Malang,Putri,Lowokwaru,0.0,Tidak,Ya,Ya,Tidak,Tidak,Ya,666667,3,13.41004744985411
Kota Malang,Putri,Lowokwaru,0.0,Tidak,Ya,Ya,Ya,Ya,Ya,1050000,5,13.864301674514206
Kota Malang,Putra,Lowokwaru,0.0,Tidak,Ya,Ya,Tidak,Tidak,Ya,950000,3,13.76421831620775
Kota Malang,Putri,Kecamatan Lowokwaru,0.0,Tidak,Tidak,Ya,Ya,Ya,Ya,1350000,4,14.115615891155079
Kota Malang,Putra,Sukun,0.0,Tidak,Ya,Ya,Tidak,Tidak,Ya,600000,3,13.304686600863562
Kota Malang,Putri,Kecamatan Lowokwaru,0.0,Tidak,Ya,Ya,Ya,Tidak,Ya,600000,4,13.304686600863562
Kota Malang,Putra,Lowokwaru,5.0,Tidak,Ya,Ya,Ya,Tidak,Ya,600000,4,13.304686600863562
Kota Malang,Putri,Lowokwaru,0.0,Ya,Tidak,Ya,Ya,Ya,Ya,1100000,5,13.910821646859095
Kota Malang,Putri,Sukun,0.0,Ya,Ya,Ya,Ya,Ya,Ya,1500000,6,14.220976332738882
Kota Malang,Putra,Sukun,5.0,Tidak,Ya,Ya,Ya,Tidak,Ya,700000,4,13.45883704259595
Kota Malang,Putra,Lowokwaru,0.0,Tidak,Tidak,Ya,Ya,Tidak,Ya,800000,3,13.592368256649284
Kota Malang,Putri,Lowokwaru,0.0,Tidak,Ya,Ya,Ya,Ya,Ya,1000000,5,13.815511557963774
Kota Malang,Putri,Kecamatan Lowokwaru,0.0,Tidak,Tidak,Ya,Ya,Ya,Ya,1000000,4,13.815511557963774
Kota Malang,Putra,Kecamatan Lowokwaru,0.0,Ya,Tidak,Ya,Ya,Tidak,Ya,1750000,4,14.375126917328105
Kota Malang,Putri,Blimbing,4.4,Tidak,Ya,Ya,Tidak,Ya,Ya,375000,4,12.834683971615659
Kota Malang,Putra,Kecamatan Lowokwaru,0.0,Tidak,Ya,Ya,Ya,Ya,Ya,1000000,5,13.815511557963774
Kota Malang,Putri,Lowokwaru,0.0,Tidak,Ya,Ya,Ya,Ya,Ya,1012000,5,13.827440116971353
Kota Malang,Putri,Kecamatan Blimbing,0.0,Tidak,Ya,Ya,Tidak,Tidak,Ya,325000,3,12.691583538230217
Kota Malang,Putri,Lowokwaru,0.0,Tidak,Ya,Ya,Ya,Ya,Ya,1100000,5,13.910821646859095
Kota Malang,Putra,Kecamatan Lowokwaru,0.0,Ya,Ya,Ya,Ya,Ya,Ya,1200000,6,13.997832948091215
Kota Malang,Putra,Kecamatan Lowokwaru,0.0,Tidak,Ya,Ya,Ya,Tidak,Ya,650000,4,13.384729180332174
Kota Malang,Putri,Sukun,0.0,Tidak,Ya,Ya,Tidak,Tidak,Ya,550000,3,13.217675375388819
Kota Malang,Putri,Lowokwaru,0.0,Tidak,Tidak,Ya,Ya,Tidak,Ya,900000,3,13.710151153416941
Kota Malang,Putri,Lowokwaru,0.0,Ya,Ya,Ya,Ya,Ya,Ya,1500000,6,14.220976332738882
Kota Malang,Putri,Kecamatan Lowokwaru,0.0,Tidak,Ya,Ya,Ya,Tidak,Ya,775000,4,13.560619598657233
Kota Malang,Putri,Lowokwaru,0.0,Ya,Tidak,Ya,Ya,Ya,Ya,1000000,5,13.815511557963774
Kota Malang,Putri,Lowokwaru,0.0,Tidak,Tidak,Ya,Ya,Ya,Ya,1300000,4,14.077875591662238
Kota Malang,Putra,Kecamatan Lowokwaru,0.0,Tidak,Ya,Ya,Ya,Tidak,Ya,600000,4,13.304686600863562
Kota Malang,Putra,Lowokwaru,0.0,Tidak,Ya,Ya,Ya,Ya,Ya,950000,5,13.76421831620775
Kota Malang,Putri,Sukun,0.0,Tidak,Ya,Ya,Ya,Tidak,Ya,650000,4,13.384729180332174
Kota Malang,Putri,Lowokwaru,0.0,Tidak,Ya,Ya,Ya,Ya,Ya,1200000,5,13.997832948091215
Kota Malang,Putri,Lowokwaru,0.0,Tidak,Tidak,Ya,Ya,Tidak,Ya,1300000,3,14.077875591662238
Kota Malang,Putra,Blimbing,0.0,Ya,Ya,Ya,Ya,Ya,Ya,1600000,6,14.285514812209815
Kota Malang,Putri,Lowokwaru,0.0,Tidak,Tidak,Ya,Tidak,Tidak,Ya,550000,2,13.217675375388819
Kota Malang,Putri,Lowokwaru,0.0,Tidak,Tidak,Ya,Ya,Ya,Ya,700000,4,13.45883704259595
Kota Malang,Putra,Kecamatan Lowokwaru,0.0,Tidak,Tidak,Ya,Ya,Tidak,Ya,600000,3,13.304686600863562
Kota Malang,Putra,Lowokwaru,0.0,Tidak,Tidak,Ya,Tidak,Tidak,Ya,750000,2,13.527829818844937
Kota Malang,Putri,Lowokwaru,0.0,Tidak,Ya,Ya,Ya,Ya,Ya,900000,5,13.710151153416941
Kota Malang,Putri,Kecamatan Lowokwaru,0.0,Ya,Ya,Ya,Ya,Ya,Ya,1300000,6,14.077875591662238
Kota Malang,Putra,Sukun,3.8,Tidak,Ya,Ya,Tidak,Tidak,Ya,650000,3,13.384729180332174
Kota Malang,Putri,Kecamatan Lowokwaru,0.0,Tidak,Ya,Ya,Ya,Ya,Ya,850000,5,13.652992804936396
Kota Malang,Putri,Kecamatan Lowokwaru,0.0,Tidak,Tidak,Ya,Tidak,Tidak,Ya,600000,2,13.304686600863562
Kota Malang,Putri,Lowokwaru,0.0,Ya,Tidak,Ya,Ya,Ya,Ya,1700000,5,14.346139397261565
Kota Malang,Putri,Kecamatan Dau,0.0,Tidak,Ya,Ya,Tidak,Ya,Ya,800000,4,13.592368256649284
Kota Malang,Putri,Kecamatan Lowokwaru,0.0,Tidak,Ya,Ya,Ya,Ya,Ya,1000000,5,13.815511557963774
Kota Malang,Putri,Kecamatan Lowokwaru,0.0,Tidak,Ya,Ya,Ya,Ya,Ya,1150000,5,13.955273369904273
Kota Malang,Putri,Kecamatan Lowokwaru,0.0,Ya,Tidak,Ya,Ya,Ya,Ya,1400000,5,14.151983508870947
Kota Malang,Putra,Kecamatan Lowokwaru,0.0,Tidak,Ya,Ya,Tidak,Tidak,Ya,600000,3,13.304686600863562
Kota Malang,Putri,Lowokwaru,4.8,Tidak,Tidak,Ya,Tidak,Tidak,Ya,630000,2,13.353476685668044
Kota Malang,Putri,Lowokwaru,0.0,Tidak,Tidak,Ya,Ya,Tidak,Ya,750000,3,13.527829818844937
Kota Malang,Putri,Lowokwaru,0.0,Tidak,Tidak,Ya,Ya,Ya,Ya,1000000,4,13.815511557963774
Kota Malang,Putra,Sukun,0.0,Tidak,Ya,Ya,Ya,Tidak,Ya,750000,4,13.527829818844937
Kota Malang,Putri,Lowokwaru,5.0,Ya,Tidak,Ya,Ya,Tidak,Ya,1000000,4,13.815511557963774
Kota Malang,Putri,Lowokwaru,0.0,Ya,Ya,Ya,Ya,Ya,Ya,1700000,6,14.346139397261565
Kota Malang,Putri,Kecamatan Lowokwaru,0.0,Tidak,Tidak,Ya,Tidak,Tidak,Ya,900000,2,13.710151153416941
Kota Malang,Putri,Dau,0.0,Tidak,Tidak,Ya,Tidak,Tidak,Ya,550000,2,13.217675375388819
Kota Malang,Putri,Kecamatan Lowokwaru,0.0,Tidak,Ya,Ya,Ya,Ya,Ya,1200000,5,13.997832948091215
Kota Malang,Putri,Kecamatan Lowokwaru,0.0,Tidak,Ya,Ya,Ya,Tidak,Ya,700000,4,13.45883704259595
Kota Malang,Putri,Lowokwaru,0.0,Ya,Ya,Ya,Ya,Ya,Ya,1400000,6,14.151983508870947
Kota Malang,Putri,Lowokwaru,4.9,Ya,Ya,Ya,Ya,Ya,Ya,1500000,6,14.220976332738882
Kota Malang,Putri,Lowokwaru,0.0,Ya,Tidak,Ya,Ya,Ya,Ya,1200000,5,13.997832948091215
Kota Malang,Putra,Lowokwaru,0.0,Ya,Ya,Ya,Ya,Ya,Ya,1200000,6,13.997832948091215
Kota Malang,Putra,Lowokwaru,5.0,Ya,Tidak,Ya,Ya,Ya,Ya,1455000,5,14.190517145872716
Kota Malang,Putri,Blimbing,0.0,Tidak,Ya,Ya,Ya,Ya,Ya,850000,5,13.652992804936396
Kota Malang,Putra,Lowokwaru,0.0,Ya,Ya,Ya,Ya,Ya,Ya,1750000,6,14.375126917328105
Kota Malang,Putra,Kecamatan Lowokwaru,0.0,Ya,Ya,Ya,Ya,Ya,Ya,1400000,6,14.151983508870947
Kota Malang,Putri,Lowokwaru,4.4,Tidak,Tidak,Ya,Ya,Ya,Ya,1164000,4,13.96737376637968
Kota Malang,Putri,Lowokwaru,0.0,Tidak,Ya,Ya,Ya,Tidak,Ya,600000,4,13.304686600863562
Kota Malang,Putri,Kecamatan Lowokwaru,0.0,Ya,Ya,Ya,Ya,Ya,Ya,1300000,6,14.077875591662238
Kota Malang,Putra,Lowokwaru,4.5,Tidak,Ya,Ya,Tidak,Tidak,Ya,700000,3,13.45883704259595
Kota Malang,Putra,Kecamatan Dau,0.0,Tidak,Ya,Ya,Tidak,Tidak,Ya,600000,3,13.304686600863562
Kota Malang,Putra,Kecamatan Lowokwaru,0.0,Tidak,Ya,Ya,Ya,Ya,Ya,1100000,5,13.910821646859095
Kota Malang,Putri,Klojen,0.0,Ya,Ya,Ya,Ya,Ya,Ya,1100000,6,13.910821646859095
Kota Malang,Putri,Lowokwaru,0.0,Tidak,Ya,Ya,Ya,Ya,Ya,1400000,5,14.151983508870947
Kota Malang,Putri,Kecamatan Lowokwaru,0.0,Ya,Ya,Ya,Ya,Ya,Ya,1500000,6,14.220976332738882
Kota Malang,Putra,Kecamatan Blimbing,0.0,Ya,Ya,Ya,Ya,Tidak,Ya,1500000,5,14.220976332738882
Kota Malang,Putra,Kecamatan Blimbing,0.0,Ya,Ya,Ya,Ya,Ya,Ya,1500000,6,14.220976332738882
Kota Malang,Putri,Lowokwaru,0.0,Tidak,Tidak,Ya,Tidak,Ya,Ya,900000,3,13.710151153416941
Kota Malang,Putri,Kecamatan Lowokwaru,0.0,Ya,Tidak,Ya,Ya,Ya,Ya,1600000,5,14.285514812209815
Kota Malang,Putra,Lowokwaru,5.0,Tidak,Ya,Ya,Ya,Ya,Ya,650000,5,13.384729180332174
Kota Malang,Putri,Lowokwaru,0.0,Tidak,Ya,Ya,Ya,Ya,Ya,1200000,5,13.997832948091215
Kota Malang,Putri,Lowokwaru,0.0,Tidak,Ya,Ya,Ya,Ya,Ya,650000,5,13.384729180332174
Kota Malang,Putra,Klojen,0.0,Ya,Ya,Ya,Ya,Ya,Ya,1500000,6,14.220976332738882
Kota Malang,Putra,Lowokwaru,0.0,Tidak,Ya,Ya,Ya,Ya,Ya,1000000,5,13.815511557963774
Kota Malang,Putri,Lowokwaru,0.0,Tidak,Tidak,Ya,Ya,Ya,Ya,1100000,4,13.910821646859095
Kota Malang,Putri,Kecamatan Lowokwaru,0.0,Tidak,Ya,Ya,Ya,Ya,Ya,900000,5,13.710151153416941
Kota Malang,Putri,Lowokwaru,0.0,Tidak,Tidak,Ya,Ya,Tidak,Ya,1100000,3,13.910821646859095
Kota Malang,Putri,Kecamatan Lowokwaru,0.0,Tidak,Ya,Ya,Tidak,Tidak,Ya,700000,3,13.45883704259595
Kota Malang,Putri,Kecamatan Lowokwaru,0.0,Tidak,Ya,Ya,Ya,Tidak,Ya,650000,4,13.384729180332174
Kota Malang,Putra,Lowokwaru,5.0,Tidak,Ya,Ya,Tidak,Tidak,Ya,750000,3,13.527829818844937
Kota Malang,Putra,Lowokwaru,4.5,Tidak,Ya,Ya,Tidak,Tidak,Ya,700000,3,13.45883704259595
Kota Malang,Putri,Klojen,0.0,Tidak,Ya,Ya,Ya,Ya,Ya,650000,5,13.384729180332174
Kota Mojokerto,Campur,Magersari,4.9,Ya,Ya,Ya,Ya,Ya,Ya,1250000,6,14.038654909278163
Kota Mojokerto,Putri,Kecamatan Sooko,0.0,Tidak,Ya,Ya,Tidak,Ya,Ya,675000,4,13.42246945133505
Kota Mojokerto,Campur,Kecamatan Magersari,0.0,Ya,Ya,Ya,Ya,Ya,Ya,1000000,6,13.815511557963774
Kota Mojokerto,Campur,Kecamatan Mojoanyar,0.0,Tidak,Tidak,Ya,Tidak,Ya,Ya,700000,3,13.45883704259595
Kota Mojokerto,Putri,Kecamatan Sooko,0.0,Tidak,Ya,Ya,Tidak,Ya,Ya,650000,4,13.384729180332174
Kota Mojokerto,Putri,Mojosari,0.0,Ya,Ya,Ya,Ya,Ya,Ya,1300000,6,14.077875591662238
Kota Mojokerto,Putra,Kecamatan Prajurit Kulon,0.0,Ya,Ya,Ya,Tidak,Ya,Ya,980000,5,13.795308871054397
Kota Mojokerto,Campur,Mojosari,0.0,Tidak,Tidak,Ya,Tidak,Ya,Ya,450000,3,13.017005083966255
Kota Mojokerto,Putri,Prajurit Kulon,0.0,Tidak,Tidak,Ya,Ya,Tidak,Ya,500000,3,13.122365377402328
Kota Mojokerto,Putri,Magersari,0.0,Tidak,Tidak,Ya,Ya,Ya,Ya,650000,4,13.384729180332174
Kota Mojokerto,Campur,Kecamatan Jetis,0.0,Tidak,Ya,Ya,Tidak,Tidak,Ya,550000,3,13.217675375388819
Kota Mojokerto,Putri,Pungging,0.0,Tidak,Tidak,Ya,Tidak,Ya,Ya,600000,3,13.304686600863562
Kota Mojokerto,Campur,Prajurit Kulon,0.0,Ya,Ya,Ya,Ya,Ya,Ya,1000000,6,13.815511557963774
Kota Mojokerto,Putri,Kecamatan Pungging,0.0,Tidak,Tidak,Ya,Tidak,Tidak,Ya,400000,2,12.899222326086994
Kota Mojokerto,Putri,Kecamatan Magersari,5.0,Tidak,Ya,Ya,Tidak,Tidak,Ya,400000,3,12.899222326086994
Kota Mojokerto,Campur,Sooko,0.0,Ya,Ya,Ya,Ya,Ya,Ya,1000000,6,13.815511557963774
Kota Mojokerto,Putri,Prajurit Kulon,0.0,Ya,Ya,Ya,Ya,Ya,Ya,800000,6,13.592368256649284
Kota Mojokerto,Putra,Mojosari,0.0,Ya,Ya,Ya,Ya,Ya,Ya,1500000,6,14.220976332738882
Kota Mojokerto,Putra,Mojosari,0.0,Ya,Ya,Ya,Ya,Ya,Ya,1500000,6,14.220976332738882
Kota Mojokerto,Putri,Prajurit Kulon,5.0,Ya,Ya,Ya,Ya,Ya,Ya,920000,6,13.732130035981154
Kota Mojokerto,Campur,Mojosari,0.0,Tidak,Ya,Tidak,Tidak,Ya,Tidak,800000,2,13.592368256649284
Kota Mojokerto,Campur,Puri,0.0,Tidak,Ya,Ya,Tidak,Tidak,Ya,500000,3,13.122365377402328
Kota Mojokerto,Campur,Kranggan,0.0,Tidak,Ya,Ya,Ya,Ya,Tidak,600000,4,13.304686600863562
Kota Mojokerto,Putri,Prajurit Kulon,0.0,Tidak,Ya,Ya,Tidak,Tidak,Ya,400000,3,12.899222326086994
Kota Mojokerto,Campur,Mojosari,5.0,Ya,Ya,Ya,Ya,Ya,Tidak,1500000,5,14.220976332738882
Kota Mojokerto,Putra,Magersari,0.0,Tidak,Tidak,Ya,Tidak,Ya,Ya,980000,3,13.795308871054397
Kota Mojokerto,Putri,Puri,0.0,Tidak,Ya,Ya,Tidak,Ya,Ya,450000,4,13.017005083966255
Kota Mojokerto,Putra,Kecamatan Prajurit Kulon,0.0,Tidak,Ya,Ya,Tidak,Ya,Ya,780000,4,13.567050480716235
Kota Mojokerto,Campur,Mojosari,0.0,Tidak,Ya,Ya,Ya,Ya,Ya,400000,5,12.899222326086994
Kota Mojokerto,Campur,Mojosari,5.0,Ya,Ya,Ya,Ya,Ya,Ya,1000000,6,13.815511557963774
Kota Mojokerto,Campur,Kecamatan Mojosari,0.0,Ya,Ya,Ya,Ya,Ya,Ya,1250000,6,14.038654909278163
Kota Mojokerto,Putri,Kecamatan Magersari,0.0,Tidak,Ya,Ya,Tidak,Ya,Tidak,500000,3,13.122365377402328
Kota Mojokerto,Putra,Kecamatan Jetis,0.0,Tidak,Ya,Ya,Tidak,Ya,Ya,500000,4,13.122365377402328
Kota Mojokerto,Putri,Mojosari,0.0,Tidak,Ya,Ya,Tidak,Ya,Ya,600000,4,13.304686600863562
Kota Mojokerto,Campur,Puri,0.0,Tidak,Ya,Ya,Ya,Tidak,Ya,350000,4,12.765691290604371
Kota Mojokerto,Campur,Jetis,0.0,Tidak,Ya,Tidak,Tidak,Tidak,Tidak,400000,1,12.899222326086994
Kota Mojokerto,Campur,Mojosari,0.0,Ya,Ya,Ya,Tidak,Ya,Ya,700000,5,13.45883704259595
Kota Mojokerto,Campur,Magersari,0.0,Ya,Tidak,Ya,Tidak,Ya,Ya,1200000,4,13.997832948091215
Kota Mojokerto,Campur,Mojosari,0.0,Tidak,Ya,Ya,Tidak,Ya,Ya,700000,4,13.45883704259595
Kota Mojokerto,Putra,Magersari,5.0,Tidak,Tidak,Ya,Tidak,Ya,Ya,500000,3,13.122365377402328
Kota Mojokerto,Putra,Kranggan,5.0,Ya,Ya,Ya,Tidak,Ya,Ya,900000,5,13.710151153416941
Kota Mojokerto,Campur,Sooko,0.0,Tidak,Ya,Ya,Ya,Ya,Ya,350000,5,12.765691290604371
Kota Mojokerto,Campur,Kecamatan Prajurit Kulon,5.0,Tidak,Ya,Ya,Ya,Ya,Ya,600000,5,13.304686600863562
Kota Mojokerto,Campur,Kecamatan Mojosari,0.0,Tidak,Tidak,Ya,Ya,Ya,Ya,500000,4,13.122365377402328
Kota Mojokerto,Putri,Kranggan,0.0,Ya,Ya,Ya,Ya,Ya,Ya,650000,6,13.384729180332174
Kota Mojokerto,Putri,Kranggan,0.0,Ya,Ya,Ya,Tidak,Ya,Ya,900000,5,13.710151153416941
Kota Mojokerto,Putra,Magersari,5.0,Ya,Ya,Ya,Tidak,Ya,Ya,750000,5,13.527829818844937
Kota Mojokerto,Campur,Kecamatan Mojosari,0.0,Tidak,Ya,Ya,Ya,Ya,Ya,950000,5,13.76421831620775
Kota Mojokerto,Campur,Mojosari,0.0,Tidak,Ya,Tidak,Tidak,Ya,Ya,500000,3,13.122365377402328
Kota Mojokerto,Putri,Magersari,0.0,Tidak,Tidak,Ya,Ya,Tidak,Ya,550000,3,13.217675375388819
Kota Mojokerto,Campur,Kecamatan Mojosari,0.0,Ya,Ya,Ya,Ya,Ya,Ya,1500000,6,14.220976332738882
Kota Mojokerto,Campur,Kecamatan Mojosari,0.0,Tidak,Tidak,Tidak,Tidak,Tidak,Tidak,750000,0,13.527829818844937
Kota Mojokerto,Putra,Kecamatan Jetis,0.0,Ya,Ya,Ya,Ya,Ya,Tidak,600000,5,13.304686600863562
Kota Mojokerto,Putra,Mojosari,0.0,Tidak,Ya,Ya,Tidak,Ya,Ya,650000,4,13.384729180332174
Kota Mojokerto,Campur,Mojosari,0.0,Ya,Ya,Ya,Tidak,Ya,Ya,1000000,5,13.815511557963774
Kota Mojokerto,Campur,Sooko,0.0,Ya,Ya,Ya,Ya,Ya,Ya,850000,6,13.652992804936396
Kota Mojokerto,Campur,Magersari,0.0,Tidak,Ya,Ya,Tidak,Ya,Tidak,450000,3,13.017005083966255
Kota Mojokerto,Campur,Mojosari,0.0,Tidak,Ya,Ya,Tidak,Ya,Ya,600000,4,13.304686600863562
Kota Mojokerto,Putri,Mojoanyar,0.0,Tidak,Tidak,Ya,Tidak,Ya,Tidak,500000,2,13.122365377402328
Kota Mojokerto,Campur,Kecamatan Prajurit Kulon,0.0,Ya,Ya,Ya,Tidak,Ya,Ya,1200000,5,13.997832948091215
Kota Mojokerto,Campur,Puri,0.0,Tidak,Tidak,Ya,Ya,Ya,Tidak,750000,3,13.527829818844937
Kota Mojokerto,Putri,Mojosari,0.0,Tidak,Ya,Ya,Ya,Ya,Ya,800000,5,13.592368256649284
Kota Mojokerto,Putri,Kecamatan Magersari,0.0,Tidak,Tidak,Ya,Tidak,Ya,Ya,600000,3,13.304686600863562
Kota Mojokerto,Putri,Kecamatan Prajurit Kulon,0.0,Tidak,Ya,Ya,Tidak,Ya,Ya,500000,4,13.122365377402328
Kota Mojokerto,Putra,Sooko,0.0,Tidak,Ya,Ya,Tidak,Ya,Ya,550000,4,13.217675375388819
Kota Mojokerto,Campur,Sooko,0.0,Ya,Ya,Ya,Ya,Ya,Ya,1000000,6,13.815511557963774
Kota Mojokerto,Campur,Kecamatan Prajurit Kulon,5.0,Ya,Tidak,Ya,Ya,Ya,Ya,950000,5,13.76421831620775
Kota Mojokerto,Putri,Kecamatan Magersari,0.0,Ya,Ya,Ya,Ya,Ya,Ya,1100000,6,13.910821646859095
Kota Mojokerto,Putri,Jetis,0.0,Ya,Ya,Ya,Ya,Ya,Ya,1000000,6,13.815511557963774
Kota Mojokerto,Campur,Kecamatan Prajurit Kulon,5.0,Ya,Ya,Ya,Tidak,Ya,Ya,800000,5,13.592368256649284
Kota Mojokerto,Putri,Sooko,0.0,Tidak,Tidak,Ya,Tidak,Ya,Tidak,500000,2,13.122365377402328
Kota Mojokerto,Campur,Kecamatan Prajurit Kulon,0.0,Ya,Ya,Ya,Tidak,Ya,Ya,1200000,5,13.997832948091215
Kota Mojokerto,Putra,Mojoanyar,0.0,Tidak,Tidak,Ya,Tidak,Ya,Ya,500000,3,13.122365377402328
Kota Mojokerto,Putra,Kranggan,5.0,Tidak,Ya,Ya,Tidak,Ya,Tidak,500000,3,13.122365377402328
Kota Mojokerto,Putri,Kecamatan Sooko,0.0,Tidak,Tidak,Ya,Tidak,Tidak,Ya,350000,2,12.765691290604371
Kota Mojokerto,Campur,Kecamatan Magersari,0.0,Ya,Ya,Ya,Ya,Ya,Ya,1000000,6,13.815511557963774
Kota Mojokerto,Putra,Mojoanyar,0.0,Tidak,Ya,Ya,Tidak,Ya,Ya,450000,4,13.017005083966255
Kota Mojokerto,Putri,Kecamatan Prajurit Kulon,0.0,Tidak,Tidak,Ya,Ya,Ya,Ya,800000,4,13.592368256649284
Kota Mojokerto,Campur,Kecamatan Magersari,5.0,Ya,Ya,Ya,Tidak,Ya,Ya,850000,5,13.652992804936396
Kota Mojokerto,Campur,Mojosari,0.0,Ya,Ya,Ya,Ya,Ya,Ya,1000000,6,13.815511557963774
Kota Mojokerto,Campur,Prajurit Kulon,0.0,Tidak,Tidak,Ya,Tidak,Ya,Tidak,500000,2,13.122365377402328
Kota Mojokerto,Campur,Kecamatan Prajurit Kulon,0.0,Ya,Ya,Ya,Tidak,Ya,Ya,1100000,5,13.910821646859095
Kota Mojokerto,Campur,Kecamatan Mojosari,0.0,Tidak,Ya,Ya,Tidak,Ya,Tidak,400000,3,12.899222326086994
Kota Mojokerto,Campur,Kecamatan Prajurit Kulon,0.0,Ya,Ya,Ya,Tidak,Ya,Ya,900000,5,13.710151153416941
Kota Mojokerto,Putri,Kecamatan Mojosari,0.0,Tidak,Ya,Ya,Ya,Ya,Ya,800000,5,13.592368256649284
Kota Mojokerto,Putra,Prajurit Kulon,4.4,Ya,Ya,Ya,Ya,Ya,Ya,800000,6,13.592368256649284
Kota Mojokerto,Campur,Kecamatan Magersari,5.0,Ya,Ya,Ya,Tidak,Ya,Ya,1350000,5,14.115615891155079
Kota Mojokerto,Campur,Kecamatan Prajurit Kulon,0.0,Ya,Ya,Ya,Tidak,Ya,Ya,1300000,5,14.077875591662238
Kota Mojokerto,Campur,Puri,0.0,Ya,Tidak,Ya,Ya,Ya,Ya,1000000,5,13.815511557963774
Kota Mojokerto,Putra,Magersari,0.0,Tidak,Ya,Ya,Tidak,Ya,Tidak,450000,3,13.017005083966255
Kota Mojokerto,Putri,Prajurit Kulon,5.0,Tidak,Ya,Ya,Ya,Ya,Ya,600000,5,13.304686600863562
Kota Mojokerto,Campur,Kecamatan Magersari,0.0,Ya,Ya,Ya,Tidak,Ya,Ya,1250000,5,14.038654909278163
Kota Mojokerto,Campur,Kecamatan Mojoanyar,0.0,Tidak,Ya,Ya,Tidak,Tidak,Ya,350000,3,12.765691290604371
Kota Mojokerto,Campur,Sooko,0.0,Tidak,Ya,Ya,Tidak,Ya,Tidak,500000,3,13.122365377402328
Kota Mojokerto,Campur,Kecamatan Prajurit Kulon,0.0,Tidak,Ya,Ya,Tidak,Ya,Ya,500000,4,13.122365377402328
Kota Mojokerto,Campur,Kecamatan Prajurit Kulon,5.0,Ya,Ya,Ya,Tidak,Ya,Ya,700000,5,13.45883704259595
Kota Mojokerto,Putri,Prajurit Kulon,0.0,Tidak,Tidak,Ya,Tidak,Ya,Ya,500000,3,13.122365377402328
Kota Mojokerto,Campur,Kecamatan Magersari,0.0,Ya,Ya,Ya,Ya,Ya,Ya,1100000,6,13.910821646859095
Kota Mojokerto,Campur,Mojosari,0.0,Tidak,Ya,Ya,Tidak,Ya,Tidak,450000,3,13.017005083966255
Kota Mojokerto,Putra,Kranggan,0.0,Ya,Ya,Ya,Ya,Ya,Ya,900000,6,13.710151153416941
Kota Mojokerto,Campur,Magersari,0.0,Tidak,Ya,Ya,Ya,Ya,Tidak,455000,4,13.02805489573287
Kota Mojokerto,Campur,Kecamatan Prajurit Kulon,0.0,Ya,Ya,Ya,Tidak,Ya,Ya,1300000,5,14.077875591662238
Kota Mojokerto,Campur,Kecamatan Magersari,0.0,Tidak,Tidak,Tidak,Tidak,Ya,Tidak,600000,1,13.304686600863562
Kota Mojokerto,Campur,Magersari,0.0,Tidak,Tidak,Ya,Tidak,Ya,Ya,500000,3,13.122365377402328
Kota Mojokerto,Campur,Kecamatan Magersari,0.0,Ya,Ya,Ya,Tidak,Ya,Ya,1500000,5,14.220976332738882
Kota Mojokerto,Putra,Kecamatan Sooko,4.5,Ya,Ya,Ya,Ya,Ya,Ya,1000000,6,13.815511557963774
Kota Mojokerto,Putra,Jetis,0.0,Ya,Ya,Ya,Ya,Ya,Tidak,600000,5,13.304686600863562
Kota Mojokerto,Campur,Sooko,0.0,Ya,Ya,Ya,Ya,Ya,Ya,1100000,6,13.910821646859095
Kota Mojokerto,Campur,Sooko,0.0,Ya,Tidak,Ya,Ya,Ya,Ya,950000,5,13.76421831620775
Kota Mojokerto,Campur,Kecamatan Mojosari,0.0,Tidak,Tidak,Ya,Tidak,Ya,Tidak,300000,2,12.611541086966115
Kota Mojokerto,Putri,Kecamatan Puri,0.0,Tidak,Ya,Ya,Tidak,Ya,Ya,500000,4,13.122365377402328
Kota Mojokerto,Putri,Prajurit Kulon,5.0,Ya,Ya,Ya,Ya,Ya,Ya,900000,6,13.710151153416941
Kota Mojokerto,Campur,Magersari,0.0,Ya,Ya,Ya,Ya,Ya,Ya,1100000,6,13.910821646859095
Kota Mojokerto,Putra,Kecamatan Mojoanyar,0.0,Tidak,Ya,Ya,Tidak,Ya,Ya,300000,4,12.611541086966115
Kota Mojokerto,Campur,Mojosari,0.0,Tidak,Tidak,Ya,Tidak,Ya,Ya,450000,3,13.017005083966255
Kota Mojokerto,Putri,Magersari,0.0,Ya,Ya,Ya,Tidak,Ya,Ya,1000000,5,13.815511557963774
Kota Mojokerto,Putri,Sooko,0.0,Tidak,Ya,Ya,Ya,Ya,Ya,300000,5,12.611541086966115
Kota Mojokerto,Putri,Kranggan,0.0,Tidak,Ya,Ya,Tidak,Ya,Ya,650000,4,13.384729180332174
Kota Mojokerto,Putri,Kecamatan Prajurit Kulon,0.0,Ya,Ya,Ya,Ya,Ya,Ya,1700000,6,14.346139397261565
Kota Mojokerto,Campur,Kecamatan Magersari,0.0,Ya,Tidak,Ya,Ya,Ya,Ya,1050000,5,13.864301674514206
Kota Mojokerto,Campur,Magersari,0.0,Tidak,Ya,Ya,Tidak,Ya,Tidak,450000,3,13.017005083966255
Kota Mojokerto,Putra,Kecamatan Sooko,0.0,Ya,Ya,Ya,Ya,Ya,Ya,1000000,6,13.815511557963774
Kota Mojokerto,Campur,Kecamatan Prajurit Kulon,0.0,Tidak,Tidak,Ya,Tidak,Ya,Ya,675000,3,13.42246945133505
Kota Mojokerto,Campur,Kecamatan Prajurit Kulon,0.0,Tidak,Ya,Ya,Tidak,Ya,Ya,800000,4,13.592368256649284
Kota Mojokerto,Campur,Mojosari,0.0,Tidak,Tidak,Ya,Tidak,Ya,Ya,500000,3,13.122365377402328
Kota Mojokerto,Putri,Kecamatan Sooko,0.0,Ya,Ya,Ya,Ya,Ya,Ya,1000000,6,13.815511557963774
Kota Mojokerto,Putri,Kecamatan Prajurit Kulon,0.0,Ya,Tidak,Ya,Ya,Ya,Ya,1100000,5,13.910821646859095
Kota Mojokerto,Putri,Kecamatan Prajurit Kulon,0.0,Ya,Tidak,Ya,Ya,Ya,Ya,1200000,5,13.997832948091215
Kota Mojokerto,Campur,Kecamatan Pacet,0.0,Ya,Ya,Ya,Ya,Ya,Ya,700000,6,13.45883704259595
Kota Mojokerto,Putra,Kecamatan Magersari,0.0,Tidak,Ya,Ya,Tidak,Ya,Ya,800000,4,13.592368256649284
Kota Mojokerto,Putra,Prajurit Kulon,5.0,Tidak,Ya,Ya,Ya,Ya,Ya,600000,5,13.304686600863562
Kota Mojokerto,Putri,Prajurit Kulon,0.0,Tidak,Tidak,Ya,Tidak,Ya,Ya,500000,3,13.122365377402328
Kota Mojokerto,Campur,Pungging,0.0,Tidak,Ya,Ya,Tidak,Ya,Ya,500000,4,13.122365377402328
Kota Mojokerto,Campur,Kecamatan Prajurit Kulon,0.0,Ya,Ya,Ya,Tidak,Ya,Ya,1300000,5,14.077875591662238
Kota Mojokerto,Campur,Magersari,0.0,Ya,Ya,Ya,Ya,Ya,Tidak,850000,5,13.652992804936396
Kota Mojokerto,Campur,Mojosari,0.0,Tidak,Ya,Ya,Ya,Ya,Ya,600000,5,13.304686600863562
Kota Mojokerto,Campur,Kecamatan Magersari,0.0,Ya,Ya,Ya,Tidak,Ya,Ya,1000000,5,13.815511557963774
Kota Mojokerto,Putri,Kecamatan Magersari,0.0,Tidak,Ya,Ya,Tidak,Ya,Ya,700000,4,13.45883704259595
Kota Mojokerto,Campur,Kecamatan Prajurit Kulon,0.0,Ya,Ya,Ya,Tidak,Ya,Ya,1500000,5,14.220976332738882
Kota Mojokerto,Campur,Kecamatan Mojosari,0.0,Tidak,Ya,Ya,Tidak,Ya,Tidak,500001,3,13.122367377396328
Kota Mojokerto,Putri,Kecamatan Sooko,0.0,Ya,Ya,Ya,Tidak,Tidak,Ya,1000000,4,13.815511557963774
Kota Mojokerto,Campur,Kecamatan Mojoanyar,0.0,Tidak,Tidak,Ya,Tidak,Ya,Ya,400000,3,12.899222326086994
Kota Mojokerto,Campur,Kecamatan Mojosari,0.0,Tidak,Ya,Ya,Tidak,Tidak,Ya,500000,3,13.122365377402328
Kota Mojokerto,Campur,Kecamatan Mojosari,0.0,Tidak,Ya,Tidak,Tidak,Ya,Tidak,500000,2,13.122365377402328
Kota Mojokerto,Putra,Kecamatan Mojoanyar,0.0,Tidak,Ya,Ya,Tidak,Tidak,Ya,300000,3,12.611541086966115
Kota Mojokerto,Campur,Prajurit Kulon,0.0,Tidak,Tidak,Ya,Tidak,Ya,Tidak,700000,2,13.45883704259595
Kota Mojokerto,Campur,Kecamatan Mojosari,0.0,Tidak,Ya,Ya,Ya,Ya,Tidak,600000,4,13.304686600863562
Kota Mojokerto,Putra,Dawar Blandong,0.0,Tidak,Ya,Ya,Ya,Tidak,Tidak,1500000,3,14.220976332738882
Kota Mojokerto,Campur,Kecamatan Magersari,0.0,Ya,Tidak,Ya,Ya,Ya,Ya,1400000,5,14.151983508870947
Kota Mojokerto,Putra,Sooko,0.0,Ya,Ya,Ya,Ya,Ya,Tidak,1000000,5,13.815511557963774
Kota Mojokerto,Campur,Kecamatan Magersari,0.0,Ya,Tidak,Ya,Ya,Ya,Ya,1300000,5,14.077875591662238
Kota Mojokerto,Putri,Magersari,0.0,Tidak,Ya,Ya,Tidak,Ya,Ya,700000,4,13.45883704259595
Kota Mojokerto,Campur,Mojosari,0.0,Tidak,Ya,Ya,Tidak,Ya,Ya,500000,4,13.122365377402328
Kota Mojokerto,Campur,Magersari,0.0,Tidak,Ya,Ya,Ya,Ya,Ya,700000,5,13.45883704259595
Kota Mojokerto,Putri,Kecamatan Sooko,0.0,Tidak,Ya,Ya,Ya,Tidak,Ya,350000,4,12.765691290604371
Kota Mojokerto,Putri,Prajurit Kulon,0.0,Ya,Ya,Ya,Ya,Ya,Ya,1300000,6,14.077875591662238
Kota Mojokerto,Campur,Mojosari,0.0,Ya,Ya,Ya,Ya,Ya,Tidak,1100000,5,13.910821646859095
Kota Mojokerto,Campur,Kecamatan Magersari,0.0,Ya,Tidak,Ya,Ya,Ya,Ya,1800000,5,14.403297778421795
Kota Mojokerto,Campur,Puri,0.0,Ya,Ya,Ya,Ya,Ya,Ya,850000,6,13.652992804936396
Kota Mojokerto,Putri,Kecamatan Mojosari,0.0,Tidak,Tidak,Ya,Tidak,Tidak,Ya,550000,2,13.217675375388819
Kota Mojokerto,Putri,Kecamatan Prajurit Kulon,0.0,Tidak,Ya,Ya,Tidak,Tidak,Tidak,750000,2,13.527829818844937
Kota Mojokerto,Campur,Kecamatan Magersari,0.0,Tidak,Tidak,Tidak,Tidak,Tidak,Tidak,1166000,0,13.96909050352514
Kota Mojokerto,Putri,Sooko,0.0,Ya,Tidak,Ya,Ya,Ya,Tidak,800000,4,13.592368256649284
Kota Mojokerto,Putri,Sooko,0.0,Ya,Ya,Ya,Tidak,Ya,Ya,1200000,5,13.997832948091215
Kota Mojokerto,Campur,Kecamatan Dawar Blandong,0.0,Tidak,Ya,Ya,Ya,Tidak,Ya,375000,4,12.834683971615659
Kota Mojokerto,Campur,Sooko,0.0,Tidak,Ya,Ya,Ya,Ya,Tidak,700000,4,13.45883704259595
Kota Mojokerto,Putra,Kecamatan Magersari,0.0,Tidak,Ya,Ya,Tidak,Tidak,Ya,500000,3,13.122365377402328
Kota Mojokerto,Campur,Kecamatan Magersari,0.0,Tidak,Ya,Ya,Tidak,Tidak,Ya,600000,3,13.304686600863562
Kota Mojokerto,Putra,Kecamatan Sooko,0.0,Ya,Tidak,Ya,Ya,Ya,Ya,1000000,5,13.815511557963774
Kota Mojokerto,Campur,Mojosari,0.0,Tidak,Ya,Ya,Ya,Ya,Ya,800000,5,13.592368256649284
Kota Mojokerto,Campur,Kecamatan Magersari,0.0,Ya,Ya,Ya,Tidak,Ya,Ya,1300000,5,14.077875591662238
Kota Mojokerto,Campur,Kecamatan Mojosari,0.0,Tidak,Ya,Tidak,Tidak,Ya,Tidak,500000,2,13.122365377402328
Kota Mojokerto,Campur,Magersari,0.0,Tidak,Tidak,Tidak,Tidak,Tidak,Ya,500000,1,13.122365377402328
Kota Mojokerto,Campur,Kecamatan Magersari,0.0,Tidak,Ya,Ya,Tidak,Tidak,Ya,450000,3,13.017005083966255
Kota Mojokerto,Campur,Kecamatan Gedek,0.0,Tidak,Ya,Ya,Tidak,Ya,Tidak,450000,3,13.017005083966255
Kota Mojokerto,Putri,Kecamatan Magersari,0.0,Tidak,Ya,Ya,Ya,Ya,Ya,750000,5,13.527829818844937
Kota Mojokerto,Campur,Kecamatan Mojosari,0.0,Tidak,Ya,Ya,Tidak,Ya,Tidak,400000,3,12.899222326086994
Kota Mojokerto,Campur,Prajurit Kulon,0.0,Tidak,Tidak,Ya,Ya,Ya,Ya,700000,4,13.45883704259595
Kota Mojokerto,Campur,Kecamatan Gedek,0.0,Tidak,Tidak,Tidak,Tidak,Ya,Tidak,600000,1,13.304686600863562
Kota Mojokerto,Putri,Kecamatan Puri,0.0,Tidak,Ya,Ya,Tidak,Tidak,Ya,300000,3,12.611541086966115
Kota Mojokerto,Campur,Kecamatan Magersari,0.0,Ya,Ya,Ya,Tidak,Ya,Ya,1700000,5,14.346139397261565
Kota Mojokerto,Campur,Prajurit Kulon,3.8,Ya,Ya,Ya,Tidak,Ya,Tidak,1000000,4,13.815511557963774
Kota Mojokerto,Campur,Kecamatan Magersari,0.0,Ya,Ya,Ya,Tidak,Ya,Ya,1700000,5,14.346139397261565
Kota Mojokerto,Campur,Kecamatan Sooko,0.0,Tidak,Ya,Ya,Tidak,Ya,Ya,450000,4,13.017005083966255
Kota Mojokerto,Campur,Gedek,0.0,Tidak,Ya,Ya,Tidak,Ya,Tidak,450000,3,13.017005083966255
Kota Mojokerto,Putra,Mojoanyar,0.0,Tidak,Ya,Ya,Tidak,Tidak,Tidak,400000,2,12.899222326086994
Kota Mojokerto,Putri,Kecamatan Mojosari,0.0,Tidak,Tidak,Ya,Tidak,Ya,Tidak,550000,2,13.217675375388819
Kota Mojokerto,Putri,Pungging,0.0,Tidak,Ya,Ya,Tidak,Ya,Ya,550000,4,13.217675375388819
Kota Mojokerto,Campur,Kecamatan Prajurit Kulon,0.0,Ya,Tidak,Ya,Tidak,Ya,Ya,1200000,4,13.997832948091215
Kota Mojokerto,Campur,Puri,0.0,Ya,Tidak,Ya,Tidak,Ya,Tidak,850000,3,13.652992804936396
Kota Mojokerto,Campur,Kecamatan Mojosari,0.0,Tidak,Ya,Tidak,Tidak,Ya,Tidak,600000,2,13.304686600863562
Kota Mojokerto,Putri,Kecamatan Puri,0.0,Tidak,Tidak,Ya,Ya,Tidak,Ya,350000,3,12.765691290604371
Kota Mojokerto,Putri,Magersari,0.0,Tidak,Ya,Ya,Ya,Tidak,Tidak,700000,3,13.45883704259595
Kota Mojokerto,Campur,Kecamatan Mojosari,0.0,Tidak,Ya,Tidak,Tidak,Ya,Tidak,550000,2,13.217675375388819
Kota Mojokerto,Campur,Magersari,0.0,Ya,Tidak,Ya,Ya,Tidak,Tidak,1100000,3,13.910821646859095
Kota Mojokerto,Putri,Prajurit Kulon,0.0,Tidak,Ya,Tidak,Ya,Ya,Tidak,850000,3,13.652992804936396
Kota Mojokerto,Putri,Jatirejo,0.0,Tidak,Ya,Ya,Tidak,Tidak,Ya,500000,3,13.122365377402328
Kota Mojokerto,Campur,Kecamatan Sooko,0.0,Tidak,Ya,Ya,Ya,Ya,Ya,750000,5,13.527829818844937
Kota Mojokerto,Campur,Mojosari,0.0,Tidak,Tidak,Ya,Tidak,Ya,Ya,550000,3,13.217675375388819
Kota Mojokerto,Putra,Sooko,0.0,Tidak,Ya,Ya,Ya,Ya,Tidak,650000,4,13.384729180332174
Kota Mojokerto,Campur,Jetis,0.0,Tidak,Ya,Ya,Tidak,Ya,Ya,700000,4,13.45883704259595
Kota Mojokerto,Putri,Kecamatan Prajurit Kulon,0.0,Tidak,Ya,Ya,Tidak,Ya,Ya,550000,4,13.217675375388819
Kota Mojokerto,Campur,Kecamatan Puri,0.0,Tidak,Tidak,Ya,Tidak,Ya,Ya,500000,3,13.122365377402328
Kota Mojokerto,Campur,Kecamatan Prajurit Kulon,0.0,Tidak,Ya,Ya,Tidak,Ya,Ya,750000,4,13.527829818844937
Kota Mojokerto,Putri,Mojosari,0.0,Tidak,Ya,Ya,Tidak,Tidak,Tidak,550000,2,13.217675375388819
Kota Mojokerto,Campur,Kecamatan Jetis,0.0,Ya,Ya,Ya,Tidak,Ya,Tidak,1000000,4,13.815511557963774
Kota Mojokerto,Campur,Kecamatan Mojosari,0.0,Tidak,Tidak,Ya,Tidak,Tidak,Ya,500000,2,13.122365377402328
Kota Mojokerto,Campur,Magersari,0.0,Tidak,Ya,Ya,Ya,Ya,Tidak,450000,4,13.017005083966255
Kota Mojokerto,Putri,Mojoanyar,0.0,Tidak,Tidak,Ya,Tidak,Tidak,Tidak,500000,1,13.122365377402328
Kota Mojokerto,Putra,Kecamatan Magersari,0.0,Tidak,Ya,Ya,Tidak,Ya,Ya,750000,4,13.527829818844937
Kota Mojokerto,Putri,Kecamatan Magersari,0.0,Tidak,Ya,Ya,Ya,Tidak,Tidak,550000,3,13.217675375388819
Kota Mojokerto,Campur,Kecamatan Magersari,0.0,Tidak,Ya,Ya,Ya,Ya,Ya,700000,5,13.45883704259595
Kota Mojokerto,Putri,Prajurit Kulon,0.0,Tidak,Tidak,Ya,Tidak,Ya,Ya,600000,3,13.304686600863562
Kota Pasuruan,Campur,Kecamatan Panggungrejo,0.0,Tidak,Ya,Ya,Ya,Ya,Ya,800000,5,13.592368256649284
Kota Pasuruan,Putri,Kecamatan Purworejo,0.0,Tidak,Ya,Ya,Tidak,Ya,Tidak,650000,3,13.384729180332174
Kota Pasuruan,Putri,Bugulkidul,5.0,Tidak,Ya,Ya,Tidak,Ya,Ya,485000,4,13.091906231773164
Kota Pasuruan,Campur,Purworejo,5.0,Ya,Ya,Ya,Ya,Ya,Ya,1200000,6,13.997832948091215
Kota Pasuruan,Putri,Kecamatan Purworejo,0.0,Tidak,Ya,Ya,Tidak,Tidak,Ya,550000,3,13.217675375388819
Kota Pasuruan,Putri,Bugulkidul,0.0,Tidak,Ya,Ya,Tidak,Tidak,Ya,460000,3,13.038983942375959
Kota Pasuruan,Campur,Kecamatan Purworejo,0.0,Ya,Ya,Ya,Ya,Ya,Ya,1150000,6,13.955273369904273
Kota Pasuruan,Campur,Kecamatan Panggungrejo,0.0,Ya,Ya,Ya,Ya,Ya,Ya,1200000,6,13.997832948091215
Kota Pasuruan,Putra,Bugulkidul,0.0,Tidak,Tidak,Ya,Tidak,Tidak,Tidak,475000,1,13.07107218827772
Kota Pasuruan,Campur,Kecamatan Panggungrejo,0.0,Ya,Ya,Ya,Ya,Ya,Ya,1100000,6,13.910821646859095
Kota Pasuruan,Putri,Kecamatan Gadingrejo,0.0,Ya,Ya,Ya,Ya,Ya,Ya,1000000,6,13.815511557963774
Kota Pasuruan,Campur,Kecamatan Gadingrejo,0.0,Ya,Ya,Ya,Ya,Tidak,Ya,1500000,5,14.220976332738882
Kota Pasuruan,Putra,Bugulkidul,0.0,Tidak,Ya,Ya,Tidak,Tidak,Ya,550000,3,13.217675375388819
Kota Pasuruan,Putri,Purworejo,0.0,Tidak,Tidak,Ya,Ya,Tidak,Ya,550000,3,13.217675375388819
Kota Pasuruan,Campur,Kecamatan Purworejo,0.0,Tidak,Ya,Ya,Tidak,Ya,Ya,700000,4,13.45883704259595
Kota Pasuruan,Campur,Kecamatan Gadingrejo,0.0,Tidak,Ya,Ya,Tidak,Ya,Ya,650000,4,13.384729180332174
Kota Pasuruan,Campur,Purworejo,0.0,Ya,Tidak,Ya,Ya,Ya,Ya,1800000,5,14.403297778421795
Kota Pasuruan,Putri,Bugulkidul,0.0,Tidak,Ya,Ya,Ya,Tidak,Ya,600000,4,13.304686600863562
Kota Pasuruan,Putri,Kecamatan Panggungrejo,0.0,Tidak,Tidak,Ya,Tidak,Tidak,Ya,400000,2,12.899222326086994
Kota Pasuruan,Putra,Bugulkidul,0.0,Tidak,Ya,Ya,Tidak,Ya,Tidak,600000,3,13.304686600863562
Kota Pasuruan,Putra,Panggungrejo,0.0,Tidak,Tidak,Ya,Ya,Ya,Tidak,700000,3,13.45883704259595
Kota Pasuruan,Campur,Kecamatan Bugulkidul,0.0,Ya,Ya,Ya,Ya,Ya,Ya,1350000,6,14.115615891155079
Kota Pasuruan,Putra,Bugulkidul,0.0,Ya,Ya,Ya,Tidak,Ya,Tidak,1000000,4,13.815511557963774
Kota Pasuruan,Putri,Purworejo,0.0,Ya,Tidak,Ya,Ya,Tidak,Ya,850000,4,13.652992804936396
Kota Pasuruan,Putra,Panggungrejo,0.0,Ya,Tidak,Ya,Ya,Ya,Tidak,900000,4,13.710151153416941
Kota Pasuruan,Campur,Bugulkidul,0.0,Ya,Ya,Ya,Ya,Ya,Ya,1550000,6,14.253766134056512
Kota Pasuruan,Putra,Bugulkidul,0.0,Tidak,Ya,Ya,Ya,Ya,Ya,600000,5,13.304686600863562
Kota Pasuruan,Putri,Panggungrejo,0.0,Tidak,Ya,Ya,Ya,Ya,Ya,450000,5,13.017005083966255
Kota Pasuruan,Putra,Kecamatan Bugulkidul,0.0,Ya,Tidak,Ya,Ya,Ya,Ya,850000,5,13.652992804936396
Kota Pasuruan,Campur,Kecamatan Gadingrejo,0.0,Ya,Ya,Ya,Tidak,Ya,Ya,800000,5,13.592368256649284
Kota Pasuruan,Campur,Purworejo,0.0,Ya,Tidak,Ya,Ya,Ya,Ya,1500000,5,14.220976332738882
Kota Pasuruan,Putri,Bugulkidul,0.0,Tidak,Tidak,Ya,Ya,Tidak,Tidak,500000,2,13.122365377402328
Kota Pasuruan,Putri,Kecamatan Panggungrejo,0.0,Ya,Tidak,Ya,Ya,Ya,Ya,500000,5,13.122365377402328
Kota Pasuruan,Putri,Kecamatan Purworejo,0.0,Tidak,Tidak,Tidak,Tidak,Ya,Tidak,600000,1,13.304686600863562
Kota Pasuruan,Putri,Panggungrejo,0.0,Tidak,Tidak,Ya,Ya,Tidak,Ya,500000,3,13.122365377402328
Kota Pasuruan,Putra,Kecamatan Purworejo,0.0,Ya,Tidak,Ya,Ya,Ya,Ya,1100000,5,13.910821646859095
Kota Pasuruan,Putra,Kecamatan Panggungrejo,0.0,Tidak,Ya,Ya,Tidak,Tidak,Tidak,550000,2,13.217675375388819
Kota Pasuruan,Putra,Purworejo,0.0,Tidak,Ya,Tidak,Ya,Tidak,Tidak,600000,2,13.304686600863562
Kota Pasuruan,Putra,Panggungrejo,0.0,Tidak,Ya,Ya,Tidak,Tidak,Tidak,350000,2,12.765691290604371
Kota Pasuruan,Campur,Panggungrejo,0.0,Tidak,Ya,Ya,Tidak,Tidak,Ya,550000,3,13.217675375388819
Kota Pasuruan,Putri,Purworejo,0.0,Ya,Ya,Ya,Tidak,Ya,Ya,1500000,5,14.220976332738882
Kota Pasuruan,Campur,Kecamatan Purworejo,0.0,Ya,Tidak,Ya,Tidak,Ya,Ya,1000000,4,13.815511557963774
Kota Pasuruan,Putri,Gadingrejo,0.0,Tidak,Tidak,Ya,Tidak,Tidak,Tidak,400000,1,12.899222326086994
Kota Pasuruan,Campur,Kecamatan Purworejo,0.0,Tidak,Ya,Ya,Ya,Ya,Tidak,500000,4,13.122365377402328
Kota Pasuruan,Putri,Kecamatan Bugul Kidul,0.0,Tidak,Tidak,Ya,Tidak,Ya,Ya,600000,3,13.304686600863562
Kota Pasuruan,Putra,Kecamatan Bugulkidul,0.0,Tidak,Tidak,Ya,Ya,Ya,Ya,600000,4,13.304686600863562
Kota Pasuruan,Putra,Purworejo,0.0,Tidak,Ya,Ya,Tidak,Tidak,Tidak,500000,2,13.122365377402328
Kota Pasuruan,Putra,Kecamatan Purworejo,0.0,Tidak,Ya,Ya,Tidak,Tidak,Ya,330000,3,12.706850963741102
Kota Pasuruan,Campur,Panggungrejo,0.0,Tidak,Ya,Ya,Tidak,Tidak,Ya,380000,3,12.847929163278053
Kota Pasuruan,Putri,Kecamatan Purworejo,0.0,Tidak,Ya,Ya,Ya,Tidak,Ya,600000,4,13.304686600863562
Kota Pasuruan,Campur,Panggungrejo,0.0,Tidak,Tidak,Ya,Ya,Tidak,Tidak,500000,2,13.122365377402328
Kota Pasuruan,Putri,Panggungrejo,0.0,Tidak,Tidak,Ya,Tidak,Ya,Ya,600000,3,13.304686600863562
Kota Pasuruan,Campur,Kecamatan Purworejo,0.0,Ya,Ya,Ya,Ya,Ya,Tidak,1500000,5,14.220976332738882
Kota Pasuruan,Campur,Kecamatan Purworejo,0.0,Tidak,Ya,Ya,Tidak,Ya,Tidak,700000,3,13.45883704259595
Kota Pasuruan,Campur,Kecamatan Bugul Kidul,0.0,Tidak,Tidak,Tidak,Tidak,Ya,Tidak,750000,1,13.527829818844937
Kota Pasuruan,Putri,Panggungrejo,0.0,Tidak,Tidak,Ya,Tidak,Ya,Ya,600000,3,13.304686600863562
Kota Pasuruan,Campur,Bugulkidul,0.0,Tidak,Ya,Ya,Tidak,Ya,Ya,600000,4,13.304686600863562
Kota Pasuruan,Putri,Bugulkidul,0.0,Tidak,Ya,Ya,Ya,Tidak,Tidak,475000,3,13.07107218827772
Kota Pasuruan,Campur,Kecamatan Gadingrejo,0.0,Ya,Ya,Ya,Tidak,Ya,Ya,800000,5,13.592368256649284
Kota Pasuruan,Campur,Purworejo,0.0,Tidak,Ya,Ya,Tidak,Ya,Tidak,500000,3,13.122365377402328
Kota Pasuruan,Campur,Gadingrejo,0.0,Tidak,Tidak,Ya,Tidak,Tidak,Tidak,400000,1,12.899222326086994
Kota Pasuruan,Putra,Bugulkidul,0.0,Ya,Tidak,Ya,Ya,Ya,Tidak,700000,4,13.45883704259595
Kota Pasuruan,Putra,Panggungrejo,0.0,Tidak,Ya,Ya,Ya,Tidak,Tidak,400000,3,12.899222326086994
Kota Pasuruan,Putra,Purworejo,0.0,Tidak,Tidak,Ya,Tidak,Tidak,Tidak,280000,1,12.54254845357358
Kota Pasuruan,Putri,Kecamatan Purworejo,0.0,Tidak,Tidak,Ya,Tidak,Ya,Ya,650000,3,13.384729180332174
Kota Pasuruan,Campur,Purworejo,0.0,Tidak,Ya,Ya,Ya,Tidak,Tidak,300000,3,12.611541086966115
Kota Pasuruan,Putra,Gadingrejo,0.0,Tidak,Ya,Ya,Tidak,Tidak,Tidak,450000,2,13.017005083966255
Kota Pasuruan,Putri,Kecamatan Panggungrejo,0.0,Tidak,Tidak,Ya,Tidak,Ya,Ya,550000,3,13.217675375388819
Kota Pasuruan,Putri,Panggungrejo,0.0,Ya,Ya,Ya,Ya,Ya,Ya,1050000,6,13.864301674514206
Kota Pasuruan,Putra,Bugulkidul,0.0,Tidak,Tidak,Ya,Tidak,Tidak,Tidak,600000,1,13.304686600863562
Kota Pasuruan,Campur,Panggungrejo,0.0,Ya,Ya,Ya,Ya,Ya,Ya,650000,6,13.384729180332174
Kota Pasuruan,Putri,Gadingrejo,0.0,Ya,Tidak,Ya,Tidak,Tidak,Tidak,700000,2,13.45883704259595
Kota Pasuruan,Campur,Bugulkidul,5.0,Tidak,Ya,Ya,Tidak,Tidak,Ya,400000,3,12.899222326086994
Kota Pasuruan,Campur,Panggungrejo,0.0,Tidak,Tidak,Ya,Tidak,Ya,Ya,550000,3,13.217675375388819
Kota Pasuruan,Putra,Purworejo,0.0,Tidak,Tidak,Ya,Ya,Ya,Tidak,600000,3,13.304686600863562
Kota Pasuruan,Putri,Bugulkidul,0.0,Tidak,Ya,Ya,Ya,Tidak,Tidak,400000,3,12.899222326086994
Kota Pasuruan,Putra,Bugulkidul,0.0,Tidak,Tidak,Ya,Tidak,Tidak,Tidak,500000,1,13.122365377402328
Kota Pasuruan,Putri,Kecamatan Bugul Kidul,0.0,Tidak,Ya,Ya,Ya,Tidak,Ya,600000,4,13.304686600863562
Kota Pasuruan,Campur,Kecamatan Panggungrejo,0.0,Tidak,Tidak,Ya,Tidak,Tidak,Tidak,500000,1,13.122365377402328
Kota Probolinggo,Campur,Kademangan,4.4,Ya,Ya,Ya,Ya,Ya,Ya,1000000,6,13.815511557963774
Kota Probolinggo,Campur,Kanigaran,0.0,Tidak,Ya,Ya,Ya,Ya,Ya,600000,5,13.304686600863562
Kota Probolinggo,Campur,Kanigaran,0.0,Ya,Ya,Ya,Ya,Ya,Ya,1200000,6,13.997832948091215
Kota Probolinggo,Campur,Kecamatan Kanigaran,5.0,Ya,Ya,Ya,Ya,Ya,Ya,1000000,6,13.815511557963774
Kota Probolinggo,Putri,Mayangan,0.0,Ya,Ya,Ya,Tidak,Ya,Ya,750000,5,13.527829818844937
Kota Probolinggo,Campur,Kecamatan Mayangan,0.0,Ya,Ya,Ya,Ya,Ya,Ya,1300000,6,14.077875591662238
Kota Probolinggo,Putri,Kanigaran,0.0,Tidak,Ya,Ya,Tidak,Ya,Ya,500000,4,13.122365377402328
Kota Probolinggo,Campur,Kecamatan Mayangan,0.0,Ya,Tidak,Ya,Ya,Ya,Ya,1100000,5,13.910821646859095
Kota Probolinggo,Campur,Mayangan,0.0,Ya,Ya,Ya,Ya,Ya,Ya,1400000,6,14.151983508870947
Kota Probolinggo,Campur,Kademangan,0.0,Ya,Ya,Ya,Ya,Ya,Ya,1200000,6,13.997832948091215
Kota Probolinggo,Campur,Kecamatan Kanigaran,0.0,Tidak,Ya,Ya,Tidak,Tidak,Tidak,800000,2,13.592368256649284
Kota Probolinggo,Campur,Kecamatan Kanigaran,0.0,Tidak,Ya,Ya,Tidak,Ya,Ya,600000,4,13.304686600863562
Kota Probolinggo,Campur,Mayangan,0.0,Ya,Ya,Ya,Ya,Ya,Ya,1150000,6,13.955273369904273
Kota Probolinggo,Campur,Kecamatan Kanigaran,0.0,Tidak,Ya,Ya,Tidak,Ya,Tidak,500000,3,13.122365377402328
Kota Probolinggo,Putra,Mayangan,0.0,Ya,Ya,Ya,Ya,Ya,Ya,1200000,6,13.997832948091215
Kota Probolinggo,Putri,Kanigaran,0.0,Tidak,Tidak,Ya,Ya,Ya,Ya,500000,4,13.122365377402328
Kota Probolinggo,Campur,Kademangan,0.0,Tidak,Ya,Tidak,Tidak,Ya,Tidak,600000,2,13.304686600863562
Kota Probolinggo,Putri,Mayangan,0.0,Tidak,Ya,Ya,Tidak,Tidak,Tidak,400000,2,12.899222326086994
Kota Probolinggo,Putri,Kecamatan Mayangan,0.0,Tidak,Tidak,Ya,Tidak,Ya,Ya,500000,3,13.122365377402328
Kota Probolinggo,Campur,Kedopok,0.0,Ya,Ya,Ya,Ya,Ya,Ya,1300000,6,14.077875591662238
Kota Probolinggo,Putri,Kanigaran,0.0,Ya,Ya,Ya,Ya,Tidak,Ya,1500000,5,14.220976332738882
Kota Probolinggo,Campur,Kanigaran,0.0,Ya,Ya,Ya,Ya,Ya,Ya,1300000,6,14.077875591662238
Kota Probolinggo,Putri,Kanigaran,0.0,Ya,Tidak,Ya,Ya,Ya,Ya,1000000,5,13.815511557963774
Kota Probolinggo,Putri,Kanigaran,0.0,Ya,Tidak,Ya,Ya,Ya,Ya,1000000,5,13.815511557963774
Kota Probolinggo,Putri,Kanigaran,0.0,Tidak,Ya,Ya,Ya,Ya,Ya,510000,5,13.1421679654829
Kota Probolinggo,Putri,Kecamatan Kanigaran,0.0,Ya,Ya,Ya,Ya,Ya,Ya,1050000,6,13.864301674514206
Kota Probolinggo,Putra,Kanigaran,0.0,Tidak,Tidak,Ya,Tidak,Ya,Ya,350000,3,12.765691290604371
Kota Probolinggo,Putri,Kanigaran,0.0,Tidak,Ya,Ya,Ya,Ya,Ya,550000,5,13.217675375388819
Kota Probolinggo,Putri,Kanigaran,0.0,Tidak,Ya,Ya,Ya,Ya,Ya,500000,5,13.122365377402328
Kota Probolinggo,Putri,Kanigaran,0.0,Tidak,Tidak,Ya,Tidak,Tidak,Ya,500000,2,13.122365377402328
Kota Probolinggo,Campur,Kanigaran,0.0,Ya,Tidak,Ya,Ya,Ya,Ya,1100000,5,13.910821646859095
Kota Probolinggo,Campur,Kedopok,0.0,Tidak,Ya,Ya,Ya,Ya,Ya,300000,5,12.611541086966115
Kota Probolinggo,Putra,Kecamatan Kanigaran,0.0,Tidak,Ya,Ya,Tidak,Tidak,Tidak,300000,2,12.611541086966115
Kota Probolinggo,Putra,Kecamatan Kanigaran,0.0,Tidak,Ya,Ya,Tidak,Ya,Tidak,420000,3,12.948012371209098
Kota Probolinggo,Putra,Mayangan,0.0,Ya,Ya,Ya,Ya,Ya,Ya,1000000,6,13.815511557963774
Kota Probolinggo,Campur,Kecamatan Mayangan,4.9,Ya,Ya,Ya,Ya,Ya,Ya,800000,6,13.592368256649284
Kota Probolinggo,Putri,Kecamatan Mayangan,0.0,Ya,Ya,Ya,Ya,Ya,Ya,1450000,6,14.187074804051692
Kota Probolinggo,Putri,Kanigaran,0.0,Tidak,Tidak,Ya,Tidak,Ya,Ya,450000,3,13.017005083966255
Kota Probolinggo,Putri,Kanigaran,0.0,Tidak,Tidak,Ya,Tidak,Ya,Ya,450000,3,13.017005083966255
Kota Probolinggo,Campur,Kecamatan Mayangan,0.0,Ya,Ya,Ya,Ya,Ya,Ya,1100000,6,13.910821646859095
Kota Probolinggo,Putri,Kanigaran,0.0,Tidak,Tidak,Ya,Ya,Ya,Ya,450000,4,13.017005083966255
Kota Probolinggo,Campur,Kecamatan Kanigaran,0.0,Ya,Ya,Ya,Tidak,Ya,Ya,900000,5,13.710151153416941
Kota Probolinggo,Putra,Kademangan,4.8,Ya,Ya,Ya,Tidak,Ya,Ya,850000,5,13.652992804936396
Kota Probolinggo,Putra,Kecamatan Kanigaran,0.0,Tidak,Ya,Ya,Ya,Tidak,Ya,500000,4,13.122365377402328
Kota Probolinggo,Campur,Mayangan,0.0,Ya,Tidak,Ya,Ya,Ya,Ya,1100000,5,13.910821646859095
Kota Probolinggo,Putri,Kademangan,0.0,Ya,Ya,Ya,Tidak,Ya,Ya,900000,5,13.710151153416941
Kota Probolinggo,Putri,Kanigaran,0.0,Tidak,Tidak,Ya,Tidak,Tidak,Tidak,350000,1,12.765691290604371
Kota Probolinggo,Campur,Mayangan,0.0,Tidak,Tidak,Ya,Tidak,Tidak,Tidak,350000,1,12.765691290604371
Kota Probolinggo,Campur,Mayangan,0.0,Tidak,Ya,Ya,Tidak,Tidak,Tidak,250000,2,12.429220196836383
Kota Probolinggo,Campur,Kecamatan Mayangan,0.0,Tidak,Tidak,Ya,Ya,Tidak,Ya,370000,3,12.821260987319457
Kota Probolinggo,Campur,Mayangan,0.0,Ya,Ya,Ya,Ya,Ya,Ya,850000,6,13.652992804936396
Kota Probolinggo,Putra,Kanigaran,0.0,Tidak,Tidak,Ya,Tidak,Tidak,Ya,350000,2,12.765691290604371
Kota Probolinggo,Putri,Kecamatan Kanigaran,0.0,Tidak,Tidak,Ya,Tidak,Ya,Ya,550000,3,13.217675375388819
Kota Probolinggo,Putra,Mayangan,0.0,Ya,Tidak,Ya,Ya,Tidak,Tidak,1100000,3,13.910821646859095
Kota Probolinggo,Campur,Kecamatan Leces,0.0,Tidak,Ya,Ya,Tidak,Tidak,Ya,250000,3,12.429220196836383
Kota Probolinggo,Putri,Kecamatan Dringu,0.0,Ya,Ya,Ya,Ya,Ya,Ya,900000,6,13.710151153416941
Kota Probolinggo,Putra,Mayangan,0.0,Ya,Ya,Ya,Ya,Tidak,Ya,700000,5,13.45883704259595
Kota Probolinggo,Putra,Kanigaran,0.0,Tidak,Ya,Ya,Tidak,Ya,Ya,500000,4,13.122365377402328
Kota Probolinggo,Campur,Kecamatan Mayangan,0.0,Tidak,Tidak,Ya,Tidak,Tidak,Ya,450000,2,13.017005083966255
Kota Probolinggo,Campur,Kecamatan Mayangan,0.0,Tidak,Ya,Ya,Tidak,Tidak,Ya,450000,3,13.017005083966255
Kota Probolinggo,Putra,Kecamatan Mayangan,0.0,Ya,Ya,Ya,Ya,Ya,Ya,1000000,6,13.815511557963774
Kota Probolinggo,Putri,Dringu,0.0,Tidak,Ya,Ya,Tidak,Tidak,Tidak,350000,2,12.765691290604371
Kota Probolinggo,Campur,Mayangan,0.0,Tidak,Tidak,Ya,Tidak,Tidak,Tidak,520000,1,13.161586013632684
Kota Probolinggo,Campur,Mayangan,0.0,Ya,Tidak,Ya,Tidak,Ya,Tidak,1000000,3,13.815511557963774
Kota Probolinggo,Campur,Kecamatan Kedopok,0.0,Ya,Ya,Ya,Ya,Ya,Ya,800000,6,13.592368256649284
Kota Probolinggo,Putri,Mayangan,0.0,Tidak,Ya,Ya,Ya,Tidak,Ya,450000,4,13.017005083966255
Kota Probolinggo,Putri,Kecamatan Leces,0.0,Tidak,Ya,Ya,Ya,Tidak,Ya,500000,4,13.122365377402328
Kota Probolinggo,Putri,Kecamatan Kademangan,0.0,Ya,Tidak,Ya,Ya,Ya,Ya,800000,5,13.592368256649284
Kota Probolinggo,Putra,Kademangan,0.0,Ya,Tidak,Ya,Ya,Ya,Ya,1200000,5,13.997832948091215
Kota Probolinggo,Putri,Kanigaran,0.0,Tidak,Ya,Ya,Tidak,Ya,Ya,300000,4,12.611541086966115
Kota Probolinggo,Campur,Kanigaran,0.0,Tidak,Ya,Ya,Tidak,Ya,Ya,650000,4,13.384729180332174
Kota Probolinggo,Putra,Mayangan,0.0,Tidak,Ya,Tidak,Ya,Ya,Ya,750000,4,13.527829818844937
Kota Probolinggo,Putri,Kanigaran,0.0,Tidak,Ya,Ya,Ya,Ya,Ya,600000,5,13.304686600863562
Kota Probolinggo,Campur,Mayangan,0.0,Tidak,Ya,Ya,Ya,Tidak,Ya,700000,4,13.45883704259595
Kota Probolinggo,Putri,Mayangan,0.0,Tidak,Tidak,Ya,Ya,Ya,Ya,600000,4,13.304686600863562
Kota Probolinggo,Campur,Kecamatan Kanigaran,0.0,Ya,Ya,Ya,Ya,Ya,Ya,700000,6,13.45883704259595
Kota Probolinggo,Putri,Mayangan,0.0,Ya,Ya,Ya,Ya,Ya,Ya,1200000,6,13.997832948091215
Kota Probolinggo,Campur,Kecamatan Kanigaran,0.0,Tidak,Tidak,Ya,Ya,Ya,Ya,450000,4,13.017005083966255
Kota Probolinggo,Campur,Dringu,0.0,Tidak,Tidak,Ya,Tidak,Tidak,Tidak,400000,1,12.899222326086994
Kota Probolinggo,Campur,Mayangan,5.0,Ya,Tidak,Ya,Ya,Ya,Tidak,1200000,4,13.997832948091215
Kota Probolinggo,Putra,Kecamatan Mayangan,0.0,Tidak,Ya,Ya,Tidak,Tidak,Tidak,350000,2,12.765691290604371
Kota Probolinggo,Campur,Mayangan,0.0,Ya,Tidak,Ya,Ya,Ya,Ya,1400000,5,14.151983508870947
Kota Probolinggo,Campur,Mayangan,0.0,Tidak,Ya,Ya,Tidak,Ya,Tidak,450000,3,13.017005083966255
Kota Probolinggo,Campur,Kanigaran,0.0,Ya,Tidak,Ya,Ya,Ya,Ya,450000,5,13.017005083966255
Kota Probolinggo,Putri,Kecamatan Kademangan,0.0,Tidak,Tidak,Ya,Ya,Ya,Ya,500000,4,13.122365377402328
Kota Probolinggo,Campur,Kecamatan Kanigaran,0.0,Ya,Ya,Ya,Ya,Ya,Ya,1500000,6,14.220976332738882
Kota Probolinggo,Putra,Mayangan,0.0,Tidak,Tidak,Ya,Tidak,Ya,Ya,500000,3,13.122365377402328
Kota Probolinggo,Campur,Kecamatan Mayangan,0.0,Ya,Ya,Ya,Ya,Ya,Tidak,1750000,5,14.375126917328105
Kota Probolinggo,Campur,Mayangan,0.0,Tidak,Tidak,Ya,Tidak,Ya,Ya,350000,3,12.765691290604371
Kota Probolinggo,Campur,Kecamatan Mayangan,0.0,Ya,Ya,Ya,Ya,Ya,Ya,1500000,6,14.220976332738882
Kota Probolinggo,Putra,Kecamatan Kanigaran,0.0,Tidak,Ya,Ya,Ya,Ya,Ya,500000,5,13.122365377402328
Kota Probolinggo,Putri,Kanigaran,0.0,Tidak,Tidak,Ya,Ya,Ya,Ya,650000,4,13.384729180332174
Kota Probolinggo,Campur,Kecamatan Mayangan,0.0,Ya,Tidak,Ya,Ya,Ya,Ya,1300000,5,14.077875591662238
Kota Probolinggo,Campur,Kademangan,0.0,Ya,Ya,Ya,Ya,Ya,Ya,700000,6,13.45883704259595
Kota Probolinggo,Campur,Kecamatan Kanigaran,0.0,Tidak,Ya,Ya,Ya,Ya,Ya,500000,5,13.122365377402328
Kota Probolinggo,Campur,Kecamatan Wonoasih,0.0,Tidak,Ya,Ya,Tidak,Ya,Ya,700000,4,13.45883704259595
Kota Probolinggo,Putri,Kecamatan Mayangan,0.0,Tidak,Ya,Ya,Tidak,Tidak,Ya,375000,3,12.834683971615659
Kota Probolinggo,Campur,Kademangan,0.0,Tidak,Ya,Ya,Ya,Ya,Ya,500000,5,13.122365377402328
Kota Probolinggo,Putra,Kanigaran,0.0,Tidak,Tidak,Ya,Tidak,Ya,Tidak,585000,2,13.279368835614243
Kota Probolinggo,Campur,Kademangan,0.0,Ya,Ya,Ya,Ya,Ya,Ya,900000,6,13.710151153416941
Kota Probolinggo,Putra,Kecamatan Mayangan,0.0,Tidak,Ya,Ya,Ya,Tidak,Tidak,400000,3,12.899222326086994
Kota Probolinggo,Campur,Kecamatan Mayangan,0.0,Tidak,Ya,Ya,Tidak,Tidak,Tidak,450000,2,13.017005083966255
Kota Probolinggo,Campur,Kecamatan Kademangan,0.0,Tidak,Ya,Ya,Ya,Ya,Tidak,600000,4,13.304686600863562
Kota Probolinggo,Putri,Kecamatan Kanigaran,0.0,Tidak,Ya,Ya,Tidak,Tidak,Ya,375000,3,12.834683971615659
Kota Probolinggo,Campur,Mayangan,0.0,Ya,Ya,Ya,Ya,Ya,Ya,1000000,6,13.815511557963774
Kota Probolinggo,Putra,Mayangan,0.0,Ya,Tidak,Ya,Tidak,Ya,Ya,800000,4,13.592368256649284
Kota Probolinggo,Putri,Kanigaran,0.0,Tidak,Ya,Ya,Ya,Ya,Ya,900000,5,13.710151153416941
Kota Probolinggo,Campur,Kanigaran,0.0,Ya,Tidak,Ya,Tidak,Ya,Ya,600000,4,13.304686600863562
Kota Probolinggo,Putra,Kanigaran,0.0,Ya,Tidak,Ya,Ya,Tidak,Ya,400000,4,12.899222326086994
Kota Probolinggo,Putra,Kecamatan Mayangan,0.0,Tidak,Ya,Ya,Ya,Tidak,Tidak,350000,3,12.765691290604371
Kota Probolinggo,Campur,Kademangan,0.0,Ya,Ya,Ya,Ya,Ya,Ya,900000,6,13.710151153416941
Kota Probolinggo,Putri,Kecamatan Mayangan,0.0,Ya,Ya,Tidak,Ya,Ya,Ya,1250000,5,14.038654909278163
Kota Probolinggo,Putri,Kecamatan Kanigaran,0.0,Tidak,Tidak,Ya,Ya,Ya,Ya,400000,4,12.899222326086994
Kota Probolinggo,Putra,Kanigaran,0.0,Tidak,Ya,Ya,Tidak,Ya,Ya,550000,4,13.217675375388819
Kota Probolinggo,Campur,Kanigaran,0.0,Tidak,Ya,Ya,Ya,Ya,Ya,600000,5,13.304686600863562
Kota Probolinggo,Campur,Kanigaran,0.0,Ya,Ya,Ya,Ya,Ya,Ya,1500000,6,14.220976332738882
Kota Probolinggo,Putri,Kecamatan Mayangan,0.0,Tidak,Tidak,Ya,Tidak,Ya,Ya,500000,3,13.122365377402328
Kota Probolinggo,Putri,Kanigaran,0.0,Tidak,Ya,Ya,Ya,Tidak,Ya,500000,4,13.122365377402328
Kota Probolinggo,Campur,Kecamatan Kanigaran,0.0,Tidak,Ya,Ya,Ya,Ya,Tidak,450000,4,13.017005083966255
Kota Probolinggo,Putri,Kademangan,0.0,Tidak,Tidak,Ya,Tidak,Ya,Tidak,600000,2,13.304686600863562
Kota Probolinggo,Campur,Kanigaran,0.0,Tidak,Ya,Ya,Tidak,Ya,Ya,550000,4,13.217675375388819
Kota Probolinggo,Putri,Dringu,0.0,Tidak,Ya,Ya,Ya,Ya,Ya,950000,5,13.76421831620775
Kota Probolinggo,Campur,Kecamatan Mayangan,0.0,Tidak,Tidak,Ya,Tidak,Ya,Ya,470000,3,13.060490101343552
Kota Probolinggo,Campur,Kecamatan Mayangan,0.0,Ya,Ya,Ya,Ya,Ya,Ya,850000,6,13.652992804936396
Kota Probolinggo,Putra,Mayangan,0.0,Ya,Tidak,Ya,Ya,Tidak,Tidak,850000,3,13.652992804936396
Kota Probolinggo,Putra,Kanigaran,0.0,Tidak,Tidak,Ya,Tidak,Tidak,Ya,350000,2,12.765691290604371
Kota Probolinggo,Putri,Kanigaran,4.9,Tidak,Ya,Ya,Ya,Ya,Ya,525000,5,13.171155446333852
Kota Probolinggo,Putri,Kecamatan Mayangan,0.0,Ya,Tidak,Ya,Ya,Tidak,Ya,1100000,4,13.910821646859095
Kota Probolinggo,Campur,Kecamatan Kedopok,0.0,Tidak,Ya,Ya,Tidak,Ya,Ya,500000,4,13.122365377402328
Kota Probolinggo,Campur,Kademangan,0.0,Ya,Ya,Ya,Ya,Ya,Ya,900000,6,13.710151153416941
Kota Probolinggo,Putra,Kecamatan Kanigaran,0.0,Tidak,Tidak,Ya,Tidak,Tidak,Ya,500000,2,13.122365377402328
Kota Probolinggo,Campur,Kecamatan Kanigaran,0.0,Tidak,Ya,Ya,Ya,Ya,Tidak,500000,4,13.122365377402328
Kota Probolinggo,Putra,Mayangan,0.0,Tidak,Tidak,Ya,Tidak,Ya,Tidak,500000,2,13.122365377402328
Kota Probolinggo,Campur,Kanigaran,0.0,Tidak,Ya,Ya,Tidak,Tidak,Tidak,350000,2,12.765691290604371
Kota Probolinggo,Putri,Kecamatan Kedopok,0.0,Tidak,Ya,Ya,Ya,Ya,Ya,500000,5,13.122365377402328
Kota Probolinggo,Campur,Kademangan,0.0,Tidak,Tidak,Ya,Tidak,Ya,Tidak,450000,2,13.017005083966255
Kota Probolinggo,Putri,Kecamatan Kanigaran,0.0,Tidak,Tidak,Ya,Tidak,Ya,Tidak,300000,2,12.611541086966115
Kota Probolinggo,Putra,Mayangan,0.0,Ya,Ya,Ya,Ya,Tidak,Ya,300000,5,12.611541086966115
Kota Probolinggo,Campur,Dringu,0.0,Ya,Tidak,Ya,Ya,Ya,Ya,700000,5,13.45883704259595
Kota Probolinggo,Campur,Mayangan,0.0,Tidak,Tidak,Ya,Tidak,Ya,Tidak,800000,2,13.592368256649284
Kota Probolinggo,Campur,Kecamatan Kanigaran,0.0,Tidak,Ya,Ya,Tidak,Ya,Ya,400000,4,12.899222326086994
Kota Probolinggo,Campur,Kecamatan Kedopak,0.0,Tidak,Tidak,Ya,Tidak,Tidak,Tidak,600000,1,13.304686600863562
Kota Probolinggo,Campur,Kademangan,0.0,Tidak,Tidak,Ya,Tidak,Ya,Tidak,500000,2,13.122365377402328
Kota Probolinggo,Putri,Kecamatan Mayangan,0.0,Ya,Tidak,Ya,Ya,Ya,Ya,1300000,5,14.077875591662238
Kota Probolinggo,Putri,Kedopok,0.0,Tidak,Ya,Ya,Ya,Ya,Ya,500000,5,13.122365377402328
Kota Probolinggo,Campur,Mayangan,0.0,Tidak,Ya,Ya,Tidak,Ya,Tidak,500000,3,13.122365377402328
Kota Probolinggo,Campur,Kecamatan Mayangan,0.0,Tidak,Ya,Ya,Tidak,Tidak,Ya,400000,3,12.899222326086994
Kota Probolinggo,Putri,Kanigaran,0.0,Tidak,Ya,Ya,Tidak,Ya,Ya,375000,4,12.834683971615659
Kota Probolinggo,Putra,Mayangan,0.0,Ya,Tidak,Ya,Ya,Ya,Ya,1200000,5,13.997832948091215
Kota Probolinggo,Campur,Kecamatan Kanigaran,0.0,Ya,Ya,Ya,Ya,Ya,Ya,1100000,6,13.910821646859095
Kota Probolinggo,Campur,Dringu,0.0,Ya,Tidak,Ya,Ya,Ya,Ya,650000,5,13.384729180332174
Kota Probolinggo,Campur,Mayangan,0.0,Ya,Ya,Ya,Ya,Tidak,Ya,1000000,5,13.815511557963774
Kota Probolinggo,Putri,Kanigaran,0.0,Ya,Tidak,Ya,Ya,Ya,Ya,800000,5,13.592368256649284
Kota Probolinggo,Campur,Kecamatan Kanigaran,0.0,Ya,Ya,Ya,Ya,Ya,Ya,850000,6,13.652992804936396
Kota Probolinggo,Putri,Mayangan,0.0,Tidak,Ya,Ya,Ya,Tidak,Ya,500000,4,13.122365377402328
Kota Probolinggo,Putra,Kanigaran,0.0,Tidak,Tidak,Ya,Ya,Ya,Tidak,450000,3,13.017005083966255
Kota Probolinggo,Campur,Mayangan,0.0,Ya,Tidak,Ya,Ya,Ya,Ya,1200000,5,13.997832948091215
Kota Probolinggo,Campur,Kecamatan Kanigaran,0.0,Ya,Ya,Ya,Ya,Ya,Ya,950000,6,13.76421831620775
Kota Probolinggo,Putra,Mayangan,0.0,Tidak,Ya,Tidak,Ya,Tidak,Tidak,350000,2,12.765691290604371
Kota Probolinggo,Campur,Mayangan,0.0,Tidak,Ya,Ya,Ya,Tidak,Ya,600000,4,13.304686600863562
Kota Probolinggo,Putri,Kanigaran,0.0,Tidak,Ya,Ya,Ya,Tidak,Ya,300000,4,12.611541086966115
Kota Probolinggo,Putri,Dringu,0.0,Tidak,Ya,Tidak,Tidak,Tidak,Tidak,400000,1,12.899222326086994
Kota Probolinggo,Putri,Mayangan,0.0,Tidak,Tidak,Tidak,Tidak,Tidak,Tidak,500000,0,13.122365377402328
Kota Probolinggo,Campur,Mayangan,0.0,Tidak,Ya,Ya,Ya,Ya,Tidak,450000,4,13.017005083966255
Kota Probolinggo,Putra,Kecamatan Mayangan,0.0,Tidak,Ya,Ya,Tidak,Ya,Ya,450000,4,13.017005083966255
Kota Probolinggo,Putra,Kanigaran,0.0,Tidak,Tidak,Ya,Tidak,Ya,Ya,350000,3,12.765691290604371
Kota Probolinggo,Campur,Kanigaran,0.0,Ya,Ya,Ya,Tidak,Ya,Ya,850000,5,13.652992804936396
Kota Probolinggo,Putri,Kecamatan Mayangan,0.0,Tidak,Tidak,Ya,Ya,Ya,Ya,600000,4,13.304686600863562
Kota Probolinggo,Campur,Mayangan,0.0,Ya,Ya,Ya,Ya,Tidak,Ya,900000,5,13.710151153416941
Kota Probolinggo,Putra,Kecamatan Mayangan,0.0,Ya,Ya,Ya,Ya,Ya,Ya,750000,6,13.527829818844937
Kota Probolinggo,Putra,Kecamatan Mayangan,0.0,Tidak,Tidak,Ya,Tidak,Tidak,Tidak,300000,1,12.611541086966115
Kota Probolinggo,Campur,Kecamatan Kanigaran,5.0,Ya,Tidak,Ya,Ya,Ya,Ya,850000,5,13.652992804936396
Kota Probolinggo,Campur,Kademangan,0.0,Tidak,Tidak,Ya,Tidak,Ya,Tidak,350000,2,12.765691290604371
Kota Probolinggo,Campur,Kecamatan Dringu,0.0,Tidak,Ya,Ya,Tidak,Ya,Ya,250000,4,12.429220196836383
Kota Probolinggo,Putri,Mayangan,0.0,Ya,Tidak,Ya,Ya,Ya,Ya,900000,5,13.710151153416941
Kota Probolinggo,Putri,Kecamatan Mayangan,0.0,Tidak,Ya,Ya,Ya,Ya,Ya,650000,5,13.384729180332174
Kota Probolinggo,Campur,Kecamatan Wonoasih,0.0,Ya,Tidak,Ya,Tidak,Ya,Ya,750000,4,13.527829818844937
Kota Probolinggo,Campur,Kecamatan Kanigaran,0.0,Ya,Tidak,Ya,Tidak,Ya,Tidak,450000,3,13.017005083966255
Kota Probolinggo,Campur,Mayangan,0.0,Ya,Tidak,Ya,Tidak,Ya,Tidak,800000,3,13.592368256649284
Kota Probolinggo,Campur,Kecamatan Kanigaran,5.0,Ya,Ya,Ya,Ya,Ya,Ya,1200000,6,13.997832948091215
Kota Probolinggo,Campur,Mayangan,0.0,Tidak,Ya,Ya,Ya,Ya,Tidak,550000,4,13.217675375388819
Kota Probolinggo,Campur,Mayangan,0.0,Tidak,Ya,Ya,Tidak,Ya,Ya,650000,4,13.384729180332174
Kota Probolinggo,Campur,Kecamatan Kanigaran,0.0,Tidak,Ya,Ya,Ya,Ya,Ya,500000,5,13.122365377402328
Kota Probolinggo,Campur,Kecamatan Kademangan,0.0,Tidak,Ya,Ya,Tidak,Ya,Tidak,400000,3,12.899222326086994
Kota Probolinggo,Putri,Kedopok,0.0,Tidak,Tidak,Ya,Tidak,Tidak,Tidak,300000,1,12.611541086966115
Kota Probolinggo,Putri,Kedopok,0.0,Tidak,Tidak,Ya,Tidak,Ya,Tidak,500000,2,13.122365377402328
Kota Surabaya,Putri,Wonokromo,4.8,Tidak,Ya,Ya,Tidak,Tidak,Ya,725245,3,13.494266186628902
Kota Surabaya,Putri,Wonokromo,4.5,Tidak,Ya,Ya,Ya,Tidak,Ya,577825,4,13.267028064271177
Kota Surabaya,Putri,Wonocolo,0.0,Ya,Ya,Ya,Tidak,Ya,Ya,1125000,5,13.933294482509151
Kota Surabaya,Campur,Sawahan,0.0,Ya,Ya,Ya,Ya,Tidak,Ya,1757500,5,14.379403471656838
Kota Surabaya,Putri,Gubeng,0.0,Ya,Ya,Ya,Ya,Tidak,Ya,1375000,5,14.13396501635527
Kota Surabaya,Putri,Gubeng,0.0,Ya,Ya,Ya,Ya,Tidak,Ya,1105000,5,13.915356797910956
Kota Surabaya,Putri,Gubeng,0.0,Ya,Tidak,Ya,Ya,Tidak,Ya,1420000,4,14.166168133802548
Kota Surabaya,Putri,Gubeng,0.0,Tidak,Tidak,Ya,Ya,Tidak,Ya,1060000,3,13.87378040948403
Kota Surabaya,Putri,Gubeng,3.6,Ya,Tidak,Ya,Ya,Ya,Ya,1600000,5,14.285514812209815
Kota Surabaya,Putri,Gubeng,5.0,Ya,Tidak,Ya,Tidak,Ya,Ya,1566000,4,14.264035794102286
Kota Surabaya,Putri,Gubeng,4.8,Tidak,Tidak,Ya,Tidak,Tidak,Ya,899000,2,13.70903942580019
Kota Surabaya,Campur,Tenggilis Mejoyo,0.0,Ya,Ya,Ya,Ya,Ya,Ya,1675000,6,14.331324320256051
Kota Surabaya,Putri,Wonocolo,0.0,Ya,Ya,Ya,Tidak,Ya,Ya,1400000,5,14.151983508870947
Kota Surabaya,Putri,Gubeng,4.8,Ya,Ya,Ya,Ya,Tidak,Ya,1183000,5,13.983564988268704
Kota Surabaya,Putra,Gubeng,4.6,Tidak,Ya,Ya,Ya,Tidak,Tidak,763500,3,13.545669713397661
Kota Surabaya,Campur,Tenggilis Mejoyo,0.0,Ya,Ya,Ya,Ya,Ya,Ya,1635000,6,14.3071539739341
Kota Surabaya,Putri,Gubeng,4.6,Ya,Tidak,Ya,Ya,Ya,Ya,1615000,5,14.29484613383375
Kota Surabaya,Putra,Sawahan,0.0,Ya,Tidak,Ya,Ya,Ya,Ya,1645000,5,14.31325155008416
Kota Surabaya,Putri,Gubeng,0.0,Ya,Ya,Ya,Ya,Tidak,Ya,1500000,5,14.220976332738882
Kota Surabaya,Putri,Tegalsari,0.0,Ya,Tidak,Ya,Ya,Tidak,Ya,1060668,4,13.874410399083633
Kota Surabaya,Putra,Wiyung,0.0,Ya,Ya,Ya,Ya,Ya,Ya,1825000,6,14.417091092943783
Kota Surabaya,Putri,Tegalsari,3.9,Ya,Tidak,Ya,Ya,Tidak,Ya,909144,4,13.720259876389894
Kota Surabaya,Putri,Gubeng,4.8,Ya,Tidak,Ya,Ya,Ya,Ya,1874000,5,14.443586275398292
Kota Surabaya,Putra,Gayungan,0.0,Tidak,Ya,Ya,Tidak,Tidak,Ya,650000,3,13.384729180332174
Kota Surabaya,Campur,Gubeng,4.5,Ya,Ya,Ya,Ya,Ya,Ya,1700000,6,14.346139397261565
Kota Surabaya,Putri,Kecamatan Tegalsari,0.0,Ya,Ya,Ya,Ya,Ya,Ya,1500000,6,14.220976332738882
Kota Surabaya,Campur,Wonocolo,4.9,Ya,Ya,Ya,Ya,Ya,Ya,1625000,6,14.301018989130402
Kota Surabaya,Putri,Sawahan,0.0,Ya,Tidak,Ya,Ya,Ya,Ya,1700000,5,14.346139397261565
Kota Surabaya,Campur,Wonokromo,0.0,Ya,Ya,Ya,Ya,Ya,Ya,1600000,6,14.285514812209815
Kota Surabaya,Campur,Gubeng,4.4,Ya,Ya,Ya,Ya,Ya,Ya,1350000,6,14.115615891155079
Kota Surabaya,Campur,Wonocolo,4.9,Ya,Ya,Ya,Ya,Ya,Ya,1775000,6,14.389311544271775
Kota Surabaya,Putri,Gubeng,5.0,Ya,Ya,Ya,Ya,Ya,Ya,1525000,6,14.23750562376114
Kota Surabaya,Campur,Wonokromo,0.0,Ya,Tidak,Ya,Ya,Ya,Ya,1600000,5,14.285514812209815
Kota Surabaya,Putra,Gubeng,0.0,Ya,Ya,Ya,Ya,Ya,Ya,1500000,6,14.220976332738882
Kota Surabaya,Putra,Suko Manunggal,4.4,Ya,Ya,Ya,Ya,Ya,Ya,1500000,6,14.220976332738882
Kota Surabaya,Putri,Gubeng,0.0,Tidak,Ya,Ya,Tidak,Tidak,Ya,850000,3,13.652992804936396
Kota Surabaya,Putri,Tenggilis Mejoyo,4.8,Ya,Ya,Ya,Ya,Tidak,Ya,945000,5,13.758941264676379
Kota Surabaya,Putri,Kecamatan Wonokromo,0.0,Tidak,Ya,Ya,Tidak,Tidak,Ya,750000,3,13.527829818844937
Kota Surabaya,Putri,Kecamatan Wonokromo,0.0,Ya,Tidak,Ya,Ya,Ya,Ya,1850000,5,14.430696737594902
Kota Surabaya,Putri,Tenggilis Mejoyo,4.0,Ya,Ya,Ya,Ya,Tidak,Ya,1155000,5,13.959611767738522
Kota Surabaya,Putri,Wonokromo,5.0,Tidak,Ya,Ya,Ya,Tidak,Ya,1400000,4,14.151983508870947
Kota Surabaya,Putra,Karang Pilang,0.0,Ya,Tidak,Ya,Ya,Ya,Ya,1500000,5,14.220976332738882
Kota Surabaya,Putra,Kecamatan Wonokromo,0.0,Tidak,Ya,Ya,Tidak,Tidak,Ya,750000,3,13.527829818844937
Kota Surabaya,Putra,Tenggilis Mejoyo,5.0,Ya,Ya,Ya,Ya,Ya,Ya,1700000,6,14.346139397261565
Kota Surabaya,Putri,Tenggilis Mejoyo,4.9,Ya,Ya,Ya,Ya,Tidak,Ya,1015000,5,13.830400155679214
Kota Surabaya,Putri,Gubeng,0.0,Ya,Tidak,Ya,Ya,Ya,Ya,1800000,5,14.403297778421795
Kota Surabaya,Campur,Tegalsari,5.0,Ya,Ya,Ya,Tidak,Tidak,Ya,1400000,4,14.151983508870947
Kota Surabaya,Putri,Kecamatan Wonocolo,0.0,Ya,Ya,Ya,Tidak,Tidak,Ya,1400000,4,14.151983508870947
Kota Surabaya,Putra,Kecamatan Wonokromo,0.0,Ya,Tidak,Ya,Ya,Ya,Ya,1850000,5,14.430696737594902
Kota Surabaya,Putri,Gubeng,4.9,Ya,Ya,Ya,Ya,Ya,Ya,1655000,6,14.319312171022725
Kota Surabaya,Putra,Sawahan,0.0,Ya,Ya,Ya,Ya,Tidak,Ya,1450000,5,14.187074804051692
Kota Surabaya,Putri,Kecamatan Sawahan,0.0,Ya,Ya,Ya,Ya,Ya,Ya,1500000,6,14.220976332738882
Kota Surabaya,Putra,Sawahan,0.0,Ya,Tidak,Ya,Ya,Ya,Ya,1400000,5,14.151983508870947
Kota Surabaya,Campur,Wonokromo,0.0,Tidak,Ya,Ya,Tidak,Tidak,Ya,700000,3,13.45883704259595
Kota Surabaya,Putri,Wonocolo,0.0,Ya,Tidak,Ya,Ya,Ya,Ya,1700000,5,14.346139397261565
Kota Surabaya,Campur,Kecamatan Dukuhpakis,0.0,Ya,Ya,Ya,Ya,Ya,Tidak,1500000,5,14.220976332738882
Kota Surabaya,Putri,Kecamatan Dukuhpakis,0.0,Ya,Tidak,Ya,Ya,Ya,Ya,1600000,5,14.285514812209815
Kota Surabaya,Putri,Wonocolo,0.0,Ya,Tidak,Ya,Ya,Tidak,Ya,1500000,4,14.220976332738882
Kota Surabaya,Putra,Jambangan,0.0,Ya,Tidak,Ya,Ya,Ya,Ya,1800000,5,14.403297778421795
Kota Surabaya,Putri,Rungkut,0.0,Tidak,Ya,Ya,Tidak,Tidak,Ya,650000,3,13.384729180332174
Kota Surabaya,Campur,Gubeng,3.4,Ya,Ya,Ya,Ya,Ya,Ya,1800000,6,14.403297778421795
Kota Surabaya,Putri,Kecamatan Gubeng,0.0,Tidak,Ya,Ya,Tidak,Tidak,Ya,1100000,3,13.910821646859095
Kota Surabaya,Putri,Kecamatan Gubeng,0.0,Ya,Ya,Ya,Ya,Ya,Ya,1400000,6,14.151983508870947
Kota Surabaya,Putri,Gubeng,0.0,Ya,Ya,Ya,Ya,Ya,Ya,1600000,6,14.285514812209815
Kota Surabaya,Putra,Kecamatan Tenggilis Mejoyo,4.9,Ya,Ya,Ya,Ya,Ya,Ya,1500000,6,14.220976332738882
Kota Surabaya,Campur,Dukuh Pakis,0.0,Tidak,Tidak,Ya,Ya,Ya,Tidak,950000,3,13.76421831620775
Kota Surabaya,Campur,Jambangan,0.0,Ya,Ya,Ya,Tidak,Ya,Ya,1500000,5,14.220976332738882
Kota Surabaya,Putra,Kecamatan Gubeng,5.0,Ya,Ya,Ya,Ya,Ya,Ya,1750000,6,14.375126917328105
Kota Surabaya,Putri,Sawahan,3.0,Tidak,Ya,Ya,Ya,Ya,Tidak,750000,4,13.527829818844937
Kota Surabaya,Putri,Wonocolo,0.0,Ya,Tidak,Ya,Ya,Ya,Ya,1500000,5,14.220976332738882
Kota Surabaya,Putri,Gubeng,4.1,Ya,Tidak,Ya,Tidak,Tidak,Ya,1200000,3,13.997832948091215
Kota Surabaya,Campur,Kecamatan Gubeng,0.0,Ya,Ya,Ya,Ya,Ya,Ya,1800000,6,14.403297778421795
Kota Surabaya,Putri,Wonocolo,0.0,Ya,Ya,Ya,Ya,Tidak,Ya,1400000,5,14.151983508870947
Kota Surabaya,Putri,Kecamatan Tegalsari,0.0,Ya,Tidak,Ya,Ya,Ya,Ya,1650000,5,14.316286451937186
Kota Surabaya,Campur,Tegalsari,0.0,Tidak,Ya,Ya,Tidak,Ya,Ya,910000,4,13.721200977393528
Kota Surabaya,Putra,Kecamatan Tenggilis Mejoyo,0.0,Ya,Tidak,Ya,Ya,Tidak,Ya,1000000,4,13.815511557963774
Kota Surabaya,Putri,Sawahan,0.0,Ya,Ya,Ya,Ya,Ya,Ya,1800000,6,14.403297778421795
Kota Surabaya,Putri,Karang Pilang,0.0,Ya,Tidak,Ya,Ya,Ya,Ya,1500000,5,14.220976332738882
Kota Surabaya,Putri,Wonokromo,0.0,Tidak,Ya,Ya,Ya,Tidak,Ya,800000,4,13.592368256649284
Kota Surabaya,Campur,Dukuh Pakis,0.0,Ya,Ya,Ya,Ya,Ya,Ya,1800000,6,14.403297778421795
Kota Surabaya,Campur,Wonocolo,0.0,Ya,Ya,Ya,Ya,Ya,Ya,1700000,6,14.346139397261565
Kota Surabaya,Campur,Wonocolo,0.0,Ya,Tidak,Tidak,Ya,Tidak,Ya,1500000,3,14.220976332738882
Kota Surabaya,Putri,Gayungan,5.0,Ya,Ya,Ya,Ya,Ya,Ya,650000,6,13.384729180332174
Kota Surabaya,Putri,Gubeng,0.0,Tidak,Ya,Ya,Ya,Ya,Ya,957000,5,13.771559715366624
Kota Surabaya,Campur,Kecamatan Tenggilis Mejoyo,0.0,Ya,Ya,Ya,Ya,Ya,Ya,1350000,6,14.115615891155079
Kota Surabaya,Putri,Gubeng,0.0,Tidak,Ya,Ya,Tidak,Tidak,Ya,750000,3,13.527829818844937
Kota Surabaya,Campur,Sawahan,0.0,Ya,Ya,Ya,Ya,Ya,Ya,1500000,6,14.220976332738882
Kota Surabaya,Campur,Dukuh Pakis,0.0,Ya,Ya,Ya,Ya,Ya,Ya,1750000,6,14.375126917328105
Kota Surabaya,Campur,Kecamatan Tenggilis Mejoyo,0.0,Ya,Ya,Ya,Ya,Ya,Ya,1000000,6,13.815511557963774
Kota Surabaya,Putri,Wonocolo,0.0,Ya,Ya,Ya,Ya,Ya,Ya,1600000,6,14.285514812209815
Kota Surabaya,Campur,Gubeng,0.0,Ya,Ya,Ya,Ya,Tidak,Ya,1400000,5,14.151983508870947
Kota Surabaya,Putri,Tambaksari,4.6,Ya,Ya,Ya,Ya,Ya,Ya,1700000,6,14.346139397261565
Kota Surabaya,Putra,Wonokromo,0.0,Ya,Ya,Ya,Ya,Ya,Ya,1500000,6,14.220976332738882
Kota Surabaya,Putri,Kecamatan Sawahan,0.0,Ya,Ya,Ya,Ya,Ya,Ya,1650000,6,14.316286451937186
Kota Surabaya,Campur,Sawahan,4.8,Ya,Tidak,Ya,Ya,Ya,Ya,1200000,5,13.997832948091215
Kota Surabaya,Campur,Wonokromo,0.0,Ya,Ya,Ya,Ya,Ya,Ya,1100000,6,13.910821646859095
Kota Surabaya,Putri,Gubeng,0.0,Ya,Ya,Ya,Ya,Ya,Ya,1600000,6,14.285514812209815
Kota Surabaya,Putri,Kecamatan Gubeng,0.0,Tidak,Tidak,Ya,Tidak,Ya,Ya,750000,3,13.527829818844937
Kota Surabaya,Campur,Kecamatan Dukuhpakis,0.0,Ya,Ya,Ya,Ya,Ya,Ya,1800000,6,14.403297778421795
Kota Surabaya,Putri,Wonokromo,0.0,Tidak,Ya,Ya,Tidak,Ya,Ya,1000000,4,13.815511557963774
Kota Surabaya,Campur,Gubeng,5.0,Ya,Ya,Tidak,Ya,Ya,Tidak,1400000,4,14.151983508870947
Kota Surabaya,Putri,Wonocolo,0.0,Ya,Ya,Ya,Ya,Ya,Ya,1600000,6,14.285514812209815
Kota Surabaya,Putri,Kecamatan Gubeng,0.0,Ya,Ya,Ya,Ya,Ya,Ya,1850000,6,14.430696737594902
Kota Surabaya,Putra,Kecamatan Gubeng,5.0,Ya,Ya,Ya,Ya,Ya,Ya,1850000,6,14.430696737594902
Kota Surabaya,Putri,Kecamatan Gubeng,0.0,Ya,Ya,Ya,Ya,Ya,Ya,1100000,6,13.910821646859095
Kota Surabaya,Putri,Genteng,4.9,Ya,Ya,Ya,Ya,Ya,Ya,1300000,6,14.077875591662238
Kota Surabaya,Putra,Sawahan,0.0,Ya,Tidak,Ya,Ya,Ya,Ya,1600000,5,14.285514812209815
Kota Surabaya,Campur,Wonokromo,0.0,Ya,Ya,Ya,Ya,Ya,Ya,1500000,6,14.220976332738882
Kota Surabaya,Putri,Dukuh Pakis,4.9,Ya,Tidak,Ya,Tidak,Ya,Ya,1500000,4,14.220976332738882
Kota Surabaya,Putri,Kecamatan Tambaksari,4.5,Tidak,Ya,Ya,Ya,Tidak,Ya,550000,4,13.217675375388819
Kota Surabaya,Campur,Wonokromo,0.0,Tidak,Tidak,Ya,Ya,Ya,Ya,800000,4,13.592368256649284
Kota Surabaya,Campur,Kecamatan Sawahan,4.6,Ya,Ya,Ya,Ya,Ya,Ya,1500000,6,14.220976332738882
Kota Surabaya,Putri,Sawahan,0.0,Ya,Tidak,Ya,Ya,Ya,Ya,1450000,5,14.187074804051692
Kota Surabaya,Putri,Dukuh Pakis,0.0,Ya,Ya,Ya,Ya,Ya,Ya,1400000,6,14.151983508870947
Kota Surabaya,Putri,Wonocolo,0.0,Tidak,Ya,Ya,Tidak,Tidak,Ya,1600000,3,14.285514812209815
Kota Surabaya,Campur,Wonocolo,0.0,Ya,Ya,Ya,Ya,Ya,Ya,1500000,6,14.220976332738882
Kota Surabaya,Campur,Kecamatan Wonocolo,0.0,Ya,Ya,Ya,Ya,Tidak,Ya,1500000,5,14.220976332738882
Kota Surabaya,Putra,Kecamatan Tenggilis Mejoyo,0.0,Ya,Tidak,Ya,Tidak,Tidak,Ya,1000000,3,13.815511557963774
Kota Surabaya,Putri,Wonocolo,0.0,Tidak,Ya,Ya,Ya,Tidak,Ya,1000000,4,13.815511557963774
Kota Surabaya,Putra,Sawahan,0.0,Ya,Ya,Ya,Ya,Tidak,Ya,1200000,5,13.997832948091215
Kota Surabaya,Putra,Tenggilis Mejoyo,4.8,Ya,Tidak,Ya,Tidak,Tidak,Ya,1000000,3,13.815511557963774
Kota Surabaya,Putri,Gubeng,0.0,Tidak,Tidak,Ya,Tidak,Tidak,Tidak,900000,1,13.710151153416941
Kota Surabaya,Putri,Kecamatan Tegalsari,3.8,Ya,Tidak,Tidak,Ya,Ya,Ya,1650000,4,14.316286451937186
Kota Surabaya,Campur,Genteng,0.0,Ya,Tidak,Ya,Ya,Tidak,Tidak,1752000,3,14.376269121254566
Kota Surabaya,Campur,Kecamatan Wonokromo,0.0,Ya,Ya,Ya,Tidak,Ya,Ya,1600000,5,14.285514812209815
Kota Surabaya,Campur,Kecamatan Tegalsari,0.0,Tidak,Ya,Tidak,Ya,Tidak,Ya,800000,3,13.592368256649284
Kota Surabaya,Campur,Kecamatan Gubeng,0.0,Ya,Tidak,Ya,Tidak,Tidak,Tidak,1400000,2,14.151983508870947
Kota Surabaya,Putri,Kecamatan Wonokromo,0.0,Ya,Ya,Ya,Ya,Ya,Ya,1700000,6,14.346139397261565
Kota Surabaya,Campur,Dukuh Pakis,0.0,Tidak,Ya,Ya,Ya,Tidak,Ya,1400000,4,14.151983508870947
Kota Surabaya,Putri,Kecamatan Tegalsari,0.0,Ya,Tidak,Ya,Ya,Tidak,Ya,1400000,4,14.151983508870947
Kota Surabaya,Campur,Gubeng,0.0,Ya,Ya,Ya,Ya,Ya,Ya,1750000,6,14.375126917328105
Kota Surabaya,Campur,Tegalsari,0.0,Tidak,Ya,Tidak,Tidak,Tidak,Tidak,650000,1,13.384729180332174
Kota Surabaya,Putri,Dukuh Pakis,0.0,Tidak,Tidak,Ya,Tidak,Tidak,Ya,800000,2,13.592368256649284
Kota Surabaya,Putri,Gubeng,0.0,Ya,Ya,Ya,Ya,Ya,Ya,1600000,6,14.285514812209815
Kota Surabaya,Campur,Dukuh Pakis,0.0,Ya,Ya,Ya,Ya,Tidak,Ya,1400000,5,14.151983508870947
Kota Surabaya,Putri,Gubeng,0.0,Ya,Tidak,Ya,Tidak,Ya,Ya,1500000,4,14.220976332738882
Kota Surabaya,Putri,Wonokromo,0.0,Tidak,Tidak,Ya,Ya,Tidak,Tidak,600000,2,13.304686600863562
Kota Surabaya,Putri,Kecamatan Sawahan,0.0,Ya,Ya,Ya,Ya,Ya,Ya,1250000,6,14.038654909278163
Kota Surabaya,Putri,Kecamatan Gubeng,0.0,Ya,Tidak,Ya,Ya,Ya,Ya,1600000,5,14.285514812209815
Kota Surabaya,Campur,Karang Pilang,0.0,Tidak,Ya,Tidak,Tidak,Tidak,Tidak,300000,1,12.611541086966115
Kota Surabaya,Campur,Gubeng,0.0,Ya,Tidak,Ya,Ya,Ya,Ya,1750000,5,14.375126917328105
Kota Surabaya,Putri,Gubeng,0.0,Tidak,Ya,Tidak,Tidak,Tidak,Tidak,700000,1,13.45883704259595
Kota Surabaya,Campur,Kecamatan Tenggilis Mejoyo,0.0,Tidak,Tidak,Tidak,Tidak,Ya,Tidak,1000000,1,13.815511557963774
Kota Surabaya,Campur,Sawahan,5.0,Tidak,Tidak,Ya,Tidak,Ya,Ya,650000,3,13.384729180332174
Kota Surabaya,Putra,Kecamatan Dukuhpakis,0.0,Tidak,Ya,Ya,Ya,Tidak,Ya,650000,4,13.384729180332174
Kota Surabaya,Campur,Kecamatan Dukuhpakis,0.0,Ya,Tidak,Ya,Ya,Tidak,Tidak,1600000,3,14.285514812209815
Kota Surabaya,Campur,Kecamatan Sawahan,0.0,Tidak,Ya,Tidak,Tidak,Tidak,Tidak,500000,1,13.122365377402328
Kota Surabaya,Putri,Kecamatan Gubeng,0.0,Tidak,Ya,Ya,Ya,Ya,Ya,1600000,5,14.285514812209815
Kota Surabaya,Campur,Wonocolo,0.0,Ya,Tidak,Ya,Ya,Ya,Ya,1700000,5,14.346139397261565
Kota Surabaya,Putri,Kecamatan Wonokromo,0.0,Ya,Ya,Ya,Ya,Ya,Ya,1300000,6,14.077875591662238
Kota Surabaya,Campur,Kecamatan Dukuhpakis,0.0,Tidak,Ya,Ya,Ya,Ya,Ya,1600000,5,14.285514812209815
Kota Surabaya,Campur,Kecamatan Tenggilis Mejoyo,0.0,Ya,Ya,Ya,Ya,Ya,Ya,1750000,6,14.375126917328105
Kota Surabaya,Putra,Jambangan,0.0,Ya,Ya,Ya,Ya,Ya,Ya,1600000,6,14.285514812209815
Kota Surabaya,Campur,Gubeng,0.0,Ya,Tidak,Ya,Ya,Ya,Ya,1800000,5,14.403297778421795
Kota Surabaya,Putri,Kecamatan Tenggilis Mejoyo,0.0,Tidak,Ya,Ya,Tidak,Tidak,Ya,575000,3,13.26212705890841
Kota Surabaya,Putra,Gubeng,0.0,Ya,Tidak,Ya,Ya,Ya,Ya,1500000,5,14.220976332738882
Kota Surabaya,Putri,Gubeng,0.0,Tidak,Tidak,Ya,Ya,Tidak,Ya,840000,3,13.641158361294979
Kota Surabaya,Putra,Gubeng,0.0,Ya,Ya,Ya,Ya,Tidak,Ya,1500000,5,14.220976332738882
Kota Surabaya,Putri,Gubeng,0.0,Ya,Tidak,Ya,Tidak,Ya,Ya,1500000,4,14.220976332738882
Kota Surabaya,Putri,Kecamatan Gubeng,0.0,Ya,Ya,Ya,Ya,Ya,Ya,1600000,6,14.285514812209815
Kota Surabaya,Putri,Gubeng,0.0,Ya,Ya,Ya,Tidak,Tidak,Ya,1250000,4,14.038654909278163
Kota Surabaya,Putra,Kecamatan Gubeng,0.0,Ya,Ya,Ya,Ya,Tidak,Ya,1700000,5,14.346139397261565
Kota Surabaya,Putra,Kecamatan Sawahan,0.0,Tidak,Ya,Ya,Ya,Ya,Ya,1700000,5,14.346139397261565
Kota Surabaya,Putri,Gubeng,0.0,Ya,Tidak,Ya,Ya,Ya,Ya,1500000,5,14.220976332738882
Kota Surabaya,Campur,Sawahan,0.0,Tidak,Ya,Ya,Ya,Ya,Tidak,1000000,4,13.815511557963774
Kota Surabaya,Putri,Kecamatan Wonokromo,0.0,Ya,Ya,Ya,Tidak,Ya,Ya,1300000,5,14.077875591662238
Kota Surabaya,Putri,Tenggilis Mejoyo,0.0,Ya,Ya,Ya,Ya,Ya,Ya,1550000,6,14.253766134056512
Kota Surabaya,Putri,Tenggilis Mejoyo,0.0,Ya,Ya,Ya,Ya,Ya,Ya,1750000,6,14.375126917328105
Kota Surabaya,Putri,Tegalsari,0.0,Ya,Ya,Ya,Tidak,Ya,Ya,1800000,5,14.403297778421795
