wilayah,jenis,kecamatan,rating,ac,akses_24_jam,kasur,kloset_duduk,kamar_mandi_dalam,wifi,harga
Kabupaten Bangkalan,Campur,Bangkalan,0.0,Ya,Tidak,Ya,Tidak,Ya,Ya,800000
Kabupaten Bangkalan,Putra,Kecamatan Bangkalan,4.0,Ya,Tidak,Ya,Ya,Ya,Ya,1200000
Kabupaten Bangkalan,Putra,Bangkalan,0.0,Tidak,Tidak,Ya,Tidak,Ya,Tidak,550000
Kabupaten Bangkalan,Putri,Bangkalan,0.0,Tidak,Ya,Ya,Tidak,Ya,Tidak,500000
Kabupaten Bangkalan,Campur,Kecamatan Bangkalan,0.0,Ya,Ya,Ya,Tidak,Ya,Ya,1200000
Kabupaten Bangkalan,Putra,Kecamatan Bangkalan,0.0,Tidak,Ya,Ya,Tidak,Ya,Tidak,500000
Kabupaten Bangkalan,Campur,Bangkalan,0.0,Tidak,Ya,Tidak,Tidak,Ya,Tidak,500000
Kabupaten Bangkalan,Putra,Bangkalan,0.0,Tidak,Ya,Ya,Tidak,Tidak,Tidak,400000
Kabupaten Bangkalan,Campur,Kecamatan Bangkalan,0.0,Tidak,Tidak,Ya,Tidak,Tidak,Tidak,600000
Kabupaten Bangkalan,Campur,Burneh,0.0,Tidak,Ya,Ya,Tidak,Ya,Ya,600000
Kabupaten Bangkalan,Campur,Kecamatan Bangkalan,0.0,Ya,Tidak,Ya,Ya,Ya,Ya,1500000
Kabupaten Bangkalan,Campur,Bangkalan,4.6,Tidak,Ya,Ya,Ya,Ya,Tidak,500000
Kabupaten Bangkalan,Campur,Bangkalan,0.0,Ya,Ya,Ya,Tidak,Ya,Ya,1000000
Kabupaten Bangkalan,Campur,Kecamatan Bangkalan,0.0,Tidak,Ya,Ya,Ya,Ya,Ya,500000
Kabupaten Bangkalan,Putri,Kecamatan Bangkalan,0.0,Tidak,Tidak,Ya,Tidak,Tidak,Tidak,300000
Kabupaten Bangkalan,Campur,Kecamatan Bangkalan,0.0,Tidak,Ya,Ya,Ya,Tidak,Tidak,500000
Kabupaten Bangkalan,Campur,Bangkalan,0.0,Ya,Ya,Ya,Ya,Ya,Tidak,1000000
Kabupaten Bangkalan,Campur,Kecamatan Bangkalan,0.0,Tidak,Tidak,Tidak,Tidak,Tidak,Tidak,500000
Kabupaten Bangkalan,Putri,Bangkalan,0.0,Tidak,Ya,Ya,Ya,Tidak,Ya,500000
Kabupaten Bangkalan,Campur,Kecamatan Bangkalan,0.0,Tidak,Ya,Ya,Ya,Tidak,Ya,300000
Kabupaten Bangkalan,Campur,Bangkalan,5.0,Tidak,Ya,Ya,Tidak,Ya,Ya,450000
Kabupaten Bangkalan,Campur,Bangkalan,0.0,Ya,Ya,Ya,Tidak,Ya,Ya,800000
Kabupaten Bangkalan,Campur,Kecamatan Bangkalan,5.0,Tidak,Ya,Ya,Tidak,Ya,Ya,700000
Kabupaten Bangkalan,Campur,Bangkalan,0.0,Tidak,Ya,Ya,Ya,Ya,Ya,750000
Kabupaten Banyuwangi,Campur,Kecamatan Banyuwangi,0.0,Ya,Tidak,Ya,Ya,Ya,Ya,1350000
Kabupaten Banyuwangi,Putra,Banyuwangi,0.0,Ya,Ya,Ya,Ya,Ya,Ya,1300000
Kabupaten Banyuwangi,Putra,Banyuwangi,0.0,Tidak,Tidak,Ya,Tidak,Tidak,Ya,300000
Kabupaten Banyuwangi,Putra,Kecamatan Banyuwangi,0.0,Ya,Ya,Ya,Ya,Ya,Ya,1200000
Kabupaten Banyuwangi,Campur,Kecamatan Banyuwangi,0.0,Tidak,Ya,Ya,Tidak,Ya,Ya,600000
Kabupaten Banyuwangi,Campur,Banyuwangi,0.0,Tidak,Ya,Ya,Tidak,Ya,Ya,650000
Kabupaten Banyuwangi,Putri,Banyuwangi,0.0,Tidak,Ya,Ya,Ya,Ya,Ya,550000
Kabupaten Banyuwangi,Campur,Banyuwangi,0.0,Ya,Ya,Ya,Ya,Ya,Ya,1100000
Kabupaten Banyuwangi,Campur,Glagah,0.0,Tidak,Ya,Ya,Ya,Ya,Ya,1000000
Kabupaten Banyuwangi,Campur,Kecamatan Banyuwangi,5.0,Tidak,Ya,Ya,Tidak,Ya,Ya,550000
Kabupaten Banyuwangi,Campur,Kecamatan Banyuwangi,5.0,Ya,Tidak,Ya,Ya,Ya,Ya,1200000
Kabupaten Banyuwangi,Campur,Kecamatan Banyuwangi,0.0,Tidak,Tidak,Ya,Ya,Ya,Ya,700000
Kabupaten Banyuwangi,Campur,Kecamatan Banyuwangi,0.0,Ya,Tidak,Ya,Ya,Ya,Ya,1100000
Kabupaten Banyuwangi,Putra,Banyuwangi,0.0,Tidak,Ya,Ya,Tidak,Tidak,Tidak,600000
Kabupaten Banyuwangi,Campur,Banyuwangi,0.0,Ya,Ya,Ya,Ya,Ya,Ya,1000000
Kabupaten Banyuwangi,Campur,Banyuwangi,5.0,Tidak,Ya,Ya,Tidak,Ya,Ya,660000
Kabupaten Banyuwangi,Putri,Giri,0.0,Ya,Ya,Ya,Ya,Ya,Ya,1000000
Kabupaten Banyuwangi,Putra,Banyuwangi,0.0,Ya,Tidak,Ya,Ya,Ya,Ya,1250000
Kabupaten Banyuwangi,Putra,Banyuwangi,0.0,Ya,Ya,Ya,Ya,Ya,Ya,1000000
Kabupaten Banyuwangi,Campur,Banyuwangi,0.0,Ya,Tidak,Ya,Ya,Ya,Ya,1000000
Kabupaten Banyuwangi,Putra,Banyuwangi,0.0,Tidak,Ya,Ya,Tidak,Ya,Ya,500000
Kabupaten Banyuwangi,Campur,Kecamatan Banyuwangi,0.0,Tidak,Ya,Ya,Tidak,Ya,Ya,500000
Kabupaten Banyuwangi,Putri,Glagah,5.0,Ya,Ya,Ya,Ya,Ya,Ya,1000000
Kabupaten Banyuwangi,Putri,Kecamatan Banyuwangi,0.0,Ya,Tidak,Ya,Ya,Ya,Ya,1500000
Kabupaten Banyuwangi,Putri,Kecamatan Banyuwangi,0.0,Tidak,Tidak,Ya,Ya,Ya,Ya,500000
Kabupaten Banyuwangi,Putri,Banyuwangi,0.0,Tidak,Tidak,Ya,Tidak,Ya,Ya,550000
Kabupaten Banyuwangi,Putri,Kecamatan Banyuwangi,0.0,Ya,Tidak,Ya,Ya,Ya,Ya,800000
Kabupaten Banyuwangi,Putri,Banyuwangi,0.0,Tidak,Tidak,Ya,Tidak,Ya,Ya,500000
Kabupaten Banyuwangi,Putri,Kecamatan Banyuwangi,0.0,Ya,Ya,Ya,Ya,Ya,Ya,1500000
Kabupaten Banyuwangi,Putri,Banyuwangi,5.0,Ya,Tidak,Ya,Ya,Tidak,Ya,800000
Kabupaten Banyuwangi,Putra,Banyuwangi,5.0,Ya,Ya,Ya,Ya,Ya,Ya,1250000
Kabupaten Banyuwangi,Putra,Banyuwangi,0.0,Tidak,Ya,Tidak,Ya,Tidak,Ya,350000
Kabupaten Banyuwangi,Putri,Kecamatan Banyuwangi,0.0,Ya,Tidak,Ya,Ya,Ya,Ya,850000
Kabupaten Banyuwangi,Putri,Kecamatan Banyuwangi,0.0,Ya,Tidak,Ya,Ya,Ya,Ya,1100000
Kabupaten Banyuwangi,Putra,Kecamatan Banyuwangi,0.0,Ya,Ya,Ya,Ya,Ya,Ya,1250000
Kabupaten Banyuwangi,Putri,Kecamatan Banyuwangi,0.0,Tidak,Tidak,Ya,Tidak,Ya,Ya,500000
Kabupaten Banyuwangi,Putri,Kecamatan Banyuwangi,0.0,Tidak,Tidak,Ya,Tidak,Ya,Ya,500000
Kabupaten Banyuwangi,Putra,Banyuwangi,0.0,Ya,Tidak,Ya,Ya,Ya,Ya,1200000
Kabupaten Banyuwangi,Campur,Banyuwangi,0.0,Tidak,Ya,Tidak,Ya,Ya,Tidak,600000
Kabupaten Banyuwangi,Putra,Banyuwangi,0.0,Tidak,Ya,Ya,Tidak,Ya,Ya,400000
Kabupaten Banyuwangi,Campur,Banyuwangi,0.0,Ya,Ya,Ya,Tidak,Ya,Ya,1000000
Kabupaten Banyuwangi,Campur,Kecamatan Banyuwangi,0.0,Tidak,Ya,Tidak,Tidak,Tidak,Tidak,500000
Kabupaten Banyuwangi,Putra,Kecamatan Banyuwangi,0.0,Ya,Ya,Ya,Ya,Ya,Ya,1250000
Kabupaten Banyuwangi,Putri,Banyuwangi,0.0,Ya,Ya,Ya,Ya,Ya,Tidak,1300000
Kabupaten Banyuwangi,Campur,Glagah,0.0,Tidak,Tidak,Tidak,Ya,Ya,Ya,1000000
Kabupaten Banyuwangi,Putra,Giri,0.0,Tidak,Ya,Ya,Ya,Tidak,Ya,300000
Kabupaten Banyuwangi,Campur,Kecamatan Banyuwangi,0.0,Tidak,Tidak,Ya,Ya,Ya,Ya,400000
Kabupaten Banyuwangi,Putri,Kecamatan Banyuwangi,0.0,Ya,Tidak,Ya,Ya,Ya,Ya,1000000
Kabupaten Banyuwangi,Campur,Banyuwangi,0.0,Tidak,Ya,Ya,Ya,Tidak,Ya,1500000
Kabupaten Banyuwangi,Campur,Banyuwangi,0.0,Ya,Ya,Ya,Ya,Ya,Ya,1000000
Kabupaten Banyuwangi,Putri,Kecamatan Glagah,0.0,Tidak,Tidak,Ya,Ya,Ya,Ya,700000
Kabupaten Banyuwangi,Campur,Kecamatan Banyuwangi,0.0,Tidak,Tidak,Ya,Ya,Ya,Ya,500000
Kabupaten Banyuwangi,Putra,Kecamatan Banyuwangi,0.0,Tidak,Tidak,Ya,Tidak,Tidak,Ya,550000
Kabupaten Banyuwangi,Campur,Kecamatan Banyuwangi,0.0,Tidak,Ya,Tidak,Ya,Ya,Ya,600000
Kabupaten Banyuwangi,Putra,Kecamatan Banyuwangi,0.0,Ya,Ya,Ya,Ya,Ya,Ya,1200000
Kabupaten Banyuwangi,Campur,Kecamatan Banyuwangi,0.0,Tidak,Ya,Ya,Tidak,Tidak,Ya,500000
Kabupaten Banyuwangi,Campur,Kecamatan Banyuwangi,0.0,Ya,Ya,Tidak,Ya,Ya,Ya,1700000
Kabupaten Banyuwangi,Putri,Kecamatan Banyuwangi,0.0,Tidak,Ya,Ya,Tidak,Ya,Ya,600000
Kabupaten Banyuwangi,Putra,Kecamatan Giri,0.0,Ya,Ya,Ya,Ya,Ya,Ya,1500000
Kabupaten Banyuwangi,Campur,Banyuwangi,0.0,Tidak,Tidak,Ya,Ya,Ya,Ya,700000
Kabupaten Banyuwangi,Putri,Glagah,0.0,Tidak,Ya,Ya,Ya,Ya,Ya,800000
Kabupaten Banyuwangi,Campur,Kecamatan Banyuwangi,0.0,Tidak,Ya,Ya,Tidak,Ya,Ya,600000
Kabupaten Banyuwangi,Putra,Banyuwangi,0.0,Ya,Tidak,Ya,Ya,Ya,Ya,1250000
Kabupaten Banyuwangi,Putri,Kecamatan Banyuwangi,0.0,Tidak,Tidak,Ya,Ya,Ya,Ya,500000
Kabupaten Banyuwangi,Campur,Banyuwangi,0.0,Tidak,Ya,Ya,Tidak,Ya,Ya,500000
Kabupaten Banyuwangi,Campur,Banyuwangi,0.0,Ya,Ya,Ya,Ya,Ya,Ya,1400000
Kabupaten Banyuwangi,Campur,Kecamatan Banyuwangi,0.0,Tidak,Tidak,Ya,Tidak,Ya,Ya,600000
Kabupaten Banyuwangi,Putra,Banyuwangi,0.0,Tidak,Tidak,Ya,Ya,Ya,Ya,850000
Kabupaten Banyuwangi,Campur,Kecamatan Banyuwangi,0.0,Ya,Ya,Ya,Ya,Ya,Ya,1500000
Kabupaten Banyuwangi,Putri,Giri,0.0,Tidak,Tidak,Ya,Tidak,Tidak,Ya,500000
Kabupaten Banyuwangi,Campur,Kecamatan Banyuwangi,0.0,Ya,Ya,Ya,Tidak,Ya,Ya,900000
Kabupaten Banyuwangi,Putri,Kecamatan Banyuwangi,0.0,Tidak,Ya,Ya,Tidak,Tidak,Ya,850000
Kabupaten Banyuwangi,Campur,Glagah,0.0,Tidak,Tidak,Ya,Ya,Tidak,Ya,1500000
Kabupaten Banyuwangi,Campur,Banyuwangi,0.0,Ya,Ya,Ya,Ya,Ya,Ya,1175000
Kabupaten Banyuwangi,Campur,Banyuwangi,5.0,Tidak,Ya,Ya,Tidak,Ya,Ya,500000
Kabupaten Banyuwangi,Campur,Banyuwangi,0.0,Ya,Ya,Ya,Ya,Tidak,Ya,975000
Kabupaten Banyuwangi,Putri,Kecamatan Banyuwangi,0.0,Tidak,Tidak,Ya,Ya,Ya,Tidak,500000
Kabupaten Banyuwangi,Putri,Banyuwangi,0.0,Tidak,Ya,Ya,Ya,Ya,Ya,650000
Kabupaten Banyuwangi,Campur,Banyuwangi,0.0,Tidak,Ya,Ya,Ya,Tidak,Ya,600000
Kabupaten Banyuwangi,Campur,Banyuwangi,0.0,Ya,Tidak,Ya,Ya,Ya,Ya,900000
Kabupaten Banyuwangi,Putra,Kecamatan Banyuwangi,0.0,Tidak,Tidak,Ya,Ya,Ya,Ya,700000
Kabupaten Banyuwangi,Putri,Kecamatan Banyuwangi,0.0,Tidak,Ya,Ya,Ya,Tidak,Ya,400000
Kabupaten Banyuwangi,Putra,Banyuwangi,0.0,Tidak,Tidak,Ya,Ya,Ya,Ya,600000
Kabupaten Banyuwangi,Campur,Kecamatan Banyuwangi,0.0,Tidak,Ya,Ya,Ya,Ya,Ya,800000
Kabupaten Banyuwangi,Campur,Glagah,0.0,Ya,Ya,Tidak,Ya,Tidak,Ya,1500000
Kabupaten Banyuwangi,Putri,Kecamatan Banyuwangi,0.0,Tidak,Ya,Ya,Tidak,Tidak,Tidak,400000
Kabupaten Banyuwangi,Putri,Kecamatan Banyuwangi,0.0,Tidak,Ya,Ya,Ya,Ya,Tidak,1000000
Kabupaten Banyuwangi,Putri,Banyuwangi,0.0,Tidak,Tidak,Ya,Tidak,Ya,Tidak,800000
Kabupaten Banyuwangi,Putri,Kecamatan Banyuwangi,0.0,Tidak,Tidak,Tidak,Ya,Tidak,Ya,775000
Kabupaten Banyuwangi,Putra,Kecamatan Banyuwangi,0.0,Ya,Ya,Ya,Ya,Ya,Ya,1300000
Kabupaten Banyuwangi,Putri,Banyuwangi,0.0,Tidak,Tidak,Ya,Tidak,Ya,Ya,600000
Kabupaten Banyuwangi,Putri,Banyuwangi,0.0,Ya,Tidak,Ya,Ya,Ya,Tidak,1500000
Kabupaten Banyuwangi,Putri,Kecamatan Banyuwangi,0.0,Tidak,Ya,Ya,Tidak,Ya,Ya,650000
Kabupaten Banyuwangi,Campur,Banyuwangi,0.0,Ya,Ya,Ya,Tidak,Ya,Ya,900000
Kabupaten Banyuwangi,Putri,Kecamatan Banyuwangi,0.0,Ya,Ya,Ya,Ya,Tidak,Ya,1250000
Kabupaten Banyuwangi,Campur,Banyuwangi,0.0,Ya,Ya,Ya,Ya,Tidak,Ya,1500000
Kabupaten Banyuwangi,Putra,Kecamatan Banyuwangi,0.0,Ya,Ya,Ya,Ya,Ya,Ya,1250000
Kabupaten Banyuwangi,Campur,Kecamatan Banyuwangi,0.0,Ya,Ya,Ya,Tidak,Ya,Ya,500000
Kabupaten Banyuwangi,Putri,Banyuwangi,0.0,Tidak,Ya,Ya,Tidak,Tidak,Tidak,500000
Kabupaten Banyuwangi,Campur,Kecamatan Banyuwangi,0.0,Tidak,Ya,Tidak,Ya,Ya,Ya,500000
Kabupaten Banyuwangi,Putri,Kecamatan Banyuwangi,5.0,Tidak,Tidak,Ya,Ya,Ya,Ya,800000
Kabupaten Banyuwangi,Putri,Kecamatan Giri,0.0,Tidak,Ya,Ya,Tidak,Ya,Ya,650000
Kabupaten Banyuwangi,Putri,Kecamatan Banyuwangi,0.0,Tidak,Tidak,Ya,Ya,Ya,Tidak,500000
Kabupaten Banyuwangi,Campur,Kecamatan Banyuwangi,0.0,Tidak,Ya,Tidak,Ya,Tidak,Tidak,900000
Kabupaten Banyuwangi,Putri,Kecamatan Banyuwangi,0.0,Tidak,Ya,Ya,Tidak,Tidak,Ya,650000
Kabupaten Banyuwangi,Putri,Kecamatan Banyuwangi,0.0,Ya,Ya,Ya,Ya,Ya,Ya,900000
Kabupaten Banyuwangi,Campur,Banyuwangi,0.0,Ya,Ya,Ya,Ya,Ya,Ya,1000000
Kabupaten Banyuwangi,Campur,Banyuwangi,0.0,Ya,Ya,Ya,Ya,Ya,Ya,1250000
Kabupaten Banyuwangi,Campur,Banyuwangi,0.0,Tidak,Ya,Ya,Tidak,Ya,Ya,700000
Kabupaten Banyuwangi,Putri,Banyuwangi,0.0,Tidak,Tidak,Ya,Ya,Tidak,Tidak,250000
Kabupaten Banyuwangi,Putri,Banyuwangi,5.0,Tidak,Ya,Ya,Ya,Ya,Ya,375000
Kabupaten Banyuwangi,Putri,Banyuwangi,0.0,Ya,Tidak,Ya,Tidak,Ya,Ya,1000000
Kabupaten Banyuwangi,Putri,Kecamatan Banyuwangi,0.0,Tidak,Ya,Ya,Ya,Tidak,Ya,400000
Kabupaten Banyuwangi,Campur,Giri,0.0,Tidak,Tidak,Ya,Ya,Ya,Ya,900000
Kabupaten Banyuwangi,Putri,Banyuwangi,0.0,Ya,Tidak,Ya,Tidak,Ya,Ya,900000
Kabupaten Banyuwangi,Putri,Glagah,0.0,Tidak,Tidak,Ya,Tidak,Ya,Ya,650000
Kabupaten Banyuwangi,Putri,Banyuwangi,0.0,Tidak,Ya,Ya,Tidak,Ya,Tidak,400000
Kabupaten Banyuwangi,Campur,Banyuwangi,0.0,Ya,Ya,Ya,Ya,Ya,Ya,1500000
Kabupaten Banyuwangi,Campur,Kecamatan Banyuwangi,0.0,Ya,Ya,Ya,Tidak,Ya,Ya,775000
Kabupaten Banyuwangi,Putri,Kecamatan Banyuwangi,4.6,Tidak,Tidak,Ya,Tidak,Ya,Ya,500000
Kabupaten Banyuwangi,Putra,Kecamatan Banyuwangi,0.0,Tidak,Ya,Ya,Ya,Tidak,Tidak,500000
Kabupaten Banyuwangi,Putri,Banyuwangi,5.0,Tidak,Tidak,Ya,Ya,Tidak,Tidak,300000
Kabupaten Banyuwangi,Putri,Kecamatan Banyuwangi,0.0,Tidak,Tidak,Tidak,Ya,Tidak,Ya,675000
Kabupaten Banyuwangi,Putri,Kecamatan Glagah,0.0,Ya,Ya,Ya,Ya,Ya,Ya,800000
Kabupaten Banyuwangi,Campur,Banyuwangi,5.0,Ya,Ya,Ya,Ya,Ya,Ya,1300000
Kabupaten Banyuwangi,Campur,Banyuwangi,0.0,Ya,Ya,Ya,Ya,Ya,Ya,900000
Kabupaten Banyuwangi,Putri,Banyuwangi,0.0,Tidak,Ya,Ya,Tidak,Tidak,Ya,400000
Kabupaten Banyuwangi,Campur,Kecamatan Banyuwangi,0.0,Ya,Ya,Ya,Ya,Ya,Ya,1800000
Kabupaten Banyuwangi,Putri,Giri,0.0,Tidak,Tidak,Ya,Tidak,Ya,Ya,500000
Kabupaten Banyuwangi,Campur,Kecamatan Banyuwangi,0.0,Tidak,Ya,Ya,Ya,Ya,Ya,600000
Kabupaten Banyuwangi,Campur,Glagah,0.0,Ya,Ya,Ya,Ya,Ya,Ya,800000
Kabupaten Banyuwangi,Campur,Banyuwangi,0.0,Ya,Ya,Ya,Tidak,Ya,Ya,1100000
Kabupaten Banyuwangi,Putri,Kecamatan Banyuwangi,0.0,Ya,Tidak,Ya,Ya,Ya,Ya,1200000
Kabupaten Banyuwangi,Campur,Banyuwangi,0.0,Ya,Ya,Ya,Ya,Ya,Ya,875000
Kabupaten Banyuwangi,Putri,Kecamatan Banyuwangi,0.0,Ya,Tidak,Ya,Ya,Ya,Ya,1200000
Kabupaten Banyuwangi,Putri,Giri,0.0,Ya,Ya,Ya,Ya,Ya,Ya,700000
Kabupaten Banyuwangi,Putri,Banyuwangi,0.0,Tidak,Tidak,Ya,Ya,Tidak,Ya,550000
Kabupaten Banyuwangi,Putri,Kecamatan Banyuwangi,0.0,Tidak,Ya,Ya,Tidak,Ya,Ya,500000
Kabupaten Banyuwangi,Putra,Banyuwangi,0.0,Tidak,Tidak,Ya,Ya,Ya,Ya,350000
Kabupaten Banyuwangi,Putri,Kecamatan Banyuwangi,0.0,Ya,Tidak,Ya,Ya,Ya,Ya,1000000
Kabupaten Banyuwangi,Campur,Kecamatan Banyuwangi,0.0,Tidak,Ya,Ya,Tidak,Ya,Ya,650000
Kabupaten Banyuwangi,Campur,Banyuwangi,0.0,Tidak,Ya,Ya,Tidak,Ya,Ya,550000
Kabupaten Banyuwangi,Putri,Banyuwangi,3.4,Tidak,Tidak,Ya,Tidak,Tidak,Ya,400000
Kabupaten Banyuwangi,Campur,Banyuwangi,0.0,Tidak,Ya,Ya,Ya,Ya,Tidak,500000
Kabupaten Banyuwangi,Campur,Banyuwangi,0.0,Ya,Ya,Ya,Ya,Ya,Ya,739000
Kabupaten Banyuwangi,Campur,Banyuwangi,0.0,Ya,Ya,Ya,Ya,Ya,Ya,1000000
Kabupaten Banyuwangi,Campur,Banyuwangi,0.0,Ya,Ya,Ya,Ya,Ya,Ya,1100000
Kabupaten Banyuwangi,Putri,Kecamatan Banyuwangi,0.0,Tidak,Tidak,Ya,Tidak,Tidak,Ya,350000
Kabupaten Banyuwangi,Putri,Kecamatan Banyuwangi,0.0,Tidak,Tidak,Ya,Tidak,Tidak,Ya,800000
Kabupaten Banyuwangi,Putri,Kecamatan Giri,0.0,Tidak,Tidak,Ya,Ya,Tidak,Tidak,500000
Kabupaten Banyuwangi,Putri,Glagah,0.0,Tidak,Tidak,Tidak,Tidak,Ya,Tidak,550000
Kabupaten Banyuwangi,Putri,Banyuwangi,0.0,Tidak,Ya,Ya,Ya,Tidak,Ya,350000
Kabupaten Banyuwangi,Putri,Banyuwangi,0.0,Ya,Tidak,Ya,Ya,Ya,Ya,900000
Kabupaten Banyuwangi,Campur,Banyuwangi,0.0,Ya,Ya,Ya,Ya,Ya,Ya,1500000
Kabupaten Banyuwangi,Campur,Kecamatan Banyuwangi,0.0,Ya,Ya,Ya,Ya,Ya,Ya,1115000
Kabupaten Banyuwangi,Campur,Kecamatan Banyuwangi,0.0,Tidak,Tidak,Ya,Ya,Ya,Ya,700000
Kabupaten Banyuwangi,Putri,Banyuwangi,0.0,Tidak,Tidak,Ya,Ya,Ya,Tidak,350000
Kabupaten Banyuwangi,Putri,Kecamatan Banyuwangi,0.0,Tidak,Tidak,Ya,Tidak,Ya,Ya,500000
Kabupaten Banyuwangi,Putri,Banyuwangi,0.0,Tidak,Ya,Ya,Ya,Tidak,Ya,400000
Kabupaten Banyuwangi,Putri,Kecamatan Glagah,0.0,Tidak,Tidak,Ya,Ya,Tidak,Tidak,800000
Kabupaten Banyuwangi,Campur,Banyuwangi,0.0,Ya,Ya,Ya,Ya,Ya,Ya,1200000
Kabupaten Banyuwangi,Campur,Kecamatan Banyuwangi,0.0,Tidak,Tidak,Ya,Tidak,Ya,Ya,550000
Kabupaten Banyuwangi,Campur,Kecamatan Banyuwangi,0.0,Ya,Tidak,Ya,Ya,Ya,Tidak,1250000
Kabupaten Banyuwangi,Campur,Kecamatan Giri,0.0,Tidak,Ya,Ya,Tidak,Ya,Ya,600000
Kabupaten Banyuwangi,Campur,Banyuwangi,0.0,Tidak,Tidak,Ya,Ya,Tidak,Tidak,500000
Kabupaten Banyuwangi,Campur,Banyuwangi,0.0,Ya,Ya,Ya,Ya,Ya,Ya,1250000
Kabupaten Banyuwangi,Campur,Banyuwangi,0.0,Ya,Ya,Ya,Tidak,Ya,Ya,550000
Kabupaten Banyuwangi,Campur,Banyuwangi,0.0,Ya,Ya,Ya,Ya,Tidak,Ya,1500000
Kabupaten Banyuwangi,Putri,Kecamatan Banyuwangi,0.0,Ya,Tidak,Ya,Tidak,Tidak,Ya,1000000
Kabupaten Banyuwangi,Campur,Banyuwangi,0.0,Ya,Ya,Ya,Ya,Ya,Ya,1300000
Kabupaten Banyuwangi,Putri,Banyuwangi,0.0,Tidak,Ya,Ya,Ya,Tidak,Ya,450000
Kabupaten Banyuwangi,Campur,Banyuwangi,0.0,Tidak,Ya,Ya,Ya,Ya,Ya,800000
Kabupaten Banyuwangi,Campur,Kecamatan Banyuwangi,0.0,Ya,Ya,Ya,Ya,Ya,Ya,1250000
Kabupaten Banyuwangi,Campur,Kecamatan Banyuwangi,0.0,Tidak,Ya,Ya,Tidak,Ya,Ya,600000
Kabupaten Banyuwangi,Campur,Banyuwangi,0.0,Tidak,Ya,Ya,Tidak,Ya,Ya,600000
Kabupaten Banyuwangi,Campur,Banyuwangi,4.4,Tidak,Ya,Ya,Tidak,Tidak,Ya,600000
Kabupaten Banyuwangi,Campur,Kecamatan Banyuwangi,0.0,Ya,Ya,Ya,Ya,Ya,Ya,999999
Kabupaten Banyuwangi,Putri,Banyuwangi,4.9,Tidak,Ya,Ya,Ya,Tidak,Ya,375000
Kabupaten Banyuwangi,Putri,Giri,4.8,Tidak,Ya,Ya,Tidak,Ya,Ya,600000
Kabupaten Banyuwangi,Putri,Kecamatan Banyuwangi,0.0,Tidak,Ya,Ya,Tidak,Tidak,Ya,350000
Kabupaten Banyuwangi,Putri,Banyuwangi,0.0,Tidak,Tidak,Ya,Ya,Tidak,Ya,350000
Kabupaten Banyuwangi,Putri,Kecamatan Banyuwangi,0.0,Tidak,Tidak,Ya,Ya,Tidak,Ya,400000
Kabupaten Banyuwangi,Putri,Banyuwangi,0.0,Tidak,Tidak,Ya,Ya,Ya,Tidak,1000000
Kabupaten Banyuwangi,Campur,Kecamatan Banyuwangi,0.0,Ya,Ya,Ya,Ya,Ya,Ya,1300000
Kabupaten Banyuwangi,Putri,Kecamatan Banyuwangi,0.0,Tidak,Tidak,Ya,Ya,Ya,Ya,500000
Kabupaten Banyuwangi,Putri,Kecamatan Banyuwangi,0.0,Ya,Tidak,Ya,Ya,Ya,Ya,1100000
Kabupaten Banyuwangi,Putri,Kecamatan Banyuwangi,0.0,Ya,Tidak,Ya,Ya,Ya,Ya,500000
Kabupaten Banyuwangi,Putri,Kecamatan Banyuwangi,0.0,Tidak,Tidak,Tidak,Ya,Tidak,Ya,400000
Kabupaten Blitar,Putri,Kecamatan Sananwetan,0.0,Tidak,Tidak,Ya,Tidak,Ya,Ya,500000
Kabupaten Blitar,Campur,Sananwetan,0.0,Ya,Ya,Ya,Ya,Ya,Ya,1500000
Kabupaten Blitar,Putra,Sananwetan,0.0,Tidak,Ya,Ya,Ya,Ya,Ya,350000
Kabupaten Blitar,Putri,Kecamatan Sananwetan,0.0,Ya,Ya,Ya,Ya,Ya,Ya,950000
Kabupaten Blitar,Campur,Kecamatan Kanigoro,0.0,Tidak,Ya,Ya,Ya,Tidak,Ya,500000
Kabupaten Blitar,Putri,Kecamatan Kanigoro,0.0,Ya,Ya,Ya,Ya,Ya,Ya,900000
Kabupaten Blitar,Putri,Kecamatan Kanigoro,0.0,Tidak,Ya,Ya,Ya,Ya,Ya,650000
Kabupaten Blitar,Putra,Kepanjen Kidul,0.0,Tidak,Tidak,Ya,Ya,Tidak,Ya,850000
Kabupaten Blitar,Putri,Kecamatan Sukorejo,4.6,Tidak,Tidak,Ya,Tidak,Tidak,Ya,625000
Kabupaten Blitar,Campur,Kecamatan Sukorejo,0.0,Tidak,Ya,Ya,Tidak,Ya,Ya,700000
Kabupaten Blitar,Putra,Kecamatan Sananwetan,0.0,Tidak,Ya,Ya,Ya,Tidak,Ya,325000
Kabupaten Blitar,Putra,Sananwetan,0.0,Tidak,Ya,Ya,Ya,Tidak,Ya,350000
Kabupaten Blitar,Campur,Kecamatan Sananwetan,0.0,Tidak,Ya,Ya,Tidak,Tidak,Tidak,300000
Kabupaten Blitar,Putri,Kecamatan Kepanjenkidul,0.0,Tidak,Ya,Ya,Tidak,Tidak,Ya,500000
Kabupaten Blitar,Putra,Sananwetan,0.0,Tidak,Ya,Ya,Tidak,Tidak,Ya,400000
Kabupaten Blitar,Putri,Sananwetan,0.0,Tidak,Tidak,Ya,Tidak,Ya,Ya,600000
Kabupaten Blitar,Campur,Kecamatan Sananwetan,0.0,Tidak,Ya,Ya,Tidak,Ya,Ya,450000
Kabupaten Blitar,Putra,Sananwetan,0.0,Ya,Tidak,Ya,Ya,Ya,Ya,1500000
Kabupaten Blitar,Campur,Kepanjenkidul,5.0,Tidak,Tidak,Tidak,Tidak,Tidak,Tidak,850000
Kabupaten Blitar,Campur,Kecamatan Sukorejo,0.0,Tidak,Ya,Ya,Tidak,Ya,Ya,750000
Kabupaten Blitar,Campur,Sukorejo,0.0,Ya,Ya,Ya,Ya,Ya,Ya,1200000
Kabupaten Blitar,Putri,Sukorejo,0.0,Tidak,Ya,Ya,Tidak,Ya,Ya,450000
Kabupaten Blitar,Campur,Kepanjenkidul,5.0,Tidak,Tidak,Tidak,Tidak,Tidak,Tidak,1650000
Kabupaten Blitar,Putri,Kecamatan Sananwetan,0.0,Tidak,Ya,Ya,Tidak,Tidak,Ya,400000
Kabupaten Blitar,Putra,Kecamatan Kepanjenkidul,0.0,Tidak,Ya,Ya,Tidak,Ya,Tidak,300000
Kabupaten Blitar,Putri,Kecamatan Sukorejo,0.0,Tidak,Ya,Ya,Tidak,Ya,Ya,375000
Kabupaten Blitar,Putri,Kecamatan Sananwetan,0.0,Ya,Tidak,Ya,Tidak,Ya,Ya,1550000
Kabupaten Blitar,Campur,Kecamatan Sananwetan,0.0,Tidak,Ya,Ya,Ya,Ya,Ya,800000
Kabupaten Blitar,Campur,Sukorejo,0.0,Tidak,Ya,Ya,Tidak,Ya,Ya,600000
Kabupaten Blitar,Putri,Sananwetan,0.0,Ya,Ya,Ya,Ya,Ya,Ya,1650000
Kabupaten Blitar,Putri,Sananwetan,5.0,Tidak,Ya,Ya,Tidak,Ya,Ya,550000
Kabupaten Blitar,Campur,Sukorejo,0.0,Tidak,Ya,Ya,Tidak,Ya,Ya,650000
Kabupaten Blitar,Putri,Sananwetan,0.0,Tidak,Ya,Ya,Tidak,Ya,Ya,500000
Kabupaten Blitar,Putri,Sananwetan,5.0,Tidak,Ya,Ya,Ya,Ya,Ya,700000
Kabupaten Blitar,Putri,Kecamatan Sananwetan,0.0,Ya,Ya,Ya,Ya,Ya,Ya,1100000
Kabupaten Blitar,Putri,Kecamatan Sananwetan,0.0,Tidak,Ya,Ya,Ya,Ya,Ya,550000
Kabupaten Blitar,Campur,Kecamatan Sukorejo,0.0,Tidak,Ya,Ya,Tidak,Ya,Ya,700000
Kabupaten Blitar,Putri,Kanigoro,0.0,Tidak,Ya,Ya,Ya,Ya,Ya,550000
Kabupaten Blitar,Putra,Sananwetan,0.0,Tidak,Ya,Ya,Tidak,Tidak,Ya,380000
Kabupaten Blitar,Campur,Kecamatan Sananwetan,0.0,Ya,Ya,Ya,Tidak,Ya,Ya,1105000
Kabupaten Blitar,Putri,Kecamatan Sananwetan,0.0,Tidak,Tidak,Ya,Tidak,Ya,Ya,750000
Kabupaten Blitar,Campur,Kecamatan Kepanjenkidul,0.0,Tidak,Tidak,Ya,Tidak,Ya,Ya,500000
Kabupaten Blitar,Campur,Sukorejo,0.0,Tidak,Tidak,Ya,Tidak,Ya,Ya,550000
Kabupaten Blitar,Putri,Kepanjenkidul,0.0,Tidak,Ya,Ya,Tidak,Tidak,Tidak,425000
Kabupaten Blitar,Campur,Kecamatan Sananwetan,0.0,Tidak,Ya,Ya,Ya,Ya,Tidak,400000
Kabupaten Blitar,Putri,Kecamatan Sananwetan,0.0,Tidak,Tidak,Ya,Ya,Ya,Ya,650000
Kabupaten Blitar,Putra,Kecamatan Sananwetan,0.0,Tidak,Ya,Ya,Ya,Tidak,Ya,525000
Kabupaten Blitar,Campur,Sananwetan,0.0,Ya,Ya,Ya,Ya,Ya,Ya,1300000
Kabupaten Blitar,Campur,Sananwetan,5.0,Tidak,Ya,Ya,Ya,Ya,Ya,500000
Kabupaten Blitar,Campur,Kecamatan Sananwetan,0.0,Tidak,Ya,Ya,Ya,Tidak,Ya,400000
Kabupaten Blitar,Putri,Kecamatan Sukorejo,0.0,Tidak,Tidak,Ya,Ya,Ya,Ya,600000
Kabupaten Blitar,Putri,Sananwetan,0.0,Tidak,Tidak,Ya,Ya,Tidak,Ya,500000
Kabupaten Blitar,Campur,Kepanjenkidul,0.0,Tidak,Tidak,Ya,Tidak,Ya,Ya,350000
Kabupaten Blitar,Campur,Kademangan,0.0,Tidak,Ya,Ya,Tidak,Ya,Tidak,450000
Kabupaten Blitar,Putri,Kanigoro,0.0,Tidak,Ya,Ya,Ya,Tidak,Ya,400000
Kabupaten Blitar,Campur,Sananwetan,0.0,Tidak,Tidak,Ya,Tidak,Tidak,Ya,600000
Kabupaten Blitar,Putri,Sananwetan,0.0,Tidak,Tidak,Ya,Ya,Tidak,Ya,500000
Kabupaten Blitar,Putri,Sananwetan,0.0,Ya,Ya,Ya,Ya,Ya,Ya,1400000
Kabupaten Blitar,Putri,Kecamatan Sananwetan,0.0,Tidak,Ya,Ya,Ya,Ya,Ya,500000
Kabupaten Blitar,Putri,Sananwetan,0.0,Tidak,Ya,Ya,Ya,Ya,Ya,500000
Kabupaten Blitar,Putri,Kecamatan Sukorejo,0.0,Tidak,Tidak,Ya,Tidak,Tidak,Ya,400000
Kabupaten Blitar,Putra,Sananwetan,0.0,Tidak,Tidak,Ya,Ya,Tidak,Ya,475000
Kabupaten Blitar,Campur,Sananwetan,0.0,Tidak,Ya,Ya,Tidak,Ya,Ya,800000
Kabupaten Blitar,Putri,Sanankulon,0.0,Tidak,Ya,Ya,Ya,Ya,Ya,450000
Kabupaten Blitar,Putri,Kecamatan Sananwetan,0.0,Ya,Ya,Ya,Ya,Ya,Ya,1000000
Kabupaten Blitar,Campur,Kecamatan Sananwetan,0.0,Tidak,Ya,Ya,Tidak,Ya,Tidak,460000
Kabupaten Blitar,Campur,Sukorejo,0.0,Ya,Tidak,Ya,Ya,Tidak,Ya,1350000
Kabupaten Blitar,Putri,Sananwetan,4.8,Tidak,Ya,Ya,Ya,Ya,Ya,550000
Kabupaten Blitar,Putri,Kecamatan Sananwetan,0.0,Tidak,Ya,Ya,Tidak,Tidak,Ya,400000
Kabupaten Blitar,Putri,Kepanjenkidul,0.0,Tidak,Tidak,Ya,Tidak,Ya,Ya,1000000
Kabupaten Blitar,Putri,Sananwetan,0.0,Ya,Tidak,Ya,Ya,Ya,Ya,1250000
Kabupaten Blitar,Putri,Kepanjenkidul,4.4,Tidak,Ya,Ya,Tidak,Ya,Ya,550000
Kabupaten Blitar,Putri,Sananwetan,0.0,Tidak,Ya,Ya,Ya,Ya,Ya,550000
Kabupaten Blitar,Putri,Sananwetan,0.0,Ya,Tidak,Ya,Ya,Ya,Ya,1200000
Kabupaten Blitar,Campur,Kanigoro,0.0,Ya,Tidak,Ya,Tidak,Ya,Ya,1000000
Kabupaten Blitar,Putri,Kecamatan Sukorejo,0.0,Ya,Tidak,Ya,Tidak,Ya,Ya,800000
Kabupaten Blitar,Campur,Sananwetan,0.0,Tidak,Ya,Ya,Tidak,Ya,Ya,800000
Kabupaten Blitar,Putra,Kecamatan Sananwetan,0.0,Tidak,Tidak,Ya,Ya,Tidak,Ya,550000
Kabupaten Blitar,Campur,Kecamatan Sananwetan,0.0,Ya,Ya,Ya,Tidak,Ya,Ya,1200000
Kabupaten Blitar,Putri,Kepanjenkidul,0.0,Tidak,Tidak,Ya,Tidak,Tidak,Ya,350000
Kabupaten Blitar,Putri,Kepanjenkidul,0.0,Tidak,Ya,Ya,Tidak,Ya,Ya,700000
Kabupaten Blitar,Campur,Kecamatan Kepanjenkidul,0.0,Tidak,Tidak,Ya,Tidak,Ya,Ya,500000
Kabupaten Blitar,Campur,Kecamatan Ponggok,0.0,Tidak,Ya,Ya,Tidak,Ya,Ya,500000
Kabupaten Blitar,Putri,Sananwetan,5.0,Tidak,Ya,Ya,Ya,Ya,Ya,350000
Kabupaten Blitar,Campur,Kecamatan Kepanjenkidul,0.0,Tidak,Ya,Ya,Tidak,Ya,Ya,500000
Kabupaten Blitar,Putri,Sananwetan,5.0,Ya,Ya,Ya,Ya,Ya,Ya,850000
Kabupaten Blitar,Putri,Sananwetan,0.0,Ya,Tidak,Ya,Ya,Ya,Ya,1350000
Kabupaten Blitar,Campur,Kecamatan Sananwetan,0.0,Tidak,Ya,Ya,Tidak,Ya,Ya,850000
Kabupaten Blitar,Putri,Kecamatan Sukorejo,0.0,Tidak,Ya,Ya,Ya,Tidak,Ya,500000
Kabupaten Blitar,Putri,Kecamatan Kepanjenkidul,0.0,Tidak,Ya,Ya,Tidak,Tidak,Ya,375000
Kabupaten Blitar,Putri,Kecamatan Sukorejo,0.0,Tidak,Ya,Ya,Ya,Ya,Ya,500000
Kabupaten Blitar,Campur,Kecamatan Sukorejo,0.0,Tidak,Ya,Ya,Tidak,Ya,Ya,450000
Kabupaten Blitar,Putri,Kecamatan Sananwetan,0.0,Ya,Tidak,Ya,Ya,Ya,Ya,700000
Kabupaten Blitar,Putri,Kecamatan Sananwetan,0.0,Tidak,Tidak,Ya,Ya,Tidak,Ya,700000
Kabupaten Blitar,Campur,Kepanjenkidul,0.0,Tidak,Ya,Ya,Tidak,Ya,Tidak,700000
Kabupaten Blitar,Putri,Kecamatan Kepanjenkidul,0.0,Tidak,Tidak,Ya,Ya,Ya,Tidak,500000
Kabupaten Blitar,Putri,Sananwetan,0.0,Ya,Ya,Ya,Ya,Ya,Ya,800000
Kabupaten Blitar,Campur,Kanigoro,0.0,Tidak,Tidak,Ya,Tidak,Ya,Ya,550000
Kabupaten Blitar,Putri,Sananwetan,4.9,Tidak,Tidak,Ya,Ya,Ya,Tidak,500000
Kabupaten Blitar,Putri,Kanigoro,0.0,Tidak,Tidak,Ya,Tidak,Tidak,Ya,360000
Kabupaten Blitar,Putra,Kecamatan Sananwetan,0.0,Tidak,Tidak,Ya,Ya,Tidak,Tidak,250000
Kabupaten Blitar,Putra,Kecamatan Sananwetan,0.0,Tidak,Ya,Ya,Tidak,Tidak,Ya,650000
Kabupaten Blitar,Campur,Sananwetan,0.0,Tidak,Ya,Ya,Tidak,Ya,Ya,550000
Kabupaten Blitar,Putri,Kecamatan Kepanjenkidul,0.0,Tidak,Ya,Ya,Tidak,Ya,Ya,450000
Kabupaten Blitar,Putri,Sananwetan,0.0,Tidak,Tidak,Ya,Ya,Ya,Tidak,600000
Kabupaten Blitar,Campur,Kecamatan Sukorejo,0.0,Tidak,Ya,Ya,Tidak,Ya,Ya,700000
Kabupaten Blitar,Campur,Kecamatan Kanigoro,0.0,Tidak,Ya,Ya,Tidak,Ya,Ya,500000
Kabupaten Blitar,Putri,Kecamatan Sukorejo,0.0,Tidak,Tidak,Ya,Tidak,Ya,Ya,550000
Kabupaten Blitar,Putri,Sananwetan,0.0,Ya,Tidak,Ya,Ya,Ya,Tidak,1000000
Kabupaten Blitar,Putra,Kepanjenkidul,0.0,Tidak,Ya,Ya,Ya,Tidak,Ya,450000
Kabupaten Blitar,Putri,Sananwetan,0.0,Ya,Tidak,Ya,Ya,Ya,Tidak,1100000
Kabupaten Blitar,Putri,Sananwetan,0.0,Tidak,Ya,Ya,Ya,Tidak,Ya,600000
Kabupaten Blitar,Putri,Sanankulon,0.0,Tidak,Tidak,Ya,Tidak,Ya,Ya,600000
Kabupaten Blitar,Putri,Sananwetan,0.0,Ya,Ya,Ya,Ya,Ya,Ya,1300000
Kabupaten Blitar,Campur,Kecamatan Sananwetan,0.0,Tidak,Ya,Ya,Ya,Tidak,Ya,850000
Kabupaten Blitar,Putri,Kecamatan Sananwetan,0.0,Tidak,Tidak,Ya,Tidak,Ya,Ya,600000
Kabupaten Blitar,Campur,Kanigoro,0.0,Tidak,Tidak,Ya,Tidak,Ya,Ya,600000
Kabupaten Blitar,Putri,Sananwetan,0.0,Tidak,Ya,Ya,Ya,Ya,Ya,650000
Kabupaten Blitar,Putri,Kecamatan Sananwetan,0.0,Tidak,Ya,Ya,Tidak,Tidak,Ya,400000
Kabupaten Blitar,Putri,Kecamatan Sananwetan,0.0,Tidak,Ya,Ya,Tidak,Ya,Ya,500000
Kabupaten Blitar,Putri,Sananwetan,0.0,Tidak,Tidak,Ya,Ya,Tidak,Tidak,500000
Kabupaten Blitar,Campur,Kecamatan Sananwetan,0.0,Tidak,Tidak,Tidak,Ya,Tidak,Ya,200000
Kabupaten Blitar,Putri,Sukorejo,0.0,Tidak,Ya,Ya,Tidak,Ya,Ya,530000
Kabupaten Blitar,Campur,Kecamatan Sananwetan,0.0,Tidak,Ya,Ya,Tidak,Ya,Ya,400000
Kabupaten Blitar,Putri,Kanigoro,4.8,Ya,Tidak,Ya,Ya,Ya,Ya,1000000
Kabupaten Blitar,Campur,Sananwetan,0.0,Tidak,Ya,Ya,Tidak,Tidak,Ya,600000
Kabupaten Blitar,Putri,Sukorejo,0.0,Tidak,Ya,Ya,Tidak,Ya,Ya,460000
Kabupaten Blitar,Campur,Sananwetan,0.0,Ya,Ya,Ya,Tidak,Ya,Ya,1150000
Kabupaten Blitar,Putri,Sananwetan,0.0,Tidak,Tidak,Ya,Ya,Ya,Ya,500000
Kabupaten Blitar,Campur,Sukorejo,0.0,Tidak,Tidak,Ya,Ya,Ya,Ya,850000
Kabupaten Blitar,Putri,Kecamatan Kepanjenkidul,0.0,Tidak,Ya,Ya,Tidak,Tidak,Ya,350000
Kabupaten Blitar,Campur,Sananwetan,0.0,Tidak,Ya,Ya,Tidak,Ya,Ya,500000
Kabupaten Blitar,Putri,Kecamatan Sananwetan,0.0,Ya,Tidak,Ya,Ya,Ya,Ya,1250000
Kabupaten Blitar,Putri,Kecamatan Sukorejo,0.0,Tidak,Tidak,Tidak,Tidak,Ya,Tidak,600000
Kabupaten Blitar,Putra,Kepanjen Kidul,0.0,Ya,Tidak,Ya,Ya,Tidak,Ya,1600000
Kabupaten Blitar,Campur,Kepanjenkidul,0.0,Tidak,Tidak,Tidak,Tidak,Ya,Tidak,600000
Kabupaten Blitar,Putri,Sukorejo,0.0,Tidak,Ya,Ya,Ya,Ya,Ya,400000
Kabupaten Blitar,Campur,Sananwetan,0.0,Tidak,Ya,Ya,Ya,Ya,Ya,600000
Kabupaten Blitar,Putri,Sananwetan,0.0,Tidak,Tidak,Ya,Tidak,Ya,Ya,550000
Kabupaten Blitar,Campur,Sananwetan,0.0,Tidak,Tidak,Ya,Ya,Ya,Ya,650000
Kabupaten Blitar,Campur,Kanigoro,0.0,Tidak,Ya,Ya,Tidak,Ya,Ya,650000
Kabupaten Blitar,Putri,Kecamatan Sukorejo,0.0,Ya,Ya,Ya,Tidak,Tidak,Ya,1000000
Kabupaten Blitar,Putri,Sananwetan,0.0,Ya,Tidak,Ya,Tidak,Ya,Ya,900000
Kabupaten Blitar,Campur,Sananwetan,0.0,Ya,Ya,Ya,Tidak,Ya,Tidak,1350000
Kabupaten Blitar,Putri,Kepanjenkidul,0.0,Tidak,Ya,Ya,Ya,Ya,Ya,700000
Kabupaten Blitar,Campur,Kecamatan Sananwetan,0.0,Tidak,Tidak,Ya,Tidak,Tidak,Tidak,400000
Kabupaten Blitar,Putra,Kecamatan Kepanjenkidul,0.0,Tidak,Ya,Ya,Ya,Tidak,Tidak,500000
Kabupaten Blitar,Putri,Kecamatan Kepanjenkidul,0.0,Tidak,Ya,Ya,Tidak,Tidak,Ya,400000
Kabupaten Blitar,Putri,Kepanjenkidul,0.0,Tidak,Ya,Ya,Tidak,Ya,Tidak,450000
Kabupaten Blitar,Putri,Kecamatan Kanigoro,0.0,Tidak,Ya,Ya,Ya,Ya,Ya,1000000
Kabupaten Blitar,Putri,Sukorejo,0.0,Tidak,Tidak,Ya,Tidak,Ya,Ya,460000
Kabupaten Blitar,Campur,Kepanjenkidul,0.0,Ya,Ya,Ya,Ya,Ya,Ya,1150000
Kabupaten Blitar,Campur,Kanigoro,0.0,Tidak,Tidak,Ya,Ya,Ya,Ya,650000
Kabupaten Blitar,Campur,Kecamatan Sananwetan,0.0,Tidak,Ya,Ya,Ya,Tidak,Ya,350000
Kabupaten Blitar,Putri,Kecamatan Sananwetan,0.0,Tidak,Tidak,Ya,Ya,Ya,Ya,900000
Kabupaten Blitar,Campur,Sananwetan,0.0,Tidak,Tidak,Ya,Ya,Ya,Ya,650000
Kabupaten Blitar,Putri,Kepanjenkidul,0.0,Tidak,Tidak,Ya,Ya,Ya,Ya,350000
Kabupaten Blitar,Campur,Kecamatan Sukorejo,0.0,Tidak,Ya,Ya,Tidak,Ya,Ya,600000
Kabupaten Blitar,Putri,Sananwetan,0.0,Tidak,Ya,Ya,Tidak,Tidak,Ya,400000
Kabupaten Blitar,Putra,Sananwetan,0.0,Tidak,Ya,Ya,Ya,Tidak,Ya,250000
Kabupaten Blitar,Campur,Kecamatan Sananwetan,0.0,Ya,Ya,Ya,Tidak,Ya,Ya,1500000
Kabupaten Blitar,Campur,Kepanjenkidul,0.0,Tidak,Ya,Ya,Tidak,Ya,Ya,650000
Kabupaten Blitar,Putri,Kepanjenkidul,0.0,Tidak,Ya,Ya,Tidak,Ya,Tidak,700000
Kabupaten Blitar,Putri,Kepanjenkidul,0.0,Tidak,Ya,Ya,Ya,Tidak,Tidak,300000
Kabupaten Blitar,Campur,Kanigoro,0.0,Tidak,Tidak,Ya,Tidak,Ya,Tidak,700000
Kabupaten Blitar,Putri,Sananwetan,0.0,Tidak,Tidak,Ya,Ya,Tidak,Ya,500000
Kabupaten Blitar,Putra,Sananwetan,0.0,Tidak,Tidak,Ya,Tidak,Tidak,Ya,375000
Kabupaten Blitar,Putri,Kecamatan Sananwetan,5.0,Ya,Ya,Ya,Ya,Ya,Ya,1100000
Kabupaten Blitar,Putri,Kecamatan Sukorejo,0.0,Tidak,Ya,Ya,Tidak,Ya,Ya,600000
Kabupaten Blitar,Putri,Kecamatan Kepanjenkidul,0.0,Tidak,Ya,Ya,Ya,Ya,Ya,750000
Kabupaten Blitar,Putri,Sananwetan,0.0,Tidak,Tidak,Ya,Tidak,Ya,Ya,385000
Kabupaten Blitar,Putri,Sananwetan,0.0,Ya,Ya,Ya,Tidak,Ya,Ya,1500000
Kabupaten Blitar,Putri,Kepanjenkidul,0.0,Tidak,Ya,Ya,Ya,Ya,Tidak,450000
Kabupaten Blitar,Putri,Kepanjenkidul,0.0,Tidak,Ya,Ya,Tidak,Ya,Ya,700000
Kabupaten Blitar,Putri,Kecamatan Sananwetan,0.0,Tidak,Ya,Ya,Tidak,Tidak,Tidak,350000
Kabupaten Blitar,Campur,Sukorejo,0.0,Tidak,Tidak,Ya,Tidak,Ya,Tidak,500000
Kabupaten Blitar,Campur,Sanankulon,0.0,Tidak,Ya,Ya,Tidak,Ya,Ya,500000
Kabupaten Blitar,Campur,Kepanjenkidul,0.0,Tidak,Ya,Ya,Tidak,Ya,Ya,400000
Kabupaten Blitar,Campur,Kecamatan Kanigoro,0.0,Tidak,Ya,Ya,Ya,Ya,Ya,600000
Kabupaten Blitar,Putra,Kanigoro,0.0,Tidak,Tidak,Ya,Tidak,Ya,Ya,500000
Kabupaten Blitar,Putri,Sananwetan,0.0,Tidak,Tidak,Ya,Tidak,Tidak,Ya,275000
Kabupaten Blitar,Campur,Sananwetan,0.0,Tidak,Ya,Ya,Tidak,Ya,Tidak,500000
Kabupaten Blitar,Campur,Kepanjenkidul,0.0,Tidak,Ya,Ya,Tidak,Ya,Ya,450000
Kabupaten Blitar,Campur,Sananwetan,0.0,Tidak,Ya,Ya,Tidak,Ya,Ya,600000
Kabupaten Blitar,Putri,Kecamatan Sananwetan,0.0,Tidak,Ya,Ya,Ya,Tidak,Ya,250000
Kabupaten Blitar,Campur,Kecamatan Sukorejo,0.0,Tidak,Ya,Ya,Tidak,Ya,Tidak,1000000
Kabupaten Blitar,Campur,Kanigoro,0.0,Tidak,Ya,Ya,Tidak,Ya,Tidak,580000
Kabupaten Blitar,Putri,Kecamatan Sananwetan,0.0,Tidak,Ya,Ya,Ya,Tidak,Ya,450000
Kabupaten Blitar,Campur,Sananwetan,0.0,Tidak,Tidak,Ya,Tidak,Tidak,Tidak,350000
Kabupaten Blitar,Putri,Sukorejo,0.0,Tidak,Ya,Ya,Tidak,Tidak,Tidak,250000
Kabupaten Blitar,Campur,Kanigoro,0.0,Tidak,Tidak,Ya,Tidak,Ya,Ya,800000
Kabupaten Blitar,Putri,Sukorejo,0.0,Tidak,Ya,Ya,Tidak,Tidak,Tidak,300000
Kabupaten Blitar,Campur,Sananwetan,0.0,Ya,Ya,Ya,Ya,Tidak,Ya,1100000
Kabupaten Blitar,Campur,Sananwetan,0.0,Tidak,Tidak,Ya,Tidak,Ya,Tidak,400000
Kabupaten Blitar,Putri,Kecamatan Sananwetan,0.0,Tidak,Tidak,Ya,Tidak,Tidak,Ya,275000
Kabupaten Blitar,Putra,Kecamatan Sananwetan,0.0,Tidak,Tidak,Ya,Tidak,Ya,Ya,700000
Kabupaten Blitar,Campur,Kanigoro,0.0,Ya,Tidak,Ya,Ya,Ya,Ya,1100000
Kabupaten Blitar,Putra,Kecamatan Sananwetan,0.0,Tidak,Tidak,Ya,Tidak,Ya,Ya,600000
Kabupaten Blitar,Putra,Kepanjenkidul,0.0,Tidak,Tidak,Ya,Tidak,Ya,Ya,450000
Kabupaten Blitar,Campur,Kecamatan Sananwetan,0.0,Tidak,Ya,Ya,Tidak,Ya,Ya,600000
Kabupaten Blitar,Campur,Sananwetan,0.0,Tidak,Tidak,Ya,Tidak,Ya,Ya,550000
Kabupaten Blitar,Campur,Kecamatan Sananwetan,0.0,Tidak,Tidak,Ya,Ya,Ya,Ya,600000
Kabupaten Blitar,Putra,Kepanjenkidul,0.0,Tidak,Ya,Ya,Tidak,Ya,Tidak,450000
Kabupaten Blitar,Putri,Kecamatan Sananwetan,0.0,Tidak,Tidak,Ya,Tidak,Tidak,Tidak,250000
Kabupaten Blitar,Campur,Kepanjenkidul,0.0,Ya,Ya,Ya,Tidak,Ya,Ya,1000000
Kabupaten Blitar,Campur,Kepanjenkidul,3.4,Tidak,Ya,Ya,Tidak,Ya,Tidak,400000
Kabupaten Blitar,Campur,Sananwetan,0.0,Tidak,Tidak,Ya,Tidak,Tidak,Tidak,400000
Kabupaten Blitar,Campur,Kecamatan Sananwetan,0.0,Tidak,Ya,Ya,Tidak,Ya,Ya,650000
Kabupaten Blitar,Putri,Sananwetan,0.0,Tidak,Ya,Ya,Ya,Ya,Ya,250000
Kabupaten Blitar,Putri,Kecamatan Sananwetan,0.0,Tidak,Tidak,Ya,Ya,Tidak,Ya,480000
Kabupaten Blitar,Putri,Kepanjenkidul,0.0,Tidak,Tidak,Ya,Tidak,Ya,Ya,370000
Kabupaten Blitar,Putri,Sananwetan,0.0,Tidak,Ya,Ya,Ya,Tidak,Tidak,580000
Kabupaten Blitar,Campur,Kecamatan Kepanjenkidul,0.0,Tidak,Tidak,Ya,Tidak,Ya,Ya,450000
Kabupaten Blitar,Putri,Sananwetan,0.0,Tidak,Ya,Ya,Tidak,Tidak,Tidak,350000
Kabupaten Blitar,Campur,Sukorejo,0.0,Tidak,Tidak,Ya,Tidak,Ya,Ya,500000
Kabupaten Blitar,Putri,Sananwetan,0.0,Tidak,Ya,Ya,Tidak,Ya,Ya,600000
Kabupaten Blitar,Putra,Sananwetan,0.0,Tidak,Ya,Ya,Tidak,Tidak,Tidak,250000
Kabupaten Blitar,Campur,Kecamatan Sananwetan,0.0,Tidak,Ya,Ya,Ya,Ya,Ya,750000
Kabupaten Blitar,Campur,Kecamatan Kanigoro,0.0,Tidak,Tidak,Ya,Ya,Ya,Ya,650000
Kabupaten Blitar,Putra,Sananwetan,0.0,Tidak,Ya,Ya,Tidak,Tidak,Tidak,500000
Kabupaten Blitar,Campur,Kecamatan Kepanjenkidul,0.0,Tidak,Ya,Tidak,Tidak,Ya,Tidak,750000
Kabupaten Blitar,Putri,Kepanjenkidul,0.0,Tidak,Ya,Ya,Tidak,Ya,Tidak,600000
Kabupaten Blitar,Campur,Kecamatan Sananwetan,0.0,Tidak,Ya,Ya,Ya,Tidak,Ya,550000
Kabupaten Blitar,Putri,Sananwetan,0.0,Ya,Ya,Ya,Ya,Ya,Ya,1250000
Kabupaten Blitar,Campur,Sananwetan,0.0,Tidak,Tidak,Ya,Tidak,Ya,Ya,600000
Kabupaten Blitar,Putri,Sananwetan,0.0,Tidak,Ya,Ya,Tidak,Ya,Ya,500000
Kabupaten Blitar,Campur,Sananwetan,0.0,Tidak,Ya,Ya,Tidak,Ya,Tidak,600000
Kabupaten Blitar,Putri,Kepanjenkidul,0.0,Tidak,Ya,Ya,Tidak,Ya,Ya,500000
Kabupaten Blitar,Campur,Kecamatan Sananwetan,0.0,Tidak,Ya,Ya,Ya,Ya,Ya,750000
Kabupaten Blitar,Campur,Sananwetan,0.0,Tidak,Tidak,Ya,Tidak,Ya,Tidak,550000
Kabupaten Blitar,Putri,Sananwetan,0.0,Tidak,Ya,Ya,Tidak,Ya,Ya,500000
Kabupaten Blitar,Campur,Sananwetan,0.0,Tidak,Tidak,Ya,Tidak,Ya,Tidak,500000
Kabupaten Blitar,Campur,Sananwetan,0.0,Ya,Ya,Ya,Ya,Ya,Ya,1100000
Kabupaten Bojonegoro,Campur,Bojonegoro,0.0,Ya,Ya,Ya,Ya,Ya,Ya,1000000
Kabupaten Bojonegoro,Campur,Bojonegoro,0.0,Ya,Ya,Ya,Ya,Ya,Ya,1500000
Kabupaten Bojonegoro,Putri,Bojonegoro,0.0,Tidak,Ya,Ya,Ya,Ya,Ya,900000
Kabupaten Bojonegoro,Campur,Bojonegoro,0.0,Ya,Ya,Ya,Tidak,Ya,Ya,1250000
Kabupaten Bojonegoro,Putri,Bojonegoro,0.0,Tidak,Tidak,Ya,Tidak,Ya,Ya,450000
Kabupaten Bojonegoro,Campur,Bojonegoro,0.0,Ya,Ya,Ya,Ya,Ya,Ya,1600000
Kabupaten Bojonegoro,Campur,Bojonegoro,0.0,Ya,Ya,Ya,Ya,Ya,Ya,850000
Kabupaten Bojonegoro,Putra,Bojonegoro,0.0,Ya,Ya,Ya,Ya,Ya,Ya,800000
Kabupaten Bojonegoro,Campur,Kecamatan Bojonegoro,0.0,Tidak,Ya,Ya,Tidak,Ya,Tidak,500000
Kabupaten Bojonegoro,Putri,Kecamatan Bojonegoro,0.0,Ya,Tidak,Ya,Tidak,Tidak,Ya,500000
Kabupaten Bojonegoro,Putri,Bojonegoro,5.0,Tidak,Ya,Ya,Tidak,Tidak,Tidak,550000
Kabupaten Bojonegoro,Putri,Bojonegoro,0.0,Tidak,Tidak,Ya,Tidak,Tidak,Ya,500000
Kabupaten Bojonegoro,Putra,Bojonegoro,5.0,Tidak,Ya,Ya,Ya,Tidak,Ya,400000
Kabupaten Bojonegoro,Putri,Bojonegoro,0.0,Tidak,Ya,Ya,Tidak,Tidak,Ya,400000
Kabupaten Bojonegoro,Campur,Dander,0.0,Tidak,Ya,Ya,Tidak,Tidak,Tidak,450000
Kabupaten Bojonegoro,Putra,Bojonegoro,0.0,Ya,Tidak,Ya,Ya,Ya,Ya,1300000
Kabupaten Bojonegoro,Putra,Bojonegoro,0.0,Tidak,Ya,Ya,Tidak,Tidak,Ya,450000
Kabupaten Bojonegoro,Putri,Bojonegoro,0.0,Tidak,Ya,Ya,Ya,Ya,Ya,450000
Kabupaten Bojonegoro,Putri,Bojonegoro,0.0,Tidak,Tidak,Ya,Ya,Ya,Ya,550000
Kabupaten Bojonegoro,Campur,Bojonegoro,0.0,Tidak,Ya,Ya,Tidak,Ya,Ya,600000
Kabupaten Bojonegoro,Campur,Kecamatan Bojonegoro,0.0,Tidak,Ya,Tidak,Ya,Tidak,Ya,500000
Kabupaten Bojonegoro,Putra,Bojonegoro,0.0,Tidak,Ya,Ya,Ya,Ya,Ya,650000
Kabupaten Bojonegoro,Putri,Kecamatan Bojonegoro,0.0,Tidak,Ya,Ya,Tidak,Ya,Ya,450000
Kabupaten Bojonegoro,Putri,Kecamatan Bojonegoro,0.0,Tidak,Ya,Ya,Tidak,Tidak,Ya,600000
Kabupaten Bojonegoro,Campur,Kecamatan Kapas,0.0,Ya,Ya,Ya,Ya,Ya,Ya,850000
Kabupaten Bojonegoro,Putri,Bojonegoro,0.0,Tidak,Ya,Ya,Tidak,Tidak,Ya,400000
Kabupaten Bojonegoro,Putra,Bojonegoro,0.0,Tidak,Ya,Ya,Ya,Tidak,Tidak,500000
Kabupaten Bojonegoro,Campur,Bojonegoro,0.0,Ya,Ya,Ya,Ya,Ya,Ya,1000000
Kabupaten Bojonegoro,Putri,Kapas,0.0,Tidak,Tidak,Ya,Tidak,Tidak,Ya,400000
Kabupaten Bojonegoro,Campur,Bojonegoro,0.0,Tidak,Tidak,Ya,Tidak,Ya,Ya,750000
Kabupaten Bojonegoro,Campur,Bojonegoro,0.0,Tidak,Tidak,Ya,Ya,Ya,Ya,1200000
Kabupaten Bojonegoro,Putri,Bojonegoro,0.0,Tidak,Ya,Ya,Ya,Ya,Ya,800000
Kabupaten Bojonegoro,Putra,Bojonegoro,0.0,Ya,Ya,Ya,Ya,Ya,Ya,900000
Kabupaten Bojonegoro,Putri,Bojonegoro,5.0,Ya,Ya,Ya,Ya,Ya,Ya,1300000
Kabupaten Bojonegoro,Campur,Kecamatan Bojonegoro,0.0,Ya,Ya,Ya,Ya,Ya,Ya,1300000
Kabupaten Bojonegoro,Putri,Kecamatan Bojonegoro,0.0,Tidak,Tidak,Ya,Ya,Tidak,Ya,500000
Kabupaten Bojonegoro,Campur,Kecamatan Kapas,0.0,Ya,Ya,Ya,Tidak,Ya,Ya,1000000
Kabupaten Bojonegoro,Putri,Bojonegoro,0.0,Tidak,Tidak,Ya,Ya,Tidak,Ya,350000
Kabupaten Bojonegoro,Putra,Kecamatan Bojonegoro,0.0,Tidak,Tidak,Ya,Ya,Ya,Tidak,500000
Kabupaten Bojonegoro,Putra,Kecamatan Bojonegoro,0.0,Tidak,Tidak,Ya,Ya,Ya,Tidak,750000
Kabupaten Bojonegoro,Putra,Bojonegoro,0.0,Tidak,Ya,Ya,Ya,Tidak,Ya,500000
Kabupaten Bojonegoro,Campur,Bojonegoro,0.0,Ya,Ya,Ya,Tidak,Tidak,Ya,700000
Kabupaten Bojonegoro,Putri,Bojonegoro,0.0,Tidak,Ya,Ya,Tidak,Tidak,Ya,450000
Kabupaten Bojonegoro,Putra,Kecamatan Bojonegoro,0.0,Tidak,Ya,Ya,Tidak,Ya,Ya,700000
Kabupaten Bojonegoro,Putri,Bojonegoro,0.0,Tidak,Tidak,Ya,Ya,Tidak,Tidak,500000
Kabupaten Bojonegoro,Campur,Kecamatan Bojonegoro,0.0,Ya,Tidak,Ya,Ya,Ya,Tidak,1000000
Kabupaten Bojonegoro,Campur,Bojonegoro,0.0,Ya,Ya,Ya,Ya,Ya,Ya,1200000
Kabupaten Bojonegoro,Putra,Bojonegoro,0.0,Tidak,Ya,Ya,Ya,Ya,Ya,600000
Kabupaten Bojonegoro,Putri,Kecamatan Bojonegoro,0.0,Tidak,Ya,Ya,Tidak,Tidak,Ya,375000
Kabupaten Bojonegoro,Putra,Bojonegoro,0.0,Tidak,Ya,Ya,Ya,Ya,Tidak,700000
Kabupaten Bojonegoro,Putri,Kecamatan Bojonegoro,0.0,Tidak,Tidak,Ya,Tidak,Tidak,Ya,400000
Kabupaten Bojonegoro,Putra,Kecamatan Bojonegoro,0.0,Tidak,Ya,Ya,Tidak,Tidak,Tidak,600000
Kabupaten Bojonegoro,Putri,Kecamatan Bojonegoro,0.0,Tidak,Tidak,Ya,Tidak,Ya,Ya,550000
Kabupaten Bojonegoro,Campur,Bojonegoro,0.0,Ya,Tidak,Ya,Ya,Ya,Tidak,1500000
Kabupaten Bojonegoro,Campur,Bojonegoro,0.0,Tidak,Ya,Ya,Tidak,Ya,Tidak,700000
Kabupaten Bojonegoro,Putra,Kecamatan Bojonegoro,0.0,Tidak,Tidak,Ya,Ya,Ya,Tidak,650000
Kabupaten Bojonegoro,Campur,Bojonegoro,0.0,Ya,Ya,Ya,Ya,Ya,Ya,1100000
Kabupaten Bojonegoro,Campur,Bojonegoro,0.0,Tidak,Ya,Ya,Ya,Tidak,Ya,750000
Kabupaten Bojonegoro,Putra,Kecamatan Bojonegoro,0.0,Tidak,Ya,Ya,Ya,Tidak,Ya,500000
Kabupaten Bojonegoro,Campur,Bojonegoro,0.0,Ya,Tidak,Ya,Ya,Ya,Tidak,1800000
Kabupaten Bojonegoro,Campur,Kecamatan Bojonegoro,0.0,Ya,Ya,Tidak,Ya,Ya,Tidak,1200000
Kabupaten Bojonegoro,Campur,Bojonegoro,0.0,Ya,Tidak,Ya,Ya,Ya,Ya,1300000
Kabupaten Bojonegoro,Putri,Bojonegoro,0.0,Ya,Ya,Ya,Tidak,Ya,Ya,700000
Kabupaten Bojonegoro,Campur,Kecamatan Bojonegoro,0.0,Ya,Ya,Ya,Tidak,Ya,Tidak,1000000
Kabupaten Bojonegoro,Campur,Kecamatan Bojonegoro,0.0,Tidak,Ya,Ya,Tidak,Ya,Ya,600000
Kabupaten Bojonegoro,Putri,Kecamatan Bojonegoro,0.0,Tidak,Ya,Ya,Ya,Tidak,Ya,600000
Kabupaten Bojonegoro,Putri,Bojonegoro,0.0,Tidak,Ya,Ya,Ya,Tidak,Ya,750000
Kabupaten Bojonegoro,Campur,Bojonegoro,0.0,Ya,Tidak,Ya,Ya,Ya,Ya,1200000
Kabupaten Bojonegoro,Putri,Bojonegoro,0.0,Ya,Ya,Ya,Ya,Ya,Ya,1000000
Kabupaten Bojonegoro,Campur,Kecamatan Bojonegoro,0.0,Tidak,Tidak,Tidak,Tidak,Tidak,Tidak,1300000
Kabupaten Bojonegoro,Campur,Bojonegoro,5.0,Ya,Ya,Ya,Ya,Ya,Ya,1500000
Kabupaten Bojonegoro,Putra,Kecamatan Bojonegoro,0.0,Tidak,Tidak,Ya,Ya,Ya,Tidak,600000
Kabupaten Bojonegoro,Campur,Bojonegoro,0.0,Tidak,Ya,Ya,Tidak,Ya,Ya,500000
Kabupaten Bojonegoro,Putri,Bojonegoro,0.0,Tidak,Ya,Ya,Tidak,Tidak,Tidak,400000
Kabupaten Bojonegoro,Campur,Bojonegoro,0.0,Tidak,Tidak,Ya,Tidak,Tidak,Ya,400000
Kabupaten Bojonegoro,Campur,Bojonegoro,0.0,Ya,Ya,Ya,Tidak,Ya,Ya,950000
Kabupaten Bojonegoro,Putra,Bojonegoro,0.0,Ya,Ya,Ya,Tidak,Ya,Tidak,800000
Kabupaten Bojonegoro,Campur,Kecamatan Bojonegoro,0.0,Ya,Ya,Ya,Ya,Ya,Ya,1000000
Kabupaten Bojonegoro,Campur,Bojonegoro,0.0,Tidak,Ya,Ya,Tidak,Ya,Tidak,600000
Kabupaten Bojonegoro,Putri,Dander,0.0,Tidak,Ya,Ya,Ya,Tidak,Tidak,300000
Kabupaten Bojonegoro,Putri,Kecamatan Bojonegoro,0.0,Tidak,Ya,Ya,Tidak,Ya,Ya,700000
Kabupaten Bojonegoro,Putri,Kecamatan Bojonegoro,0.0,Tidak,Tidak,Ya,Ya,Tidak,Ya,500000
Kabupaten Bojonegoro,Putri,Bojonegoro,0.0,Tidak,Ya,Ya,Ya,Ya,Ya,400000
Kabupaten Bojonegoro,Putra,Kecamatan Bojonegoro,0.0,Tidak,Ya,Ya,Ya,Tidak,Ya,400000
Kabupaten Bojonegoro,Putri,Kecamatan Bojonegoro,0.0,Ya,Ya,Ya,Tidak,Ya,Ya,1100000
Kabupaten Bojonegoro,Campur,Kecamatan Bojonegoro,0.0,Tidak,Ya,Ya,Tidak,Tidak,Ya,350000
Kabupaten Bojonegoro,Putri,Kecamatan Kapas,0.0,Ya,Ya,Ya,Ya,Ya,Ya,1000000
Kabupaten Bojonegoro,Putri,Bojonegoro,0.0,Tidak,Tidak,Ya,Tidak,Tidak,Ya,350000
Kabupaten Bojonegoro,Campur,Bojonegoro,0.0,Ya,Tidak,Ya,Ya,Tidak,Ya,900000
Kabupaten Bojonegoro,Putri,Bojonegoro,0.0,Tidak,Tidak,Ya,Tidak,Ya,Tidak,400000
Kabupaten Bojonegoro,Putra,Bojonegoro,0.0,Ya,Tidak,Tidak,Tidak,Ya,Ya,1000000
Kabupaten Bojonegoro,Campur,Bojonegoro,0.0,Ya,Ya,Ya,Ya,Ya,Ya,950000
Kabupaten Bojonegoro,Campur,Bojonegoro,0.0,Tidak,Ya,Ya,Tidak,Ya,Ya,600000
Kabupaten Bojonegoro,Putri,Bojonegoro,4.8,Tidak,Ya,Ya,Ya,Ya,Ya,250400
Kabupaten Bojonegoro,Putra,Kecamatan Bojonegoro,0.0,Tidak,Ya,Tidak,Ya,Tidak,Ya,400000
Kabupaten Bojonegoro,Putra,Bojonegoro,0.0,Tidak,Ya,Ya,Ya,Ya,Tidak,550000
Kabupaten Bojonegoro,Campur,Bojonegoro,0.0,Tidak,Ya,Ya,Ya,Tidak,Tidak,330000
Kabupaten Bojonegoro,Campur,Kecamatan Bojonegoro,0.0,Tidak,Ya,Ya,Tidak,Ya,Ya,600000
Kabupaten Bojonegoro,Putri,Bojonegoro,0.0,Tidak,Ya,Ya,Tidak,Tidak,Ya,350000
Kabupaten Bojonegoro,Putri,Kecamatan Bojonegoro,0.0,Tidak,Ya,Ya,Ya,Ya,Tidak,500000
Kabupaten Bojonegoro,Campur,Bojonegoro,0.0,Tidak,Ya,Ya,Ya,Ya,Tidak,400000
Kabupaten Bojonegoro,Campur,Kapas,0.0,Tidak,Ya,Ya,Ya,Ya,Tidak,525000
Kabupaten Bojonegoro,Putri,Bojonegoro,0.0,Tidak,Ya,Ya,Ya,Tidak,Tidak,400000
Kabupaten Bojonegoro,Putra,Kecamatan Bojonegoro,0.0,Tidak,Ya,Ya,Tidak,Ya,Ya,450000
Kabupaten Bojonegoro,Putri,Bojonegoro,0.0,Tidak,Ya,Ya,Tidak,Tidak,Ya,300000
Kabupaten Bojonegoro,Campur,Kecamatan Bojonegoro,0.0,Ya,Tidak,Ya,Ya,Ya,Ya,1000000
Kabupaten Bojonegoro,Campur,Bojonegoro,0.0,Ya,Ya,Ya,Tidak,Ya,Ya,900000
Kabupaten Bojonegoro,Campur,Kecamatan Bojonegoro,0.0,Tidak,Ya,Ya,Tidak,Ya,Tidak,600000
Kabupaten Bojonegoro,Campur,Kecamatan Bojonegoro,0.0,Tidak,Tidak,Ya,Tidak,Tidak,Tidak,500000
Kabupaten Bojonegoro,Putra,Bojonegoro,0.0,Tidak,Ya,Ya,Tidak,Tidak,Tidak,350000
Kabupaten Bojonegoro,Putri,Bojonegoro,0.0,Tidak,Ya,Ya,Ya,Ya,Tidak,550000
Kabupaten Bojonegoro,Putra,Bojonegoro,0.0,Tidak,Ya,Ya,Ya,Tidak,Tidak,350000
Kabupaten Bojonegoro,Putri,Bojonegoro,0.0,Ya,Ya,Ya,Ya,Ya,Ya,900000
Kabupaten Bojonegoro,Campur,Bojonegoro,0.0,Tidak,Tidak,Ya,Tidak,Ya,Ya,500000
Kabupaten Bojonegoro,Campur,Trucuk,0.0,Tidak,Tidak,Ya,Ya,Tidak,Ya,600000
Kabupaten Bojonegoro,Putri,Kecamatan Bojonegoro,0.0,Tidak,Ya,Ya,Tidak,Ya,Ya,400000
Kabupaten Bojonegoro,Putri,Bojonegoro,0.0,Tidak,Ya,Ya,Tidak,Ya,Tidak,600000
Kabupaten Bojonegoro,Campur,Kecamatan Bojonegoro,0.0,Ya,Ya,Ya,Ya,Ya,Ya,800000
Kabupaten Bojonegoro,Putra,Kecamatan Bojonegoro,0.0,Ya,Ya,Ya,Tidak,Ya,Ya,900000
Kabupaten Bojonegoro,Putri,Bojonegoro,0.0,Tidak,Ya,Tidak,Ya,Tidak,Tidak,300000
Kabupaten Bojonegoro,Putri,Bojonegoro,0.0,Tidak,Tidak,Ya,Tidak,Ya,Ya,650000
Kabupaten Bojonegoro,Campur,Bojonegoro,0.0,Tidak,Tidak,Ya,Ya,Ya,Tidak,700000
Kabupaten Bojonegoro,Putri,Kecamatan Bojonegoro,0.0,Tidak,Ya,Ya,Ya,Tidak,Ya,500000
Kabupaten Bojonegoro,Campur,Bojonegoro,0.0,Tidak,Ya,Ya,Tidak,Ya,Tidak,750000
Kabupaten Bojonegoro,Campur,Bojonegoro,0.0,Tidak,Tidak,Ya,Tidak,Tidak,Tidak,300000
Kabupaten Bojonegoro,Campur,Bojonegoro,0.0,Tidak,Tidak,Ya,Ya,Ya,Ya,600000
Kabupaten Bojonegoro,Campur,Kapas,0.0,Tidak,Ya,Ya,Ya,Ya,Ya,350000
Kabupaten Bojonegoro,Campur,Bojonegoro,4.8,Ya,Ya,Ya,Tidak,Ya,Ya,800000
Kabupaten Bojonegoro,Campur,Kapas,0.0,Tidak,Ya,Ya,Tidak,Ya,Ya,600000
Kabupaten Bojonegoro,Putra,Bojonegoro,0.0,Tidak,Ya,Ya,Tidak,Tidak,Tidak,400000
Kabupaten Bojonegoro,Putra,Bojonegoro,0.0,Tidak,Tidak,Ya,Tidak,Ya,Tidak,450000
Kabupaten Bojonegoro,Campur,Bojonegoro,0.0,Ya,Tidak,Ya,Ya,Ya,Tidak,1200000
Kabupaten Bojonegoro,Campur,Kecamatan Bojonegoro,0.0,Tidak,Ya,Ya,Ya,Ya,Ya,600000
Kabupaten Bojonegoro,Campur,Bojonegoro,0.0,Ya,Ya,Ya,Tidak,Ya,Ya,1000000
Kabupaten Bojonegoro,Putri,Bojonegoro,0.0,Tidak,Ya,Ya,Ya,Ya,Ya,600000
Kabupaten Bojonegoro,Putra,Bojonegoro,0.0,Tidak,Ya,Ya,Tidak,Tidak,Tidak,400000
Kabupaten Bojonegoro,Campur,Bojonegoro,0.0,Ya,Tidak,Ya,Ya,Ya,Ya,1000000
Kabupaten Bojonegoro,Putri,Kecamatan Bojonegoro,0.0,Tidak,Ya,Ya,Tidak,Ya,Tidak,450000
Kabupaten Bojonegoro,Putra,Kecamatan Bojonegoro,0.0,Tidak,Ya,Ya,Tidak,Ya,Ya,500000
Kabupaten Bojonegoro,Campur,Bojonegoro,0.0,Tidak,Ya,Ya,Ya,Ya,Ya,650000
Kabupaten Bojonegoro,Campur,Bojonegoro,0.0,Ya,Tidak,Ya,Ya,Ya,Ya,1000000
Kabupaten Bojonegoro,Campur,Bojonegoro,0.0,Tidak,Ya,Ya,Ya,Ya,Ya,650000
Kabupaten Bojonegoro,Campur,Kapas,0.0,Ya,Ya,Ya,Ya,Ya,Ya,850000
Kabupaten Bojonegoro,Campur,Kapas,5.0,Tidak,Ya,Ya,Tidak,Ya,Ya,350000
Kabupaten Gresik,Campur,Kebomas,5.0,Ya,Ya,Ya,Ya,Ya,Ya,1100000
Kabupaten Gresik,Campur,Kebomas,0.0,Ya,Ya,Ya,Ya,Ya,Ya,1500000
Kabupaten Gresik,Putri,Kebomas,0.0,Ya,Tidak,Ya,Ya,Ya,Ya,1000000
Kabupaten Gresik,Campur,Kecamatan Kebomas,0.0,Ya,Ya,Ya,Ya,Ya,Tidak,1400000
Kabupaten Gresik,Campur,Kebomas,0.0,Ya,Ya,Ya,Ya,Ya,Ya,1800000
Kabupaten Gresik,Putra,Kebomas,0.0,Ya,Ya,Ya,Ya,Ya,Ya,1400000
Kabupaten Gresik,Putra,Kebomas,0.0,Ya,Ya,Ya,Ya,Ya,Ya,1200000
Kabupaten Gresik,Putri,Manyar,0.0,Tidak,Tidak,Ya,Ya,Tidak,Ya,750000
Kabupaten Gresik,Putri,Kebomas,4.8,Ya,Ya,Ya,Ya,Ya,Ya,1100000
Kabupaten Gresik,Campur,Manyar,0.0,Ya,Ya,Ya,Ya,Ya,Ya,1500000
Kabupaten Gresik,Campur,Kebomas,0.0,Ya,Ya,Ya,Ya,Ya,Ya,1260000
Kabupaten Gresik,Putri,Kebomas,0.0,Tidak,Ya,Ya,Ya,Ya,Tidak,700000
Kabupaten Gresik,Campur,Manyar,0.0,Ya,Ya,Ya,Ya,Ya,Ya,1500000
Kabupaten Gresik,Putra,Kecamatan Kebomas,0.0,Tidak,Ya,Ya,Ya,Tidak,Ya,550000
Kabupaten Gresik,Putra,Kebomas,0.0,Ya,Ya,Ya,Ya,Ya,Ya,1250000
Kabupaten Gresik,Putra,Kecamatan Manyar,0.0,Ya,Ya,Ya,Ya,Ya,Ya,950000
Kabupaten Gresik,Putri,Manyar,0.0,Ya,Ya,Ya,Ya,Tidak,Ya,950000
Kabupaten Gresik,Campur,Kebomas,0.0,Tidak,Ya,Ya,Tidak,Ya,Ya,525000
Kabupaten Gresik,Putra,Kebomas,0.0,Ya,Ya,Ya,Ya,Ya,Ya,1300000
Kabupaten Gresik,Putra,Kecamatan Kebomas,0.0,Ya,Ya,Ya,Ya,Ya,Ya,1400000
Kabupaten Gresik,Campur,Kebomas,0.0,Ya,Tidak,Ya,Ya,Ya,Ya,1200000
Kabupaten Gresik,Campur,Kebomas,0.0,Tidak,Ya,Ya,Tidak,Ya,Ya,650000
Kabupaten Gresik,Putra,Kebomas,0.0,Ya,Ya,Ya,Ya,Ya,Ya,1000000
Kabupaten Gresik,Putra,Kecamatan Kebomas,0.0,Ya,Tidak,Ya,Ya,Ya,Ya,1200000
Kabupaten Gresik,Putri,Kecamatan Gresik,0.0,Tidak,Ya,Ya,Tidak,Tidak,Ya,800000
Kabupaten Gresik,Campur,Kebomas,0.0,Ya,Ya,Ya,Tidak,Ya,Ya,685000
Kabupaten Gresik,Putri,Kecamatan Gresik,0.0,Ya,Ya,Ya,Tidak,Ya,Ya,1350000
Kabupaten Gresik,Putri,Kecamatan Kebomas,0.0,Ya,Ya,Ya,Ya,Tidak,Ya,800000
Kabupaten Gresik,Putri,Kebomas,0.0,Tidak,Ya,Ya,Ya,Ya,Ya,600000
Kabupaten Gresik,Putra,Gresik,5.0,Tidak,Ya,Ya,Ya,Ya,Ya,600000
Kabupaten Gresik,Putra,Kebomas,0.0,Ya,Tidak,Ya,Ya,Ya,Ya,1100000
Kabupaten Gresik,Putri,Kebomas,0.0,Ya,Tidak,Ya,Tidak,Tidak,Ya,800000
Kabupaten Gresik,Putri,Kecamatan Kebomas,0.0,Ya,Ya,Ya,Ya,Tidak,Ya,950000
Kabupaten Gresik,Putra,Kebomas,0.0,Ya,Ya,Ya,Ya,Ya,Ya,1200000
Kabupaten Gresik,Putri,Kebomas,0.0,Ya,Ya,Ya,Ya,Ya,Ya,1600000
Kabupaten Gresik,Putri,Kecamatan Kebomas,0.0,Ya,Ya,Ya,Ya,Tidak,Ya,900000
Kabupaten Gresik,Campur,Gresik,0.0,Ya,Ya,Ya,Ya,Ya,Ya,1500000
Kabupaten Gresik,Campur,Kebomas,0.0,Tidak,Tidak,Ya,Ya,Ya,Ya,600000
Kabupaten Gresik,Putri,Kecamatan Gresik,0.0,Ya,Ya,Ya,Tidak,Tidak,Ya,1100000
Kabupaten Gresik,Putri,Kebomas,0.0,Ya,Ya,Ya,Ya,Ya,Ya,1500000
Kabupaten Gresik,Putri,Kebomas,0.0,Ya,Tidak,Ya,Tidak,Ya,Ya,1100000
Kabupaten Gresik,Putri,Kebomas,0.0,Ya,Ya,Ya,Ya,Ya,Ya,1250000
Kabupaten Gresik,Putra,Kebomas,0.0,Ya,Ya,Ya,Ya,Tidak,Ya,800000
Kabupaten Gresik,Putri,Kecamatan Kebomas,0.0,Ya,Ya,Ya,Ya,Tidak,Ya,900000
Kabupaten Gresik,Campur,Kecamatan Kebomas,0.0,Ya,Ya,Ya,Ya,Ya,Ya,1800000
Kabupaten Gresik,Campur,Kecamatan Kebomas,0.0,Ya,Tidak,Ya,Ya,Ya,Ya,1200000
Kabupaten Gresik,Campur,Kebomas,0.0,Ya,Ya,Ya,Ya,Ya,Ya,1750000
Kabupaten Gresik,Putri,Kecamatan Kebomas,0.0,Ya,Ya,Ya,Ya,Ya,Ya,800000
Kabupaten Gresik,Campur,Manyar,0.0,Ya,Ya,Ya,Ya,Ya,Ya,1500000
Kabupaten Gresik,Putri,Kebomas,0.0,Tidak,Tidak,Ya,Tidak,Ya,Ya,700000
Kabupaten Gresik,Putra,Kebomas,0.0,Tidak,Ya,Ya,Tidak,Ya,Ya,550000
Kabupaten Gresik,Putri,Kebomas,0.0,Ya,Ya,Ya,Ya,Tidak,Ya,1300000
Kabupaten Gresik,Putri,Kebomas,0.0,Ya,Ya,Ya,Ya,Ya,Ya,1300000
Kabupaten Gresik,Putri,Kecamatan Gresik,0.0,Tidak,Ya,Ya,Ya,Ya,Ya,400000
Kabupaten Gresik,Putra,Kebomas,0.0,Tidak,Ya,Ya,Tidak,Ya,Ya,1200000
Kabupaten Gresik,Putri,Kebomas,0.0,Ya,Ya,Ya,Ya,Ya,Ya,1350000
Kabupaten Gresik,Campur,Kecamatan Manyar,0.0,Tidak,Ya,Ya,Tidak,Tidak,Tidak,750000
Kabupaten Gresik,Putra,Kebomas,4.6,Ya,Ya,Ya,Tidak,Ya,Ya,900000
Kabupaten Gresik,Putra,Manyar,0.0,Tidak,Ya,Ya,Tidak,Tidak,Ya,415000
Kabupaten Gresik,Putri,Kebomas,0.0,Ya,Ya,Ya,Ya,Tidak,Ya,1200000
Kabupaten Gresik,Campur,Kebomas,0.0,Tidak,Ya,Ya,Tidak,Ya,Tidak,600000
Kabupaten Gresik,Campur,Manyar,0.0,Tidak,Ya,Ya,Tidak,Ya,Ya,500000
Kabupaten Gresik,Putra,Kebomas,0.0,Ya,Ya,Ya,Ya,Tidak,Ya,500000
Kabupaten Gresik,Putri,Gresik,0.0,Tidak,Ya,Ya,Ya,Ya,Tidak,350000
Kabupaten Gresik,Putri,Kecamatan Gresik,0.0,Tidak,Ya,Ya,Ya,Ya,Ya,700000
Kabupaten Gresik,Putri,Kebomas,0.0,Ya,Tidak,Ya,Ya,Ya,Ya,1000000
Kabupaten Gresik,Putra,Manyar,0.0,Tidak,Ya,Ya,Tidak,Ya,Tidak,650000
Kabupaten Gresik,Putra,Kecamatan Manyar,0.0,Tidak,Ya,Ya,Ya,Ya,Ya,700000
Kabupaten Gresik,Putri,Kebomas,0.0,Tidak,Ya,Ya,Tidak,Ya,Tidak,600000
Kabupaten Gresik,Putri,Kebomas,0.0,Tidak,Ya,Ya,Ya,Tidak,Ya,400000
Kabupaten Gresik,Putri,Kebomas,5.0,Ya,Ya,Ya,Ya,Ya,Ya,1500000
Kabupaten Gresik,Putra,Kebomas,0.0,Tidak,Tidak,Ya,Tidak,Ya,Ya,600000
Kabupaten Gresik,Putri,Manyar,0.0,Ya,Tidak,Ya,Ya,Tidak,Ya,1000000
Kabupaten Gresik,Putri,Manyar,0.0,Tidak,Tidak,Ya,Ya,Tidak,Ya,650000
Kabupaten Gresik,Campur,Kecamatan Manyar,0.0,Ya,Ya,Ya,Ya,Ya,Ya,1500000
Kabupaten Gresik,Putri,Kebomas,0.0,Tidak,Ya,Ya,Tidak,Ya,Ya,650000
Kabupaten Gresik,Campur,Kebomas,0.0,Ya,Ya,Ya,Tidak,Ya,Tidak,1400000
Kabupaten Gresik,Campur,Kebomas,0.0,Tidak,Ya,Ya,Ya,Ya,Tidak,1000000
Kabupaten Gresik,Campur,Kebomas,0.0,Ya,Ya,Ya,Tidak,Ya,Tidak,1650000
Kabupaten Gresik,Putri,Kebomas,0.0,Tidak,Ya,Ya,Tidak,Ya,Ya,600000
Kabupaten Gresik,Campur,Kebomas,0.0,Ya,Ya,Ya,Tidak,Ya,Tidak,1500000
Kabupaten Gresik,Campur,Kebomas,0.0,Ya,Ya,Ya,Tidak,Ya,Ya,1100000
Kabupaten Gresik,Putri,Kebomas,5.0,Ya,Ya,Ya,Ya,Ya,Ya,1200000
Kabupaten Gresik,Putra,Kecamatan Kebomas,0.0,Ya,Tidak,Ya,Tidak,Tidak,Ya,800000
Kabupaten Gresik,Campur,Kebomas,0.0,Ya,Ya,Ya,Tidak,Ya,Ya,1100000
Kabupaten Gresik,Putra,Kecamatan Kebomas,0.0,Tidak,Ya,Ya,Tidak,Tidak,Ya,600000
Kabupaten Gresik,Putra,Kecamatan Kebomas,0.0,Tidak,Ya,Ya,Tidak,Ya,Ya,750000
Kabupaten Gresik,Putra,Kecamatan Manyar,0.0,Tidak,Ya,Ya,Ya,Ya,Ya,700000
Kabupaten Gresik,Putra,Kecamatan Kebomas,0.0,Ya,Tidak,Ya,Ya,Ya,Tidak,1250000
Kabupaten Gresik,Putra,Kebomas,0.0,Tidak,Ya,Ya,Ya,Ya,Ya,650000
Kabupaten Gresik,Putra,Kebomas,0.0,Ya,Ya,Ya,Tidak,Ya,Tidak,850000
Kabupaten Gresik,Putri,Manyar,0.0,Tidak,Tidak,Ya,Ya,Tidak,Ya,700000
Kabupaten Gresik,Putra,Manyar,0.0,Tidak,Ya,Ya,Ya,Tidak,Tidak,480000
Kabupaten Gresik,Putri,Kebomas,0.0,Ya,Tidak,Ya,Tidak,Ya,Ya,1200000
Kabupaten Gresik,Putra,Kebomas,0.0,Ya,Tidak,Ya,Tidak,Ya,Ya,1000000
Kabupaten Gresik,Putra,Kebomas,0.0,Ya,Tidak,Ya,Ya,Tidak,Tidak,1150000
Kabupaten Gresik,Campur,Kebomas,0.0,Ya,Ya,Ya,Tidak,Ya,Tidak,1550000
Kabupaten Gresik,Putra,Kebomas,0.0,Tidak,Tidak,Ya,Tidak,Tidak,Tidak,1050000
Kabupaten Gresik,Putri,Kebomas,0.0,Tidak,Ya,Ya,Tidak,Ya,Tidak,500000
Kabupaten Gresik,Putra,Manyar,0.0,Ya,Ya,Ya,Ya,Ya,Ya,1000000
Kabupaten Gresik,Campur,Manyar,0.0,Tidak,Ya,Ya,Ya,Ya,Ya,700000
Kabupaten Gresik,Putra,Kecamatan Kebomas,0.0,Tidak,Ya,Ya,Ya,Ya,Ya,550000
Kabupaten Gresik,Campur,Manyar,0.0,Ya,Ya,Ya,Ya,Ya,Ya,1000000
Kabupaten Gresik,Putri,Kebomas,0.0,Ya,Ya,Ya,Ya,Ya,Ya,1000000
Kabupaten Gresik,Putra,Kecamatan Kebomas,0.0,Ya,Ya,Ya,Tidak,Ya,Ya,650000
Kabupaten Gresik,Putra,Kecamatan Kebomas,0.0,Tidak,Ya,Ya,Ya,Tidak,Ya,700000
Kabupaten Gresik,Putra,Manyar,0.0,Tidak,Ya,Ya,Tidak,Ya,Ya,650000
Kabupaten Gresik,Putra,Kecamatan Manyar,0.0,Ya,Ya,Ya,Tidak,Ya,Ya,1200000
Kabupaten Gresik,Campur,Kecamatan Manyar,0.0,Ya,Ya,Ya,Ya,Tidak,Ya,1100000
Kabupaten Gresik,Putri,Kecamatan Kebomas,0.0,Ya,Ya,Ya,Ya,Ya,Ya,1400000
Kabupaten Gresik,Putra,Kecamatan Kebomas,0.0,Ya,Ya,Ya,Ya,Tidak,Ya,900000
Kabupaten Gresik,Campur,Kecamatan Manyar,0.0,Ya,Ya,Ya,Ya,Tidak,Ya,1300000
Kabupaten Gresik,Putra,Kebomas,0.0,Ya,Tidak,Ya,Ya,Ya,Ya,1250000
Kabupaten Gresik,Putri,Kebomas,0.0,Tidak,Ya,Ya,Ya,Ya,Ya,850000
Kabupaten Gresik,Campur,Manyar,0.0,Ya,Ya,Ya,Ya,Ya,Ya,1000000
Kabupaten Gresik,Putri,Kebomas,0.0,Ya,Ya,Ya,Tidak,Ya,Ya,800000
Kabupaten Gresik,Putri,Kebomas,0.0,Tidak,Ya,Ya,Tidak,Ya,Ya,700000
Kabupaten Gresik,Campur,Kebomas,0.0,Ya,Ya,Ya,Ya,Tidak,Ya,1150000
Kabupaten Gresik,Putra,Kecamatan Kebomas,0.0,Tidak,Ya,Ya,Tidak,Ya,Tidak,500000
Kabupaten Gresik,Campur,Kecamatan Manyar,0.0,Ya,Ya,Ya,Ya,Ya,Ya,1600000
Kabupaten Gresik,Campur,Kecamatan Kebomas,0.0,Tidak,Ya,Ya,Ya,Ya,Ya,850000
Kabupaten Gresik,Putra,Manyar,0.0,Tidak,Tidak,Ya,Ya,Tidak,Ya,500000
Kabupaten Gresik,Putri,Kecamatan Manyar,0.0,Ya,Ya,Ya,Ya,Ya,Ya,1000000
Kabupaten Gresik,Putri,Kecamatan Manyar,5.0,Ya,Ya,Ya,Ya,Ya,Ya,1400000
Kabupaten Gresik,Putri,Kebomas,0.0,Ya,Ya,Ya,Ya,Ya,Ya,1100000
Kabupaten Gresik,Putri,Kebomas,5.0,Ya,Tidak,Ya,Ya,Tidak,Ya,1000000
Kabupaten Gresik,Campur,Kecamatan Manyar,0.0,Ya,Ya,Ya,Ya,Ya,Ya,1500000
Kabupaten Gresik,Putra,Kecamatan Kebomas,0.0,Tidak,Ya,Ya,Tidak,Ya,Ya,600000
Kabupaten Gresik,Putra,Kecamatan Kebomas,0.0,Tidak,Ya,Ya,Tidak,Ya,Tidak,530000
Kabupaten Gresik,Putri,Kebomas,0.0,Ya,Tidak,Ya,Ya,Ya,Tidak,1100000
Kabupaten Gresik,Putra,Kecamatan Kebomas,0.0,Ya,Ya,Ya,Ya,Ya,Ya,1150000
Kabupaten Gresik,Putri,Kebomas,0.0,Tidak,Tidak,Ya,Tidak,Ya,Tidak,700000
Kabupaten Gresik,Putra,Kebomas,0.0,Ya,Ya,Ya,Ya,Ya,Ya,1300000
Kabupaten Gresik,Putri,Kebomas,0.0,Tidak,Ya,Ya,Ya,Tidak,Ya,650000
Kabupaten Gresik,Putri,Kecamatan Kebomas,0.0,Ya,Ya,Ya,Tidak,Ya,Ya,1000000
Kabupaten Gresik,Putri,Kebomas,0.0,Ya,Ya,Ya,Ya,Tidak,Ya,1000000
Kabupaten Gresik,Putra,Gresik,0.0,Tidak,Ya,Ya,Tidak,Tidak,Tidak,600000
Kabupaten Gresik,Putri,Kebomas,0.0,Ya,Ya,Tidak,Ya,Ya,Ya,1000000
Kabupaten Gresik,Putri,Gresik,0.0,Ya,Tidak,Ya,Ya,Ya,Ya,1250000
Kabupaten Gresik,Putri,Kecamatan Manyar,0.0,Tidak,Tidak,Ya,Tidak,Tidak,Ya,450000
Kabupaten Gresik,Campur,Kecamatan Manyar,0.0,Ya,Ya,Ya,Ya,Ya,Ya,1500000
Kabupaten Gresik,Putri,Kecamatan Kebomas,0.0,Tidak,Ya,Ya,Ya,Ya,Ya,650000
Kabupaten Gresik,Putri,Kecamatan Kebomas,0.0,Tidak,Ya,Ya,Ya,Ya,Ya,1200000
Kabupaten Gresik,Campur,Kecamatan Manyar,0.0,Ya,Ya,Ya,Ya,Tidak,Ya,1400000
Kabupaten Gresik,Campur,Kecamatan Kebomas,0.0,Ya,Tidak,Ya,Ya,Ya,Ya,1700000
Kabupaten Gresik,Putra,Kebomas,0.0,Tidak,Tidak,Ya,Ya,Ya,Ya,515000
Kabupaten Gresik,Putri,Kebomas,0.0,Ya,Ya,Ya,Ya,Ya,Ya,1000000
Kabupaten Gresik,Putra,Kebomas,0.0,Ya,Ya,Ya,Tidak,Ya,Ya,1500000
Kabupaten Gresik,Putra,Kebomas,0.0,Ya,Tidak,Ya,Tidak,Tidak,Ya,550000
Kabupaten Gresik,Putra,Kecamatan Kebomas,0.0,Ya,Ya,Ya,Tidak,Ya,Ya,1100000
Kabupaten Gresik,Campur,Kebomas,0.0,Tidak,Tidak,Ya,Tidak,Ya,Ya,500000
Kabupaten Gresik,Campur,Kebomas,0.0,Ya,Tidak,Ya,Tidak,Ya,Ya,1200000
Kabupaten Gresik,Putri,Kebomas,5.0,Ya,Ya,Ya,Tidak,Ya,Ya,1200000
Kabupaten Gresik,Campur,Manyar,0.0,Ya,Ya,Ya,Ya,Ya,Tidak,700000
Kabupaten Gresik,Putri,Manyar,0.0,Ya,Ya,Ya,Tidak,Ya,Ya,800000
Kabupaten Gresik,Campur,Manyar,0.0,Ya,Ya,Ya,Ya,Ya,Ya,1500000
Kabupaten Gresik,Campur,Kecamatan Manyar,0.0,Ya,Ya,Ya,Ya,Ya,Ya,1500000
Kabupaten Gresik,Putri,Kecamatan Kebomas,0.0,Tidak,Ya,Ya,Tidak,Tidak,Ya,650000
Kabupaten Gresik,Campur,Kecamatan Manyar,0.0,Ya,Ya,Ya,Ya,Ya,Ya,1500000
Kabupaten Gresik,Putra,Manyar,4.8,Tidak,Ya,Ya,Ya,Tidak,Ya,515000
Kabupaten Gresik,Putri,Kecamatan Kebomas,0.0,Ya,Ya,Ya,Ya,Ya,Ya,900000
Kabupaten Gresik,Putra,Kecamatan Kebomas,0.0,Ya,Ya,Ya,Ya,Ya,Ya,1200000
Kabupaten Gresik,Putra,Kebomas,4.6,Ya,Ya,Ya,Ya,Ya,Ya,1000000
Kabupaten Gresik,Putri,Kebomas,5.0,Ya,Ya,Ya,Ya,Ya,Ya,1600000
Kabupaten Gresik,Campur,Manyar,0.0,Ya,Ya,Ya,Ya,Ya,Ya,1600000
Kabupaten Gresik,Putra,Kecamatan Kebomas,0.0,Ya,Tidak,Ya,Ya,Ya,Ya,1000000
Kabupaten Gresik,Putri,Kebomas,0.0,Ya,Tidak,Ya,Ya,Ya,Ya,1100000
Kabupaten Gresik,Campur,Manyar,0.0,Tidak,Ya,Ya,Tidak,Ya,Ya,750000
Kabupaten Gresik,Putra,Kebomas,0.0,Tidak,Tidak,Ya,Ya,Ya,Ya,800000
Kabupaten Gresik,Putri,Kebomas,0.0,Ya,Tidak,Ya,Ya,Ya,Ya,1200000
Kabupaten Gresik,Putri,Kecamatan Kebomas,0.0,Ya,Tidak,Ya,Ya,Ya,Ya,1200000
Kabupaten Gresik,Putri,Kecamatan Kebomas,0.0,Tidak,Tidak,Ya,Ya,Ya,Ya,950000
Kabupaten Gresik,Campur,Manyar,0.0,Ya,Ya,Ya,Ya,Tidak,Ya,1100000
Kabupaten Gresik,Putri,Manyar,0.0,Ya,Tidak,Ya,Ya,Tidak,Ya,1200000
Kabupaten Gresik,Campur,Kebomas,5.0,Ya,Tidak,Ya,Ya,Ya,Ya,1000000
Kabupaten Gresik,Campur,Manyar,0.0,Tidak,Ya,Ya,Tidak,Ya,Ya,1700000
Kabupaten Gresik,Putri,Kebomas,0.0,Tidak,Ya,Ya,Tidak,Ya,Ya,700000
Kabupaten Gresik,Putra,Kebomas,0.0,Tidak,Tidak,Ya,Ya,Tidak,Ya,750000
Kabupaten Gresik,Campur,Kecamatan Kebomas,0.0,Tidak,Ya,Tidak,Tidak,Ya,Tidak,950000
Kabupaten Gresik,Putri,Kebomas,0.0,Tidak,Ya,Ya,Tidak,Tidak,Ya,750000
Kabupaten Gresik,Putri,Kebomas,0.0,Tidak,Ya,Ya,Ya,Tidak,Ya,300000
Kabupaten Gresik,Putra,Kebomas,0.0,Tidak,Ya,Ya,Tidak,Ya,Ya,700000
Kabupaten Gresik,Putra,Kecamatan Manyar,0.0,Ya,Ya,Ya,Tidak,Ya,Ya,1050000
Kabupaten Gresik,Putra,Kecamatan Manyar,0.0,Tidak,Ya,Ya,Tidak,Ya,Ya,600000
Kabupaten Gresik,Putra,Kecamatan Manyar,0.0,Tidak,Ya,Ya,Ya,Ya,Tidak,650000
Kabupaten Gresik,Putri,Manyar,0.0,Tidak,Tidak,Ya,Ya,Tidak,Tidak,400000
Kabupaten Gresik,Putra,Manyar,0.0,Tidak,Ya,Ya,Tidak,Tidak,Tidak,350000
Kabupaten Gresik,Putri,Kebomas,0.0,Tidak,Ya,Ya,Tidak,Tidak,Ya,550000
Kabupaten Gresik,Campur,Kecamatan Kebomas,0.0,Tidak,Ya,Tidak,Tidak,Ya,Tidak,450000
Kabupaten Gresik,Campur,Manyar,0.0,Tidak,Tidak,Ya,Tidak,Tidak,Tidak,550000
Kabupaten Gresik,Putri,Kecamatan Gresik,0.0,Tidak,Ya,Tidak,Ya,Ya,Tidak,650000
Kabupaten Gresik,Putra,Kebomas,0.0,Ya,Tidak,Ya,Ya,Tidak,Tidak,1000000
Kabupaten Gresik,Putri,Manyar,0.0,Tidak,Ya,Ya,Ya,Ya,Ya,650000
Kabupaten Gresik,Campur,Kebomas,0.0,Tidak,Ya,Ya,Ya,Ya,Ya,750000
Kabupaten Gresik,Campur,Kecamatan Kebomas,0.0,Ya,Ya,Ya,Ya,Ya,Ya,1200000
Kabupaten Gresik,Putra,Kebomas,0.0,Ya,Tidak,Ya,Ya,Tidak,Ya,1100000
Kabupaten Gresik,Putri,Kebomas,0.0,Tidak,Tidak,Ya,Tidak,Ya,Ya,850000
Kabupaten Gresik,Campur,Kecamatan Gresik,0.0,Tidak,Tidak,Ya,Tidak,Tidak,Tidak,500000
Kabupaten Gresik,Putra,Kecamatan Manyar,0.0,Ya,Ya,Ya,Ya,Ya,Ya,1500000
Kabupaten Gresik,Putra,Kecamatan Kebomas,0.0,Ya,Tidak,Ya,Tidak,Ya,Ya,1000000
Kabupaten Gresik,Putra,Kebomas,0.0,Tidak,Ya,Ya,Tidak,Ya,Tidak,550000
Kabupaten Gresik,Putra,Kebomas,0.0,Tidak,Tidak,Ya,Ya,Ya,Ya,650000
Kabupaten Gresik,Putra,Kebomas,0.0,Tidak,Ya,Ya,Ya,Tidak,Ya,550000
Kabupaten Gresik,Putra,Gresik,0.0,Tidak,Tidak,Ya,Tidak,Tidak,Tidak,500000
Kabupaten Gresik,Putri,Kecamatan Kebomas,0.0,Ya,Ya,Ya,Ya,Ya,Ya,1200000
Kabupaten Gresik,Putri,Kebomas,0.0,Tidak,Ya,Ya,Ya,Ya,Ya,575000
Kabupaten Gresik,Putri,Kecamatan Kebomas,0.0,Tidak,Tidak,Tidak,Ya,Tidak,Tidak,1000000
Kabupaten Gresik,Campur,Kebomas,0.0,Ya,Ya,Ya,Tidak,Ya,Ya,600000
Kabupaten Gresik,Putra,Kecamatan Kebomas,0.0,Tidak,Ya,Ya,Tidak,Ya,Tidak,550000
Kabupaten Gresik,Putra,Kecamatan Duduksampeyan,0.0,Tidak,Tidak,Ya,Tidak,Tidak,Tidak,599999
Kabupaten Gresik,Putri,Kecamatan Kebomas,0.0,Tidak,Tidak,Ya,Ya,Tidak,Tidak,650000
Kabupaten Gresik,Putri,Kecamatan Kebomas,0.0,Ya,Tidak,Ya,Ya,Tidak,Ya,1000000
Kabupaten Gresik,Putri,Manyar,0.0,Tidak,Tidak,Ya,Ya,Ya,Tidak,500000
Kabupaten Gresik,Campur,Kecamatan Manyar,0.0,Ya,Ya,Tidak,Tidak,Ya,Tidak,1500000
Kabupaten Gresik,Campur,Manyar,0.0,Ya,Ya,Ya,Tidak,Ya,Ya,900000
Kabupaten Gresik,Campur,Kebomas,0.0,Tidak,Ya,Ya,Ya,Ya,Ya,550000
Kabupaten Gresik,Putri,Kecamatan Kebomas,0.0,Ya,Tidak,Ya,Ya,Ya,Ya,1200000
Kabupaten Gresik,Campur,Kecamatan Kebomas,0.0,Ya,Ya,Ya,Ya,Ya,Ya,1500000
Kabupaten Gresik,Campur,Kecamatan Kebomas,0.0,Ya,Ya,Ya,Ya,Ya,Ya,1000000
Kabupaten Gresik,Campur,Kebomas,0.0,Tidak,Ya,Ya,Tidak,Ya,Tidak,500000
Kabupaten Gresik,Putra,Kebomas,0.0,Tidak,Ya,Ya,Tidak,Tidak,Tidak,450000
Kabupaten Gresik,Putri,Kebomas,0.0,Tidak,Ya,Ya,Tidak,Tidak,Tidak,1000000
Kabupaten Gresik,Putri,Kecamatan Gresik,0.0,Tidak,Tidak,Ya,Ya,Tidak,Tidak,700000
Kabupaten Gresik,Putri,Kecamatan Manyar,0.0,Tidak,Tidak,Ya,Tidak,Tidak,Tidak,500000
Kabupaten Gresik,Putra,Kecamatan Manyar,0.0,Ya,Ya,Ya,Ya,Tidak,Ya,1200000
Kabupaten Gresik,Putri,Kebomas,0.0,Ya,Ya,Ya,Tidak,Tidak,Ya,1100000
Kabupaten Gresik,Putri,Kecamatan Manyar,0.0,Ya,Tidak,Ya,Ya,Ya,Ya,1500000
Kabupaten Gresik,Putri,Kebomas,0.0,Ya,Tidak,Ya,Ya,Ya,Ya,1300000
Kabupaten Gresik,Putri,Kecamatan Kebomas,0.0,Tidak,Tidak,Ya,Tidak,Tidak,Ya,600000
Kabupaten Gresik,Putra,Kecamatan Manyar,0.0,Ya,Ya,Ya,Ya,Tidak,Tidak,1000000
Kabupaten Gresik,Putri,Kebomas,0.0,Tidak,Tidak,Ya,Ya,Tidak,Ya,650000
Kabupaten Gresik,Putra,Kecamatan Manyar,0.0,Tidak,Ya,Ya,Tidak,Tidak,Tidak,715000
Kabupaten Gresik,Putra,Kebomas,0.0,Tidak,Ya,Tidak,Ya,Ya,Ya,660000
Kabupaten Gresik,Putra,Kebomas,0.0,Tidak,Ya,Ya,Ya,Ya,Ya,710000
Kabupaten Gresik,Putri,Kebomas,0.0,Tidak,Tidak,Ya,Tidak,Tidak,Ya,550000
Kabupaten Jember,Putri,Sumbersari,0.0,Ya,Ya,Ya,Tidak,Ya,Ya,1105000
Kabupaten Jember,Putri,Sumbersari,0.0,Tidak,Ya,Ya,Ya,Ya,Ya,745000
Kabupaten Jember,Campur,Sumbersari,0.0,Ya,Ya,Ya,Ya,Tidak,Ya,1510000
Kabupaten Jember,Putri,Sumbersari,0.0,Tidak,Ya,Ya,Ya,Ya,Ya,655000
Kabupaten Jember,Putra,Sumbersari,0.0,Ya,Ya,Ya,Ya,Ya,Ya,1300000
Kabupaten Jember,Putri,Kecamatan Sumbersari,0.0,Tidak,Tidak,Ya,Ya,Ya,Ya,650000
Kabupaten Jember,Putra,Sumbersari,0.0,Tidak,Tidak,Ya,Ya,Ya,Ya,750000
Kabupaten Jember,Putri,Sukorambi,0.0,Tidak,Tidak,Ya,Tidak,Ya,Ya,450000
Kabupaten Jember,Putri,Sumbersari,0.0,Tidak,Tidak,Ya,Tidak,Tidak,Ya,375000
Kabupaten Jember,Putri,Kaliwates,0.0,Ya,Tidak,Ya,Ya,Ya,Ya,1000000
Kabupaten Jember,Putri,Kaliwates,0.0,Tidak,Tidak,Ya,Tidak,Tidak,Ya,400000
Kabupaten Jember,Putri,Sumbersari,0.0,Tidak,Ya,Ya,Tidak,Tidak,Ya,500000
Kabupaten Jember,Campur,Patrang,4.8,Tidak,Ya,Ya,Ya,Ya,Ya,650000
Kabupaten Jember,Putri,Patrang,4.6,Tidak,Ya,Ya,Ya,Tidak,Ya,415000
Kabupaten Jember,Putri,Kecamatan Sumbersari,0.0,Tidak,Ya,Ya,Tidak,Ya,Ya,500000
Kabupaten Jember,Putri,Sumbersari,0.0,Ya,Tidak,Ya,Ya,Ya,Ya,1200000
Kabupaten Jember,Putri,Sumbersari,0.0,Tidak,Ya,Ya,Ya,Tidak,Ya,500000
Kabupaten Jember,Putri,Sumbersari,0.0,Tidak,Ya,Ya,Ya,Tidak,Ya,375000
Kabupaten Jember,Putri,Sumbersari,0.0,Ya,Tidak,Ya,Ya,Ya,Ya,1800000
Kabupaten Jember,Putri,Sumbersari,0.0,Ya,Ya,Ya,Ya,Ya,Ya,1350000
Kabupaten Jember,Putri,Kecamatan Sumbersari,0.0,Tidak,Ya,Ya,Tidak,Tidak,Ya,450000
Kabupaten Jember,Putri,Kecamatan Sumbersari,0.0,Ya,Tidak,Ya,Ya,Ya,Ya,1000000
Kabupaten Jember,Putri,Sumbersari,0.0,Tidak,Tidak,Ya,Tidak,Ya,Ya,750000
Kabupaten Jember,Putri,Sumbersari,0.0,Ya,Ya,Ya,Ya,Ya,Ya,1400000
Kabupaten Jember,Putra,Sumbersari,0.0,Tidak,Ya,Ya,Ya,Ya,Ya,700000
Kabupaten Jember,Putri,Sumbersari,0.0,Ya,Tidak,Ya,Ya,Ya,Ya,1000000
Kabupaten Jember,Putra,Kaliwates,5.0,Ya,Tidak,Ya,Ya,Ya,Ya,1100000
Kabupaten Jember,Putra,Sumbersari,0.0,Ya,Tidak,Ya,Ya,Ya,Ya,1200000
Kabupaten Jember,Putri,Sumbersari,0.0,Tidak,Tidak,Ya,Tidak,Tidak,Ya,600000
Kabupaten Jember,Putri,Kaliwates,0.0,Ya,Tidak,Ya,Ya,Ya,Ya,1100000
Kabupaten Jember,Putri,Sumbersari,0.0,Ya,Ya,Ya,Ya,Ya,Ya,1200000
Kabupaten Jember,Putri,Kecamatan Sumbersari,0.0,Tidak,Tidak,Ya,Ya,Ya,Ya,650000
Kabupaten Jember,Putri,Kecamatan Sumbersari,0.0,Ya,Ya,Ya,Ya,Ya,Ya,1200000
Kabupaten Jember,Putri,Sumbersari,0.0,Ya,Ya,Ya,Ya,Ya,Ya,1100000
Kabupaten Jember,Putra,Kaliwates,0.0,Ya,Tidak,Ya,Ya,Ya,Ya,950000
Kabupaten Jember,Putri,Patrang,0.0,Ya,Tidak,Ya,Ya,Ya,Ya,1400000
Kabupaten Jember,Putri,Sumbersari,0.0,Ya,Ya,Ya,Ya,Ya,Ya,1500000
Kabupaten Jember,Putri,Patrang,0.0,Tidak,Tidak,Ya,Ya,Tidak,Ya,500000
Kabupaten Jember,Putri,Sumbersari,0.0,Tidak,Tidak,Ya,Ya,Ya,Ya,550000
Kabupaten Jember,Putri,Kecamatan Sumbersari,5.0,Ya,Ya,Ya,Ya,Ya,Ya,1500000
Kabupaten Jember,Putri,Sumbersari,0.0,Ya,Tidak,Ya,Ya,Ya,Ya,1000000
Kabupaten Jember,Putri,Ajung,0.0,Tidak,Tidak,Ya,Tidak,Ya,Tidak,400000
Kabupaten Jember,Campur,Sumbersari,0.0,Ya,Ya,Ya,Ya,Ya,Ya,1500000
Kabupaten Jember,Putri,Kecamatan Sumbersari,0.0,Tidak,Tidak,Ya,Ya,Ya,Ya,650000
Kabupaten Jember,Putri,Sumbersari,0.0,Ya,Ya,Ya,Ya,Ya,Ya,1350000
Kabupaten Jember,Putri,Sumbersari,5.0,Tidak,Ya,Ya,Tidak,Tidak,Ya,495000
Kabupaten Jember,Putri,Sumbersari,0.0,Tidak,Ya,Ya,Ya,Ya,Ya,650000
Kabupaten Jember,Putri,Kecamatan Sumbersari,0.0,Tidak,Tidak,Ya,Tidak,Tidak,Tidak,450000
Kabupaten Jember,Putri,Sumbersari,0.0,Ya,Ya,Ya,Ya,Ya,Ya,800000
Kabupaten Jember,Putri,Sumbersari,5.0,Tidak,Ya,Ya,Ya,Ya,Ya,600000
Kabupaten Jember,Campur,Kecamatan Sumbersari,0.0,Ya,Ya,Ya,Ya,Ya,Ya,1700000
Kabupaten Jember,Putri,Kecamatan Sumbersari,0.0,Tidak,Tidak,Ya,Tidak,Ya,Ya,850000
Kabupaten Jember,Putra,Sumbersari,0.0,Tidak,Tidak,Ya,Tidak,Tidak,Ya,350000
Kabupaten Jember,Putri,Sumbersari,5.0,Tidak,Ya,Ya,Ya,Ya,Ya,700000
Kabupaten Jember,Putri,Sumbersari,4.1,Tidak,Ya,Ya,Ya,Ya,Ya,650000
Kabupaten Jember,Putri,Sumbersari,0.0,Tidak,Tidak,Ya,Ya,Ya,Ya,700000
Kabupaten Jember,Putra,Sumbersari,0.0,Tidak,Ya,Ya,Tidak,Tidak,Ya,400000
Kabupaten Jember,Putra,Kecamatan Kaliwates,5.0,Tidak,Ya,Ya,Ya,Tidak,Ya,450000
Kabupaten Jember,Putra,Sumbersari,0.0,Ya,Ya,Ya,Tidak,Ya,Ya,1000000
Kabupaten Jember,Putri,Sumbersari,0.0,Tidak,Tidak,Ya,Tidak,Tidak,Ya,450000
Kabupaten Jember,Putri,Sumbersari,5.0,Tidak,Tidak,Ya,Tidak,Tidak,Ya,525000
Kabupaten Jember,Putri,Sumbersari,0.0,Tidak,Ya,Ya,Ya,Ya,Ya,800000
Kabupaten Jember,Putri,Sumbersari,0.0,Tidak,Ya,Ya,Tidak,Tidak,Ya,525000
Kabupaten Jember,Putri,Kecamatan Sumbersari,0.0,Tidak,Tidak,Ya,Ya,Ya,Ya,650000
Kabupaten Jember,Putri,Sumbersari,0.0,Tidak,Tidak,Ya,Tidak,Tidak,Ya,500000
Kabupaten Jember,Putri,Sumbersari,0.0,Tidak,Ya,Ya,Tidak,Tidak,Tidak,475000
Kabupaten Jember,Campur,Sumbersari,0.0,Ya,Ya,Ya,Tidak,Ya,Ya,1350000
Kabupaten Jember,Campur,Kecamatan Kaliwates,0.0,Ya,Ya,Ya,Ya,Ya,Ya,1250000
Kabupaten Jember,Putra,Kecamatan Sumbersari,0.0,Tidak,Ya,Ya,Tidak,Tidak,Ya,500000
Kabupaten Jember,Putra,Sumbersari,0.0,Tidak,Ya,Ya,Tidak,Tidak,Ya,350000
Kabupaten Jember,Putri,Sumbersari,0.0,Tidak,Tidak,Ya,Tidak,Tidak,Ya,700000
Kabupaten Jember,Campur,Sumbersari,0.0,Ya,Ya,Ya,Tidak,Ya,Ya,1700000
Kabupaten Jember,Putri,Kecamatan Sumbersari,0.0,Tidak,Ya,Ya,Tidak,Tidak,Ya,400000
Kabupaten Jember,Campur,Kecamatan Sumbersari,0.0,Ya,Ya,Ya,Ya,Ya,Ya,1700000
Kabupaten Jember,Campur,Kaliwates,0.0,Tidak,Ya,Ya,Ya,Tidak,Ya,950000
Kabupaten Jember,Putra,Kecamatan Sumbersari,0.0,Tidak,Ya,Ya,Ya,Tidak,Ya,300000
Kabupaten Jember,Putri,Sumbersari,0.0,Ya,Tidak,Ya,Ya,Ya,Ya,1000000
Kabupaten Jember,Putra,Sumbersari,0.0,Tidak,Ya,Ya,Tidak,Tidak,Ya,500000
Kabupaten Jember,Putri,Sumbersari,0.0,Ya,Tidak,Ya,Ya,Ya,Ya,1300000
Kabupaten Jember,Putra,Sumbersari,0.0,Ya,Ya,Ya,Ya,Ya,Ya,1600000
Kabupaten Jember,Putri,Patrang,0.0,Ya,Tidak,Ya,Ya,Ya,Ya,1400000
Kabupaten Jember,Putra,Kecamatan Kaliwates,0.0,Tidak,Tidak,Ya,Ya,Ya,Tidak,600000
Kabupaten Jember,Putra,Patrang,0.0,Tidak,Tidak,Ya,Tidak,Tidak,Ya,350000
Kabupaten Jember,Putri,Sumbersari,0.0,Ya,Tidak,Ya,Ya,Ya,Ya,1100000
Kabupaten Jember,Campur,Kaliwates,0.0,Tidak,Ya,Ya,Ya,Tidak,Ya,750000
Kabupaten Jember,Putri,Kecamatan Sumbersari,0.0,Tidak,Tidak,Ya,Tidak,Tidak,Ya,500000
Kabupaten Jember,Campur,Kaliwates,0.0,Tidak,Ya,Ya,Ya,Tidak,Ya,950000
Kabupaten Jember,Putri,Sumbersari,0.0,Tidak,Ya,Ya,Ya,Ya,Ya,750000
Kabupaten Jember,Putri,Kecamatan Sumbersari,0.0,Tidak,Ya,Ya,Ya,Tidak,Tidak,699000
Kabupaten Jember,Campur,Kaliwates,0.0,Tidak,Ya,Ya,Ya,Tidak,Ya,950000
Kabupaten Jember,Putri,Kecamatan Sumbersari,0.0,Tidak,Ya,Ya,Ya,Ya,Ya,1000000
Kabupaten Jember,Putri,Kecamatan Sumbersari,0.0,Tidak,Ya,Ya,Ya,Tidak,Tidak,699000
Kabupaten Jember,Putra,Sumbersari,0.0,Tidak,Tidak,Ya,Tidak,Tidak,Ya,500000
Kabupaten Jember,Putri,Sumbersari,0.0,Tidak,Tidak,Ya,Tidak,Ya,Ya,650000
Kabupaten Jember,Putra,Sumbersari,0.0,Tidak,Ya,Ya,Ya,Tidak,Ya,300000
Kabupaten Jember,Putri,Sumbersari,0.0,Tidak,Ya,Ya,Tidak,Tidak,Ya,550000
Kabupaten Jember,Campur,Kecamatan Kaliwates,0.0,Tidak,Ya,Ya,Ya,Ya,Tidak,800000
Kabupaten Jember,Putri,Patrang,0.0,Ya,Tidak,Ya,Ya,Ya,Ya,1600000
Kabupaten Jember,Putri,Sumbersari,0.0,Tidak,Tidak,Ya,Tidak,Tidak,Ya,600000
Kabupaten Jember,Putri,Sumbersari,0.0,Tidak,Ya,Ya,Tidak,Tidak,Ya,475000
Kabupaten Jember,Campur,Kaliwates,0.0,Ya,Ya,Ya,Ya,Ya,Ya,1300000
Kabupaten Jember,Putri,Sumbersari,0.0,Tidak,Tidak,Ya,Ya,Ya,Ya,500000
Kabupaten Jember,Campur,Kecamatan Sumbersari,1.0,Tidak,Tidak,Ya,Ya,Ya,Ya,600000
Kabupaten Jember,Putri,Sumbersari,5.0,Ya,Tidak,Ya,Ya,Ya,Ya,1000000
Kabupaten Jember,Campur,Kaliwates,0.0,Ya,Ya,Ya,Ya,Ya,Ya,1000000
Kabupaten Jember,Putra,Kecamatan Sumbersari,0.0,Tidak,Ya,Ya,Ya,Tidak,Ya,300000
Kabupaten Jember,Putri,Sumbersari,0.0,Ya,Tidak,Ya,Ya,Ya,Ya,1100000
Kabupaten Jember,Putra,Sumbersari,0.0,Tidak,Tidak,Ya,Tidak,Tidak,Ya,475000
Kabupaten Jember,Putri,Kecamatan Sumbersari,0.0,Tidak,Tidak,Ya,Ya,Tidak,Tidak,400000
Kabupaten Jember,Putra,Sumbersari,0.0,Tidak,Ya,Tidak,Tidak,Tidak,Tidak,600000
Kabupaten Jember,Putri,Sumbersari,0.0,Tidak,Tidak,Ya,Tidak,Tidak,Ya,500000
Kabupaten Jember,Putri,Sumbersari,0.0,Tidak,Tidak,Ya,Tidak,Tidak,Ya,475000
Kabupaten Jember,Putri,Sumbersari,0.0,Tidak,Ya,Ya,Tidak,Ya,Ya,650000
Kabupaten Jember,Putra,Sumbersari,0.0,Tidak,Tidak,Ya,Tidak,Tidak,Ya,500000
Kabupaten Jember,Putri,Kecamatan Kaliwates,0.0,Tidak,Ya,Ya,Tidak,Tidak,Ya,425000
Kabupaten Jember,Campur,Kaliwates,0.0,Ya,Ya,Ya,Ya,Ya,Ya,1000000
Kabupaten Jember,Putri,Patrang,0.0,Tidak,Ya,Ya,Tidak,Tidak,Ya,500000
Kabupaten Jember,Putri,Sumbersari,0.0,Tidak,Ya,Ya,Tidak,Ya,Ya,550000
Kabupaten Jember,Campur,Kaliwates,0.0,Tidak,Tidak,Ya,Ya,Tidak,Ya,950000
Kabupaten Jember,Putra,Sumbersari,0.0,Tidak,Ya,Ya,Tidak,Tidak,Ya,500000
Kabupaten Jember,Putri,Sumbersari,0.0,Ya,Ya,Ya,Ya,Ya,Ya,1200000
Kabupaten Jember,Putra,Kecamatan Sumbersari,5.0,Tidak,Ya,Ya,Tidak,Ya,Ya,500000
Kabupaten Jember,Putra,Kecamatan Sumbersari,0.0,Tidak,Ya,Ya,Ya,Tidak,Ya,350000
Kabupaten Jember,Putri,Sumbersari,0.0,Tidak,Ya,Ya,Tidak,Ya,Ya,575000
Kabupaten Jember,Putri,Sumbersari,0.0,Ya,Tidak,Ya,Ya,Ya,Ya,1200000
Kabupaten Jember,Putra,Sumbersari,5.0,Tidak,Ya,Ya,Tidak,Tidak,Ya,450000
Kabupaten Jember,Putri,Sumbersari,0.0,Tidak,Tidak,Ya,Ya,Ya,Ya,425000
Kabupaten Jember,Putri,Sumbersari,0.0,Tidak,Tidak,Ya,Ya,Ya,Ya,350000
Kabupaten Jember,Putra,Sumbersari,0.0,Tidak,Ya,Ya,Tidak,Ya,Ya,525000
Kabupaten Jember,Putri,Kecamatan Patrang,0.0,Ya,Tidak,Ya,Ya,Ya,Ya,1250000
Kabupaten Jember,Putri,Sumbersari,0.0,Tidak,Tidak,Ya,Ya,Tidak,Ya,500000
Kabupaten Jember,Putra,Sumbersari,0.0,Tidak,Ya,Ya,Ya,Ya,Ya,1000000
Kabupaten Jember,Putra,Kecamatan Sumbersari,0.0,Tidak,Tidak,Ya,Tidak,Tidak,Tidak,500000
Kabupaten Jember,Putra,Patrang,0.0,Tidak,Ya,Ya,Tidak,Tidak,Ya,500000
Kabupaten Jember,Campur,Kaliwates,0.0,Ya,Tidak,Ya,Ya,Tidak,Ya,1350000
Kabupaten Jember,Putri,Sumbersari,0.0,Tidak,Ya,Ya,Ya,Ya,Ya,650000
Kabupaten Jember,Putri,Kecamatan Sumbersari,0.0,Tidak,Tidak,Ya,Ya,Ya,Tidak,550000
Kabupaten Jember,Putri,Kecamatan Kaliwates,0.0,Tidak,Ya,Ya,Tidak,Tidak,Ya,400000
Kabupaten Jember,Putri,Kecamatan Kaliwates,0.0,Tidak,Ya,Ya,Tidak,Ya,Ya,600000
Kabupaten Jember,Putri,Kecamatan Sumbersari,0.0,Tidak,Tidak,Ya,Ya,Tidak,Tidak,400000
Kabupaten Jember,Putri,Kecamatan Sumbersari,0.0,Tidak,Tidak,Ya,Ya,Ya,Tidak,500000
Kabupaten Jember,Putri,Kecamatan Sumbersari,0.0,Tidak,Ya,Ya,Tidak,Tidak,Ya,450000
Kabupaten Jember,Campur,Kaliwates,0.0,Tidak,Tidak,Ya,Tidak,Ya,Tidak,700000
Kabupaten Jember,Putri,Kecamatan Sumbersari,0.0,Tidak,Tidak,Ya,Ya,Ya,Tidak,500000
Kabupaten Jember,Putri,Kecamatan Kaliwates,0.0,Ya,Tidak,Ya,Ya,Ya,Ya,750000
Kabupaten Jember,Putri,Kecamatan Sumbersari,0.0,Tidak,Tidak,Ya,Ya,Tidak,Tidak,400000
Kabupaten Jember,Putri,Sumbersari,0.0,Ya,Ya,Ya,Ya,Ya,Ya,1350000
Kabupaten Jember,Putra,Kecamatan Sumbersari,0.0,Tidak,Ya,Ya,Ya,Tidak,Ya,350000
Kabupaten Jember,Putri,Kecamatan Sumbersari,0.0,Ya,Tidak,Ya,Ya,Ya,Ya,900000
Kabupaten Jember,Putri,Kecamatan Kaliwates,0.0,Tidak,Ya,Ya,Tidak,Tidak,Ya,475000
Kabupaten Jember,Putri,Sumbersari,0.0,Tidak,Ya,Ya,Ya,Ya,Ya,1250000
Kabupaten Jember,Putri,Sumbersari,0.0,Tidak,Ya,Ya,Tidak,Tidak,Ya,450000
Kabupaten Jember,Putra,Sumbersari,0.0,Tidak,Tidak,Ya,Ya,Tidak,Ya,500000
Kabupaten Jember,Putri,Kecamatan Sumbersari,0.0,Tidak,Tidak,Ya,Ya,Tidak,Tidak,400000
Kabupaten Jember,Putri,Kaliwates,0.0,Tidak,Ya,Tidak,Tidak,Tidak,Tidak,500000
Kabupaten Jember,Putra,Kaliwates,2.5,Tidak,Ya,Ya,Tidak,Ya,Ya,550000
Kabupaten Jember,Putri,Sumbersari,0.0,Tidak,Tidak,Ya,Ya,Ya,Ya,800000
Kabupaten Jember,Putra,Kecamatan Sumbersari,0.0,Ya,Ya,Ya,Ya,Ya,Ya,1300000
Kabupaten Jember,Putra,Sumbersari,5.0,Tidak,Ya,Ya,Tidak,Tidak,Ya,400000
Kabupaten Jember,Campur,Kaliwates,2.8,Ya,Ya,Ya,Ya,Ya,Ya,1400000
Kabupaten Jember,Putra,Sumbersari,0.0,Tidak,Ya,Ya,Tidak,Ya,Ya,650000
Kabupaten Jember,Putri,Sumbersari,5.0,Tidak,Ya,Ya,Tidak,Ya,Ya,575000
Kabupaten Jember,Putri,Sumbersari,5.0,Ya,Ya,Ya,Ya,Ya,Ya,1200000
Kabupaten Jember,Campur,Kaliwates,0.0,Ya,Ya,Ya,Ya,Ya,Ya,1300000
Kabupaten Jember,Campur,Kaliwates,0.0,Ya,Ya,Ya,Tidak,Ya,Ya,1500000
Kabupaten Jember,Putra,Kecamatan Sumbersari,0.0,Tidak,Ya,Ya,Tidak,Tidak,Ya,350000
Kabupaten Jember,Putri,Sumbersari,0.0,Tidak,Ya,Ya,Tidak,Ya,Ya,550000
Kabupaten Jember,Putri,Sumbersari,0.0,Tidak,Ya,Ya,Tidak,Tidak,Ya,350000
Kabupaten Jember,Putri,Sumbersari,0.0,Tidak,Ya,Ya,Ya,Ya,Ya,900000
Kabupaten Jember,Putri,Sumbersari,0.0,Tidak,Ya,Ya,Tidak,Tidak,Ya,525000
Kabupaten Jember,Putri,Kecamatan Sumbersari,0.0,Tidak,Ya,Ya,Ya,Tidak,Ya,650000
Kabupaten Jember,Putra,Sumbersari,0.0,Tidak,Tidak,Ya,Tidak,Tidak,Ya,500000
Kabupaten Jember,Putri,Kecamatan Sumbersari,0.0,Tidak,Ya,Ya,Tidak,Tidak,Ya,400000
Kabupaten Jember,Putri,Kecamatan Sumbersari,0.0,Tidak,Ya,Ya,Tidak,Tidak,Ya,475000
Kabupaten Jember,Putri,Sumbersari,0.0,Tidak,Tidak,Ya,Ya,Tidak,Ya,550000
Kabupaten Jember,Putri,Sumbersari,0.0,Ya,Ya,Ya,Ya,Ya,Ya,1500000
Kabupaten Jember,Putra,Sumbersari,0.0,Tidak,Ya,Ya,Ya,Ya,Ya,1250000
Kabupaten Jember,Campur,Kaliwates,0.0,Tidak,Ya,Ya,Tidak,Ya,Ya,1600000
Kabupaten Jember,Putra,Sumbersari,0.0,Tidak,Ya,Ya,Tidak,Ya,Tidak,450000
Kabupaten Jember,Putri,Sumbersari,0.0,Tidak,Ya,Ya,Ya,Ya,Ya,430000
Kabupaten Jember,Putra,Kecamatan Sumbersari,0.0,Tidak,Ya,Ya,Tidak,Tidak,Ya,450000
Kabupaten Jember,Putra,Kecamatan Sumbersari,0.0,Ya,Ya,Ya,Ya,Ya,Ya,1500000
Kabupaten Jember,Putri,Sumbersari,4.5,Tidak,Tidak,Ya,Ya,Tidak,Ya,550000
Kabupaten Jember,Putri,Kecamatan Sumbersari,0.0,Ya,Tidak,Ya,Ya,Ya,Ya,1402000
Kabupaten Jember,Putri,Kecamatan Sumbersari,0.0,Tidak,Tidak,Ya,Tidak,Tidak,Ya,400000
Kabupaten Jember,Putri,Kecamatan Sumbersari,0.0,Tidak,Tidak,Ya,Tidak,Tidak,Ya,550000
Kabupaten Jember,Putri,Sumbersari,0.0,Tidak,Ya,Ya,Tidak,Tidak,Ya,550000
Kabupaten Jember,Putri,Sumbersari,5.0,Tidak,Ya,Ya,Ya,Ya,Ya,550000
Kabupaten Jember,Putri,Sumbersari,0.0,Tidak,Ya,Ya,Tidak,Ya,Ya,560000
Kabupaten Jember,Putri,Sumbersari,0.0,Tidak,Ya,Ya,Ya,Tidak,Ya,450000
Kabupaten Jember,Putra,Sumbersari,0.0,Tidak,Ya,Ya,Tidak,Tidak,Ya,400000
Kabupaten Jember,Putri,Sumbersari,0.0,Tidak,Ya,Ya,Tidak,Tidak,Ya,450000
Kabupaten Jember,Putri,Patrang,0.0,Ya,Ya,Ya,Tidak,Ya,Ya,1200000
Kabupaten Jember,Putri,Sumbersari,0.0,Tidak,Ya,Ya,Tidak,Ya,Ya,425000
Kabupaten Jember,Putri,Kecamatan Sumbersari,0.0,Tidak,Ya,Ya,Tidak,Ya,Ya,550000
Kabupaten Jember,Putri,Sumbersari,0.0,Tidak,Ya,Ya,Ya,Tidak,Ya,425000
Kabupaten Jember,Putri,Sumbersari,0.0,Ya,Tidak,Ya,Ya,Ya,Ya,1000000
Kabupaten Jember,Putri,Kecamatan Sumbersari,0.0,Tidak,Ya,Ya,Tidak,Ya,Ya,750000
Kabupaten Jember,Putra,Sumbersari,0.0,Tidak,Ya,Ya,Tidak,Tidak,Ya,350000
Kabupaten Jember,Putri,Kecamatan Sumbersari,0.0,Tidak,Tidak,Ya,Ya,Tidak,Ya,450000
Kabupaten Jember,Putri,Sumbersari,0.0,Ya,Tidak,Ya,Ya,Ya,Ya,1000000
Kabupaten Jember,Putri,Sumbersari,0.0,Tidak,Tidak,Ya,Tidak,Tidak,Ya,400000
Kabupaten Jember,Putri,Sumbersari,0.0,Tidak,Ya,Ya,Ya,Tidak,Ya,400000
Kabupaten Jember,Campur,Sumbersari,0.0,Ya,Ya,Ya,Ya,Ya,Ya,1000000
Kabupaten Jember,Putra,Sumbersari,0.0,Tidak,Ya,Ya,Tidak,Tidak,Ya,450000
Kabupaten Jember,Putra,Sumbersari,0.0,Tidak,Ya,Ya,Tidak,Tidak,Ya,450000
Kabupaten Jember,Putra,Kaliwates,0.0,Tidak,Ya,Ya,Ya,Ya,Ya,700000
Kabupaten Jember,Putra,Kaliwates,0.0,Tidak,Tidak,Ya,Ya,Tidak,Ya,500000
Kabupaten Jember,Putra,Sumbersari,0.0,Tidak,Ya,Ya,Tidak,Tidak,Ya,490000
Kabupaten Jember,Putra,Kecamatan Sumbersari,0.0,Ya,Ya,Ya,Ya,Ya,Ya,1250000
Kabupaten Jember,Putri,Sumbersari,0.0,Tidak,Ya,Ya,Tidak,Tidak,Ya,450000
Kabupaten Jember,Putra,Sumbersari,0.0,Tidak,Tidak,Ya,Ya,Tidak,Tidak,490000
Kabupaten Jember,Campur,Patrang,0.0,Ya,Ya,Ya,Ya,Ya,Ya,1800000
Kabupaten Jember,Putri,Kecamatan Sumbersari,0.0,Tidak,Tidak,Ya,Tidak,Ya,Ya,750000
Kabupaten Jember,Putri,Sumbersari,0.0,Tidak,Tidak,Ya,Ya,Tidak,Ya,500000
Kabupaten Jember,Putra,Sumbersari,0.0,Ya,Ya,Ya,Ya,Ya,Ya,1100000
Kabupaten Jember,Putri,Sumbersari,0.0,Ya,Ya,Ya,Ya,Ya,Ya,1400000
Kabupaten Jember,Putri,Kecamatan Sumbersari,0.0,Tidak,Ya,Ya,Tidak,Ya,Ya,550000
Kabupaten Jember,Putra,Sumbersari,0.0,Tidak,Tidak,Ya,Tidak,Tidak,Ya,450000
Kabupaten Jember,Putri,Sumbersari,0.0,Tidak,Tidak,Ya,Tidak,Tidak,Ya,555000
Kabupaten Jember,Putri,Sumbersari,0.0,Ya,Tidak,Ya,Ya,Ya,Ya,1250000
Kabupaten Jember,Putri,Sumbersari,0.0,Tidak,Ya,Ya,Tidak,Tidak,Ya,350000
Kabupaten Jember,Putri,Sumbersari,0.0,Tidak,Tidak,Ya,Ya,Ya,Ya,650000
Kabupaten Jember,Putra,Kaliwates,4.6,Tidak,Ya,Ya,Tidak,Ya,Ya,750000
Kabupaten Jember,Putri,Kecamatan Sumbersari,0.0,Tidak,Ya,Ya,Ya,Ya,Ya,850000
Kabupaten Jember,Putri,Sumbersari,0.0,Tidak,Tidak,Ya,Ya,Tidak,Ya,465000
Kabupaten Jember,Putra,Sumbersari,0.0,Tidak,Tidak,Ya,Ya,Ya,Ya,450000
Kabupaten Jember,Campur,Kaliwates,0.0,Tidak,Ya,Ya,Tidak,Ya,Ya,800000
Kabupaten Jember,Putra,Sumbersari,0.0,Tidak,Ya,Ya,Tidak,Tidak,Ya,550000
Kabupaten Jember,Putri,Kecamatan Sumbersari,0.0,Tidak,Ya,Ya,Tidak,Tidak,Ya,550000
Kabupaten Jember,Putra,Kecamatan Sumbersari,4.6,Tidak,Ya,Ya,Tidak,Tidak,Ya,500000
Kabupaten Jember,Putra,Patrang,0.0,Tidak,Ya,Ya,Tidak,Ya,Ya,450000
Kabupaten Jember,Putri,Sumbersari,0.0,Tidak,Tidak,Ya,Ya,Ya,Ya,780000
Kabupaten Jember,Putra,Sumbersari,0.0,Tidak,Ya,Ya,Tidak,Tidak,Ya,300000
Kabupaten Jember,Putri,Sumbersari,0.0,Ya,Tidak,Ya,Ya,Ya,Ya,1700000
Kabupaten Jember,Putri,Kecamatan Sumbersari,0.0,Tidak,Ya,Ya,Tidak,Tidak,Ya,390000
Kabupaten Jember,Putra,Kecamatan Sumbersari,0.0,Tidak,Ya,Ya,Ya,Tidak,Ya,375000
Kabupaten Jombang,Campur,Jombang,0.0,Ya,Ya,Ya,Ya,Ya,Ya,1000000
Kabupaten Jombang,Putra,Peterongan,0.0,Tidak,Tidak,Ya,Tidak,Ya,Ya,500000
Kabupaten Jombang,Campur,Mojoagung,0.0,Tidak,Ya,Ya,Ya,Ya,Ya,450000
Kabupaten Jombang,Putri,Jombang,0.0,Tidak,Ya,Ya,Tidak,Tidak,Ya,350000
Kabupaten Jombang,Putri,Jombang,0.0,Ya,Tidak,Ya,Ya,Ya,Ya,900000
Kabupaten Jombang,Campur,Mojoagung,0.0,Ya,Tidak,Ya,Ya,Ya,Ya,650000
Kabupaten Jombang,Putra,Jombang,0.0,Ya,Ya,Ya,Ya,Ya,Ya,1000000
Kabupaten Jombang,Campur,Mojoagung,0.0,Tidak,Ya,Ya,Ya,Ya,Ya,400000
Kabupaten Jombang,Campur,Jombang,0.0,Ya,Ya,Ya,Tidak,Ya,Tidak,900000
Kabupaten Jombang,Campur,Kecamatan Jombang,0.0,Ya,Tidak,Ya,Ya,Ya,Ya,850000
Kabupaten Jombang,Putra,Jombang,0.0,Tidak,Ya,Ya,Ya,Tidak,Ya,600000
Kabupaten Jombang,Campur,Kecamatan Jombang,0.0,Ya,Tidak,Ya,Ya,Ya,Ya,850000
Kabupaten Jombang,Putra,Jombang,0.0,Tidak,Ya,Ya,Ya,Tidak,Ya,500000
Kabupaten Jombang,Putra,Jombang,0.0,Ya,Ya,Ya,Ya,Ya,Ya,1200000
Kabupaten Jombang,Campur,Jombang,0.0,Ya,Ya,Ya,Ya,Ya,Ya,1000000
Kabupaten Jombang,Campur,Jombang,0.0,Ya,Ya,Ya,Ya,Ya,Ya,1250000
Kabupaten Jombang,Campur,Jombang,0.0,Tidak,Ya,Ya,Ya,Ya,Ya,850000
Kabupaten Jombang,Campur,Jombang,0.0,Ya,Tidak,Ya,Ya,Ya,Ya,900000
Kabupaten Jombang,Putri,Diwek,0.0,Ya,Ya,Ya,Ya,Tidak,Tidak,800000
Kabupaten Jombang,Putri,Kecamatan Jombang,0.0,Ya,Tidak,Ya,Ya,Ya,Ya,850000
Kabupaten Jombang,Campur,Jombang,0.0,Ya,Ya,Ya,Ya,Ya,Ya,1150000
Kabupaten Jombang,Campur,Kecamatan Jombang,0.0,Ya,Tidak,Ya,Ya,Ya,Ya,850000
Kabupaten Jombang,Campur,Jombang,4.9,Ya,Ya,Ya,Ya,Ya,Ya,1350000
Kabupaten Jombang,Campur,Jombang,0.0,Ya,Ya,Ya,Ya,Ya,Ya,1200000
Kabupaten Jombang,Putri,Jombang,0.0,Ya,Tidak,Ya,Ya,Ya,Ya,1400000
Kabupaten Jombang,Putri,Kecamatan Jombang,0.0,Tidak,Tidak,Ya,Ya,Tidak,Ya,750000
Kabupaten Jombang,Putri,Jombang,0.0,Ya,Tidak,Ya,Ya,Tidak,Ya,1000000
Kabupaten Jombang,Putra,Jombang,0.0,Tidak,Ya,Ya,Tidak,Tidak,Tidak,450000
Kabupaten Jombang,Campur,Jogo Roto,0.0,Tidak,Tidak,Ya,Ya,Tidak,Ya,500000
Kabupaten Jombang,Putra,Jombang,0.0,Tidak,Tidak,Ya,Tidak,Tidak,Tidak,350000
Kabupaten Jombang,Putri,Jombang,0.0,Tidak,Ya,Ya,Ya,Ya,Ya,700000
Kabupaten Jombang,Campur,Kecamatan Peterongan,0.0,Tidak,Ya,Ya,Tidak,Ya,Ya,600000
Kabupaten Jombang,Campur,Mojoagung,0.0,Tidak,Ya,Tidak,Tidak,Tidak,Tidak,500000
Kabupaten Jombang,Campur,Jombang,0.0,Ya,Ya,Ya,Ya,Ya,Tidak,700000
Kabupaten Jombang,Putri,Jombang,0.0,Ya,Tidak,Ya,Ya,Tidak,Ya,950000
Kabupaten Jombang,Campur,Kecamatan Jombang,0.0,Ya,Ya,Ya,Ya,Ya,Ya,1300000
Kabupaten Jombang,Putri,Kecamatan Jombang,0.0,Tidak,Ya,Ya,Tidak,Ya,Ya,600000
Kabupaten Jombang,Putri,Kecamatan Jombang,0.0,Tidak,Tidak,Ya,Tidak,Ya,Ya,450000
Kabupaten Jombang,Campur,Kecamatan Jombang,0.0,Ya,Ya,Ya,Ya,Ya,Ya,1000000
Kabupaten Jombang,Putri,Kecamatan Jombang,5.0,Tidak,Ya,Ya,Ya,Tidak,Ya,450000
Kabupaten Jombang,Campur,Jogo Roto,0.0,Tidak,Tidak,Ya,Tidak,Ya,Ya,600000
Kabupaten Jombang,Putri,Ploso,5.0,Tidak,Ya,Ya,Ya,Tidak,Ya,555000
Kabupaten Jombang,Campur,Sumobito,0.0,Tidak,Tidak,Ya,Ya,Ya,Ya,600000
Kabupaten Jombang,Putri,Kecamatan Jombang,0.0,Ya,Tidak,Ya,Tidak,Ya,Ya,1200000
Kabupaten Jombang,Campur,Kecamatan Jombang,0.0,Tidak,Tidak,Ya,Tidak,Tidak,Ya,250000
Kabupaten Jombang,Campur,Diwek,0.0,Tidak,Tidak,Ya,Tidak,Ya,Ya,600000
Kabupaten Jombang,Campur,Ploso,0.0,Tidak,Ya,Ya,Tidak,Ya,Tidak,450000
Kabupaten Jombang,Campur,Jombang,0.0,Tidak,Tidak,Ya,Ya,Ya,Ya,650000
Kabupaten Jombang,Campur,Jombang,0.0,Tidak,Ya,Ya,Tidak,Ya,Tidak,450000
Kabupaten Jombang,Putri,Peterongan,0.0,Tidak,Tidak,Ya,Tidak,Ya,Ya,550000
Kabupaten Jombang,Putri,Peterongan,0.0,Ya,Ya,Ya,Ya,Ya,Ya,800000
Kabupaten Jombang,Putra,Kecamatan Jombang,0.0,Tidak,Ya,Ya,Tidak,Ya,Ya,600000
Kabupaten Jombang,Putra,Peterongan,0.0,Tidak,Tidak,Ya,Tidak,Tidak,Ya,550000
Kabupaten Jombang,Putri,Kecamatan Jombang,0.0,Tidak,Tidak,Ya,Ya,Ya,Ya,500000
Kabupaten Jombang,Campur,Kecamatan Peterongan,0.0,Ya,Ya,Ya,Tidak,Ya,Ya,1500000
Kabupaten Jombang,Campur,Kecamatan Peterongan,0.0,Tidak,Ya,Ya,Tidak,Ya,Ya,1000000
Kabupaten Jombang,Campur,Jombang,0.0,Tidak,Tidak,Ya,Tidak,Ya,Ya,550000
Kabupaten Jombang,Putra,Jombang,0.0,Tidak,Ya,Ya,Ya,Tidak,Ya,500000
Kabupaten Jombang,Putri,Kecamatan Jombang,0.0,Tidak,Tidak,Ya,Ya,Ya,Tidak,550000
Kabupaten Jombang,Putri,Jombang,0.0,Tidak,Ya,Ya,Ya,Tidak,Ya,500000
Kabupaten Jombang,Campur,Jombang,0.0,Tidak,Ya,Ya,Ya,Ya,Tidak,600000
Kabupaten Jombang,Putri,Kecamatan Jombang,0.0,Tidak,Ya,Ya,Ya,Ya,Ya,600000
Kabupaten Jombang,Campur,Kecamatan Peterongan,0.0,Tidak,Ya,Ya,Tidak,Ya,Ya,800000
Kabupaten Jombang,Putri,Kecamatan Jombang,0.0,Ya,Ya,Ya,Ya,Ya,Ya,900000
Kabupaten Jombang,Campur,Jombang,0.0,Tidak,Ya,Ya,Tidak,Ya,Ya,500000
Kabupaten Jombang,Putri,Peterongan,0.0,Tidak,Ya,Ya,Tidak,Tidak,Ya,800000
Kabupaten Jombang,Putri,Jombang,0.0,Tidak,Tidak,Ya,Tidak,Tidak,Ya,425000
Kabupaten Jombang,Putra,Diwek,0.0,Tidak,Tidak,Ya,Tidak,Ya,Ya,430000
Kabupaten Jombang,Putra,Jombang,0.0,Ya,Ya,Ya,Tidak,Ya,Ya,850000
Kabupaten Jombang,Campur,Jombang,0.0,Tidak,Ya,Ya,Tidak,Ya,Tidak,450000
Kabupaten Jombang,Campur,Kecamatan Jombang,0.0,Tidak,Ya,Ya,Tidak,Ya,Ya,475000
Kabupaten Jombang,Putri,Kecamatan Jombang,0.0,Tidak,Ya,Ya,Ya,Ya,Ya,600000
Kabupaten Jombang,Putra,Kecamatan Sumobito,0.0,Tidak,Ya,Ya,Tidak,Tidak,Ya,375000
Kabupaten Jombang,Campur,Peterongan,0.0,Ya,Ya,Ya,Tidak,Ya,Ya,600000
Kabupaten Jombang,Putri,Jombang,0.0,Ya,Tidak,Ya,Ya,Tidak,Ya,950000
Kabupaten Jombang,Putri,Jombang,0.0,Ya,Tidak,Ya,Ya,Tidak,Ya,1250000
Kabupaten Jombang,Campur,Mojowarno,0.0,Tidak,Ya,Ya,Ya,Ya,Ya,800000
Kabupaten Jombang,Putri,Jombang,0.0,Tidak,Tidak,Ya,Tidak,Tidak,Ya,550000
Kabupaten Jombang,Campur,Gudo,0.0,Tidak,Tidak,Ya,Tidak,Tidak,Tidak,200000
Kabupaten Jombang,Putri,Kecamatan Jombang,0.0,Ya,Ya,Ya,Tidak,Tidak,Tidak,750000
Kabupaten Jombang,Campur,Jombang,0.0,Tidak,Ya,Ya,Tidak,Ya,Ya,500000
Kabupaten Jombang,Putri,Kecamatan Kabuh,0.0,Tidak,Ya,Ya,Tidak,Tidak,Ya,410000
Kabupaten Jombang,Putri,Kecamatan Jombang,0.0,Ya,Ya,Ya,Ya,Ya,Ya,1100000
Kabupaten Jombang,Campur,Kecamatan Jombang,0.0,Tidak,Ya,Tidak,Ya,Ya,Tidak,800000
Kabupaten Jombang,Campur,Kecamatan Jombang,0.0,Tidak,Ya,Ya,Tidak,Ya,Ya,700000
Kabupaten Jombang,Putri,Peterongan,0.0,Tidak,Ya,Ya,Tidak,Ya,Ya,800000
Kabupaten Jombang,Putri,Kecamatan Jombang,0.0,Tidak,Tidak,Ya,Ya,Tidak,Ya,500000
Kabupaten Jombang,Putri,Jombang,0.0,Tidak,Tidak,Ya,Ya,Tidak,Tidak,350000
Kabupaten Jombang,Putri,Kecamatan Mojoagung,0.0,Tidak,Tidak,Ya,Tidak,Tidak,Tidak,300000
Kabupaten Jombang,Campur,Jombang,0.0,Tidak,Tidak,Ya,Tidak,Ya,Tidak,400000
Kabupaten Jombang,Campur,Kecamatan Jombang,0.0,Tidak,Ya,Ya,Ya,Ya,Ya,650000
Kabupaten Jombang,Campur,Jombang,0.0,Ya,Ya,Ya,Ya,Ya,Ya,1500000
Kabupaten Jombang,Putra,Kecamatan Jombang,0.0,Tidak,Ya,Ya,Tidak,Tidak,Tidak,400000
Kabupaten Jombang,Putri,Kecamatan Jombang,0.0,Tidak,Ya,Ya,Ya,Tidak,Ya,500000
Kabupaten Jombang,Campur,Kecamatan Mojowarno,0.0,Tidak,Tidak,Ya,Tidak,Ya,Ya,300000
Kabupaten Jombang,Putri,Jombang,0.0,Ya,Tidak,Ya,Ya,Ya,Ya,850000
Kabupaten Jombang,Campur,Jombang,0.0,Ya,Tidak,Ya,Tidak,Ya,Ya,800000
Kabupaten Jombang,Putri,Peterongan,0.0,Tidak,Tidak,Ya,Tidak,Tidak,Ya,500000
Kabupaten Jombang,Campur,Kecamatan Jombang,0.0,Tidak,Tidak,Ya,Tidak,Ya,Ya,550000
Kabupaten Jombang,Putri,Kecamatan Jombang,0.0,Tidak,Tidak,Ya,Tidak,Tidak,Ya,400000
Kabupaten Jombang,Campur,Jombang,0.0,Tidak,Ya,Ya,Ya,Ya,Tidak,650000
Kabupaten Jombang,Putri,Kecamatan Gudo,0.0,Tidak,Tidak,Ya,Ya,Ya,Ya,500000
Kabupaten Jombang,Putri,Kecamatan Jombang,0.0,Tidak,Ya,Ya,Tidak,Tidak,Ya,500000
Kabupaten Jombang,Campur,Sumobito,0.0,Tidak,Ya,Ya,Tidak,Tidak,Ya,350000
Kabupaten Jombang,Campur,Peterongan,0.0,Tidak,Ya,Tidak,Tidak,Tidak,Tidak,600000
Kabupaten Jombang,Campur,Kecamatan Jombang,0.0,Tidak,Tidak,Ya,Ya,Tidak,Tidak,1000000
Kabupaten Jombang,Putri,Diwek,0.0,Tidak,Ya,Ya,Ya,Tidak,Ya,550000
Kabupaten Jombang,Putri,Kecamatan Jombang,0.0,Tidak,Ya,Ya,Tidak,Ya,Ya,850000
Kabupaten Jombang,Putri,Ploso,0.0,Tidak,Ya,Ya,Tidak,Tidak,Ya,400000
Kabupaten Jombang,Campur,Jombang,0.0,Tidak,Tidak,Ya,Ya,Ya,Ya,450000
Kabupaten Jombang,Putri,Kecamatan Jombang,0.0,Tidak,Tidak,Ya,Tidak,Tidak,Ya,350000
Kabupaten Jombang,Putri,Jombang,0.0,Tidak,Ya,Ya,Ya,Ya,Ya,550000
Kabupaten Jombang,Putra,Kecamatan Jombang,0.0,Tidak,Tidak,Ya,Ya,Tidak,Ya,400000
Kabupaten Jombang,Putri,Kecamatan Jombang,0.0,Ya,Tidak,Ya,Ya,Tidak,Ya,950000
Kabupaten Jombang,Campur,Jombang,0.0,Ya,Ya,Ya,Tidak,Tidak,Ya,1100000
Kabupaten Jombang,Putri,Jombang,0.0,Tidak,Ya,Ya,Ya,Tidak,Ya,350000
Kabupaten Jombang,Campur,Kecamatan Jombang,0.0,Ya,Ya,Ya,Ya,Ya,Ya,1500000
Kabupaten Jombang,Campur,Peterongan,0.0,Tidak,Ya,Ya,Tidak,Ya,Ya,500000
Kabupaten Jombang,Putri,Kecamatan Jombang,0.0,Tidak,Tidak,Ya,Tidak,Ya,Tidak,300000
Kabupaten Jombang,Putri,Kecamatan Jombang,0.0,Ya,Tidak,Ya,Tidak,Ya,Ya,1300000
Kabupaten Jombang,Campur,Kecamatan Jombang,0.0,Tidak,Ya,Ya,Tidak,Ya,Tidak,445000
Kabupaten Jombang,Campur,Kecamatan Peterongan,0.0,Tidak,Ya,Ya,Ya,Ya,Ya,800000
Kabupaten Jombang,Putri,Kecamatan Jombang,0.0,Tidak,Tidak,Ya,Ya,Tidak,Tidak,450000
Kabupaten Jombang,Putra,Kecamatan Peterongan,0.0,Tidak,Ya,Ya,Ya,Ya,Ya,550000
Kabupaten Jombang,Campur,Perak,0.0,Tidak,Ya,Ya,Tidak,Ya,Tidak,300000
Kabupaten Jombang,Putri,Kecamatan Peterongan,0.0,Tidak,Ya,Ya,Tidak,Tidak,Tidak,300000
Kabupaten Jombang,Putra,Kecamatan Jombang,0.0,Tidak,Tidak,Ya,Ya,Tidak,Tidak,400000
Kabupaten Jombang,Campur,Peterongan,0.0,Tidak,Ya,Ya,Tidak,Ya,Ya,600000
Kabupaten Jombang,Putri,Kecamatan Diwek,0.0,Tidak,Tidak,Ya,Tidak,Ya,Ya,550000
Kabupaten Jombang,Campur,Kecamatan Jogoroto,0.0,Tidak,Ya,Tidak,Tidak,Ya,Tidak,800000
Kabupaten Jombang,Campur,Kabuh,0.0,Tidak,Tidak,Ya,Tidak,Ya,Tidak,500000
Kabupaten Jombang,Putri,Kecamatan Jombang,0.0,Tidak,Ya,Ya,Ya,Tidak,Ya,750000
Kabupaten Jombang,Campur,Kecamatan Jogoroto,0.0,Tidak,Ya,Ya,Tidak,Ya,Tidak,450000
Kabupaten Jombang,Putri,Kecamatan Jombang,0.0,Tidak,Tidak,Ya,Tidak,Ya,Ya,600000
Kabupaten Jombang,Putri,Kecamatan Jombang,0.0,Tidak,Ya,Ya,Tidak,Tidak,Ya,400000
Kabupaten Jombang,Putra,Jombang,0.0,Tidak,Tidak,Ya,Ya,Ya,Ya,650000
Kabupaten Jombang,Putri,Kecamatan Jombang,0.0,Tidak,Tidak,Ya,Ya,Ya,Ya,500000
Kabupaten Jombang,Campur,Kecamatan Mojoagung,0.0,Tidak,Ya,Ya,Tidak,Ya,Ya,500000
Kabupaten Jombang,Campur,Tembelang,0.0,Ya,Ya,Ya,Ya,Ya,Tidak,1600000
Kabupaten Jombang,Putri,Kecamatan Mojoagung,0.0,Tidak,Ya,Ya,Tidak,Tidak,Ya,350000
Kabupaten Jombang,Putri,Diwek,0.0,Tidak,Tidak,Ya,Tidak,Ya,Ya,500000
Kabupaten Jombang,Putri,Diwek,0.0,Tidak,Ya,Ya,Tidak,Ya,Ya,700000
Kabupaten Jombang,Campur,Kecamatan Jombang,0.0,Tidak,Ya,Ya,Tidak,Ya,Tidak,500000
Kabupaten Jombang,Putri,Kecamatan Jombang,0.0,Tidak,Ya,Ya,Ya,Ya,Ya,700000
Kabupaten Jombang,Campur,Kecamatan Peterongan,0.0,Tidak,Ya,Ya,Tidak,Ya,Tidak,700000
Kabupaten Jombang,Putri,Jombang,0.0,Tidak,Tidak,Ya,Tidak,Tidak,Ya,450000
Kabupaten Jombang,Putri,Jombang,0.0,Tidak,Tidak,Ya,Ya,Tidak,Ya,450000
Kabupaten Jombang,Campur,Jombang,0.0,Ya,Ya,Ya,Ya,Tidak,Ya,800000
Kabupaten Jombang,Putri,Jombang,0.0,Tidak,Ya,Ya,Ya,Tidak,Tidak,350000
Kabupaten Jombang,Campur,Kecamatan Mojoagung,0.0,Tidak,Tidak,Ya,Tidak,Tidak,Tidak,400000
Kabupaten Jombang,Campur,Kecamatan Kabuh,0.0,Ya,Ya,Ya,Tidak,Ya,Ya,800000
Kabupaten Jombang,Putri,Kecamatan Jombang,0.0,Tidak,Tidak,Ya,Tidak,Tidak,Tidak,400000
Kabupaten Jombang,Putri,Kecamatan Jombang,0.0,Tidak,Ya,Ya,Ya,Ya,Ya,550000
Kabupaten Jombang,Campur,Kecamatan Jombang,0.0,Tidak,Tidak,Tidak,Tidak,Tidak,Tidak,500000
Kabupaten Jombang,Putri,Kecamatan Diwek,0.0,Tidak,Ya,Ya,Ya,Tidak,Ya,550000
Kabupaten Jombang,Campur,Jombang,0.0,Ya,Ya,Ya,Ya,Ya,Ya,1000000
Kabupaten Jombang,Campur,Jombang,0.0,Tidak,Ya,Ya,Ya,Ya,Tidak,700000
Kabupaten Jombang,Putra,Kecamatan Jombang,0.0,Tidak,Ya,Ya,Tidak,Tidak,Tidak,500000
Kabupaten Jombang,Putri,Diwek,0.0,Tidak,Ya,Ya,Tidak,Ya,Ya,650000
Kabupaten Jombang,Campur,Kecamatan Peterongan,0.0,Ya,Tidak,Ya,Ya,Tidak,Ya,1500000
Kabupaten Jombang,Campur,Kecamatan Peterongan,0.0,Tidak,Ya,Ya,Ya,Ya,Tidak,500000
Kabupaten Jombang,Putra,Kecamatan Jombang,0.0,Tidak,Ya,Ya,Tidak,Tidak,Ya,400000
Kabupaten Jombang,Campur,Kecamatan Jombang,0.0,Tidak,Ya,Tidak,Tidak,Ya,Tidak,620000
Kabupaten Jombang,Campur,Kabuh,0.0,Tidak,Ya,Ya,Tidak,Ya,Tidak,450000
Kabupaten Jombang,Putri,Kecamatan Jombang,0.0,Tidak,Tidak,Ya,Ya,Tidak,Tidak,500000
Kabupaten Jombang,Campur,Tembelang,0.0,Tidak,Ya,Ya,Tidak,Ya,Ya,500000
Kabupaten Jombang,Campur,Jombang,0.0,Tidak,Ya,Ya,Tidak,Ya,Tidak,400000
Kabupaten Jombang,Putri,Diwek,0.0,Tidak,Tidak,Ya,Tidak,Tidak,Tidak,350000
Kabupaten Jombang,Putra,Mojoagung,0.0,Tidak,Ya,Tidak,Tidak,Ya,Tidak,400000
Kabupaten Jombang,Putri,Jombang,0.0,Ya,Tidak,Ya,Ya,Ya,Ya,800000
Kabupaten Jombang,Putri,Kecamatan Jombang,0.0,Tidak,Ya,Ya,Tidak,Ya,Ya,450000
Kabupaten Jombang,Campur,Peterongan,0.0,Tidak,Tidak,Ya,Tidak,Tidak,Tidak,450000
Kabupaten Jombang,Campur,Kecamatan Jombang,0.0,Tidak,Ya,Ya,Tidak,Tidak,Tidak,350000
Kabupaten Jombang,Campur,Tembelang,0.0,Tidak,Ya,Ya,Ya,Ya,Ya,800000
Kabupaten Jombang,Campur,Jombang,0.0,Tidak,Ya,Ya,Ya,Ya,Tidak,700000
Kabupaten Jombang,Putri,Jombang,0.0,Tidak,Ya,Ya,Ya,Ya,Ya,750000
Kabupaten Jombang,Campur,Jombang,0.0,Ya,Ya,Ya,Ya,Ya,Tidak,1200000
Kabupaten Jombang,Campur,Sumobito,0.0,Tidak,Ya,Ya,Tidak,Ya,Tidak,350000
Kabupaten Jombang,Putri,Kecamatan Jombang,0.0,Tidak,Tidak,Ya,Tidak,Ya,Ya,600000
Kabupaten Jombang,Putri,Jombang,0.0,Tidak,Tidak,Ya,Tidak,Ya,Ya,400000
Kabupaten Jombang,Putra,Kecamatan Jombang,5.0,Tidak,Ya,Ya,Ya,Ya,Ya,600000
Kabupaten Jombang,Campur,Kecamatan Jombang,0.0,Tidak,Ya,Ya,Tidak,Tidak,Tidak,450000
Kabupaten Jombang,Campur,Jombang,0.0,Tidak,Ya,Ya,Tidak,Ya,Ya,500000
Kabupaten Jombang,Campur,Jombang,0.0,Ya,Ya,Ya,Ya,Ya,Ya,1000000
Kabupaten Jombang,Putra,Diwek,0.0,Tidak,Ya,Ya,Tidak,Tidak,Ya,425000
Kabupaten Jombang,Campur,Jogo Roto,5.0,Tidak,Tidak,Ya,Tidak,Ya,Ya,600000
Kabupaten Jombang,Campur,Kecamatan Jombang,0.0,Tidak,Ya,Ya,Tidak,Ya,Ya,575000
Kabupaten Jombang,Putra,Jombang,0.0,Ya,Ya,Ya,Tidak,Ya,Ya,800000
Kabupaten Jombang,Campur,Kecamatan Jombang,0.0,Tidak,Tidak,Ya,Tidak,Ya,Tidak,500000
Kabupaten Jombang,Putra,Jogo Roto,5.0,Tidak,Tidak,Ya,Tidak,Ya,Ya,600000
Kabupaten Jombang,Campur,Kecamatan Jombang,0.0,Tidak,Tidak,Ya,Tidak,Ya,Tidak,450000
Kabupaten Jombang,Campur,Mojoagung,0.0,Tidak,Ya,Ya,Tidak,Ya,Tidak,500000
Kabupaten Jombang,Putra,Kecamatan Jombang,0.0,Tidak,Ya,Ya,Tidak,Ya,Ya,350000
Kabupaten Jombang,Putra,Jombang,0.0,Tidak,Tidak,Ya,Ya,Tidak,Tidak,350000
Kabupaten Jombang,Putra,Kecamatan Jombang,0.0,Tidak,Tidak,Ya,Tidak,Ya,Tidak,400000
Kabupaten Jombang,Campur,Jombang,0.0,Ya,Ya,Ya,Ya,Ya,Ya,1000000
Kabupaten Jombang,Putri,Kecamatan Jombang,0.0,Tidak,Ya,Ya,Ya,Ya,Ya,800000
Kabupaten Jombang,Campur,Kecamatan Jombang,0.0,Tidak,Ya,Ya,Ya,Ya,Ya,500000
Kabupaten Jombang,Putra,Tembelang,0.0,Tidak,Tidak,Ya,Tidak,Tidak,Tidak,300000
Kabupaten Jombang,Campur,Jombang,0.0,Ya,Ya,Ya,Ya,Ya,Ya,1100000
Kabupaten Jombang,Campur,Tembelang,0.0,Tidak,Ya,Ya,Tidak,Ya,Ya,450000
Kabupaten Jombang,Putra,Jombang,0.0,Ya,Ya,Ya,Tidak,Tidak,Ya,700000
Kabupaten Jombang,Campur,Kecamatan Jombang,0.0,Tidak,Tidak,Ya,Tidak,Ya,Tidak,500000
Kabupaten Jombang,Campur,Kecamatan Jogoroto,0.0,Tidak,Ya,Ya,Tidak,Ya,Tidak,425000
Kabupaten Jombang,Campur,Tembelang,0.0,Tidak,Ya,Ya,Tidak,Ya,Ya,550000
Kabupaten Jombang,Putri,Kecamatan Jombang,0.0,Tidak,Ya,Ya,Ya,Tidak,Tidak,700000
Kabupaten Jombang,Putra,Diwek,0.0,Tidak,Ya,Ya,Tidak,Ya,Ya,425000
Kabupaten Jombang,Putri,Kecamatan Jombang,0.0,Tidak,Tidak,Ya,Tidak,Tidak,Ya,425000
Kabupaten Kediri,Putri,Mojoroto,0.0,Tidak,Ya,Ya,Tidak,Ya,Ya,540000
Kabupaten Kediri,Putri,Mojoroto,0.0,Tidak,Ya,Ya,Tidak,Ya,Ya,495000
Kabupaten Kediri,Putri,Mojoroto,0.0,Ya,Tidak,Ya,Ya,Ya,Ya,925000
Kabupaten Kediri,Putri,Mojoroto,0.0,Tidak,Tidak,Ya,Ya,Ya,Ya,610000
Kabupaten Kediri,Putri,Mojoroto,0.0,Tidak,Tidak,Ya,Tidak,Ya,Ya,550000
Kabupaten Kediri,Putri,Kecamatan Kota Kediri,5.0,Tidak,Tidak,Ya,Tidak,Ya,Tidak,550000
Kabupaten Kediri,Putri,Kediri,0.0,Tidak,Tidak,Ya,Ya,Ya,Ya,500000
Kabupaten Kediri,Putra,Mojoroto,0.0,Tidak,Ya,Ya,Tidak,Ya,Ya,750000
Kabupaten Kediri,Putri,Kota Kediri,0.0,Tidak,Ya,Ya,Tidak,Tidak,Ya,300000
Kabupaten Kediri,Putra,Ngasem,0.0,Tidak,Ya,Ya,Tidak,Ya,Ya,600000
Kabupaten Kediri,Putri,Pesantren,0.0,Tidak,Ya,Ya,Ya,Tidak,Ya,500000
Kabupaten Kediri,Putri,Kota Kediri,0.0,Tidak,Ya,Ya,Ya,Ya,Ya,600000
Kabupaten Kediri,Putri,Kecamatan Ngasem,0.0,Ya,Ya,Ya,Ya,Ya,Ya,1100000
Kabupaten Kediri,Putra,Kecamatan Mojoroto,0.0,Tidak,Ya,Ya,Tidak,Ya,Ya,650000
Kabupaten Kediri,Campur,Kediri,0.0,Ya,Tidak,Ya,Ya,Ya,Ya,1100000
Kabupaten Kediri,Putra,Mojoroto,0.0,Ya,Tidak,Ya,Tidak,Ya,Ya,1200000
Kabupaten Kediri,Putri,Kediri,0.0,Tidak,Tidak,Ya,Ya,Ya,Ya,300000
Kabupaten Kediri,Putri,Kota Kediri,0.0,Tidak,Tidak,Ya,Tidak,Ya,Ya,450000
Kabupaten Kediri,Putri,Mojoroto,0.0,Tidak,Ya,Ya,Tidak,Ya,Ya,550000
Kabupaten Kediri,Campur,Kota Kediri,0.0,Tidak,Ya,Ya,Ya,Ya,Ya,450000
Kabupaten Kediri,Putri,Kecamatan Pesantren,0.0,Ya,Ya,Ya,Ya,Tidak,Ya,700000
Kabupaten Kediri,Putri,Kecamatan Ngasem,0.0,Tidak,Tidak,Ya,Tidak,Tidak,Tidak,500000
Kabupaten Kediri,Putra,Kediri,0.0,Tidak,Ya,Ya,Tidak,Ya,Ya,600000
Kabupaten Kediri,Putri,Mojoroto,0.0,Tidak,Ya,Ya,Tidak,Ya,Ya,500000
Kabupaten Kediri,Putri,Kediri,0.0,Tidak,Tidak,Ya,Ya,Tidak,Ya,500000
Kabupaten Kediri,Putri,Kediri,0.0,Tidak,Ya,Ya,Ya,Tidak,Ya,400000
Kabupaten Kediri,Putri,Pesantren,0.0,Tidak,Ya,Ya,Ya,Tidak,Ya,550000
Kabupaten Kediri,Campur,Mojoroto,0.0,Ya,Ya,Ya,Ya,Ya,Ya,1800000
Kabupaten Kediri,Campur,Kecamatan Pesantren,0.0,Tidak,Ya,Ya,Ya,Ya,Ya,900000
Kabupaten Kediri,Putra,Mojoroto,5.0,Tidak,Ya,Ya,Tidak,Ya,Ya,375000
Kabupaten Kediri,Putri,Mojoroto,0.0,Tidak,Tidak,Ya,Tidak,Ya,Ya,650000
Kabupaten Kediri,Campur,Kecamatan Mojoroto,0.0,Ya,Ya,Ya,Ya,Ya,Ya,1300000
Kabupaten Kediri,Campur,Kecamatan Pesantren,0.0,Ya,Ya,Ya,Ya,Ya,Ya,1100000
Kabupaten Kediri,Campur,Kecamatan Pesantren,0.0,Ya,Ya,Ya,Ya,Ya,Ya,1200000
Kabupaten Kediri,Campur,Mojoroto,0.0,Ya,Ya,Ya,Ya,Ya,Ya,1400000
Kabupaten Kediri,Putra,Mojoroto,0.0,Tidak,Ya,Ya,Tidak,Tidak,Ya,380000
Kabupaten Kediri,Campur,Mojoroto,0.0,Ya,Tidak,Ya,Ya,Ya,Ya,850000
Kabupaten Kediri,Campur,Pesantren,4.8,Tidak,Ya,Ya,Tidak,Ya,Ya,600000
Kabupaten Kediri,Campur,Pesantren,0.0,Ya,Ya,Ya,Tidak,Ya,Ya,1200000
Kabupaten Kediri,Campur,Pesantren,0.0,Ya,Ya,Ya,Tidak,Ya,Ya,800000
Kabupaten Kediri,Putri,Kediri,0.0,Ya,Tidak,Ya,Ya,Ya,Ya,850000
Kabupaten Kediri,Putra,Ngadiluwih,0.0,Tidak,Ya,Ya,Tidak,Ya,Ya,550000
Kabupaten Kediri,Putri,Mojoroto,0.0,Tidak,Ya,Ya,Tidak,Tidak,Ya,350000
Kabupaten Kediri,Campur,Kecamatan Mojoroto,0.0,Ya,Ya,Ya,Ya,Ya,Ya,1450000
Kabupaten Kediri,Putri,Kediri,0.0,Ya,Tidak,Ya,Ya,Ya,Ya,1350000
Kabupaten Kediri,Campur,Mojoroto,0.0,Ya,Ya,Ya,Ya,Ya,Ya,1400000
Kabupaten Kediri,Putri,Kota Kediri,0.0,Tidak,Tidak,Ya,Ya,Tidak,Ya,450000
Kabupaten Kediri,Putri,Mojoroto,0.0,Ya,Ya,Ya,Ya,Ya,Ya,1050000
Kabupaten Kediri,Putri,Kediri,5.0,Ya,Tidak,Ya,Ya,Ya,Ya,1000000
Kabupaten Kediri,Campur,Mojoroto,0.0,Ya,Ya,Ya,Ya,Ya,Ya,1600000
Kabupaten Kediri,Campur,Pesantren,4.6,Tidak,Ya,Ya,Tidak,Ya,Ya,1000000
Kabupaten Kediri,Putri,Kediri,0.0,Ya,Tidak,Ya,Ya,Ya,Ya,1200000
Kabupaten Kediri,Putra,Mojoroto,0.0,Tidak,Ya,Ya,Tidak,Ya,Ya,425000
Kabupaten Kediri,Putra,Ngasem,0.0,Tidak,Ya,Ya,Ya,Ya,Ya,450000
Kabupaten Kediri,Putri,Mojoroto,0.0,Tidak,Ya,Ya,Ya,Tidak,Ya,350000
Kabupaten Kediri,Putra,Ngadiluwih,0.0,Tidak,Ya,Ya,Tidak,Ya,Ya,475000
Kabupaten Kediri,Putra,Kecamatan Mojoroto,0.0,Tidak,Ya,Ya,Ya,Tidak,Ya,350000
Kabupaten Kediri,Putri,Kota Kediri,0.0,Tidak,Ya,Ya,Tidak,Ya,Ya,500000
Kabupaten Kediri,Putri,Kecamatan Mojoroto,0.0,Ya,Tidak,Ya,Ya,Ya,Ya,1200000
Kabupaten Kediri,Campur,Mojoroto,0.0,Ya,Ya,Ya,Ya,Ya,Ya,650000
Kabupaten Kediri,Putra,Kota Kediri,0.0,Ya,Ya,Ya,Ya,Ya,Ya,1100000
Kabupaten Kediri,Putri,Kecamatan Mojoroto,5.0,Tidak,Ya,Ya,Tidak,Tidak,Ya,350000
Kabupaten Kediri,Putri,Kecamatan Kota,0.0,Tidak,Tidak,Ya,Tidak,Tidak,Ya,350000
Kabupaten Kediri,Putri,Mojoroto,0.0,Tidak,Ya,Ya,Ya,Tidak,Ya,450000
Kabupaten Kediri,Putra,Mojoroto,0.0,Ya,Tidak,Ya,Tidak,Ya,Ya,1300000
Kabupaten Kediri,Putri,Mojoroto,0.0,Ya,Tidak,Ya,Ya,Tidak,Ya,750000
Kabupaten Kediri,Putri,Mojoroto,0.0,Tidak,Ya,Ya,Ya,Tidak,Ya,450000
Kabupaten Kediri,Putri,Kota Kediri,0.0,Tidak,Ya,Ya,Tidak,Ya,Ya,400000
Kabupaten Kediri,Putra,Kecamatan Mojoroto,0.0,Tidak,Ya,Ya,Tidak,Tidak,Ya,360000
Kabupaten Kediri,Putra,Mojoroto,0.0,Ya,Ya,Ya,Ya,Ya,Ya,1100000
Kabupaten Kediri,Putra,Mojoroto,0.0,Tidak,Ya,Ya,Tidak,Tidak,Ya,450000
Kabupaten Kediri,Putra,Mojoroto,0.0,Tidak,Ya,Ya,Ya,Ya,Ya,500000
Kabupaten Kediri,Campur,Kediri,0.0,Tidak,Ya,Ya,Ya,Tidak,Ya,450000
Kabupaten Kediri,Putra,Kecamatan Mojoroto,0.0,Tidak,Ya,Ya,Ya,Tidak,Ya,375000
Kabupaten Kediri,Putri,Kota Kediri,0.0,Tidak,Ya,Ya,Ya,Tidak,Ya,400000
Kabupaten Kediri,Campur,Pesantren,0.0,Ya,Ya,Ya,Ya,Ya,Ya,1300000
Kabupaten Kediri,Putri,Kecamatan Pesantren,0.0,Ya,Ya,Ya,Ya,Ya,Ya,500000
Kabupaten Kediri,Putra,Mojoroto,0.0,Tidak,Tidak,Ya,Tidak,Tidak,Ya,400000
Kabupaten Kediri,Campur,Kota Kediri,0.0,Ya,Ya,Ya,Ya,Ya,Ya,1100000
Kabupaten Kediri,Putri,Mojoroto,0.0,Ya,Tidak,Ya,Ya,Tidak,Ya,700000
Kabupaten Kediri,Putri,Kota Kediri,0.0,Tidak,Tidak,Ya,Tidak,Ya,Ya,600000
Kabupaten Kediri,Putri,Kediri,0.0,Tidak,Tidak,Ya,Ya,Ya,Ya,650000
Kabupaten Kediri,Campur,Kecamatan Pesantren,0.0,Ya,Tidak,Ya,Ya,Ya,Ya,1100000
Kabupaten Kediri,Putra,Kecamatan Mojoroto,5.0,Tidak,Ya,Ya,Tidak,Tidak,Ya,360000
Kabupaten Kediri,Campur,Pesantren,0.0,Ya,Ya,Ya,Ya,Ya,Ya,650000
Kabupaten Kediri,Campur,Pesantren,0.0,Ya,Ya,Ya,Ya,Ya,Ya,1650000
Kabupaten Kediri,Putri,Kediri,0.0,Tidak,Ya,Ya,Tidak,Ya,Tidak,600000
Kabupaten Kediri,Putra,Ngadiluwih,0.0,Ya,Ya,Ya,Tidak,Ya,Ya,900000
Kabupaten Kediri,Putri,Mojoroto,0.0,Ya,Ya,Ya,Ya,Ya,Ya,1400000
Kabupaten Kediri,Putra,Mojoroto,0.0,Tidak,Ya,Ya,Ya,Tidak,Ya,500000
Kabupaten Kediri,Campur,Ngasem,0.0,Tidak,Ya,Ya,Tidak,Tidak,Ya,350000
Kabupaten Kediri,Putri,Mojoroto,0.0,Ya,Ya,Ya,Ya,Ya,Ya,1100000
Kabupaten Kediri,Campur,Pesantren,0.0,Ya,Tidak,Ya,Ya,Ya,Ya,1700000
Kabupaten Kediri,Putri,Mojoroto,0.0,Ya,Tidak,Ya,Ya,Tidak,Ya,1000000
Kabupaten Kediri,Putri,Kecamatan Mojoroto,0.0,Tidak,Ya,Ya,Ya,Ya,Ya,500000
Kabupaten Kediri,Campur,Pesantren,0.0,Ya,Ya,Ya,Ya,Ya,Ya,1500000
Kabupaten Kediri,Putra,Kecamatan Mojoroto,0.0,Tidak,Ya,Ya,Tidak,Ya,Ya,480000
Kabupaten Kediri,Putra,Kediri,0.0,Tidak,Tidak,Ya,Ya,Ya,Ya,760000
Kabupaten Kediri,Putri,Kota Kediri,0.0,Ya,Tidak,Ya,Tidak,Ya,Ya,800000
Kabupaten Kediri,Putri,Mojoroto,0.0,Ya,Tidak,Ya,Ya,Tidak,Ya,1000000
Kabupaten Kediri,Putra,Ngadiluwih,0.0,Tidak,Ya,Ya,Tidak,Tidak,Ya,350000
Kabupaten Kediri,Campur,Pesantren,0.0,Ya,Ya,Ya,Ya,Ya,Ya,1300000
Kabupaten Kediri,Putri,Mojoroto,0.0,Tidak,Ya,Ya,Ya,Ya,Ya,550000
Kabupaten Kediri,Putra,Kecamatan Mojoroto,0.0,Tidak,Ya,Tidak,Tidak,Tidak,Tidak,400000
Kabupaten Kediri,Campur,Kecamatan Pesantren,0.0,Tidak,Ya,Ya,Ya,Ya,Tidak,750000
Kabupaten Kediri,Putri,Mojoroto,0.0,Tidak,Ya,Ya,Tidak,Ya,Ya,400000
Kabupaten Kediri,Campur,Mojoroto,4.4,Tidak,Ya,Ya,Ya,Ya,Ya,650000
Kabupaten Kediri,Putri,Pesantren,0.0,Tidak,Ya,Tidak,Tidak,Ya,Ya,1000000
Kabupaten Kediri,Campur,Kediri,0.0,Ya,Tidak,Ya,Ya,Ya,Ya,900000
Kabupaten Kediri,Campur,Mojoroto,0.0,Ya,Tidak,Ya,Ya,Ya,Ya,1250000
Kabupaten Kediri,Putri,Kecamatan Pesantren,0.0,Ya,Ya,Ya,Ya,Ya,Ya,1200000
Kabupaten Kediri,Campur,Mojoroto,0.0,Ya,Tidak,Ya,Ya,Tidak,Ya,1250000
Kabupaten Kediri,Putri,Mojoroto,0.0,Tidak,Tidak,Ya,Tidak,Ya,Ya,750000
Kabupaten Kediri,Putra,Kecamatan Kota,4.9,Tidak,Ya,Ya,Tidak,Ya,Tidak,400000
Kabupaten Kediri,Campur,Pesantren,5.0,Ya,Ya,Ya,Tidak,Tidak,Tidak,1500000
Kabupaten Kediri,Putra,Mojoroto,4.9,Tidak,Ya,Ya,Tidak,Ya,Tidak,400000
Kabupaten Kediri,Putri,Mojoroto,0.0,Tidak,Ya,Ya,Ya,Tidak,Ya,400000
Kabupaten Kediri,Putra,Kota Kediri,0.0,Ya,Ya,Ya,Ya,Ya,Ya,1000000
Kabupaten Kediri,Putri,Mojoroto,0.0,Tidak,Tidak,Ya,Tidak,Ya,Ya,400000
Kabupaten Kediri,Putri,Mojoroto,5.0,Tidak,Ya,Ya,Tidak,Tidak,Ya,600000
Kabupaten Kediri,Putra,Kota Kediri,0.0,Tidak,Tidak,Ya,Tidak,Ya,Ya,500000
Kabupaten Kediri,Putri,Mojoroto,4.0,Ya,Ya,Ya,Ya,Tidak,Ya,1200000
Kabupaten Kediri,Putri,Mojoroto,0.0,Tidak,Ya,Ya,Tidak,Ya,Ya,500000
Kabupaten Kediri,Campur,Pesantren,0.0,Ya,Ya,Ya,Ya,Ya,Ya,1300000
Kabupaten Kediri,Putri,Mojoroto,0.0,Tidak,Ya,Ya,Tidak,Tidak,Ya,450000
Kabupaten Kediri,Putri,Kecamatan Mojoroto,0.0,Tidak,Ya,Ya,Ya,Ya,Ya,550000
Kabupaten Kediri,Putri,Kota Kediri,0.0,Tidak,Tidak,Ya,Tidak,Tidak,Ya,400000
Kabupaten Kediri,Putri,Kecamatan Mojoroto,0.0,Ya,Ya,Ya,Ya,Ya,Ya,1500000
Kabupaten Kediri,Putra,Mojoroto,0.0,Tidak,Ya,Ya,Tidak,Ya,Ya,550000
Kabupaten Kediri,Campur,Kecamatan Pesantren,0.0,Ya,Ya,Ya,Ya,Ya,Ya,800000
Kabupaten Kediri,Putri,Mojoroto,0.0,Tidak,Tidak,Ya,Ya,Tidak,Ya,500000
Kabupaten Kediri,Putri,Mojoroto,0.0,Tidak,Ya,Ya,Ya,Ya,Ya,580000
Kabupaten Kediri,Putri,Mojoroto,0.0,Tidak,Tidak,Ya,Tidak,Tidak,Ya,500000
Kabupaten Kediri,Putri,Kecamatan Mojoroto,0.0,Tidak,Tidak,Ya,Tidak,Ya,Ya,500000
Kabupaten Kediri,Putri,Mojoroto,0.0,Tidak,Ya,Ya,Tidak,Tidak,Ya,550000
Kabupaten Kediri,Putri,Kecamatan Pesantren,0.0,Ya,Tidak,Ya,Ya,Ya,Ya,1200000
Kabupaten Kediri,Putri,Mojoroto,0.0,Tidak,Tidak,Ya,Tidak,Ya,Ya,700000
Kabupaten Kediri,Putri,Kecamatan Mojoroto,0.0,Tidak,Ya,Tidak,Tidak,Ya,Tidak,550000
Kabupaten Kediri,Putri,Mojoroto,0.0,Tidak,Tidak,Ya,Tidak,Ya,Ya,550000
Kabupaten Kediri,Campur,Mojoroto,0.0,Tidak,Ya,Ya,Tidak,Ya,Ya,500000
Kabupaten Kediri,Campur,Kota Kediri,0.0,Tidak,Ya,Ya,Ya,Ya,Ya,550000
Kabupaten Kediri,Campur,Kecamatan Mojoroto,0.0,Tidak,Ya,Ya,Tidak,Tidak,Ya,400000
Kabupaten Kediri,Putri,Mojoroto,0.0,Ya,Tidak,Ya,Ya,Ya,Ya,900000
Kabupaten Kediri,Putri,Mojoroto,0.0,Ya,Tidak,Ya,Tidak,Ya,Ya,1000000
Kabupaten Kediri,Putri,Mojoroto,0.0,Tidak,Tidak,Ya,Tidak,Tidak,Ya,375000
Kabupaten Kediri,Putri,Kecamatan Pesantren,0.0,Ya,Tidak,Ya,Ya,Ya,Ya,1800000
Kabupaten Kediri,Putra,Kota Kediri,4.9,Tidak,Ya,Ya,Ya,Ya,Ya,600000
Kabupaten Kediri,Putra,Mojoroto,0.0,Tidak,Ya,Ya,Tidak,Tidak,Tidak,450000
Kabupaten Kediri,Putri,Mojoroto,0.0,Tidak,Ya,Ya,Ya,Tidak,Ya,400000
Kabupaten Kediri,Putra,Mojoroto,0.0,Tidak,Ya,Ya,Tidak,Ya,Ya,500000
Kabupaten Kediri,Putri,Kecamatan Mojoroto,0.0,Tidak,Ya,Ya,Tidak,Tidak,Ya,575000
Kabupaten Kediri,Putra,Kecamatan Mojoroto,0.0,Tidak,Ya,Ya,Tidak,Ya,Ya,450000
Kabupaten Kediri,Campur,Ngasem,0.0,Ya,Ya,Ya,Ya,Ya,Ya,1200000
Kabupaten Kediri,Campur,Mojoroto,0.0,Tidak,Ya,Ya,Tidak,Ya,Ya,480000
Kabupaten Kediri,Campur,Kota Kediri,4.3,Ya,Ya,Ya,Ya,Ya,Ya,1700000
Kabupaten Kediri,Putra,Mojoroto,5.0,Tidak,Ya,Ya,Tidak,Tidak,Tidak,400000
Kabupaten Kediri,Putra,Mojoroto,0.0,Ya,Ya,Ya,Ya,Ya,Ya,850000
Kabupaten Kediri,Putra,Mojoroto,0.0,Tidak,Ya,Ya,Tidak,Ya,Tidak,650000
Kabupaten Kediri,Putri,Kecamatan Mojoroto,0.0,Tidak,Tidak,Ya,Ya,Tidak,Ya,400000
Kabupaten Kediri,Putra,Mojoroto,0.0,Tidak,Ya,Ya,Tidak,Ya,Ya,500000
Kabupaten Kediri,Putra,Kota Kediri,0.0,Tidak,Ya,Ya,Ya,Ya,Ya,800000
Kabupaten Kediri,Putri,Mojoroto,0.0,Tidak,Tidak,Ya,Tidak,Ya,Ya,650000
Kabupaten Kediri,Putri,Mojoroto,0.0,Tidak,Tidak,Ya,Tidak,Tidak,Ya,350000
Kabupaten Kediri,Putra,Kecamatan Mojoroto,0.0,Tidak,Ya,Ya,Tidak,Tidak,Ya,400000
Kabupaten Kediri,Putra,Kecamatan Mojoroto,0.0,Tidak,Ya,Ya,Tidak,Ya,Ya,500000
Kabupaten Kediri,Campur,Mojoroto,0.0,Tidak,Tidak,Ya,Ya,Ya,Ya,520000
Kabupaten Kediri,Putri,Kediri,0.0,Tidak,Tidak,Ya,Tidak,Tidak,Ya,500000
Kabupaten Kediri,Putra,Kecamatan Mojoroto,0.0,Tidak,Ya,Ya,Tidak,Ya,Ya,550000
Kabupaten Kediri,Putri,Mojoroto,0.0,Tidak,Ya,Ya,Tidak,Ya,Ya,500000
Kabupaten Kediri,Putra,Kecamatan Ngasem,0.0,Ya,Ya,Ya,Ya,Ya,Ya,1100000
Kabupaten Kediri,Putri,Pesantren,0.0,Ya,Ya,Ya,Ya,Ya,Ya,500000
Kabupaten Kediri,Putri,Kecamatan Mojoroto,0.0,Tidak,Ya,Ya,Tidak,Tidak,Ya,350000
Kabupaten Kediri,Putri,Mojoroto,0.0,Tidak,Tidak,Ya,Tidak,Tidak,Ya,500000
Kabupaten Kediri,Putri,Mojoroto,0.0,Tidak,Ya,Ya,Ya,Ya,Ya,650000
Kabupaten Kediri,Putra,Kecamatan Mojoroto,0.0,Tidak,Tidak,Ya,Tidak,Ya,Ya,365000
Kabupaten Kediri,Campur,Kediri,0.0,Tidak,Tidak,Ya,Tidak,Ya,Ya,500000
Kabupaten Kediri,Putri,Mojoroto,0.0,Tidak,Ya,Ya,Tidak,Ya,Ya,400000
Kabupaten Kediri,Putri,Mojoroto,0.0,Tidak,Ya,Ya,Ya,Tidak,Ya,400000
Kabupaten Kediri,Putri,Mojoroto,0.0,Tidak,Ya,Ya,Ya,Tidak,Ya,400000
Kabupaten Kediri,Putra,Kecamatan Mojoroto,0.0,Tidak,Ya,Ya,Tidak,Tidak,Ya,550000
Kabupaten Kediri,Putri,Pesantren,0.0,Ya,Ya,Ya,Ya,Ya,Ya,1200000
Kabupaten Kediri,Putra,Kecamatan Mojoroto,0.0,Tidak,Ya,Ya,Tidak,Ya,Ya,600000
Kabupaten Kediri,Putra,Mojoroto,0.0,Tidak,Tidak,Ya,Tidak,Tidak,Ya,400000
Kabupaten Kediri,Campur,Kota Kediri,0.0,Tidak,Ya,Ya,Ya,Ya,Ya,500000
Kabupaten Kediri,Putri,Mojoroto,0.0,Tidak,Tidak,Ya,Tidak,Ya,Ya,600000
Kabupaten Kediri,Putri,Kota Kediri,0.0,Tidak,Ya,Ya,Ya,Tidak,Ya,550000
Kabupaten Kediri,Campur,Pesantren,0.0,Tidak,Tidak,Ya,Ya,Ya,Ya,450000
Kabupaten Kediri,Campur,Kediri,0.0,Ya,Tidak,Ya,Ya,Ya,Ya,1200000
Kabupaten Kediri,Putri,Kecamatan Mojoroto,0.0,Tidak,Tidak,Ya,Tidak,Ya,Ya,650000
Kabupaten Kediri,Putra,Kecamatan Mojoroto,0.0,Tidak,Tidak,Ya,Tidak,Ya,Ya,550000
Kabupaten Kediri,Campur,Mojoroto,0.0,Tidak,Ya,Ya,Tidak,Ya,Ya,550000
Kabupaten Kediri,Campur,Mojoroto,0.0,Ya,Ya,Ya,Ya,Ya,Ya,1400000
Kabupaten Kediri,Putri,Mojoroto,0.0,Tidak,Tidak,Ya,Tidak,Ya,Ya,600000
Kabupaten Kediri,Putri,Mojoroto,0.0,Ya,Ya,Ya,Ya,Ya,Ya,1300000
Kabupaten Kediri,Putri,Mojoroto,0.0,Tidak,Ya,Ya,Tidak,Ya,Ya,375000
Kabupaten Kediri,Putri,Kota Kediri,0.0,Tidak,Ya,Ya,Ya,Ya,Ya,650000
Kabupaten Kediri,Campur,Kecamatan Pesantren,0.0,Tidak,Ya,Ya,Tidak,Ya,Ya,500000
Kabupaten Kediri,Putri,Kediri,0.0,Tidak,Tidak,Ya,Tidak,Tidak,Ya,500000
Kabupaten Kediri,Campur,Mojoroto,0.0,Tidak,Tidak,Ya,Tidak,Ya,Ya,1200000
Kabupaten Kediri,Putri,Mojoroto,0.0,Tidak,Tidak,Ya,Tidak,Ya,Ya,500000
Kabupaten Kediri,Putri,Kecamatan Mojoroto,0.0,Tidak,Ya,Ya,Ya,Ya,Ya,550000
Kabupaten Kediri,Putri,Mojoroto,0.0,Tidak,Tidak,Ya,Tidak,Ya,Ya,600000
Kabupaten Kediri,Putri,Mojoroto,0.0,Tidak,Ya,Ya,Tidak,Ya,Ya,600000
Kabupaten Kediri,Campur,Kecamatan Ngasem,0.0,Ya,Tidak,Ya,Ya,Ya,Ya,1500000
Kabupaten Kediri,Putri,Kecamatan Mojoroto,0.0,Tidak,Ya,Ya,Ya,Tidak,Ya,600000
Kabupaten Kediri,Putra,Mojoroto,0.0,Tidak,Ya,Ya,Tidak,Ya,Tidak,300000
Kabupaten Kediri,Putri,Mojoroto,0.0,Tidak,Tidak,Ya,Ya,Ya,Ya,700000
Kabupaten Kediri,Putri,Kecamatan Ngasem,0.0,Tidak,Tidak,Ya,Ya,Tidak,Ya,430000
Kabupaten Kediri,Campur,Mojoroto,0.0,Tidak,Ya,Ya,Tidak,Tidak,Tidak,900000
Kabupaten Kediri,Putri,Mojoroto,0.0,Tidak,Tidak,Ya,Tidak,Ya,Ya,600000
Kabupaten Kediri,Putri,Banyakan,0.0,Tidak,Tidak,Ya,Ya,Tidak,Tidak,600000
Kabupaten Kediri,Putri,Kecamatan Pesantren,0.0,Tidak,Ya,Ya,Ya,Ya,Tidak,750000
Kabupaten Kediri,Putra,Mojoroto,0.0,Tidak,Ya,Ya,Tidak,Ya,Ya,630000
Kabupaten Kediri,Campur,Mojoroto,0.0,Tidak,Ya,Ya,Ya,Ya,Tidak,400000
Kabupaten Kediri,Putri,Mojoroto,0.0,Tidak,Tidak,Ya,Tidak,Tidak,Ya,450000
Kabupaten Kediri,Putra,Mojoroto,0.0,Tidak,Tidak,Ya,Ya,Ya,Ya,400000
Kabupaten Kediri,Putri,Mojoroto,0.0,Ya,Ya,Ya,Ya,Tidak,Ya,1100000
Kabupaten Kediri,Putri,Kecamatan Mojoroto,0.0,Tidak,Tidak,Ya,Tidak,Ya,Ya,450000
Kabupaten Kediri,Putri,Mojoroto,0.0,Tidak,Tidak,Ya,Tidak,Ya,Ya,625000
Kabupaten Kediri,Campur,Mojoroto,0.0,Ya,Ya,Ya,Ya,Ya,Ya,1250000
Kabupaten Kediri,Campur,Kota Kediri,0.0,Tidak,Tidak,Ya,Ya,Tidak,Ya,550000
Kabupaten Kediri,Campur,Mojoroto,4.1,Tidak,Ya,Ya,Tidak,Tidak,Tidak,449900
Kabupaten Kediri,Putra,Kecamatan Mojoroto,0.0,Tidak,Ya,Ya,Tidak,Tidak,Ya,450000
Kabupaten Kediri,Putri,Kecamatan Mojoroto,0.0,Tidak,Ya,Ya,Tidak,Ya,Tidak,600000
Kabupaten Kediri,Putri,Kecamatan Mojoroto,0.0,Tidak,Tidak,Ya,Ya,Tidak,Ya,425000
Kabupaten Kediri,Putri,Kota Kediri,0.0,Tidak,Tidak,Ya,Tidak,Tidak,Tidak,425000
Kabupaten Kediri,Campur,Mojoroto,0.0,Tidak,Ya,Ya,Tidak,Ya,Tidak,500000
Kabupaten Kediri,Campur,Mojoroto,0.0,Ya,Tidak,Ya,Ya,Ya,Tidak,950000
Kabupaten Kediri,Putri,Mojoroto,0.0,Ya,Tidak,Ya,Ya,Ya,Ya,1000000
Kabupaten Kediri,Putra,Ngasem,0.0,Ya,Ya,Ya,Ya,Ya,Ya,1150000
Kabupaten Kediri,Putra,Kota Kediri,0.0,Tidak,Ya,Ya,Ya,Tidak,Ya,500000
Kabupaten Kediri,Campur,Kota Kediri,0.0,Tidak,Ya,Ya,Tidak,Tidak,Ya,450000
Kabupaten Kediri,Campur,Pesantren,0.0,Tidak,Ya,Ya,Tidak,Tidak,Tidak,1500000
Kabupaten Kediri,Campur,Pesantren,0.0,Tidak,Ya,Ya,Tidak,Ya,Ya,500000
Kabupaten Lamongan,Putri,Lamongan,0.0,Tidak,Tidak,Ya,Tidak,Tidak,Ya,445000
Kabupaten Lamongan,Campur,Lamongan,0.0,Ya,Ya,Ya,Ya,Ya,Ya,1350000
Kabupaten Lamongan,Campur,Lamongan,0.0,Ya,Ya,Ya,Ya,Ya,Ya,1400000
Kabupaten Lamongan,Campur,Lamongan,0.0,Ya,Ya,Ya,Ya,Ya,Ya,1500000
Kabupaten Lamongan,Campur,Lamongan,0.0,Ya,Ya,Ya,Ya,Ya,Ya,1200000
Kabupaten Lamongan,Putra,Kecamatan Lamongan,0.0,Tidak,Ya,Ya,Ya,Tidak,Ya,800000
Kabupaten Lamongan,Putra,Lamongan,0.0,Tidak,Ya,Ya,Ya,Tidak,Ya,400000
Kabupaten Lamongan,Putra,Lamongan,0.0,Ya,Ya,Ya,Ya,Ya,Ya,1400000
Kabupaten Lamongan,Campur,Kecamatan Lamongan,0.0,Tidak,Ya,Tidak,Ya,Ya,Tidak,1350000
Kabupaten Lamongan,Putra,Lamongan,0.0,Ya,Tidak,Ya,Tidak,Ya,Ya,1100000
Kabupaten Lamongan,Putra,Lamongan,0.0,Ya,Ya,Ya,Ya,Ya,Ya,900000
Kabupaten Lamongan,Putra,Lamongan,0.0,Ya,Ya,Ya,Ya,Ya,Ya,1000000
Kabupaten Lamongan,Putri,Kecamatan Lamongan,0.0,Ya,Ya,Ya,Tidak,Ya,Tidak,1200000
Kabupaten Lamongan,Putri,Kecamatan Lamongan,0.0,Ya,Ya,Ya,Tidak,Ya,Tidak,1000000
Kabupaten Lamongan,Putri,Deket,0.0,Tidak,Ya,Ya,Ya,Tidak,Ya,450000
Kabupaten Lamongan,Putra,Lamongan,0.0,Ya,Ya,Ya,Ya,Ya,Ya,950000
Kabupaten Lamongan,Putri,Deket,0.0,Tidak,Ya,Ya,Ya,Tidak,Ya,450000
Kabupaten Lamongan,Putra,Kecamatan Lamongan,0.0,Tidak,Tidak,Ya,Ya,Ya,Ya,750000
Kabupaten Lamongan,Putri,Deket,0.0,Tidak,Ya,Ya,Ya,Tidak,Ya,500000
Kabupaten Lamongan,Putra,Lamongan,5.0,Tidak,Tidak,Ya,Tidak,Tidak,Ya,700000
Kabupaten Lamongan,Campur,Kecamatan Lamongan,0.0,Ya,Ya,Ya,Ya,Ya,Ya,550000
Kabupaten Lamongan,Putri,Kecamatan Lamongan,0.0,Ya,Ya,Ya,Ya,Tidak,Ya,1150000
Kabupaten Lamongan,Putri,Kecamatan Lamongan,0.0,Tidak,Tidak,Ya,Tidak,Tidak,Ya,450000
Kabupaten Lamongan,Putri,Kecamatan Lamongan,0.0,Ya,Tidak,Ya,Ya,Tidak,Tidak,1000000
Kabupaten Lamongan,Putri,Lamongan,0.0,Ya,Ya,Ya,Ya,Tidak,Ya,1200000
Kabupaten Lamongan,Campur,Karang Geneng,0.0,Ya,Tidak,Ya,Ya,Ya,Ya,800000
Kabupaten Lamongan,Putri,Kecamatan Lamongan,0.0,Tidak,Tidak,Ya,Tidak,Ya,Tidak,400000
Kabupaten Lamongan,Putri,Kecamatan Lamongan,0.0,Ya,Tidak,Ya,Ya,Tidak,Ya,1000000
Kabupaten Lamongan,Putra,Lamongan,0.0,Tidak,Ya,Ya,Tidak,Ya,Ya,400000
Kabupaten Lamongan,Putra,Lamongan,0.0,Tidak,Ya,Ya,Tidak,Ya,Ya,300000
Kabupaten Lamongan,Campur,Lamongan,0.0,Tidak,Ya,Ya,Tidak,Ya,Ya,700000
Kabupaten Lamongan,Putri,Kecamatan Tikung,0.0,Tidak,Ya,Ya,Tidak,Ya,Tidak,550000
Kabupaten Lamongan,Putra,Deket,5.0,Ya,Tidak,Ya,Tidak,Ya,Ya,550000
Kabupaten Lamongan,Campur,Lamongan,4.6,Ya,Tidak,Ya,Ya,Ya,Ya,1100000
Kabupaten Lamongan,Putri,Kecamatan Lamongan,0.0,Tidak,Ya,Ya,Tidak,Tidak,Ya,650000
Kabupaten Lamongan,Putri,Sekaran,0.0,Tidak,Ya,Ya,Tidak,Tidak,Ya,400000
Kabupaten Lamongan,Putra,Lamongan,0.0,Tidak,Ya,Ya,Tidak,Tidak,Tidak,400000
Kabupaten Lamongan,Putra,Lamongan,0.0,Tidak,Ya,Ya,Tidak,Ya,Ya,350000
Kabupaten Lamongan,Putri,Lamongan,0.0,Tidak,Tidak,Ya,Tidak,Ya,Tidak,600000
Kabupaten Lamongan,Putri,Kecamatan Lamongan,0.0,Tidak,Tidak,Ya,Tidak,Tidak,Ya,700000
Kabupaten Lamongan,Putri,Lamongan,0.0,Tidak,Tidak,Ya,Tidak,Tidak,Ya,500000
Kabupaten Lamongan,Campur,Kecamatan Lamongan,0.0,Ya,Tidak,Ya,Ya,Tidak,Tidak,1700000
Kabupaten Lamongan,Putra,Kecamatan Lamongan,0.0,Tidak,Ya,Ya,Ya,Ya,Ya,600000
Kabupaten Lamongan,Putri,Lamongan,0.0,Tidak,Tidak,Ya,Tidak,Tidak,Tidak,850000
Kabupaten Lamongan,Putri,Kecamatan Lamongan,0.0,Tidak,Ya,Ya,Tidak,Tidak,Tidak,850000
Kabupaten Lamongan,Putri,Kecamatan Lamongan,0.0,Tidak,Ya,Ya,Ya,Tidak,Ya,900000
Kabupaten Lamongan,Putri,Lamongan,0.0,Ya,Tidak,Ya,Tidak,Ya,Ya,1000000
Kabupaten Lamongan,Putri,Lamongan,0.0,Tidak,Tidak,Ya,Tidak,Tidak,Ya,550000
Kabupaten Lamongan,Putra,Lamongan,0.0,Tidak,Tidak,Ya,Tidak,Tidak,Ya,500000
Kabupaten Lamongan,Campur,Kecamatan Sukodadi,0.0,Tidak,Ya,Ya,Ya,Ya,Ya,700000
Kabupaten Lamongan,Putri,Kecamatan Lamongan,0.0,Tidak,Ya,Ya,Ya,Tidak,Ya,600000
Kabupaten Lamongan,Putri,Lamongan,0.0,Ya,Tidak,Ya,Ya,Tidak,Ya,1000000
Kabupaten Lamongan,Putri,Lamongan,0.0,Tidak,Tidak,Ya,Tidak,Tidak,Ya,650000
Kabupaten Lamongan,Campur,Kecamatan Sukodadi,0.0,Tidak,Tidak,Ya,Tidak,Tidak,Tidak,500000
Kabupaten Lamongan,Putri,Lamongan,0.0,Ya,Tidak,Ya,Ya,Ya,Ya,1100000
Kabupaten Lamongan,Campur,Sukodadi,0.0,Tidak,Ya,Ya,Ya,Ya,Ya,500000
Kabupaten Lamongan,Putri,Kecamatan Lamongan,0.0,Ya,Ya,Ya,Tidak,Tidak,Tidak,1000000
Kabupaten Lamongan,Putri,Lamongan,0.0,Tidak,Tidak,Ya,Ya,Tidak,Tidak,1000000
Kabupaten Lamongan,Putri,Lamongan,0.0,Tidak,Tidak,Ya,Tidak,Tidak,Ya,450000
Kabupaten Lamongan,Putra,Lamongan,0.0,Tidak,Ya,Ya,Ya,Ya,Tidak,700000
Kabupaten Lamongan,Putri,Lamongan,0.0,Tidak,Tidak,Ya,Tidak,Ya,Ya,850000
Kabupaten Lamongan,Putra,Kecamatan Lamongan,0.0,Tidak,Tidak,Ya,Ya,Tidak,Ya,300000
Kabupaten Lamongan,Putri,Kecamatan Lamongan,0.0,Tidak,Ya,Ya,Tidak,Tidak,Tidak,700000
Kabupaten Lamongan,Putra,Lamongan,0.0,Tidak,Tidak,Ya,Tidak,Ya,Tidak,1000000
Kabupaten Lamongan,Putri,Kecamatan Sugio,0.0,Tidak,Tidak,Ya,Ya,Tidak,Tidak,400000
Kabupaten Lamongan,Putri,Lamongan,0.0,Tidak,Ya,Ya,Ya,Tidak,Ya,550000
Kabupaten Lamongan,Putra,Kecamatan Lamongan,0.0,Tidak,Ya,Ya,Tidak,Tidak,Tidak,450000
Kabupaten Lamongan,Campur,Kecamatan Lamongan,0.0,Tidak,Tidak,Ya,Tidak,Tidak,Ya,600000
Kabupaten Lamongan,Campur,Kecamatan Lamongan,0.0,Tidak,Ya,Ya,Tidak,Ya,Tidak,600000
Kabupaten Lamongan,Campur,Lamongan,3.9,Ya,Tidak,Ya,Ya,Ya,Ya,1000000
Kabupaten Lamongan,Campur,Lamongan,0.0,Ya,Tidak,Ya,Ya,Ya,Ya,800000
Kabupaten Lamongan,Putri,Kecamatan Lamongan,0.0,Tidak,Tidak,Ya,Tidak,Tidak,Ya,600000
Kabupaten Lamongan,Putri,Kecamatan Lamongan,0.0,Ya,Ya,Ya,Ya,Ya,Ya,1150000
Kabupaten Lamongan,Putra,Lamongan,0.0,Tidak,Ya,Ya,Ya,Tidak,Ya,450000
Kabupaten Lamongan,Putra,Kecamatan Lamongan,0.0,Tidak,Ya,Ya,Ya,Tidak,Ya,550000
Kabupaten Lamongan,Campur,Lamongan,0.0,Tidak,Tidak,Ya,Tidak,Tidak,Ya,500000
Kabupaten Lamongan,Putri,Lamongan,0.0,Tidak,Tidak,Ya,Ya,Tidak,Ya,550000
Kabupaten Lamongan,Putri,Lamongan,0.0,Ya,Ya,Ya,Ya,Ya,Ya,500000
Kabupaten Lamongan,Campur,Kecamatan Pucuk,0.0,Tidak,Tidak,Ya,Tidak,Tidak,Tidak,400000
Kabupaten Lamongan,Putri,Lamongan,0.0,Ya,Ya,Ya,Tidak,Ya,Ya,600000
Kabupaten Lamongan,Campur,Lamongan,0.0,Tidak,Ya,Ya,Tidak,Ya,Ya,550000
Kabupaten Lamongan,Putra,Lamongan,0.0,Tidak,Ya,Ya,Tidak,Tidak,Ya,380000
Kabupaten Lamongan,Campur,Kecamatan Lamongan,0.0,Tidak,Ya,Ya,Tidak,Ya,Tidak,600000
Kabupaten Lamongan,Putra,Kecamatan Lamongan,0.0,Tidak,Ya,Ya,Tidak,Ya,Ya,600000
Kabupaten Lamongan,Putra,Kecamatan Lamongan,0.0,Tidak,Ya,Ya,Tidak,Tidak,Tidak,400000
Kabupaten Lamongan,Putri,Kecamatan Tikung,0.0,Tidak,Ya,Ya,Tidak,Ya,Tidak,500000
Kabupaten Lamongan,Putri,Kecamatan Lamongan,0.0,Ya,Tidak,Ya,Ya,Tidak,Ya,800000
Kabupaten Lamongan,Putri,Kecamatan Deket,0.0,Tidak,Ya,Ya,Tidak,Tidak,Ya,500000
Kabupaten Lamongan,Putri,Kecamatan Lamongan,0.0,Tidak,Tidak,Ya,Ya,Tidak,Tidak,450000
Kabupaten Lamongan,Putri,Kecamatan Lamongan,0.0,Tidak,Ya,Ya,Ya,Tidak,Ya,400000
Kabupaten Lamongan,Putri,Lamongan,0.0,Ya,Tidak,Ya,Ya,Ya,Tidak,900000
Kabupaten Lamongan,Putri,Kecamatan Lamongan,0.0,Ya,Ya,Ya,Ya,Ya,Ya,1100000
Kabupaten Lamongan,Putri,Lamongan,5.0,Ya,Ya,Ya,Ya,Ya,Ya,900000
Kabupaten Lamongan,Campur,Kecamatan Lamongan,0.0,Ya,Ya,Ya,Ya,Ya,Ya,1000000
Kabupaten Lamongan,Campur,Kecamatan Lamongan,0.0,Tidak,Ya,Ya,Tidak,Ya,Tidak,600000
Kabupaten Lamongan,Putra,Lamongan,0.0,Ya,Ya,Ya,Ya,Ya,Ya,800000
Kabupaten Lamongan,Campur,Lamongan,0.0,Ya,Ya,Ya,Ya,Ya,Ya,1100000
Kabupaten Lamongan,Putri,Kecamatan Lamongan,5.0,Tidak,Ya,Ya,Ya,Ya,Ya,700000
Kabupaten Lamongan,Putri,Lamongan,0.0,Tidak,Ya,Ya,Tidak,Tidak,Ya,400000
Kabupaten Lamongan,Putri,Lamongan,0.0,Tidak,Ya,Ya,Ya,Tidak,Ya,500000
Kabupaten Lamongan,Campur,Lamongan,0.0,Ya,Tidak,Ya,Ya,Ya,Ya,1000000
Kabupaten Lamongan,Putri,Kecamatan Deket,0.0,Tidak,Ya,Ya,Tidak,Tidak,Ya,250000
Kabupaten Lamongan,Putri,Kecamatan Lamongan,0.0,Ya,Tidak,Tidak,Ya,Ya,Ya,1000000
Kabupaten Lamongan,Campur,Kecamatan Lamongan,0.0,Tidak,Ya,Tidak,Tidak,Ya,Tidak,550000
Kabupaten Lamongan,Putra,Kecamatan Lamongan,0.0,Tidak,Ya,Ya,Tidak,Tidak,Ya,550000
Kabupaten Lamongan,Putri,Kecamatan Lamongan,0.0,Ya,Ya,Ya,Ya,Ya,Ya,1000000
Kabupaten Lamongan,Putra,Kecamatan Lamongan,0.0,Tidak,Ya,Ya,Tidak,Ya,Tidak,500000
Kabupaten Lamongan,Putra,Deket,0.0,Ya,Ya,Ya,Ya,Ya,Ya,500000
Kabupaten Lamongan,Campur,Kecamatan Lamongan,0.0,Tidak,Ya,Ya,Tidak,Ya,Ya,650000
Kabupaten Lamongan,Campur,Lamongan,0.0,Tidak,Tidak,Ya,Ya,Ya,Ya,700000
Kabupaten Lamongan,Putra,Kecamatan Lamongan,0.0,Tidak,Ya,Ya,Ya,Tidak,Ya,450000
Kabupaten Lamongan,Campur,Tikung,0.0,Tidak,Ya,Ya,Tidak,Ya,Tidak,500000
Kabupaten Lamongan,Campur,Sarirejo,0.0,Ya,Tidak,Ya,Ya,Ya,Ya,1200000
Kabupaten Lamongan,Campur,Kecamatan Lamongan,0.0,Ya,Ya,Tidak,Ya,Ya,Ya,750000
Kabupaten Lamongan,Putri,Kecamatan Lamongan,0.0,Ya,Ya,Ya,Ya,Ya,Ya,1100000
Kabupaten Lamongan,Putra,Kecamatan Lamongan,0.0,Tidak,Ya,Ya,Tidak,Tidak,Ya,375000
Kabupaten Lumajang,Putra,Kecamatan Lumajang,0.0,Tidak,Ya,Ya,Tidak,Tidak,Tidak,400000
Kabupaten Lumajang,Putra,Kecamatan Lumajang,5.0,Tidak,Ya,Ya,Ya,Ya,Ya,600000
Kabupaten Lumajang,Putri,Lumajang,0.0,Ya,Ya,Ya,Ya,Ya,Ya,1200000
Kabupaten Lumajang,Putri,Lumajang,5.0,Ya,Ya,Ya,Tidak,Ya,Ya,500000
Kabupaten Lumajang,Putri,Kecamatan Lumajang,0.0,Tidak,Ya,Ya,Tidak,Tidak,Ya,300000
Kabupaten Lumajang,Putri,Lumajang,0.0,Tidak,Ya,Ya,Ya,Ya,Ya,650000
Kabupaten Lumajang,Putri,Lumajang,0.0,Tidak,Ya,Ya,Tidak,Ya,Ya,650000
Kabupaten Lumajang,Campur,Lumajang,0.0,Tidak,Tidak,Ya,Tidak,Ya,Ya,600000
Kabupaten Lumajang,Putra,Lumajang,0.0,Tidak,Tidak,Ya,Tidak,Ya,Ya,600000
Kabupaten Lumajang,Campur,Lumajang,0.0,Ya,Ya,Ya,Ya,Ya,Ya,1300000
Kabupaten Lumajang,Campur,Lumajang,0.0,Tidak,Ya,Ya,Tidak,Tidak,Ya,300000
Kabupaten Lumajang,Putri,Lumajang,0.0,Tidak,Ya,Ya,Ya,Ya,Ya,600000
Kabupaten Lumajang,Putri,Kecamatan Lumajang,0.0,Tidak,Ya,Ya,Tidak,Ya,Ya,700000
Kabupaten Lumajang,Putri,Lumajang,0.0,Ya,Tidak,Ya,Ya,Ya,Ya,1250000
Kabupaten Lumajang,Campur,Lumajang,0.0,Tidak,Ya,Ya,Tidak,Tidak,Ya,300000
Kabupaten Lumajang,Putri,Kecamatan Lumajang,0.0,Tidak,Tidak,Ya,Ya,Ya,Ya,350000
Kabupaten Lumajang,Putri,Kecamatan Lumajang,0.0,Ya,Tidak,Ya,Ya,Ya,Ya,800000
Kabupaten Lumajang,Putri,Kecamatan Lumajang,0.0,Tidak,Ya,Ya,Tidak,Ya,Ya,500000
Kabupaten Lumajang,Putri,Lumajang,0.0,Tidak,Ya,Ya,Ya,Ya,Ya,650000
Kabupaten Lumajang,Campur,Kecamatan Sukodono,0.0,Ya,Tidak,Ya,Ya,Tidak,Ya,1500000
Kabupaten Lumajang,Putri,Lumajang,0.0,Tidak,Tidak,Ya,Tidak,Tidak,Ya,300000
Kabupaten Lumajang,Putra,Lumajang,0.0,Tidak,Ya,Ya,Tidak,Tidak,Ya,500000
Kabupaten Lumajang,Putri,Kecamatan Lumajang,0.0,Tidak,Ya,Ya,Ya,Tidak,Tidak,600000
Kabupaten Lumajang,Putri,Lumajang,0.0,Tidak,Tidak,Ya,Ya,Tidak,Ya,700000
Kabupaten Lumajang,Putra,Kecamatan Lumajang,0.0,Ya,Ya,Ya,Tidak,Tidak,Tidak,800000
Kabupaten Lumajang,Putra,Lumajang,5.0,Tidak,Tidak,Ya,Tidak,Tidak,Tidak,550000
Kabupaten Lumajang,Putri,Lumajang,0.0,Ya,Tidak,Ya,Ya,Ya,Ya,1000000
Kabupaten Lumajang,Putri,Kecamatan Lumajang,0.0,Tidak,Ya,Ya,Tidak,Tidak,Ya,400000
Kabupaten Lumajang,Putri,Kecamatan Lumajang,0.0,Ya,Ya,Ya,Ya,Ya,Tidak,1500000
Kabupaten Lumajang,Putra,Kecamatan Lumajang,0.0,Tidak,Ya,Ya,Tidak,Tidak,Tidak,450000
Kabupaten Lumajang,Campur,Lumajang,0.0,Ya,Ya,Ya,Ya,Ya,Ya,1300000
Kabupaten Lumajang,Putri,Kecamatan Lumajang,0.0,Ya,Ya,Ya,Tidak,Ya,Ya,1200000
Kabupaten Lumajang,Putri,Lumajang,0.0,Tidak,Tidak,Ya,Tidak,Ya,Ya,500000
Kabupaten Lumajang,Putri,Lumajang,0.0,Tidak,Ya,Ya,Tidak,Tidak,Ya,350000
Kabupaten Lumajang,Putri,Kecamatan Lumajang,0.0,Ya,Tidak,Ya,Ya,Ya,Ya,1500000
Kabupaten Lumajang,Putri,Lumajang,0.0,Tidak,Tidak,Ya,Tidak,Tidak,Ya,375000
Kabupaten Lumajang,Putri,Lumajang,0.0,Tidak,Tidak,Ya,Tidak,Tidak,Ya,350000
Kabupaten Lumajang,Putri,Lumajang,0.0,Tidak,Tidak,Ya,Tidak,Tidak,Ya,400000
Kabupaten Lumajang,Putri,Lumajang,0.0,Tidak,Tidak,Ya,Tidak,Tidak,Ya,450000
Kabupaten Lumajang,Putri,Kecamatan Lumajang,0.0,Tidak,Ya,Ya,Ya,Ya,Ya,750000
Kabupaten Lumajang,Campur,Kecamatan Sukodono,0.0,Tidak,Tidak,Ya,Ya,Tidak,Ya,750000
Kabupaten Lumajang,Putri,Lumajang,0.0,Tidak,Ya,Ya,Tidak,Tidak,Tidak,350000
Kabupaten Lumajang,Campur,Lumajang,0.0,Tidak,Ya,Ya,Tidak,Tidak,Tidak,350000
Kabupaten Lumajang,Putri,Kecamatan Lumajang,0.0,Ya,Tidak,Ya,Ya,Ya,Ya,1200000
Kabupaten Lumajang,Putri,Lumajang,0.0,Tidak,Tidak,Ya,Tidak,Tidak,Ya,380000
Kabupaten Lumajang,Putri,Lumajang,0.0,Tidak,Tidak,Ya,Tidak,Tidak,Ya,550000
Kabupaten Lumajang,Campur,Kecamatan Lumajang,0.0,Tidak,Tidak,Ya,Ya,Ya,Ya,550000
Kabupaten Lumajang,Campur,Lumajang,0.0,Tidak,Ya,Ya,Ya,Ya,Ya,400000
Kabupaten Lumajang,Campur,Lumajang,0.0,Tidak,Ya,Tidak,Ya,Ya,Tidak,850000
Kabupaten Lumajang,Campur,Kecamatan Lumajang,0.0,Tidak,Tidak,Ya,Ya,Ya,Ya,300000
Kabupaten Lumajang,Campur,Kecamatan Lumajang,0.0,Ya,Ya,Ya,Ya,Ya,Ya,1000000
Kabupaten Lumajang,Putra,Sukodono,0.0,Tidak,Ya,Ya,Ya,Tidak,Tidak,350000
Kabupaten Lumajang,Campur,Kecamatan Lumajang,0.0,Tidak,Tidak,Ya,Tidak,Ya,Ya,600000
Kabupaten Lumajang,Putra,Kecamatan Lumajang,0.0,Tidak,Ya,Ya,Tidak,Tidak,Tidak,450000
Kabupaten Lumajang,Putri,Lumajang,0.0,Tidak,Ya,Ya,Ya,Ya,Ya,500000
Kabupaten Lumajang,Putri,Lumajang,0.0,Tidak,Tidak,Tidak,Tidak,Ya,Ya,550000
Kabupaten Lumajang,Campur,Lumajang,0.0,Tidak,Ya,Ya,Tidak,Tidak,Tidak,500000
Kabupaten Lumajang,Putri,Lumajang,0.0,Tidak,Ya,Ya,Tidak,Ya,Tidak,600000
Kabupaten Lumajang,Campur,Kecamatan Lumajang,0.0,Ya,Ya,Ya,Ya,Ya,Ya,1000000
Kabupaten Lumajang,Putri,Lumajang,0.0,Tidak,Ya,Ya,Ya,Ya,Tidak,675000
Kabupaten Lumajang,Putri,Kecamatan Lumajang,0.0,Tidak,Ya,Ya,Tidak,Tidak,Ya,400000
Kabupaten Lumajang,Putri,Lumajang,0.0,Tidak,Ya,Tidak,Ya,Ya,Ya,630000
Kabupaten Lumajang,Putri,Kecamatan Lumajang,0.0,Tidak,Tidak,Ya,Tidak,Tidak,Ya,450000
Kabupaten Lumajang,Putri,Lumajang,0.0,Tidak,Tidak,Ya,Tidak,Ya,Tidak,500000
Kabupaten Lumajang,Putri,Kecamatan Lumajang,0.0,Ya,Ya,Tidak,Tidak,Ya,Ya,700000
Kabupaten Madiun,Putri,Kecamatan Manguharjo,0.0,Tidak,Ya,Ya,Tidak,Ya,Ya,750000
Kabupaten Madiun,Campur,Kecamatan Manguharjo,0.0,Ya,Ya,Ya,Ya,Ya,Ya,1000000
Kabupaten Madiun,Putri,Kartoharjo,0.0,Tidak,Tidak,Ya,Tidak,Ya,Ya,700000
Kabupaten Madiun,Putra,Jiwan,0.0,Tidak,Tidak,Ya,Ya,Ya,Ya,600000
Kabupaten Madiun,Campur,Kecamatan Taman,0.0,Ya,Ya,Ya,Ya,Ya,Ya,1250000
Kabupaten Madiun,Putra,Kecamatan Taman,0.0,Ya,Ya,Ya,Ya,Ya,Ya,1800000
Kabupaten Madiun,Putra,Kecamatan Taman,0.0,Tidak,Tidak,Ya,Tidak,Ya,Ya,600000
Kabupaten Madiun,Putra,Taman,0.0,Ya,Ya,Ya,Tidak,Ya,Ya,750000
Kabupaten Madiun,Putra,Kartoharjo,5.0,Ya,Ya,Ya,Ya,Ya,Ya,900000
Kabupaten Madiun,Putri,Kartoharjo,0.0,Tidak,Ya,Ya,Ya,Ya,Ya,600000
Kabupaten Madiun,Putri,Taman,4.5,Tidak,Ya,Ya,Tidak,Tidak,Ya,450000
Kabupaten Madiun,Campur,Taman,0.0,Ya,Ya,Ya,Ya,Ya,Ya,1100000
Kabupaten Madiun,Putra,Kartoharjo,0.0,Ya,Ya,Ya,Ya,Ya,Ya,1300000
Kabupaten Madiun,Putri,Kecamatan Taman,4.6,Tidak,Tidak,Ya,Ya,Tidak,Ya,450000
Kabupaten Madiun,Putri,Kecamatan Manguharjo,0.0,Tidak,Ya,Ya,Tidak,Tidak,Ya,550000
Kabupaten Madiun,Campur,Kartoharjo,0.0,Ya,Ya,Ya,Ya,Ya,Ya,1349000
Kabupaten Madiun,Putri,Kecamatan Taman,0.0,Tidak,Tidak,Ya,Ya,Tidak,Ya,550000
Kabupaten Madiun,Campur,Taman,0.0,Tidak,Ya,Ya,Ya,Ya,Ya,800000
Kabupaten Madiun,Putri,Taman,0.0,Tidak,Tidak,Ya,Ya,Ya,Ya,550000
Kabupaten Madiun,Putri,Kecamatan Manguharjo,0.0,Tidak,Tidak,Ya,Tidak,Tidak,Ya,449999
Kabupaten Madiun,Putri,Kecamatan Taman,0.0,Tidak,Tidak,Ya,Ya,Tidak,Ya,550000
Kabupaten Madiun,Putri,Taman,0.0,Ya,Ya,Ya,Ya,Ya,Ya,999998
Kabupaten Madiun,Putri,Kecamatan Kartoharjo,0.0,Tidak,Ya,Ya,Ya,Ya,Tidak,550000
Kabupaten Madiun,Campur,Mangu Harjo,0.0,Tidak,Tidak,Ya,Tidak,Ya,Ya,600000
Kabupaten Madiun,Putri,Taman,0.0,Tidak,Ya,Ya,Ya,Ya,Ya,698000
Kabupaten Madiun,Putra,Kecamatan Kartoharjo,0.0,Ya,Ya,Ya,Ya,Ya,Ya,1000000
Kabupaten Madiun,Putri,Kecamatan Taman,0.0,Ya,Tidak,Ya,Ya,Tidak,Ya,1099998
Kabupaten Madiun,Putri,Kecamatan Manguharjo,0.0,Ya,Tidak,Ya,Ya,Ya,Ya,1000000
Kabupaten Madiun,Campur,Kecamatan Taman,0.0,Ya,Ya,Ya,Ya,Ya,Ya,1500000
Kabupaten Madiun,Campur,Taman,0.0,Ya,Ya,Ya,Ya,Ya,Ya,950000
Kabupaten Madiun,Putra,Taman,0.0,Tidak,Ya,Ya,Tidak,Tidak,Ya,400000
Kabupaten Madiun,Putri,Taman,0.0,Tidak,Ya,Ya,Tidak,Tidak,Ya,550000
Kabupaten Madiun,Campur,Taman,0.0,Ya,Ya,Ya,Tidak,Ya,Ya,1300000
Kabupaten Madiun,Putri,Taman,0.0,Tidak,Ya,Ya,Tidak,Tidak,Ya,399998
Kabupaten Madiun,Putri,Mangu Harjo,0.0,Tidak,Tidak,Ya,Tidak,Ya,Ya,650000
Kabupaten Madiun,Campur,Kecamatan Taman,0.0,Ya,Ya,Ya,Ya,Ya,Ya,1400000
Kabupaten Madiun,Putra,Taman,0.0,Tidak,Ya,Ya,Ya,Ya,Ya,600000
Kabupaten Madiun,Putri,Kartoharjo,0.0,Tidak,Ya,Ya,Ya,Tidak,Ya,650000
Kabupaten Madiun,Putri,Kartoharjo,0.0,Tidak,Tidak,Ya,Ya,Tidak,Ya,550000
Kabupaten Madiun,Putra,Kecamatan Taman,5.0,Ya,Ya,Ya,Tidak,Ya,Tidak,1000000
Kabupaten Madiun,Putra,Kartoharjo,0.0,Tidak,Ya,Ya,Tidak,Tidak,Ya,600000
Kabupaten Madiun,Putri,Kecamatan Taman,0.0,Tidak,Ya,Ya,Tidak,Tidak,Ya,365000
Kabupaten Madiun,Campur,Kartoharjo,0.0,Tidak,Ya,Ya,Tidak,Ya,Ya,1200000
Kabupaten Madiun,Putra,Taman,0.0,Tidak,Ya,Ya,Ya,Ya,Ya,650000
Kabupaten Madiun,Campur,Kecamatan Taman,0.0,Ya,Ya,Ya,Ya,Ya,Ya,1600000
Kabupaten Madiun,Putra,Kecamatan Taman,0.0,Tidak,Ya,Ya,Tidak,Tidak,Ya,400000
Kabupaten Madiun,Putri,Taman,0.0,Tidak,Ya,Ya,Ya,Ya,Ya,450000
Kabupaten Madiun,Campur,Kecamatan Kartoharjo,0.0,Tidak,Ya,Ya,Tidak,Ya,Ya,700000
Kabupaten Madiun,Campur,Kecamatan Taman,0.0,Ya,Ya,Ya,Ya,Ya,Ya,1300000
Kabupaten Madiun,Putri,Kecamatan Taman,0.0,Tidak,Ya,Ya,Ya,Ya,Ya,650000
Kabupaten Madiun,Putri,Kartoharjo,0.0,Ya,Ya,Ya,Ya,Ya,Ya,600000
Kabupaten Madiun,Putra,Taman,5.0,Tidak,Tidak,Ya,Tidak,Tidak,Ya,500000
Kabupaten Madiun,Campur,Taman,0.0,Ya,Ya,Ya,Ya,Ya,Ya,1400000
Kabupaten Madiun,Putri,Kartoharjo,0.0,Tidak,Ya,Ya,Ya,Tidak,Ya,500000
Kabupaten Madiun,Putra,Kecamatan Taman,0.0,Tidak,Ya,Ya,Tidak,Ya,Tidak,700000
Kabupaten Madiun,Campur,Kecamatan Taman,0.0,Tidak,Ya,Ya,Ya,Ya,Ya,750000
Kabupaten Madiun,Putri,Kartoharjo,0.0,Tidak,Ya,Ya,Ya,Tidak,Ya,550000
Kabupaten Madiun,Putra,Kecamatan Taman,0.0,Ya,Ya,Ya,Ya,Ya,Ya,1600000
Kabupaten Madiun,Putra,Kecamatan Taman,0.0,Ya,Ya,Ya,Ya,Ya,Ya,1200000
Kabupaten Madiun,Putra,Kecamatan Taman,0.0,Tidak,Ya,Ya,Tidak,Ya,Ya,500000
Kabupaten Madiun,Putri,Taman,0.0,Tidak,Ya,Ya,Tidak,Ya,Ya,600000
Kabupaten Madiun,Campur,Kecamatan Manguharjo,0.0,Tidak,Ya,Ya,Ya,Ya,Ya,550000
Kabupaten Madiun,Putra,Kecamatan Taman,0.0,Ya,Ya,Ya,Ya,Ya,Ya,1500000
Kabupaten Madiun,Campur,Taman,0.0,Tidak,Ya,Ya,Ya,Ya,Ya,800000
Kabupaten Madiun,Campur,Kartoharjo,5.0,Ya,Ya,Ya,Ya,Ya,Ya,1000000
Kabupaten Madiun,Campur,Kartoharjo,0.0,Ya,Ya,Ya,Tidak,Ya,Ya,1075000
Kabupaten Madiun,Putri,Mangu Harjo,0.0,Ya,Ya,Ya,Ya,Ya,Ya,1100000
Kabupaten Madiun,Putri,Kecamatan Taman,5.0,Tidak,Ya,Ya,Tidak,Tidak,Ya,500000
Kabupaten Madiun,Putri,Kecamatan Taman,0.0,Tidak,Tidak,Ya,Tidak,Ya,Ya,500000
Kabupaten Madiun,Putri,Kecamatan Taman,0.0,Tidak,Ya,Ya,Tidak,Tidak,Tidak,500000
Kabupaten Madiun,Putri,Taman,5.0,Tidak,Ya,Ya,Ya,Tidak,Ya,600000
Kabupaten Madiun,Putri,Taman,0.0,Tidak,Ya,Ya,Tidak,Ya,Ya,600000
Kabupaten Madiun,Putri,Kartoharjo,0.0,Tidak,Ya,Ya,Tidak,Tidak,Ya,250000
Kabupaten Madiun,Putri,Kecamatan Taman,0.0,Tidak,Tidak,Ya,Tidak,Ya,Tidak,900000
Kabupaten Madiun,Putra,Taman,0.0,Tidak,Ya,Ya,Tidak,Ya,Ya,600000
Kabupaten Madiun,Putri,Mangu Harjo,0.0,Tidak,Tidak,Ya,Tidak,Tidak,Ya,550000
Kabupaten Madiun,Putri,Kecamatan Manguharjo,0.0,Ya,Tidak,Ya,Ya,Ya,Ya,1200000
Kabupaten Madiun,Campur,Kecamatan Kartoharjo,0.0,Ya,Ya,Ya,Ya,Ya,Ya,1300000
Kabupaten Madiun,Putra,Taman,0.0,Ya,Ya,Ya,Tidak,Ya,Ya,900000
Kabupaten Madiun,Campur,Kecamatan Manguharjo,0.0,Tidak,Ya,Ya,Tidak,Ya,Tidak,790000
Kabupaten Madiun,Campur,Mangu Harjo,0.0,Tidak,Ya,Ya,Tidak,Ya,Tidak,650000
Kabupaten Madiun,Putra,Kartoharjo,0.0,Ya,Ya,Ya,Ya,Ya,Tidak,1400000
Kabupaten Madiun,Putra,Kecamatan Taman,0.0,Tidak,Ya,Ya,Tidak,Tidak,Ya,450000
Kabupaten Madiun,Putri,Taman,0.0,Tidak,Ya,Ya,Ya,Tidak,Ya,450000
Kabupaten Madiun,Putra,Kecamatan Manguharjo,0.0,Tidak,Ya,Ya,Tidak,Ya,Tidak,500000
Kabupaten Madiun,Putra,Kecamatan Taman,0.0,Tidak,Ya,Ya,Tidak,Tidak,Ya,500000
Kabupaten Madiun,Putra,Kecamatan Kartoharjo,5.0,Tidak,Ya,Ya,Tidak,Ya,Ya,600000
Kabupaten Madiun,Putra,Kecamatan Taman,0.0,Ya,Tidak,Ya,Ya,Ya,Ya,1250000
Kabupaten Madiun,Putri,Kecamatan Taman,0.0,Ya,Ya,Ya,Ya,Ya,Ya,1500000
Kabupaten Madiun,Putra,Kecamatan Manguharjo,0.0,Tidak,Ya,Ya,Tidak,Tidak,Tidak,450000
Kabupaten Madiun,Putra,Kecamatan Kartoharjo,0.0,Tidak,Ya,Ya,Ya,Ya,Ya,650000
Kabupaten Madiun,Putri,Taman,0.0,Tidak,Tidak,Ya,Ya,Ya,Ya,625000
Kabupaten Madiun,Putra,Jiwan,0.0,Tidak,Ya,Ya,Ya,Tidak,Ya,400000
Kabupaten Madiun,Campur,Taman,0.0,Ya,Ya,Ya,Ya,Ya,Ya,1350000
Kabupaten Madiun,Putra,Kecamatan Kartoharjo,0.0,Ya,Ya,Ya,Ya,Ya,Ya,1000000
Kabupaten Madiun,Putra,Taman,0.0,Tidak,Ya,Ya,Tidak,Tidak,Tidak,350000
Kabupaten Madiun,Putri,Kecamatan Taman,0.0,Tidak,Tidak,Ya,Ya,Ya,Tidak,400000
Kabupaten Madiun,Campur,Mangu Harjo,0.0,Tidak,Ya,Ya,Ya,Ya,Tidak,600000
Kabupaten Madiun,Putra,Taman,0.0,Ya,Ya,Ya,Tidak,Ya,Ya,1000000
Kabupaten Madiun,Putri,Kartoharjo,0.0,Tidak,Ya,Ya,Tidak,Tidak,Ya,350000
Kabupaten Madiun,Campur,Taman,0.0,Ya,Ya,Ya,Ya,Ya,Ya,1200000
Kabupaten Madiun,Putri,Kecamatan Kartoharjo,0.0,Tidak,Tidak,Ya,Ya,Ya,Ya,700000
Kabupaten Madiun,Putra,Kecamatan Taman,0.0,Ya,Ya,Tidak,Ya,Ya,Ya,1200000
Kabupaten Madiun,Putri,Taman,0.0,Tidak,Tidak,Ya,Tidak,Tidak,Ya,400000
Kabupaten Madiun,Putra,Kartoharjo,0.0,Ya,Ya,Ya,Ya,Ya,Tidak,1200000
Kabupaten Madiun,Putri,Kecamatan Kartoharjo,0.0,Tidak,Tidak,Ya,Tidak,Tidak,Ya,350000
Kabupaten Madiun,Putri,Kecamatan Manguharjo,0.0,Ya,Ya,Ya,Ya,Ya,Ya,900000
Kabupaten Madiun,Putri,Taman,0.0,Ya,Ya,Ya,Ya,Ya,Ya,1000000
Kabupaten Madiun,Campur,Kartoharjo,0.0,Tidak,Ya,Ya,Tidak,Ya,Ya,600000
Kabupaten Madiun,Putri,Kecamatan Kartoharjo,0.0,Tidak,Ya,Ya,Tidak,Ya,Ya,675000
Kabupaten Madiun,Campur,Kecamatan Manguharjo,4.0,Tidak,Tidak,Ya,Tidak,Ya,Ya,600000
Kabupaten Madiun,Campur,Kartoharjo,0.0,Tidak,Ya,Ya,Ya,Ya,Tidak,900000
Kabupaten Madiun,Putri,Kecamatan Kartoharjo,0.0,Ya,Ya,Ya,Ya,Ya,Ya,1000000
Kabupaten Madiun,Putra,Mangu Harjo,2.0,Tidak,Ya,Ya,Tidak,Ya,Ya,700000
Kabupaten Madiun,Putri,Taman,0.0,Tidak,Tidak,Ya,Ya,Ya,Ya,750000
Kabupaten Madiun,Putri,Kecamatan Taman,0.0,Tidak,Ya,Ya,Tidak,Tidak,Ya,500000
Kabupaten Madiun,Campur,Mangu Harjo,0.0,Tidak,Ya,Ya,Ya,Ya,Tidak,600000
Kabupaten Madiun,Putri,Taman,0.0,Tidak,Tidak,Ya,Ya,Ya,Ya,675000
Kabupaten Madiun,Putri,Kecamatan Kartoharjo,0.0,Tidak,Tidak,Ya,Tidak,Tidak,Ya,350000
Kabupaten Madiun,Putra,Kecamatan Kartoharjo,0.0,Tidak,Ya,Ya,Ya,Tidak,Ya,500000
Kabupaten Madiun,Campur,Kecamatan Manguharjo,0.0,Tidak,Tidak,Ya,Tidak,Ya,Tidak,650000
Kabupaten Madiun,Campur,Jiwan,0.0,Tidak,Ya,Ya,Ya,Tidak,Ya,500000
Kabupaten Madiun,Putri,Kecamatan Taman,5.0,Tidak,Ya,Ya,Tidak,Ya,Ya,465000
Kabupaten Madiun,Putra,Kecamatan Kartoharjo,0.0,Tidak,Ya,Tidak,Tidak,Tidak,Tidak,500000
Kabupaten Madiun,Campur,Mangu Harjo,0.0,Ya,Ya,Ya,Ya,Ya,Ya,1500000
Kabupaten Madiun,Campur,Mangu Harjo,5.0,Ya,Ya,Ya,Tidak,Ya,Ya,550000
Kabupaten Madiun,Putri,Kecamatan Kartoharjo,0.0,Ya,Ya,Ya,Ya,Ya,Ya,1200000
Kabupaten Madiun,Putri,Kecamatan Taman,0.0,Tidak,Tidak,Ya,Tidak,Ya,Ya,800000
Kabupaten Madiun,Putri,Kecamatan Taman,0.0,Tidak,Ya,Ya,Tidak,Ya,Ya,800000
Kabupaten Madiun,Putri,Kecamatan Manguharjo,0.0,Tidak,Ya,Ya,Ya,Ya,Ya,650000
Kabupaten Madiun,Putri,Kecamatan Taman,0.0,Tidak,Tidak,Tidak,Tidak,Tidak,Tidak,500000
Kabupaten Madiun,Putri,Kecamatan Manguharjo,0.0,Tidak,Tidak,Ya,Ya,Ya,Ya,750000
Kabupaten Madiun,Putri,Kecamatan Kartoharjo,0.0,Ya,Ya,Ya,Tidak,Tidak,Ya,1000000
Kabupaten Madiun,Campur,Kecamatan Manguharjo,0.0,Tidak,Ya,Ya,Tidak,Ya,Ya,600000
Kabupaten Madiun,Putri,Kartoharjo,0.0,Tidak,Tidak,Ya,Ya,Ya,Ya,650000
Kabupaten Madiun,Campur,Kecamatan Taman,0.0,Ya,Ya,Ya,Ya,Ya,Tidak,1200000
Kabupaten Madiun,Putri,Kecamatan Taman,0.0,Tidak,Ya,Ya,Tidak,Ya,Tidak,400000
Kabupaten Madiun,Campur,Taman,0.0,Ya,Tidak,Ya,Ya,Ya,Ya,1000000
Kabupaten Madiun,Putri,Kecamatan Taman,0.0,Ya,Tidak,Ya,Ya,Tidak,Ya,950000
Kabupaten Madiun,Putri,Kecamatan Taman,0.0,Tidak,Tidak,Ya,Tidak,Tidak,Ya,400000
Kabupaten Madiun,Putri,Kartoharjo,0.0,Tidak,Ya,Ya,Tidak,Ya,Tidak,499999
Kabupaten Madiun,Putri,Kartoharjo,0.0,Tidak,Ya,Ya,Tidak,Tidak,Ya,500000
Kabupaten Madiun,Putra,Taman,0.0,Ya,Tidak,Ya,Tidak,Ya,Ya,1100000
Kabupaten Madiun,Putra,Taman,5.0,Ya,Ya,Ya,Ya,Ya,Ya,1100000
Kabupaten Madiun,Campur,Kartoharjo,0.0,Tidak,Ya,Ya,Ya,Tidak,Tidak,550000
Kabupaten Madiun,Putri,Taman,0.0,Tidak,Ya,Ya,Tidak,Tidak,Ya,400000
Kabupaten Madiun,Putri,Kecamatan Taman,0.0,Ya,Tidak,Ya,Ya,Ya,Tidak,1000000
Kabupaten Madiun,Campur,Kecamatan Taman,0.0,Tidak,Tidak,Ya,Tidak,Ya,Tidak,550000
Kabupaten Madiun,Putri,Taman,0.0,Tidak,Ya,Ya,Tidak,Tidak,Ya,400000
Kabupaten Madiun,Putra,Kecamatan Manguharjo,0.0,Tidak,Tidak,Ya,Tidak,Tidak,Ya,475000
Kabupaten Madiun,Putra,Kecamatan Taman,0.0,Ya,Ya,Ya,Ya,Ya,Ya,1000000
Kabupaten Madiun,Putra,Kecamatan Manguharjo,0.0,Tidak,Tidak,Ya,Tidak,Tidak,Ya,475000
Kabupaten Madiun,Putri,Taman,0.0,Tidak,Tidak,Ya,Ya,Tidak,Ya,550000
Kabupaten Madiun,Putra,Kecamatan Taman,0.0,Ya,Tidak,Ya,Ya,Ya,Ya,1250000
Kabupaten Madiun,Putri,Kartoharjo,0.0,Tidak,Ya,Ya,Ya,Tidak,Ya,550000
Kabupaten Madiun,Putri,Taman,0.0,Tidak,Ya,Ya,Ya,Tidak,Ya,500000
Kabupaten Madiun,Putri,Kartoharjo,0.0,Tidak,Ya,Ya,Tidak,Ya,Ya,580000
Kabupaten Madiun,Putri,Kecamatan Taman,0.0,Tidak,Tidak,Ya,Tidak,Tidak,Ya,300000
Kabupaten Madiun,Putri,Taman,0.0,Tidak,Ya,Ya,Tidak,Tidak,Ya,400000
Kabupaten Madiun,Putri,Mangu Harjo,0.0,Tidak,Tidak,Ya,Tidak,Ya,Ya,400000
Kabupaten Madiun,Putra,Kecamatan Taman,0.0,Tidak,Ya,Ya,Tidak,Tidak,Tidak,500000
Kabupaten Madiun,Putri,Kartoharjo,4.8,Tidak,Tidak,Ya,Tidak,Tidak,Tidak,400000
Kabupaten Madiun,Putra,Mangu Harjo,0.0,Tidak,Ya,Ya,Tidak,Ya,Ya,725000
Kabupaten Madiun,Putra,Kecamatan Taman,0.0,Tidak,Ya,Ya,Ya,Tidak,Ya,900000
Kabupaten Madiun,Putri,Kecamatan Kartoharjo,0.0,Ya,Ya,Ya,Ya,Ya,Ya,1000000
Kabupaten Madiun,Putri,Kecamatan Manguharjo,0.0,Ya,Tidak,Ya,Ya,Ya,Ya,1000000
Kabupaten Madiun,Putra,Taman,5.0,Tidak,Ya,Ya,Tidak,Ya,Ya,500000
Kabupaten Madiun,Campur,Kartoharjo,0.0,Ya,Ya,Ya,Ya,Ya,Ya,1500000
Kabupaten Madiun,Putri,Taman,0.0,Tidak,Tidak,Ya,Ya,Tidak,Tidak,500000
Kabupaten Madiun,Putri,Taman,0.0,Tidak,Ya,Ya,Tidak,Tidak,Ya,500000
Kabupaten Madiun,Putri,Kartoharjo,0.0,Tidak,Ya,Ya,Ya,Ya,Ya,600000
Kabupaten Madiun,Putri,Taman,0.0,Tidak,Ya,Ya,Tidak,Tidak,Ya,450000
Kabupaten Madiun,Putra,Kecamatan Taman,0.0,Tidak,Ya,Ya,Tidak,Tidak,Tidak,300000
Kabupaten Madiun,Putri,Kecamatan Kartoharjo,0.0,Ya,Ya,Ya,Tidak,Ya,Ya,1300000
Kabupaten Madiun,Putri,Kecamatan Taman,0.0,Ya,Ya,Ya,Tidak,Ya,Ya,1300000
Kabupaten Madiun,Putri,Kartoharjo,5.0,Tidak,Ya,Ya,Ya,Tidak,Ya,500000
Kabupaten Madiun,Putri,Kecamatan Manguharjo,0.0,Tidak,Ya,Ya,Ya,Tidak,Tidak,450000
Kabupaten Madiun,Putri,Kecamatan Taman,0.0,Tidak,Tidak,Ya,Tidak,Ya,Ya,650000
Kabupaten Madiun,Putri,Kartoharjo,0.0,Tidak,Ya,Ya,Tidak,Ya,Ya,700000
Kabupaten Madiun,Putri,Kecamatan Manguharjo,0.0,Ya,Tidak,Ya,Ya,Ya,Ya,1100000
Kabupaten Madiun,Putra,Kartoharjo,4.9,Tidak,Tidak,Ya,Tidak,Tidak,Ya,600000
Kabupaten Madiun,Putri,Kecamatan Kartoharjo,0.0,Ya,Tidak,Ya,Ya,Ya,Ya,1350000
Kabupaten Madiun,Campur,Wungu,0.0,Ya,Ya,Ya,Tidak,Ya,Tidak,800000
Kabupaten Madiun,Campur,Kecamatan Taman,0.0,Ya,Ya,Ya,Ya,Ya,Tidak,1500000
Kabupaten Madiun,Putri,Kartoharjo,0.0,Tidak,Tidak,Ya,Tidak,Ya,Ya,500000
Kabupaten Madiun,Campur,Kecamatan Taman,0.0,Tidak,Ya,Ya,Tidak,Ya,Ya,450000
Kabupaten Madiun,Campur,Kecamatan Jiwan,0.0,Tidak,Tidak,Ya,Tidak,Tidak,Ya,350000
Kabupaten Madiun,Campur,Kecamatan Kartoharjo,0.0,Ya,Ya,Ya,Ya,Ya,Ya,1200000
Kabupaten Madiun,Putri,Kecamatan Kartoharjo,0.0,Tidak,Ya,Ya,Tidak,Tidak,Tidak,350000
Kabupaten Madiun,Campur,Wungu,0.0,Tidak,Ya,Tidak,Tidak,Ya,Ya,800000
Kabupaten Madiun,Putri,Kartoharjo,0.0,Tidak,Tidak,Ya,Tidak,Tidak,Ya,400000
Kabupaten Madiun,Putri,Taman,0.0,Tidak,Tidak,Ya,Ya,Tidak,Tidak,700000
Kabupaten Madiun,Putri,Taman,0.0,Tidak,Ya,Ya,Ya,Tidak,Tidak,350000
Kabupaten Madiun,Putra,Kecamatan Manguharjo,0.0,Ya,Ya,Ya,Ya,Ya,Ya,1000000
Kabupaten Madiun,Putri,Taman,0.0,Ya,Ya,Ya,Ya,Ya,Ya,1000000
Kabupaten Madiun,Putri,Kecamatan Manguharjo,0.0,Ya,Tidak,Ya,Ya,Ya,Ya,1500000
Kabupaten Madiun,Putra,Kartoharjo,0.0,Tidak,Tidak,Ya,Tidak,Tidak,Tidak,600000
Kabupaten Madiun,Putri,Kecamatan Manguharjo,0.0,Tidak,Tidak,Ya,Ya,Tidak,Ya,600000
Kabupaten Madiun,Putra,Kecamatan Taman,0.0,Tidak,Ya,Ya,Tidak,Tidak,Tidak,500000
Kabupaten Madiun,Putra,Kecamatan Manguharjo,0.0,Tidak,Tidak,Ya,Ya,Tidak,Ya,500000
Kabupaten Madiun,Putra,Kecamatan Taman,0.0,Tidak,Ya,Ya,Tidak,Ya,Ya,700000
Kabupaten Madiun,Putri,Kecamatan Taman,0.0,Tidak,Ya,Ya,Tidak,Ya,Ya,550000
Kabupaten Madiun,Putra,Kecamatan Taman,0.0,Tidak,Ya,Ya,Ya,Tidak,Ya,650000
Kabupaten Madiun,Putri,Kecamatan Kartoharjo,0.0,Tidak,Tidak,Ya,Ya,Ya,Ya,800000
Kabupaten Madiun,Putri,Kartoharjo,0.0,Tidak,Ya,Ya,Tidak,Ya,Ya,800000
Kabupaten Madiun,Putri,Kecamatan Kartoharjo,0.0,Tidak,Ya,Ya,Tidak,Tidak,Tidak,350000
Kabupaten Madiun,Campur,Kecamatan Jiwan,0.0,Tidak,Ya,Ya,Tidak,Tidak,Tidak,500000
Kabupaten Madiun,Putri,Kecamatan Taman,0.0,Tidak,Tidak,Ya,Tidak,Tidak,Ya,450000
Kabupaten Madiun,Putri,Mangu Harjo,0.0,Ya,Tidak,Ya,Ya,Ya,Ya,1000000
Kabupaten Madiun,Putra,Kecamatan Manguharjo,0.0,Tidak,Tidak,Ya,Tidak,Tidak,Ya,400000
Kabupaten Madiun,Putra,Manguharjo,0.0,Tidak,Ya,Ya,Tidak,Ya,Tidak,650000
Kabupaten Madiun,Campur,Kecamatan Manguharjo,0.0,Tidak,Ya,Tidak,Tidak,Ya,Tidak,500000
Kabupaten Madiun,Putri,Kecamatan Jiwan,0.0,Tidak,Ya,Ya,Tidak,Ya,Ya,600000
Kabupaten Madiun,Campur,Kecamatan Jiwan,0.0,Tidak,Ya,Ya,Ya,Tidak,Ya,500000
Kabupaten Madiun,Putri,Kecamatan Manguharjo,0.0,Tidak,Tidak,Ya,Tidak,Ya,Ya,625000
Kabupaten Madiun,Putri,Kecamatan Taman,0.0,Ya,Ya,Ya,Tidak,Tidak,Ya,1000000
Kabupaten Madiun,Putri,Taman,5.0,Ya,Ya,Ya,Tidak,Ya,Ya,1000000
Kabupaten Madiun,Putri,Kecamatan Geger,0.0,Tidak,Ya,Ya,Tidak,Ya,Tidak,550000
Kabupaten Madiun,Putri,Taman,0.0,Tidak,Tidak,Ya,Ya,Tidak,Tidak,450000
Kabupaten Madiun,Putri,Taman,5.0,Tidak,Tidak,Ya,Ya,Tidak,Tidak,500000
Kabupaten Madiun,Putra,Kecamatan Taman,0.0,Tidak,Ya,Ya,Ya,Ya,Ya,400000
Kabupaten Madiun,Putri,Kartoharjo,0.0,Tidak,Tidak,Ya,Ya,Ya,Ya,600000
Kabupaten Madiun,Putri,Kartoharjo,0.0,Tidak,Ya,Ya,Ya,Ya,Ya,500000
Kabupaten Madiun,Putri,Taman,0.0,Tidak,Tidak,Ya,Tidak,Ya,Ya,600000
Kabupaten Madiun,Putri,Kartoharjo,0.0,Tidak,Tidak,Ya,Tidak,Tidak,Ya,250000
Kabupaten Madiun,Putri,Taman,0.0,Tidak,Tidak,Ya,Ya,Tidak,Tidak,500000
Kabupaten Madiun,Putri,Kecamatan Kartoharjo,0.0,Tidak,Tidak,Ya,Tidak,Tidak,Ya,400000
Kabupaten Madiun,Putri,Taman,5.0,Tidak,Tidak,Ya,Ya,Ya,Ya,550000
Kabupaten Madiun,Putri,Taman,0.0,Ya,Tidak,Ya,Ya,Ya,Ya,950000
Kabupaten Madiun,Putri,Kartoharjo,0.0,Ya,Ya,Ya,Tidak,Ya,Ya,800000
Kabupaten Madiun,Putri,Kecamatan Kartoharjo,0.0,Tidak,Ya,Ya,Ya,Ya,Ya,760000
Kabupaten Madiun,Putri,Kecamatan Kartoharjo,0.0,Tidak,Ya,Ya,Tidak,Tidak,Ya,450000
Kabupaten Madiun,Putri,Kartoharjo,0.0,Tidak,Ya,Ya,Ya,Tidak,Tidak,400000
Kabupaten Madiun,Campur,Kecamatan Taman,0.0,Ya,Ya,Ya,Tidak,Ya,Ya,850000
Kabupaten Madiun,Campur,Kartoharjo,0.0,Ya,Ya,Ya,Ya,Ya,Tidak,1100000
Kabupaten Madiun,Campur,Mangu Harjo,0.0,Tidak,Tidak,Ya,Tidak,Tidak,Ya,350000
Kabupaten Magetan,Putri,Magetan,0.0,Tidak,Tidak,Ya,Ya,Tidak,Tidak,300000
Kabupaten Magetan,Putri,Magetan,0.0,Tidak,Ya,Ya,Tidak,Ya,Ya,700000
Kabupaten Magetan,Putra,Magetan,0.0,Tidak,Ya,Ya,Tidak,Ya,Ya,550000
Kabupaten Magetan,Putri,Kecamatan Magetan,0.0,Ya,Tidak,Ya,Ya,Ya,Ya,1000000
Kabupaten Mojokerto,Campur,Magersari,4.9,Ya,Ya,Ya,Ya,Ya,Ya,1250000
Kabupaten Mojokerto,Putri,Kecamatan Sooko,0.0,Tidak,Ya,Ya,Tidak,Ya,Ya,675000
Kabupaten Mojokerto,Campur,Kecamatan Magersari,0.0,Ya,Ya,Ya,Ya,Ya,Ya,1000000
Kabupaten Mojokerto,Campur,Kecamatan Mojoanyar,0.0,Tidak,Tidak,Ya,Tidak,Ya,Ya,700000
Kabupaten Mojokerto,Putri,Kecamatan Sooko,0.0,Tidak,Ya,Ya,Tidak,Ya,Ya,650000
Kabupaten Mojokerto,Putri,Mojosari,0.0,Ya,Ya,Ya,Ya,Ya,Ya,1300000
Kabupaten Mojokerto,Putra,Kecamatan Prajurit Kulon,0.0,Ya,Ya,Ya,Tidak,Ya,Ya,980000
Kabupaten Mojokerto,Campur,Mojosari,0.0,Tidak,Tidak,Ya,Tidak,Ya,Ya,450000
Kabupaten Mojokerto,Putri,Prajurit Kulon,0.0,Tidak,Tidak,Ya,Ya,Tidak,Ya,500000
Kabupaten Mojokerto,Putri,Magersari,0.0,Tidak,Tidak,Ya,Ya,Ya,Ya,650000
Kabupaten Mojokerto,Campur,Kecamatan Jetis,0.0,Tidak,Ya,Ya,Tidak,Tidak,Ya,550000
Kabupaten Mojokerto,Putri,Pungging,0.0,Tidak,Tidak,Ya,Tidak,Ya,Ya,600000
Kabupaten Mojokerto,Campur,Prajurit Kulon,0.0,Ya,Ya,Ya,Ya,Ya,Ya,1000000
Kabupaten Mojokerto,Putri,Kecamatan Pungging,0.0,Tidak,Tidak,Ya,Tidak,Tidak,Ya,400000
Kabupaten Mojokerto,Putri,Kecamatan Magersari,5.0,Tidak,Ya,Ya,Tidak,Tidak,Ya,400000
Kabupaten Mojokerto,Campur,Sooko,0.0,Ya,Ya,Ya,Ya,Ya,Ya,1000000
Kabupaten Mojokerto,Putri,Prajurit Kulon,0.0,Ya,Ya,Ya,Ya,Ya,Ya,800000
Kabupaten Mojokerto,Putra,Mojosari,0.0,Ya,Ya,Ya,Ya,Ya,Ya,1500000
Kabupaten Mojokerto,Putra,Mojosari,0.0,Ya,Ya,Ya,Ya,Ya,Ya,1500000
Kabupaten Mojokerto,Putri,Prajurit Kulon,5.0,Ya,Ya,Ya,Ya,Ya,Ya,920000
Kabupaten Mojokerto,Campur,Mojosari,0.0,Tidak,Ya,Tidak,Tidak,Ya,Tidak,800000
Kabupaten Mojokerto,Campur,Puri,0.0,Tidak,Ya,Ya,Tidak,Tidak,Ya,500000
Kabupaten Mojokerto,Campur,Kranggan,0.0,Tidak,Ya,Ya,Ya,Ya,Tidak,600000
Kabupaten Mojokerto,Putri,Prajurit Kulon,0.0,Tidak,Ya,Ya,Tidak,Tidak,Ya,400000
Kabupaten Mojokerto,Campur,Mojosari,5.0,Ya,Ya,Ya,Ya,Ya,Tidak,1500000
Kabupaten Mojokerto,Putra,Magersari,0.0,Tidak,Tidak,Ya,Tidak,Ya,Ya,980000
Kabupaten Mojokerto,Putri,Puri,0.0,Tidak,Ya,Ya,Tidak,Ya,Ya,450000
Kabupaten Mojokerto,Putra,Kecamatan Prajurit Kulon,0.0,Tidak,Ya,Ya,Tidak,Ya,Ya,780000
Kabupaten Mojokerto,Campur,Mojosari,0.0,Tidak,Ya,Ya,Ya,Ya,Ya,400000
Kabupaten Mojokerto,Campur,Mojosari,5.0,Ya,Ya,Ya,Ya,Ya,Ya,1000000
Kabupaten Mojokerto,Campur,Kecamatan Mojosari,0.0,Ya,Ya,Ya,Ya,Ya,Ya,1250000
Kabupaten Mojokerto,Putri,Kecamatan Magersari,0.0,Tidak,Ya,Ya,Tidak,Ya,Tidak,500000
Kabupaten Mojokerto,Putra,Kecamatan Jetis,0.0,Tidak,Ya,Ya,Tidak,Ya,Ya,500000
Kabupaten Mojokerto,Putri,Mojosari,0.0,Tidak,Ya,Ya,Tidak,Ya,Ya,600000
Kabupaten Mojokerto,Campur,Puri,0.0,Tidak,Ya,Ya,Ya,Tidak,Ya,350000
Kabupaten Mojokerto,Campur,Jetis,0.0,Tidak,Ya,Tidak,Tidak,Tidak,Tidak,400000
Kabupaten Mojokerto,Campur,Mojosari,0.0,Ya,Ya,Ya,Tidak,Ya,Ya,700000
Kabupaten Mojokerto,Campur,Magersari,0.0,Ya,Tidak,Ya,Tidak,Ya,Ya,1200000
Kabupaten Mojokerto,Campur,Mojosari,0.0,Tidak,Ya,Ya,Tidak,Ya,Ya,700000
Kabupaten Mojokerto,Putra,Magersari,5.0,Tidak,Tidak,Ya,Tidak,Ya,Ya,500000
Kabupaten Mojokerto,Putra,Kranggan,5.0,Ya,Ya,Ya,Tidak,Ya,Ya,900000
Kabupaten Mojokerto,Campur,Sooko,0.0,Tidak,Ya,Ya,Ya,Ya,Ya,350000
Kabupaten Mojokerto,Campur,Kecamatan Prajurit Kulon,5.0,Tidak,Ya,Ya,Ya,Ya,Ya,600000
Kabupaten Mojokerto,Campur,Kecamatan Mojosari,0.0,Tidak,Tidak,Ya,Ya,Ya,Ya,500000
Kabupaten Mojokerto,Putri,Kranggan,0.0,Ya,Ya,Ya,Ya,Ya,Ya,650000
Kabupaten Mojokerto,Putri,Kranggan,0.0,Ya,Ya,Ya,Tidak,Ya,Ya,900000
Kabupaten Mojokerto,Putra,Magersari,5.0,Ya,Ya,Ya,Tidak,Ya,Ya,750000
Kabupaten Mojokerto,Campur,Kecamatan Mojosari,0.0,Tidak,Ya,Ya,Ya,Ya,Ya,950000
Kabupaten Mojokerto,Campur,Mojosari,0.0,Tidak,Ya,Tidak,Tidak,Ya,Ya,500000
Kabupaten Mojokerto,Putri,Magersari,0.0,Tidak,Tidak,Ya,Ya,Tidak,Ya,550000
Kabupaten Mojokerto,Campur,Kecamatan Mojosari,0.0,Ya,Ya,Ya,Ya,Ya,Ya,1500000
Kabupaten Mojokerto,Campur,Kecamatan Mojosari,0.0,Tidak,Tidak,Tidak,Tidak,Tidak,Tidak,750000
Kabupaten Mojokerto,Putra,Kecamatan Jetis,0.0,Ya,Ya,Ya,Ya,Ya,Tidak,600000
Kabupaten Mojokerto,Putra,Mojosari,0.0,Tidak,Ya,Ya,Tidak,Ya,Ya,650000
Kabupaten Mojokerto,Campur,Mojosari,0.0,Ya,Ya,Ya,Tidak,Ya,Ya,1000000
Kabupaten Mojokerto,Campur,Sooko,0.0,Ya,Ya,Ya,Ya,Ya,Ya,850000
Kabupaten Mojokerto,Campur,Magersari,0.0,Tidak,Ya,Ya,Tidak,Ya,Tidak,450000
Kabupaten Mojokerto,Campur,Mojosari,0.0,Tidak,Ya,Ya,Tidak,Ya,Ya,600000
Kabupaten Mojokerto,Putri,Mojoanyar,0.0,Tidak,Tidak,Ya,Tidak,Ya,Tidak,500000
Kabupaten Mojokerto,Campur,Kecamatan Prajurit Kulon,0.0,Ya,Ya,Ya,Tidak,Ya,Ya,1200000
Kabupaten Mojokerto,Campur,Puri,0.0,Tidak,Tidak,Ya,Ya,Ya,Tidak,750000
Kabupaten Mojokerto,Putri,Mojosari,0.0,Tidak,Ya,Ya,Ya,Ya,Ya,800000
Kabupaten Mojokerto,Putri,Kecamatan Magersari,0.0,Tidak,Tidak,Ya,Tidak,Ya,Ya,600000
Kabupaten Mojokerto,Putri,Kecamatan Prajurit Kulon,0.0,Tidak,Ya,Ya,Tidak,Ya,Ya,500000
Kabupaten Mojokerto,Putra,Sooko,0.0,Tidak,Ya,Ya,Tidak,Ya,Ya,550000
Kabupaten Mojokerto,Campur,Sooko,0.0,Ya,Ya,Ya,Ya,Ya,Ya,1000000
Kabupaten Mojokerto,Campur,Kecamatan Prajurit Kulon,5.0,Ya,Tidak,Ya,Ya,Ya,Ya,950000
Kabupaten Mojokerto,Putri,Kecamatan Magersari,0.0,Ya,Ya,Ya,Ya,Ya,Ya,1100000
Kabupaten Mojokerto,Putri,Jetis,0.0,Ya,Ya,Ya,Ya,Ya,Ya,1000000
Kabupaten Mojokerto,Campur,Kecamatan Prajurit Kulon,5.0,Ya,Ya,Ya,Tidak,Ya,Ya,800000
Kabupaten Mojokerto,Putri,Sooko,0.0,Tidak,Tidak,Ya,Tidak,Ya,Tidak,500000
Kabupaten Mojokerto,Campur,Kecamatan Prajurit Kulon,0.0,Ya,Ya,Ya,Tidak,Ya,Ya,1200000
Kabupaten Mojokerto,Putra,Mojoanyar,0.0,Tidak,Tidak,Ya,Tidak,Ya,Ya,500000
Kabupaten Mojokerto,Putra,Kranggan,5.0,Tidak,Ya,Ya,Tidak,Ya,Tidak,500000
Kabupaten Mojokerto,Putri,Kecamatan Sooko,0.0,Tidak,Tidak,Ya,Tidak,Tidak,Ya,350000
Kabupaten Mojokerto,Campur,Kecamatan Magersari,0.0,Ya,Ya,Ya,Ya,Ya,Ya,1000000
Kabupaten Mojokerto,Putra,Mojoanyar,0.0,Tidak,Ya,Ya,Tidak,Ya,Ya,450000
Kabupaten Mojokerto,Putri,Kecamatan Prajurit Kulon,0.0,Tidak,Tidak,Ya,Ya,Ya,Ya,800000
Kabupaten Mojokerto,Campur,Kecamatan Magersari,5.0,Ya,Ya,Ya,Tidak,Ya,Ya,850000
Kabupaten Mojokerto,Campur,Mojosari,0.0,Ya,Ya,Ya,Ya,Ya,Ya,1000000
Kabupaten Mojokerto,Campur,Prajurit Kulon,0.0,Tidak,Tidak,Ya,Tidak,Ya,Tidak,500000
Kabupaten Mojokerto,Campur,Kecamatan Prajurit Kulon,0.0,Ya,Ya,Ya,Tidak,Ya,Ya,1100000
Kabupaten Mojokerto,Campur,Kecamatan Mojosari,0.0,Tidak,Ya,Ya,Tidak,Ya,Tidak,400000
Kabupaten Mojokerto,Campur,Kecamatan Prajurit Kulon,0.0,Ya,Ya,Ya,Tidak,Ya,Ya,900000
Kabupaten Mojokerto,Putri,Kecamatan Mojosari,0.0,Tidak,Ya,Ya,Ya,Ya,Ya,800000
Kabupaten Mojokerto,Putra,Prajurit Kulon,4.4,Ya,Ya,Ya,Ya,Ya,Ya,800000
Kabupaten Mojokerto,Campur,Kecamatan Magersari,5.0,Ya,Ya,Ya,Tidak,Ya,Ya,1350000
Kabupaten Mojokerto,Campur,Kecamatan Prajurit Kulon,0.0,Ya,Ya,Ya,Tidak,Ya,Ya,1300000
Kabupaten Mojokerto,Campur,Puri,0.0,Ya,Tidak,Ya,Ya,Ya,Ya,1000000
Kabupaten Mojokerto,Putra,Magersari,0.0,Tidak,Ya,Ya,Tidak,Ya,Tidak,450000
Kabupaten Mojokerto,Putri,Prajurit Kulon,5.0,Tidak,Ya,Ya,Ya,Ya,Ya,600000
Kabupaten Mojokerto,Campur,Kecamatan Magersari,0.0,Ya,Ya,Ya,Tidak,Ya,Ya,1250000
Kabupaten Mojokerto,Campur,Kecamatan Mojoanyar,0.0,Tidak,Ya,Ya,Tidak,Tidak,Ya,350000
Kabupaten Mojokerto,Campur,Sooko,0.0,Tidak,Ya,Ya,Tidak,Ya,Tidak,500000
Kabupaten Mojokerto,Campur,Kecamatan Prajurit Kulon,0.0,Tidak,Ya,Ya,Tidak,Ya,Ya,500000
Kabupaten Mojokerto,Campur,Kecamatan Prajurit Kulon,5.0,Ya,Ya,Ya,Tidak,Ya,Ya,700000
Kabupaten Mojokerto,Putri,Prajurit Kulon,0.0,Tidak,Tidak,Ya,Tidak,Ya,Ya,500000
Kabupaten Mojokerto,Campur,Kecamatan Magersari,0.0,Ya,Ya,Ya,Ya,Ya,Ya,1100000
Kabupaten Mojokerto,Campur,Mojosari,0.0,Tidak,Ya,Ya,Tidak,Ya,Tidak,450000
Kabupaten Mojokerto,Putra,Kranggan,0.0,Ya,Ya,Ya,Ya,Ya,Ya,900000
Kabupaten Mojokerto,Campur,Magersari,0.0,Tidak,Ya,Ya,Ya,Ya,Tidak,455000
Kabupaten Mojokerto,Campur,Kecamatan Prajurit Kulon,0.0,Ya,Ya,Ya,Tidak,Ya,Ya,1300000
Kabupaten Mojokerto,Campur,Kecamatan Magersari,0.0,Tidak,Tidak,Tidak,Tidak,Ya,Tidak,600000
Kabupaten Mojokerto,Campur,Magersari,0.0,Tidak,Tidak,Ya,Tidak,Ya,Ya,500000
Kabupaten Mojokerto,Campur,Kecamatan Magersari,0.0,Ya,Ya,Ya,Tidak,Ya,Ya,1500000
Kabupaten Mojokerto,Putra,Kecamatan Sooko,4.5,Ya,Ya,Ya,Ya,Ya,Ya,1000000
Kabupaten Mojokerto,Putra,Jetis,0.0,Ya,Ya,Ya,Ya,Ya,Tidak,600000
Kabupaten Mojokerto,Campur,Sooko,0.0,Ya,Ya,Ya,Ya,Ya,Ya,1100000
Kabupaten Mojokerto,Campur,Sooko,0.0,Ya,Tidak,Ya,Ya,Ya,Ya,950000
Kabupaten Mojokerto,Campur,Kecamatan Mojosari,0.0,Tidak,Tidak,Ya,Tidak,Ya,Tidak,300000
Kabupaten Mojokerto,Putri,Kecamatan Puri,0.0,Tidak,Ya,Ya,Tidak,Ya,Ya,500000
Kabupaten Mojokerto,Putri,Prajurit Kulon,5.0,Ya,Ya,Ya,Ya,Ya,Ya,900000
Kabupaten Mojokerto,Campur,Magersari,0.0,Ya,Ya,Ya,Ya,Ya,Ya,1100000
Kabupaten Mojokerto,Putra,Kecamatan Mojoanyar,0.0,Tidak,Ya,Ya,Tidak,Ya,Ya,300000
Kabupaten Mojokerto,Campur,Mojosari,0.0,Tidak,Tidak,Ya,Tidak,Ya,Ya,450000
Kabupaten Mojokerto,Putri,Magersari,0.0,Ya,Ya,Ya,Tidak,Ya,Ya,1000000
Kabupaten Mojokerto,Putri,Sooko,0.0,Tidak,Ya,Ya,Ya,Ya,Ya,300000
Kabupaten Mojokerto,Putri,Kranggan,0.0,Tidak,Ya,Ya,Tidak,Ya,Ya,650000
Kabupaten Mojokerto,Putri,Kecamatan Prajurit Kulon,0.0,Ya,Ya,Ya,Ya,Ya,Ya,1700000
Kabupaten Mojokerto,Campur,Kecamatan Magersari,0.0,Ya,Tidak,Ya,Ya,Ya,Ya,1050000
Kabupaten Mojokerto,Campur,Magersari,0.0,Tidak,Ya,Ya,Tidak,Ya,Tidak,450000
Kabupaten Mojokerto,Putra,Kecamatan Sooko,0.0,Ya,Ya,Ya,Ya,Ya,Ya,1000000
Kabupaten Mojokerto,Campur,Kecamatan Prajurit Kulon,0.0,Tidak,Tidak,Ya,Tidak,Ya,Ya,675000
Kabupaten Mojokerto,Campur,Kecamatan Prajurit Kulon,0.0,Tidak,Ya,Ya,Tidak,Ya,Ya,800000
Kabupaten Mojokerto,Campur,Mojosari,0.0,Tidak,Tidak,Ya,Tidak,Ya,Ya,500000
Kabupaten Mojokerto,Putri,Kecamatan Sooko,0.0,Ya,Ya,Ya,Ya,Ya,Ya,1000000
Kabupaten Mojokerto,Putri,Kecamatan Prajurit Kulon,0.0,Ya,Tidak,Ya,Ya,Ya,Ya,1100000
Kabupaten Mojokerto,Putri,Kecamatan Prajurit Kulon,0.0,Ya,Tidak,Ya,Ya,Ya,Ya,1200000
Kabupaten Mojokerto,Campur,Kecamatan Pacet,0.0,Ya,Ya,Ya,Ya,Ya,Ya,700000
Kabupaten Mojokerto,Putra,Kecamatan Magersari,0.0,Tidak,Ya,Ya,Tidak,Ya,Ya,800000
Kabupaten Mojokerto,Putra,Prajurit Kulon,5.0,Tidak,Ya,Ya,Ya,Ya,Ya,600000
Kabupaten Mojokerto,Putri,Prajurit Kulon,0.0,Tidak,Tidak,Ya,Tidak,Ya,Ya,500000
Kabupaten Mojokerto,Campur,Pungging,0.0,Tidak,Ya,Ya,Tidak,Ya,Ya,500000
Kabupaten Mojokerto,Campur,Kecamatan Prajurit Kulon,0.0,Ya,Ya,Ya,Tidak,Ya,Ya,1300000
Kabupaten Mojokerto,Campur,Magersari,0.0,Ya,Ya,Ya,Ya,Ya,Tidak,850000
Kabupaten Mojokerto,Campur,Mojosari,0.0,Tidak,Ya,Ya,Ya,Ya,Ya,600000
Kabupaten Mojokerto,Campur,Kecamatan Magersari,0.0,Ya,Ya,Ya,Tidak,Ya,Ya,1000000
Kabupaten Mojokerto,Putri,Kecamatan Magersari,0.0,Tidak,Ya,Ya,Tidak,Ya,Ya,700000
Kabupaten Mojokerto,Campur,Kecamatan Prajurit Kulon,0.0,Ya,Ya,Ya,Tidak,Ya,Ya,1500000
Kabupaten Mojokerto,Campur,Kecamatan Mojosari,0.0,Tidak,Ya,Ya,Tidak,Ya,Tidak,500001
Kabupaten Mojokerto,Putri,Kecamatan Sooko,0.0,Ya,Ya,Ya,Tidak,Tidak,Ya,1000000
Kabupaten Mojokerto,Campur,Kecamatan Mojoanyar,0.0,Tidak,Tidak,Ya,Tidak,Ya,Ya,400000
Kabupaten Mojokerto,Campur,Kecamatan Mojosari,0.0,Tidak,Ya,Ya,Tidak,Tidak,Ya,500000
Kabupaten Mojokerto,Campur,Kecamatan Mojosari,0.0,Tidak,Ya,Tidak,Tidak,Ya,Tidak,500000
Kabupaten Mojokerto,Putra,Kecamatan Mojoanyar,0.0,Tidak,Ya,Ya,Tidak,Tidak,Ya,300000
Kabupaten Mojokerto,Campur,Prajurit Kulon,0.0,Tidak,Tidak,Ya,Tidak,Ya,Tidak,700000
Kabupaten Mojokerto,Campur,Kecamatan Mojosari,0.0,Tidak,Ya,Ya,Ya,Ya,Tidak,600000
Kabupaten Mojokerto,Putra,Dawar Blandong,0.0,Tidak,Ya,Ya,Ya,Tidak,Tidak,1500000
Kabupaten Mojokerto,Campur,Kecamatan Magersari,0.0,Ya,Tidak,Ya,Ya,Ya,Ya,1400000
Kabupaten Mojokerto,Putra,Sooko,0.0,Ya,Ya,Ya,Ya,Ya,Tidak,1000000
Kabupaten Mojokerto,Campur,Kecamatan Magersari,0.0,Ya,Tidak,Ya,Ya,Ya,Ya,1300000
Kabupaten Mojokerto,Putri,Magersari,0.0,Tidak,Ya,Ya,Tidak,Ya,Ya,700000
Kabupaten Mojokerto,Campur,Mojosari,0.0,Tidak,Ya,Ya,Tidak,Ya,Ya,500000
Kabupaten Mojokerto,Campur,Magersari,0.0,Tidak,Ya,Ya,Ya,Ya,Ya,700000
Kabupaten Mojokerto,Putri,Kecamatan Sooko,0.0,Tidak,Ya,Ya,Ya,Tidak,Ya,350000
Kabupaten Mojokerto,Putri,Prajurit Kulon,0.0,Ya,Ya,Ya,Ya,Ya,Ya,1300000
Kabupaten Mojokerto,Campur,Mojosari,0.0,Ya,Ya,Ya,Ya,Ya,Tidak,1100000
Kabupaten Mojokerto,Campur,Kecamatan Magersari,0.0,Ya,Tidak,Ya,Ya,Ya,Ya,1800000
Kabupaten Mojokerto,Campur,Puri,0.0,Ya,Ya,Ya,Ya,Ya,Ya,850000
Kabupaten Mojokerto,Putri,Kecamatan Mojosari,0.0,Tidak,Tidak,Ya,Tidak,Tidak,Ya,550000
Kabupaten Mojokerto,Putri,Kecamatan Prajurit Kulon,0.0,Tidak,Ya,Ya,Tidak,Tidak,Tidak,750000
Kabupaten Mojokerto,Campur,Kecamatan Magersari,0.0,Tidak,Tidak,Tidak,Tidak,Tidak,Tidak,1166000
Kabupaten Mojokerto,Putri,Sooko,0.0,Ya,Tidak,Ya,Ya,Ya,Tidak,800000
Kabupaten Mojokerto,Putri,Sooko,0.0,Ya,Ya,Ya,Tidak,Ya,Ya,1200000
Kabupaten Mojokerto,Campur,Kecamatan Dawar Blandong,0.0,Tidak,Ya,Ya,Ya,Tidak,Ya,375000
Kabupaten Mojokerto,Campur,Sooko,0.0,Tidak,Ya,Ya,Ya,Ya,Tidak,700000
Kabupaten Mojokerto,Putra,Kecamatan Magersari,0.0,Tidak,Ya,Ya,Tidak,Tidak,Ya,500000
Kabupaten Mojokerto,Campur,Kecamatan Magersari,0.0,Tidak,Ya,Ya,Tidak,Tidak,Ya,600000
Kabupaten Mojokerto,Putra,Kecamatan Sooko,0.0,Ya,Tidak,Ya,Ya,Ya,Ya,1000000
Kabupaten Mojokerto,Campur,Mojosari,0.0,Tidak,Ya,Ya,Ya,Ya,Ya,800000
Kabupaten Mojokerto,Campur,Kecamatan Magersari,0.0,Ya,Ya,Ya,Tidak,Ya,Ya,1300000
Kabupaten Mojokerto,Campur,Kecamatan Mojosari,0.0,Tidak,Ya,Tidak,Tidak,Ya,Tidak,500000
Kabupaten Mojokerto,Campur,Magersari,0.0,Tidak,Tidak,Tidak,Tidak,Tidak,Ya,500000
Kabupaten Mojokerto,Campur,Kecamatan Magersari,0.0,Tidak,Ya,Ya,Tidak,Tidak,Ya,450000
Kabupaten Mojokerto,Campur,Kecamatan Gedek,0.0,Tidak,Ya,Ya,Tidak,Ya,Tidak,450000
Kabupaten Mojokerto,Putri,Kecamatan Magersari,0.0,Tidak,Ya,Ya,Ya,Ya,Ya,750000
Kabupaten Mojokerto,Campur,Kecamatan Mojosari,0.0,Tidak,Ya,Ya,Tidak,Ya,Tidak,400000
Kabupaten Mojokerto,Campur,Prajurit Kulon,0.0,Tidak,Tidak,Ya,Ya,Ya,Ya,700000
Kabupaten Mojokerto,Campur,Kecamatan Gedek,0.0,Tidak,Tidak,Tidak,Tidak,Ya,Tidak,600000
Kabupaten Mojokerto,Putri,Kecamatan Puri,0.0,Tidak,Ya,Ya,Tidak,Tidak,Ya,300000
Kabupaten Mojokerto,Campur,Kecamatan Magersari,0.0,Ya,Ya,Ya,Tidak,Ya,Ya,1700000
Kabupaten Mojokerto,Campur,Prajurit Kulon,3.8,Ya,Ya,Ya,Tidak,Ya,Tidak,1000000
Kabupaten Mojokerto,Campur,Kecamatan Magersari,0.0,Ya,Ya,Ya,Tidak,Ya,Ya,1700000
Kabupaten Mojokerto,Campur,Kecamatan Sooko,0.0,Tidak,Ya,Ya,Tidak,Ya,Ya,450000
Kabupaten Mojokerto,Campur,Gedek,0.0,Tidak,Ya,Ya,Tidak,Ya,Tidak,450000
Kabupaten Mojokerto,Putra,Mojoanyar,0.0,Tidak,Ya,Ya,Tidak,Tidak,Tidak,400000
Kabupaten Mojokerto,Putri,Kecamatan Mojosari,0.0,Tidak,Tidak,Ya,Tidak,Ya,Tidak,550000
Kabupaten Mojokerto,Putri,Pungging,0.0,Tidak,Ya,Ya,Tidak,Ya,Ya,550000
Kabupaten Mojokerto,Campur,Kecamatan Prajurit Kulon,0.0,Ya,Tidak,Ya,Tidak,Ya,Ya,1200000
Kabupaten Mojokerto,Campur,Puri,0.0,Ya,Tidak,Ya,Tidak,Ya,Tidak,850000
Kabupaten Mojokerto,Campur,Kecamatan Mojosari,0.0,Tidak,Ya,Tidak,Tidak,Ya,Tidak,600000
Kabupaten Mojokerto,Putri,Kecamatan Puri,0.0,Tidak,Tidak,Ya,Ya,Tidak,Ya,350000
Kabupaten Mojokerto,Putri,Magersari,0.0,Tidak,Ya,Ya,Ya,Tidak,Tidak,700000
Kabupaten Mojokerto,Campur,Kecamatan Mojosari,0.0,Tidak,Ya,Tidak,Tidak,Ya,Tidak,550000
Kabupaten Mojokerto,Campur,Magersari,0.0,Ya,Tidak,Ya,Ya,Tidak,Tidak,1100000
Kabupaten Mojokerto,Putri,Prajurit Kulon,0.0,Tidak,Ya,Tidak,Ya,Ya,Tidak,850000
Kabupaten Mojokerto,Putri,Jatirejo,0.0,Tidak,Ya,Ya,Tidak,Tidak,Ya,500000
Kabupaten Mojokerto,Campur,Kecamatan Sooko,0.0,Tidak,Ya,Ya,Ya,Ya,Ya,750000
Kabupaten Mojokerto,Campur,Mojosari,0.0,Tidak,Tidak,Ya,Tidak,Ya,Ya,550000
Kabupaten Mojokerto,Putra,Sooko,0.0,Tidak,Ya,Ya,Ya,Ya,Tidak,650000
Kabupaten Mojokerto,Campur,Jetis,0.0,Tidak,Ya,Ya,Tidak,Ya,Ya,700000
Kabupaten Mojokerto,Putri,Kecamatan Prajurit Kulon,0.0,Tidak,Ya,Ya,Tidak,Ya,Ya,550000
Kabupaten Mojokerto,Campur,Kecamatan Puri,0.0,Tidak,Tidak,Ya,Tidak,Ya,Ya,500000
Kabupaten Mojokerto,Campur,Kecamatan Prajurit Kulon,0.0,Tidak,Ya,Ya,Tidak,Ya,Ya,750000
Kabupaten Mojokerto,Putri,Mojosari,0.0,Tidak,Ya,Ya,Tidak,Tidak,Tidak,550000
Kabupaten Mojokerto,Campur,Kecamatan Jetis,0.0,Ya,Ya,Ya,Tidak,Ya,Tidak,1000000
Kabupaten Mojokerto,Campur,Kecamatan Mojosari,0.0,Tidak,Tidak,Ya,Tidak,Tidak,Ya,500000
Kabupaten Mojokerto,Campur,Magersari,0.0,Tidak,Ya,Ya,Ya,Ya,Tidak,450000
Kabupaten Mojokerto,Putri,Mojoanyar,0.0,Tidak,Tidak,Ya,Tidak,Tidak,Tidak,500000
Kabupaten Mojokerto,Putra,Kecamatan Magersari,0.0,Tidak,Ya,Ya,Tidak,Ya,Ya,750000
Kabupaten Mojokerto,Putri,Kecamatan Magersari,0.0,Tidak,Ya,Ya,Ya,Tidak,Tidak,550000
Kabupaten Mojokerto,Campur,Kecamatan Magersari,0.0,Tidak,Ya,Ya,Ya,Ya,Ya,700000
Kabupaten Mojokerto,Putri,Prajurit Kulon,0.0,Tidak,Tidak,Ya,Tidak,Ya,Ya,600000
Kabupaten Nganjuk,Campur,Kecamatan Nganjuk,0.0,Ya,Ya,Ya,Ya,Ya,Ya,500000
Kabupaten Nganjuk,Campur,Nganjuk,0.0,Ya,Ya,Ya,Ya,Ya,Ya,1000000
Kabupaten Nganjuk,Putra,Nganjuk,0.0,Tidak,Ya,Ya,Ya,Tidak,Ya,500000
Kabupaten Nganjuk,Putri,Nganjuk,0.0,Tidak,Ya,Ya,Ya,Tidak,Ya,400000
Kabupaten Nganjuk,Campur,Kecamatan Nganjuk,0.0,Ya,Ya,Ya,Tidak,Ya,Ya,1200000
Kabupaten Nganjuk,Putri,Kecamatan Nganjuk,0.0,Ya,Ya,Ya,Ya,Ya,Ya,1000000
Kabupaten Nganjuk,Campur,Kecamatan Nganjuk,0.0,Ya,Ya,Ya,Ya,Ya,Ya,1500000
Kabupaten Nganjuk,Putra,Nganjuk,4.6,Tidak,Tidak,Ya,Tidak,Tidak,Ya,400000
Kabupaten Nganjuk,Putra,Nganjuk,4.8,Ya,Ya,Ya,Ya,Ya,Ya,1000000
Kabupaten Nganjuk,Putri,Nganjuk,5.0,Ya,Tidak,Ya,Ya,Ya,Ya,850000
Kabupaten Nganjuk,Putra,Kecamatan Nganjuk,0.0,Tidak,Tidak,Ya,Ya,Ya,Ya,725000
Kabupaten Nganjuk,Campur,Kecamatan Nganjuk,0.0,Tidak,Tidak,Ya,Tidak,Ya,Ya,700000
Kabupaten Nganjuk,Putri,Kecamatan Nganjuk,0.0,Ya,Ya,Ya,Ya,Ya,Tidak,1000000
Kabupaten Nganjuk,Campur,Kecamatan Nganjuk,0.0,Ya,Ya,Ya,Ya,Tidak,Tidak,1000000
Kabupaten Nganjuk,Putra,Kecamatan Nganjuk,4.5,Tidak,Tidak,Ya,Ya,Tidak,Ya,410000
Kabupaten Nganjuk,Putra,Kecamatan Nganjuk,0.0,Tidak,Tidak,Tidak,Tidak,Tidak,Tidak,400000
Kabupaten Nganjuk,Campur,Kecamatan Nganjuk,0.0,Tidak,Ya,Ya,Ya,Ya,Ya,750000
Kabupaten Nganjuk,Campur,Kecamatan Nganjuk,0.0,Tidak,Ya,Ya,Ya,Ya,Tidak,700000
Kabupaten Nganjuk,Putra,Nganjuk,5.0,Tidak,Ya,Ya,Ya,Ya,Ya,650000
Kabupaten Nganjuk,Campur,Kecamatan Nganjuk,0.0,Ya,Ya,Ya,Ya,Ya,Ya,1100000
Kabupaten Nganjuk,Campur,Kecamatan Nganjuk,0.0,Tidak,Ya,Ya,Ya,Ya,Ya,900000
Kabupaten Nganjuk,Putri,Kecamatan Loceret,0.0,Tidak,Tidak,Ya,Ya,Ya,Ya,400000
Kabupaten Nganjuk,Putra,Nganjuk,0.0,Tidak,Ya,Ya,Tidak,Tidak,Tidak,350000
Kabupaten Nganjuk,Putri,Nganjuk,0.0,Tidak,Ya,Ya,Ya,Ya,Ya,700000
Kabupaten Nganjuk,Putri,Kecamatan Nganjuk,0.0,Tidak,Tidak,Ya,Ya,Tidak,Ya,450000
Kabupaten Nganjuk,Campur,Kecamatan Nganjuk,0.0,Tidak,Ya,Ya,Tidak,Ya,Tidak,800000
Kabupaten Nganjuk,Putri,Kecamatan Nganjuk,0.0,Ya,Tidak,Ya,Ya,Ya,Ya,1100000
Kabupaten Nganjuk,Putra,Kecamatan Nganjuk,0.0,Ya,Ya,Ya,Ya,Ya,Ya,850000
Kabupaten Nganjuk,Putri,Kecamatan Nganjuk,0.0,Tidak,Tidak,Ya,Ya,Tidak,Tidak,400000
Kabupaten Nganjuk,Putri,Kecamatan Nganjuk,0.0,Tidak,Ya,Ya,Tidak,Tidak,Ya,500000
Kabupaten Nganjuk,Putri,Kecamatan Nganjuk,0.0,Tidak,Ya,Ya,Tidak,Ya,Ya,500000
Kabupaten Nganjuk,Putra,Nganjuk,0.0,Tidak,Tidak,Ya,Ya,Ya,Ya,400000
Kabupaten Nganjuk,Campur,Nganjuk,0.0,Tidak,Ya,Ya,Tidak,Tidak,Tidak,400000
Kabupaten Nganjuk,Campur,Nganjuk,0.0,Tidak,Ya,Ya,Tidak,Tidak,Ya,400000
Kabupaten Nganjuk,Putri,Nganjuk,0.0,Ya,Ya,Ya,Ya,Ya,Ya,1200000
Kabupaten Nganjuk,Putri,Kecamatan Loceret,0.0,Ya,Ya,Ya,Ya,Ya,Ya,1000000
Kabupaten Nganjuk,Campur,Bagor,0.0,Ya,Ya,Ya,Tidak,Ya,Ya,1100000
Kabupaten Nganjuk,Putra,Bagor,0.0,Tidak,Tidak,Ya,Tidak,Ya,Ya,375000
Kabupaten Nganjuk,Putra,Kecamatan Loceret,0.0,Ya,Ya,Ya,Ya,Tidak,Ya,700000
Kabupaten Nganjuk,Putri,Kecamatan Nganjuk,0.0,Tidak,Tidak,Ya,Ya,Ya,Ya,800000
Kabupaten Nganjuk,Putri,Kecamatan Nganjuk,0.0,Tidak,Ya,Ya,Tidak,Tidak,Ya,350000
Kabupaten Nganjuk,Campur,Nganjuk,0.0,Tidak,Tidak,Ya,Tidak,Tidak,Tidak,325000
Kabupaten Nganjuk,Campur,Kecamatan Nganjuk,0.0,Tidak,Tidak,Ya,Ya,Ya,Tidak,700000
Kabupaten Nganjuk,Campur,Kecamatan Bagor,0.0,Tidak,Ya,Ya,Tidak,Ya,Ya,450000
Kabupaten Nganjuk,Putra,Kecamatan Nganjuk,0.0,Tidak,Ya,Ya,Ya,Tidak,Ya,285000
Kabupaten Nganjuk,Putri,Kecamatan Nganjuk,0.0,Tidak,Ya,Ya,Ya,Tidak,Ya,300000
Kabupaten Nganjuk,Campur,Nganjuk,0.0,Ya,Tidak,Ya,Ya,Ya,Ya,1100000
Kabupaten Nganjuk,Campur,Nganjuk,0.0,Tidak,Ya,Ya,Ya,Ya,Ya,700000
Kabupaten Nganjuk,Campur,Nganjuk,0.0,Ya,Ya,Ya,Ya,Ya,Ya,1000000
Kabupaten Nganjuk,Putri,Kecamatan Nganjuk,5.0,Tidak,Tidak,Ya,Tidak,Tidak,Ya,250000
Kabupaten Nganjuk,Putri,Kecamatan Nganjuk,0.0,Ya,Tidak,Ya,Ya,Ya,Ya,800000
Kabupaten Nganjuk,Campur,Kecamatan Nganjuk,0.0,Tidak,Tidak,Ya,Tidak,Ya,Tidak,500000
Kabupaten Nganjuk,Putra,Nganjuk,0.0,Ya,Ya,Ya,Ya,Ya,Ya,850000
Kabupaten Nganjuk,Campur,Nganjuk,0.0,Tidak,Tidak,Ya,Tidak,Tidak,Tidak,250000
Kabupaten Nganjuk,Campur,Kecamatan Nganjuk,0.0,Ya,Ya,Ya,Ya,Ya,Ya,800000
Kabupaten Nganjuk,Putri,Kecamatan Nganjuk,0.0,Tidak,Ya,Ya,Ya,Tidak,Ya,600000
Kabupaten Nganjuk,Campur,Kecamatan Nganjuk,0.0,Tidak,Ya,Tidak,Tidak,Ya,Tidak,525000
Kabupaten Nganjuk,Putri,Kecamatan Nganjuk,0.0,Tidak,Ya,Ya,Tidak,Tidak,Tidak,350000
Kabupaten Nganjuk,Putri,Nganjuk,0.0,Tidak,Ya,Ya,Tidak,Tidak,Ya,450000
Kabupaten Nganjuk,Campur,Nganjuk,4.8,Tidak,Tidak,Ya,Ya,Ya,Tidak,425000
Kabupaten Nganjuk,Campur,Nganjuk,0.0,Ya,Ya,Ya,Ya,Ya,Ya,1800000
Kabupaten Nganjuk,Putri,Nganjuk,5.0,Tidak,Tidak,Ya,Ya,Tidak,Tidak,500000
Kabupaten Nganjuk,Campur,Kecamatan Nganjuk,0.0,Tidak,Ya,Ya,Tidak,Ya,Ya,600000
Kabupaten Nganjuk,Putri,Nganjuk,4.6,Tidak,Ya,Ya,Tidak,Tidak,Ya,350000
Kabupaten Ngawi,Putri,Ngawi,0.0,Ya,Tidak,Ya,Ya,Ya,Ya,850000
Kabupaten Ngawi,Campur,Ngawi,0.0,Ya,Tidak,Ya,Ya,Ya,Ya,1200000
Kabupaten Ngawi,Putri,Ngawi,0.0,Ya,Tidak,Ya,Ya,Ya,Ya,1500000
Kabupaten Ngawi,Putri,Ngawi,0.0,Ya,Tidak,Ya,Ya,Ya,Ya,900000
Kabupaten Ngawi,Putra,Kecamatan Ngawi,0.0,Ya,Ya,Ya,Ya,Ya,Ya,1000000
Kabupaten Ngawi,Campur,Ngawi,0.0,Tidak,Ya,Ya,Tidak,Ya,Tidak,600000
Kabupaten Ngawi,Putri,Ngawi,0.0,Tidak,Ya,Ya,Ya,Ya,Ya,850000
Kabupaten Ngawi,Putri,Kecamatan Ngawi,0.0,Ya,Ya,Ya,Ya,Ya,Tidak,1100000
Kabupaten Ngawi,Putri,Kecamatan Ngawi,0.0,Tidak,Tidak,Ya,Tidak,Tidak,Ya,500000
Kabupaten Ngawi,Putri,Ngawi,0.0,Tidak,Tidak,Ya,Tidak,Ya,Ya,600000
Kabupaten Ngawi,Campur,Ngawi,0.0,Ya,Ya,Ya,Ya,Ya,Ya,1200000
Kabupaten Ngawi,Putra,Ngawi,0.0,Tidak,Tidak,Ya,Tidak,Tidak,Ya,350000
Kabupaten Ngawi,Putri,Kecamatan Ngawi,0.0,Ya,Ya,Ya,Ya,Ya,Ya,1000000
Kabupaten Ngawi,Campur,Ngawi,0.0,Ya,Ya,Ya,Ya,Ya,Ya,1300001
Kabupaten Ngawi,Campur,Ngawi,0.0,Tidak,Tidak,Ya,Tidak,Ya,Ya,500000
Kabupaten Ngawi,Campur,Kecamatan Ngawi,0.0,Tidak,Ya,Ya,Tidak,Ya,Tidak,500000
Kabupaten Ngawi,Putri,Ngawi,0.0,Tidak,Tidak,Ya,Tidak,Ya,Tidak,800000
Kabupaten Ngawi,Campur,Ngawi,0.0,Ya,Tidak,Ya,Ya,Ya,Ya,1200000
Kabupaten Ngawi,Putri,Kecamatan Ngawi,0.0,Ya,Tidak,Ya,Ya,Ya,Ya,950000
Kabupaten Ngawi,Campur,Ngawi,0.0,Ya,Ya,Ya,Tidak,Ya,Ya,950000
Kabupaten Ngawi,Putri,Ngawi,0.0,Tidak,Ya,Tidak,Ya,Tidak,Tidak,300000
Kabupaten Ngawi,Campur,Ngawi,0.0,Ya,Tidak,Ya,Ya,Ya,Ya,1100000
Kabupaten Ngawi,Putra,Kecamatan Ngawi,0.0,Tidak,Ya,Ya,Tidak,Tidak,Ya,600000
Kabupaten Ngawi,Putra,Kecamatan Ngawi,0.0,Tidak,Tidak,Ya,Tidak,Tidak,Ya,300000
Kabupaten Ngawi,Putri,Ngawi,0.0,Tidak,Tidak,Ya,Ya,Ya,Ya,650000
Kabupaten Pacitan,Putra,Pacitan,0.0,Tidak,Ya,Ya,Tidak,Tidak,Tidak,400000
Kabupaten Pacitan,Putra,Pacitan,0.0,Ya,Ya,Ya,Ya,Ya,Tidak,750000
Kabupaten Pacitan,Putra,Pacitan,0.0,Ya,Ya,Ya,Ya,Tidak,Tidak,600000
Kabupaten Pacitan,Putra,Kecamatan Pacitan,0.0,Tidak,Ya,Ya,Ya,Ya,Tidak,500000
Kabupaten Pacitan,Putra,Pacitan,0.0,Tidak,Ya,Ya,Ya,Ya,Tidak,400000
Kabupaten Pasuruan,Campur,Kecamatan Panggungrejo,0.0,Tidak,Ya,Ya,Ya,Ya,Ya,800000
Kabupaten Pasuruan,Putri,Kecamatan Purworejo,0.0,Tidak,Ya,Ya,Tidak,Ya,Tidak,650000
Kabupaten Pasuruan,Putri,Bugulkidul,5.0,Tidak,Ya,Ya,Tidak,Ya,Ya,485000
Kabupaten Pasuruan,Campur,Purworejo,5.0,Ya,Ya,Ya,Ya,Ya,Ya,1200000
Kabupaten Pasuruan,Putri,Kecamatan Purworejo,0.0,Tidak,Ya,Ya,Tidak,Tidak,Ya,550000
Kabupaten Pasuruan,Putri,Bugulkidul,0.0,Tidak,Ya,Ya,Tidak,Tidak,Ya,460000
Kabupaten Pasuruan,Campur,Kecamatan Purworejo,0.0,Ya,Ya,Ya,Ya,Ya,Ya,1150000
Kabupaten Pasuruan,Campur,Kecamatan Panggungrejo,0.0,Ya,Ya,Ya,Ya,Ya,Ya,1200000
Kabupaten Pasuruan,Putra,Bugulkidul,0.0,Tidak,Tidak,Ya,Tidak,Tidak,Tidak,475000
Kabupaten Pasuruan,Campur,Kecamatan Panggungrejo,0.0,Ya,Ya,Ya,Ya,Ya,Ya,1100000
Kabupaten Pasuruan,Putri,Kecamatan Gadingrejo,0.0,Ya,Ya,Ya,Ya,Ya,Ya,1000000
Kabupaten Pasuruan,Campur,Kecamatan Gadingrejo,0.0,Ya,Ya,Ya,Ya,Tidak,Ya,1500000
Kabupaten Pasuruan,Putra,Bugulkidul,0.0,Tidak,Ya,Ya,Tidak,Tidak,Ya,550000
Kabupaten Pasuruan,Putri,Purworejo,0.0,Tidak,Tidak,Ya,Ya,Tidak,Ya,550000
Kabupaten Pasuruan,Campur,Kecamatan Purworejo,0.0,Tidak,Ya,Ya,Tidak,Ya,Ya,700000
Kabupaten Pasuruan,Campur,Kecamatan Gadingrejo,0.0,Tidak,Ya,Ya,Tidak,Ya,Ya,650000
Kabupaten Pasuruan,Campur,Purworejo,0.0,Ya,Tidak,Ya,Ya,Ya,Ya,1800000
Kabupaten Pasuruan,Putri,Bugulkidul,0.0,Tidak,Ya,Ya,Ya,Tidak,Ya,600000
Kabupaten Pasuruan,Putri,Kecamatan Panggungrejo,0.0,Tidak,Tidak,Ya,Tidak,Tidak,Ya,400000
Kabupaten Pasuruan,Putra,Bugulkidul,0.0,Tidak,Ya,Ya,Tidak,Ya,Tidak,600000
Kabupaten Pasuruan,Putra,Panggungrejo,0.0,Tidak,Tidak,Ya,Ya,Ya,Tidak,700000
Kabupaten Pasuruan,Campur,Kecamatan Bugulkidul,0.0,Ya,Ya,Ya,Ya,Ya,Ya,1350000
Kabupaten Pasuruan,Putra,Bugulkidul,0.0,Ya,Ya,Ya,Tidak,Ya,Tidak,1000000
Kabupaten Pasuruan,Putri,Purworejo,0.0,Ya,Tidak,Ya,Ya,Tidak,Ya,850000
Kabupaten Pasuruan,Putra,Panggungrejo,0.0,Ya,Tidak,Ya,Ya,Ya,Tidak,900000
Kabupaten Pasuruan,Campur,Bugulkidul,0.0,Ya,Ya,Ya,Ya,Ya,Ya,1550000
Kabupaten Pasuruan,Putra,Bugulkidul,0.0,Tidak,Ya,Ya,Ya,Ya,Ya,600000
Kabupaten Pasuruan,Putri,Panggungrejo,0.0,Tidak,Ya,Ya,Ya,Ya,Ya,450000
Kabupaten Pasuruan,Putra,Kecamatan Bugulkidul,0.0,Ya,Tidak,Ya,Ya,Ya,Ya,850000
Kabupaten Pasuruan,Campur,Kecamatan Gadingrejo,0.0,Ya,Ya,Ya,Tidak,Ya,Ya,800000
Kabupaten Pasuruan,Campur,Purworejo,0.0,Ya,Tidak,Ya,Ya,Ya,Ya,1500000
Kabupaten Pasuruan,Putri,Bugulkidul,0.0,Tidak,Tidak,Ya,Ya,Tidak,Tidak,500000
Kabupaten Pasuruan,Putri,Kecamatan Panggungrejo,0.0,Ya,Tidak,Ya,Ya,Ya,Ya,500000
Kabupaten Pasuruan,Putri,Kecamatan Purworejo,0.0,Tidak,Tidak,Tidak,Tidak,Ya,Tidak,600000
Kabupaten Pasuruan,Putri,Panggungrejo,0.0,Tidak,Tidak,Ya,Ya,Tidak,Ya,500000
Kabupaten Pasuruan,Putra,Kecamatan Purworejo,0.0,Ya,Tidak,Ya,Ya,Ya,Ya,1100000
Kabupaten Pasuruan,Putra,Kecamatan Panggungrejo,0.0,Tidak,Ya,Ya,Tidak,Tidak,Tidak,550000
Kabupaten Pasuruan,Putra,Purworejo,0.0,Tidak,Ya,Tidak,Ya,Tidak,Tidak,600000
Kabupaten Pasuruan,Putra,Panggungrejo,0.0,Tidak,Ya,Ya,Tidak,Tidak,Tidak,350000
Kabupaten Pasuruan,Campur,Panggungrejo,0.0,Tidak,Ya,Ya,Tidak,Tidak,Ya,550000
Kabupaten Pasuruan,Putri,Purworejo,0.0,Ya,Ya,Ya,Tidak,Ya,Ya,1500000
Kabupaten Pasuruan,Campur,Kecamatan Purworejo,0.0,Ya,Tidak,Ya,Tidak,Ya,Ya,1000000
Kabupaten Pasuruan,Putri,Gadingrejo,0.0,Tidak,Tidak,Ya,Tidak,Tidak,Tidak,400000
Kabupaten Pasuruan,Campur,Kecamatan Purworejo,0.0,Tidak,Ya,Ya,Ya,Ya,Tidak,500000
Kabupaten Pasuruan,Putri,Kecamatan Bugul Kidul,0.0,Tidak,Tidak,Ya,Tidak,Ya,Ya,600000
Kabupaten Pasuruan,Putra,Kecamatan Bugulkidul,0.0,Tidak,Tidak,Ya,Ya,Ya,Ya,600000
Kabupaten Pasuruan,Putra,Purworejo,0.0,Tidak,Ya,Ya,Tidak,Tidak,Tidak,500000
Kabupaten Pasuruan,Putra,Kecamatan Purworejo,0.0,Tidak,Ya,Ya,Tidak,Tidak,Ya,330000
Kabupaten Pasuruan,Campur,Panggungrejo,0.0,Tidak,Ya,Ya,Tidak,Tidak,Ya,380000
Kabupaten Pasuruan,Putri,Kecamatan Purworejo,0.0,Tidak,Ya,Ya,Ya,Tidak,Ya,600000
Kabupaten Pasuruan,Campur,Panggungrejo,0.0,Tidak,Tidak,Ya,Ya,Tidak,Tidak,500000
Kabupaten Pasuruan,Putri,Panggungrejo,0.0,Tidak,Tidak,Ya,Tidak,Ya,Ya,600000
Kabupaten Pasuruan,Campur,Kecamatan Purworejo,0.0,Ya,Ya,Ya,Ya,Ya,Tidak,1500000
Kabupaten Pasuruan,Campur,Kecamatan Purworejo,0.0,Tidak,Ya,Ya,Tidak,Ya,Tidak,700000
Kabupaten Pasuruan,Campur,Kecamatan Bugul Kidul,0.0,Tidak,Tidak,Tidak,Tidak,Ya,Tidak,750000
Kabupaten Pasuruan,Putri,Panggungrejo,0.0,Tidak,Tidak,Ya,Tidak,Ya,Ya,600000
Kabupaten Pasuruan,Campur,Bugulkidul,0.0,Tidak,Ya,Ya,Tidak,Ya,Ya,600000
Kabupaten Pasuruan,Putri,Bugulkidul,0.0,Tidak,Ya,Ya,Ya,Tidak,Tidak,475000
Kabupaten Pasuruan,Campur,Kecamatan Gadingrejo,0.0,Ya,Ya,Ya,Tidak,Ya,Ya,800000
Kabupaten Pasuruan,Campur,Purworejo,0.0,Tidak,Ya,Ya,Tidak,Ya,Tidak,500000
Kabupaten Pasuruan,Campur,Gadingrejo,0.0,Tidak,Tidak,Ya,Tidak,Tidak,Tidak,400000
Kabupaten Pasuruan,Putra,Bugulkidul,0.0,Ya,Tidak,Ya,Ya,Ya,Tidak,700000
Kabupaten Pasuruan,Putra,Panggungrejo,0.0,Tidak,Ya,Ya,Ya,Tidak,Tidak,400000
Kabupaten Pasuruan,Putra,Purworejo,0.0,Tidak,Tidak,Ya,Tidak,Tidak,Tidak,280000
Kabupaten Pasuruan,Putri,Kecamatan Purworejo,0.0,Tidak,Tidak,Ya,Tidak,Ya,Ya,650000
Kabupaten Pasuruan,Campur,Purworejo,0.0,Tidak,Ya,Ya,Ya,Tidak,Tidak,300000
Kabupaten Pasuruan,Putra,Gadingrejo,0.0,Tidak,Ya,Ya,Tidak,Tidak,Tidak,450000
Kabupaten Pasuruan,Putri,Kecamatan Panggungrejo,0.0,Tidak,Tidak,Ya,Tidak,Ya,Ya,550000
Kabupaten Pasuruan,Putri,Panggungrejo,0.0,Ya,Ya,Ya,Ya,Ya,Ya,1050000
Kabupaten Pasuruan,Putra,Bugulkidul,0.0,Tidak,Tidak,Ya,Tidak,Tidak,Tidak,600000
Kabupaten Pasuruan,Campur,Panggungrejo,0.0,Ya,Ya,Ya,Ya,Ya,Ya,650000
Kabupaten Pasuruan,Putri,Gadingrejo,0.0,Ya,Tidak,Ya,Tidak,Tidak,Tidak,700000
Kabupaten Pasuruan,Campur,Bugulkidul,5.0,Tidak,Ya,Ya,Tidak,Tidak,Ya,400000
Kabupaten Pasuruan,Campur,Panggungrejo,0.0,Tidak,Tidak,Ya,Tidak,Ya,Ya,550000
Kabupaten Pasuruan,Putra,Purworejo,0.0,Tidak,Tidak,Ya,Ya,Ya,Tidak,600000
Kabupaten Pasuruan,Putri,Bugulkidul,0.0,Tidak,Ya,Ya,Ya,Tidak,Tidak,400000
Kabupaten Pasuruan,Putra,Bugulkidul,0.0,Tidak,Tidak,Ya,Tidak,Tidak,Tidak,500000
Kabupaten Pasuruan,Putri,Kecamatan Bugul Kidul,0.0,Tidak,Ya,Ya,Ya,Tidak,Ya,600000
Kabupaten Pasuruan,Campur,Kecamatan Panggungrejo,0.0,Tidak,Tidak,Ya,Tidak,Tidak,Tidak,500000
Kabupaten Ponorogo,Campur,Kecamatan Ponorogo,0.0,Tidak,Tidak,Ya,Tidak,Ya,Ya,600000
Kabupaten Ponorogo,Campur,Kecamatan Ponorogo,0.0,Tidak,Tidak,Ya,Ya,Ya,Ya,950000
Kabupaten Ponorogo,Putri,Kecamatan Babadan,0.0,Tidak,Ya,Ya,Tidak,Ya,Ya,500000
Kabupaten Ponorogo,Putri,Siman,0.0,Tidak,Tidak,Ya,Tidak,Ya,Ya,500000
Kabupaten Ponorogo,Campur,Ponorogo,0.0,Ya,Ya,Ya,Tidak,Tidak,Ya,1000000
Kabupaten Ponorogo,Putri,Ponorogo,0.0,Tidak,Tidak,Ya,Tidak,Ya,Ya,380000
Kabupaten Ponorogo,Campur,Ponorogo,0.0,Ya,Ya,Ya,Tidak,Tidak,Ya,1350000
Kabupaten Ponorogo,Campur,Ponorogo,0.0,Tidak,Ya,Ya,Tidak,Tidak,Ya,600000
Kabupaten Ponorogo,Campur,Kauman,0.0,Ya,Ya,Ya,Ya,Ya,Ya,1500000
Kabupaten Ponorogo,Putri,Ponorogo,0.0,Tidak,Tidak,Ya,Ya,Ya,Ya,600000
Kabupaten Ponorogo,Putri,Ponorogo,0.0,Tidak,Ya,Ya,Ya,Ya,Ya,500000
Kabupaten Ponorogo,Campur,Kecamatan Ponorogo,0.0,Ya,Tidak,Ya,Ya,Ya,Ya,950000
Kabupaten Ponorogo,Putra,Kecamatan Ponorogo,0.0,Tidak,Ya,Ya,Tidak,Ya,Tidak,550000
Kabupaten Ponorogo,Campur,Kecamatan Ponorogo,0.0,Ya,Ya,Ya,Ya,Ya,Ya,1700000
Kabupaten Ponorogo,Putri,Kecamatan Babadan,0.0,Tidak,Ya,Ya,Tidak,Ya,Ya,449997
Kabupaten Ponorogo,Campur,Ponorogo,0.0,Ya,Ya,Ya,Ya,Ya,Ya,1000000
Kabupaten Ponorogo,Putri,Ponorogo,0.0,Tidak,Ya,Ya,Tidak,Ya,Ya,600000
Kabupaten Ponorogo,Putri,Ponorogo,0.0,Tidak,Tidak,Ya,Ya,Ya,Ya,600000
Kabupaten Ponorogo,Putra,Ponorogo,0.0,Tidak,Tidak,Ya,Tidak,Tidak,Tidak,400000
Kabupaten Ponorogo,Putri,Babadan,0.0,Tidak,Ya,Ya,Tidak,Ya,Ya,600000
Kabupaten Ponorogo,Putri,Ponorogo,0.0,Ya,Tidak,Ya,Ya,Ya,Ya,1100000
Kabupaten Ponorogo,Putri,Babadan,0.0,Tidak,Ya,Ya,Tidak,Tidak,Ya,350000
Kabupaten Ponorogo,Campur,Kecamatan Ponorogo,4.9,Ya,Ya,Ya,Ya,Ya,Ya,1450000
Kabupaten Ponorogo,Campur,Kecamatan Ponorogo,0.0,Tidak,Ya,Ya,Ya,Ya,Ya,700000
Kabupaten Ponorogo,Putra,Kecamatan Ponorogo,0.0,Tidak,Ya,Ya,Ya,Ya,Ya,500000
Kabupaten Ponorogo,Putri,Babadan,0.0,Tidak,Tidak,Ya,Tidak,Ya,Ya,400000
Kabupaten Ponorogo,Putri,Babadan,0.0,Tidak,Tidak,Ya,Ya,Ya,Ya,550000
Kabupaten Ponorogo,Putri,Siman,0.0,Tidak,Ya,Tidak,Tidak,Ya,Ya,375000
Kabupaten Ponorogo,Putri,Ponorogo,0.0,Tidak,Ya,Ya,Tidak,Tidak,Ya,325000
Kabupaten Ponorogo,Putri,Ponorogo,0.0,Tidak,Ya,Ya,Ya,Tidak,Ya,450000
Kabupaten Ponorogo,Campur,Kecamatan Ponorogo,0.0,Tidak,Tidak,Ya,Tidak,Ya,Ya,600000
Kabupaten Ponorogo,Campur,Ponorogo,0.0,Ya,Ya,Ya,Ya,Ya,Ya,1250000
Kabupaten Ponorogo,Putri,Kecamatan Babadan,0.0,Tidak,Ya,Ya,Ya,Tidak,Ya,350000
Kabupaten Ponorogo,Putri,Babadan,0.0,Tidak,Tidak,Tidak,Tidak,Ya,Tidak,300000
Kabupaten Ponorogo,Putri,Babadan,0.0,Tidak,Tidak,Ya,Tidak,Ya,Tidak,500000
Kabupaten Ponorogo,Putri,Ponorogo,0.0,Ya,Tidak,Ya,Ya,Ya,Ya,1500000
Kabupaten Ponorogo,Campur,Kecamatan Ponorogo,0.0,Ya,Ya,Tidak,Tidak,Tidak,Ya,1850000
Kabupaten Ponorogo,Putri,Ponorogo,0.0,Tidak,Ya,Ya,Tidak,Ya,Ya,550000
Kabupaten Ponorogo,Putri,Kecamatan Siman,0.0,Tidak,Ya,Ya,Ya,Ya,Ya,600000
Kabupaten Ponorogo,Campur,Kecamatan Ponorogo,0.0,Ya,Tidak,Ya,Tidak,Ya,Ya,900000
Kabupaten Ponorogo,Putri,Kecamatan Ponorogo,0.0,Tidak,Tidak,Ya,Tidak,Tidak,Ya,400000
Kabupaten Ponorogo,Putri,Ponorogo,0.0,Tidak,Ya,Ya,Tidak,Ya,Ya,425000
Kabupaten Ponorogo,Putri,Kecamatan Ponorogo,0.0,Tidak,Tidak,Ya,Tidak,Ya,Ya,650000
Kabupaten Ponorogo,Putri,Ponorogo,0.0,Tidak,Tidak,Ya,Tidak,Ya,Ya,425000
Kabupaten Ponorogo,Putri,Kecamatan Ponorogo,0.0,Tidak,Tidak,Ya,Ya,Ya,Ya,1000000
Kabupaten Ponorogo,Campur,Kecamatan Ponorogo,0.0,Ya,Ya,Ya,Ya,Ya,Ya,1000000
Kabupaten Ponorogo,Putri,Kecamatan Ponorogo,0.0,Tidak,Tidak,Ya,Tidak,Tidak,Ya,400000
Kabupaten Ponorogo,Putri,Kecamatan Ponorogo,0.0,Tidak,Tidak,Ya,Tidak,Ya,Ya,600000
Kabupaten Ponorogo,Putra,Ponorogo,0.0,Ya,Ya,Ya,Tidak,Ya,Ya,700000
Kabupaten Ponorogo,Campur,Kecamatan Ponorogo,0.0,Tidak,Tidak,Ya,Ya,Ya,Tidak,700000
Kabupaten Ponorogo,Putri,Kecamatan Ponorogo,0.0,Tidak,Tidak,Ya,Ya,Ya,Ya,600000
Kabupaten Ponorogo,Putri,Kecamatan Ponorogo,0.0,Ya,Ya,Ya,Ya,Ya,Ya,1305000
Kabupaten Ponorogo,Putri,Kecamatan Ponorogo,0.0,Tidak,Tidak,Ya,Tidak,Tidak,Ya,400000
Kabupaten Ponorogo,Putri,Siman,0.0,Tidak,Ya,Ya,Ya,Ya,Ya,500000
Kabupaten Ponorogo,Putri,Kecamatan Siman,0.0,Tidak,Ya,Ya,Ya,Ya,Ya,450000
Kabupaten Ponorogo,Putri,Kecamatan Ponorogo,0.0,Ya,Tidak,Ya,Ya,Ya,Ya,1100000
Kabupaten Ponorogo,Putri,Kecamatan Ponorogo,0.0,Tidak,Tidak,Ya,Ya,Ya,Ya,700000
Kabupaten Ponorogo,Putri,Siman,0.0,Tidak,Tidak,Tidak,Tidak,Tidak,Tidak,350000
Kabupaten Ponorogo,Putri,Kecamatan Ponorogo,0.0,Tidak,Tidak,Ya,Tidak,Tidak,Ya,300000
Kabupaten Ponorogo,Campur,Babadan,0.0,Tidak,Ya,Ya,Tidak,Ya,Tidak,385000
Kabupaten Ponorogo,Putri,Kecamatan Ponorogo,0.0,Tidak,Ya,Ya,Tidak,Ya,Ya,400000
Kabupaten Ponorogo,Putra,Kecamatan Ponorogo,0.0,Tidak,Tidak,Ya,Ya,Tidak,Ya,400000
Kabupaten Ponorogo,Putri,Siman,0.0,Tidak,Tidak,Ya,Tidak,Tidak,Ya,500000
Kabupaten Ponorogo,Putra,Kecamatan Ponorogo,0.0,Tidak,Ya,Ya,Tidak,Ya,Ya,350000
Kabupaten Ponorogo,Putri,Kecamatan Babadan,0.0,Tidak,Tidak,Ya,Tidak,Ya,Ya,500000
Kabupaten Ponorogo,Campur,Sukorejo,0.0,Ya,Ya,Ya,Tidak,Ya,Ya,800000
Kabupaten Ponorogo,Campur,Kecamatan Ponorogo,0.0,Ya,Ya,Ya,Ya,Ya,Ya,1100000
Kabupaten Ponorogo,Putri,Kecamatan Ponorogo,0.0,Tidak,Tidak,Ya,Ya,Ya,Ya,450000
Kabupaten Ponorogo,Campur,Ponorogo,0.0,Tidak,Ya,Ya,Tidak,Ya,Ya,500000
Kabupaten Ponorogo,Putri,Babadan,0.0,Tidak,Ya,Ya,Tidak,Tidak,Ya,300000
Kabupaten Ponorogo,Campur,Babadan,0.0,Ya,Ya,Ya,Ya,Ya,Ya,1000000
Kabupaten Ponorogo,Putri,Kecamatan Siman,0.0,Tidak,Ya,Ya,Tidak,Ya,Ya,500000
Kabupaten Ponorogo,Campur,Ponorogo,0.0,Tidak,Tidak,Ya,Tidak,Ya,Ya,500000
Kabupaten Ponorogo,Putra,Siman,0.0,Tidak,Tidak,Ya,Tidak,Tidak,Tidak,365000
Kabupaten Ponorogo,Putri,Ponorogo,0.0,Tidak,Ya,Ya,Tidak,Tidak,Ya,350000
Kabupaten Ponorogo,Putri,Kecamatan Ponorogo,0.0,Ya,Ya,Ya,Ya,Ya,Ya,1200000
Kabupaten Ponorogo,Putra,Kecamatan Babadan,0.0,Tidak,Ya,Ya,Tidak,Ya,Ya,500000
Kabupaten Ponorogo,Campur,Ponorogo,0.0,Tidak,Tidak,Ya,Tidak,Tidak,Ya,650000
Kabupaten Ponorogo,Putri,Babadan,0.0,Tidak,Tidak,Ya,Tidak,Tidak,Tidak,350000
Kabupaten Ponorogo,Putra,Siman,0.0,Tidak,Tidak,Ya,Tidak,Ya,Ya,525000
Kabupaten Ponorogo,Putra,Siman,4.0,Tidak,Ya,Ya,Ya,Ya,Ya,500000
Kabupaten Ponorogo,Campur,Ponorogo,0.0,Ya,Ya,Ya,Ya,Ya,Ya,1000000
Kabupaten Ponorogo,Putra,Kecamatan Siman,0.0,Tidak,Tidak,Ya,Tidak,Tidak,Ya,350000
Kabupaten Ponorogo,Putri,Kecamatan Ponorogo,0.0,Tidak,Tidak,Ya,Ya,Ya,Ya,350000
Kabupaten Ponorogo,Putri,Kecamatan Ponorogo,0.0,Tidak,Tidak,Ya,Tidak,Ya,Ya,500000
Kabupaten Ponorogo,Putra,Kecamatan Ponorogo,0.0,Tidak,Ya,Ya,Tidak,Ya,Ya,500000
Kabupaten Ponorogo,Campur,Babadan,0.0,Tidak,Ya,Ya,Tidak,Ya,Ya,850000
Kabupaten Ponorogo,Putra,Kecamatan Ponorogo,0.0,Ya,Ya,Ya,Ya,Ya,Ya,1300000
Kabupaten Ponorogo,Putra,Ponorogo,0.0,Ya,Tidak,Ya,Ya,Ya,Tidak,700000
Kabupaten Ponorogo,Putra,Siman,0.0,Ya,Ya,Ya,Tidak,Ya,Ya,750000
Kabupaten Ponorogo,Putri,Kecamatan Ponorogo,0.0,Tidak,Ya,Ya,Tidak,Ya,Ya,600000
Kabupaten Ponorogo,Campur,Siman,0.0,Tidak,Tidak,Tidak,Tidak,Ya,Tidak,600000
Kabupaten Ponorogo,Putra,Kecamatan Siman,0.0,Tidak,Ya,Ya,Tidak,Tidak,Tidak,350000
Kabupaten Ponorogo,Putra,Babadan,0.0,Tidak,Ya,Ya,Tidak,Ya,Ya,600000
Kabupaten Ponorogo,Putra,Kecamatan Ponorogo,0.0,Tidak,Ya,Ya,Tidak,Ya,Ya,400000
Kabupaten Ponorogo,Putra,Ponorogo,0.0,Tidak,Tidak,Ya,Ya,Ya,Tidak,450000
Kabupaten Ponorogo,Putra,Ponorogo,0.0,Tidak,Tidak,Ya,Ya,Ya,Tidak,1000000
Kabupaten Ponorogo,Putra,Ponorogo,0.0,Tidak,Ya,Ya,Tidak,Ya,Ya,600000
Kabupaten Ponorogo,Putra,Kecamatan Babadan,0.0,Tidak,Ya,Ya,Tidak,Tidak,Ya,300000
Kabupaten Ponorogo,Putri,Ponorogo,0.0,Tidak,Ya,Ya,Tidak,Tidak,Ya,550000
Kabupaten Ponorogo,Campur,Kecamatan Ponorogo,0.0,Ya,Ya,Ya,Ya,Ya,Ya,1500000
Kabupaten Ponorogo,Putra,Kecamatan Babadan,4.1,Tidak,Ya,Ya,Tidak,Tidak,Tidak,330000
Kabupaten Probolinggo,Campur,Kademangan,4.4,Ya,Ya,Ya,Ya,Ya,Ya,1000000
Kabupaten Probolinggo,Campur,Kanigaran,0.0,Tidak,Ya,Ya,Ya,Ya,Ya,600000
Kabupaten Probolinggo,Campur,Kanigaran,0.0,Ya,Ya,Ya,Ya,Ya,Ya,1200000
Kabupaten Probolinggo,Campur,Kecamatan Kanigaran,5.0,Ya,Ya,Ya,Ya,Ya,Ya,1000000
Kabupaten Probolinggo,Putri,Mayangan,0.0,Ya,Ya,Ya,Tidak,Ya,Ya,750000
Kabupaten Probolinggo,Campur,Kecamatan Mayangan,0.0,Ya,Ya,Ya,Ya,Ya,Ya,1300000
Kabupaten Probolinggo,Putri,Kanigaran,0.0,Tidak,Ya,Ya,Tidak,Ya,Ya,500000
Kabupaten Probolinggo,Campur,Kecamatan Mayangan,0.0,Ya,Tidak,Ya,Ya,Ya,Ya,1100000
Kabupaten Probolinggo,Campur,Mayangan,0.0,Ya,Ya,Ya,Ya,Ya,Ya,1400000
Kabupaten Probolinggo,Campur,Kademangan,0.0,Ya,Ya,Ya,Ya,Ya,Ya,1200000
Kabupaten Probolinggo,Campur,Kecamatan Kanigaran,0.0,Tidak,Ya,Ya,Tidak,Tidak,Tidak,800000
Kabupaten Probolinggo,Campur,Kecamatan Kanigaran,0.0,Tidak,Ya,Ya,Tidak,Ya,Ya,600000
Kabupaten Probolinggo,Campur,Mayangan,0.0,Ya,Ya,Ya,Ya,Ya,Ya,1150000
Kabupaten Probolinggo,Campur,Kecamatan Kanigaran,0.0,Tidak,Ya,Ya,Tidak,Ya,Tidak,500000
Kabupaten Probolinggo,Putra,Mayangan,0.0,Ya,Ya,Ya,Ya,Ya,Ya,1200000
Kabupaten Probolinggo,Putri,Kanigaran,0.0,Tidak,Tidak,Ya,Ya,Ya,Ya,500000
Kabupaten Probolinggo,Campur,Kademangan,0.0,Tidak,Ya,Tidak,Tidak,Ya,Tidak,600000
Kabupaten Probolinggo,Putri,Mayangan,0.0,Tidak,Ya,Ya,Tidak,Tidak,Tidak,400000
Kabupaten Probolinggo,Putri,Kecamatan Mayangan,0.0,Tidak,Tidak,Ya,Tidak,Ya,Ya,500000
Kabupaten Probolinggo,Campur,Kedopok,0.0,Ya,Ya,Ya,Ya,Ya,Ya,1300000
Kabupaten Probolinggo,Putri,Kanigaran,0.0,Ya,Ya,Ya,Ya,Tidak,Ya,1500000
Kabupaten Probolinggo,Campur,Kanigaran,0.0,Ya,Ya,Ya,Ya,Ya,Ya,1300000
Kabupaten Probolinggo,Putri,Kanigaran,0.0,Ya,Tidak,Ya,Ya,Ya,Ya,1000000
Kabupaten Probolinggo,Putri,Kanigaran,0.0,Ya,Tidak,Ya,Ya,Ya,Ya,1000000
Kabupaten Probolinggo,Putri,Kanigaran,0.0,Tidak,Ya,Ya,Ya,Ya,Ya,510000
Kabupaten Probolinggo,Putri,Kecamatan Kanigaran,0.0,Ya,Ya,Ya,Ya,Ya,Ya,1050000
Kabupaten Probolinggo,Putra,Kanigaran,0.0,Tidak,Tidak,Ya,Tidak,Ya,Ya,350000
Kabupaten Probolinggo,Putri,Kanigaran,0.0,Tidak,Ya,Ya,Ya,Ya,Ya,550000
Kabupaten Probolinggo,Putri,Kanigaran,0.0,Tidak,Ya,Ya,Ya,Ya,Ya,500000
Kabupaten Probolinggo,Putri,Kanigaran,0.0,Tidak,Tidak,Ya,Tidak,Tidak,Ya,500000
Kabupaten Probolinggo,Campur,Kanigaran,0.0,Ya,Tidak,Ya,Ya,Ya,Ya,1100000
Kabupaten Probolinggo,Campur,Kedopok,0.0,Tidak,Ya,Ya,Ya,Ya,Ya,300000
Kabupaten Probolinggo,Putra,Kecamatan Kanigaran,0.0,Tidak,Ya,Ya,Tidak,Tidak,Tidak,300000
Kabupaten Probolinggo,Putra,Kecamatan Kanigaran,0.0,Tidak,Ya,Ya,Tidak,Ya,Tidak,420000
Kabupaten Probolinggo,Putra,Mayangan,0.0,Ya,Ya,Ya,Ya,Ya,Ya,1000000
Kabupaten Probolinggo,Campur,Kecamatan Mayangan,4.9,Ya,Ya,Ya,Ya,Ya,Ya,800000
Kabupaten Probolinggo,Putri,Kecamatan Mayangan,0.0,Ya,Ya,Ya,Ya,Ya,Ya,1450000
Kabupaten Probolinggo,Putri,Kanigaran,0.0,Tidak,Tidak,Ya,Tidak,Ya,Ya,450000
Kabupaten Probolinggo,Putri,Kanigaran,0.0,Tidak,Tidak,Ya,Tidak,Ya,Ya,450000
Kabupaten Probolinggo,Campur,Kecamatan Mayangan,0.0,Ya,Ya,Ya,Ya,Ya,Ya,1100000
Kabupaten Probolinggo,Putri,Kanigaran,0.0,Tidak,Tidak,Ya,Ya,Ya,Ya,450000
Kabupaten Probolinggo,Campur,Kecamatan Kanigaran,0.0,Ya,Ya,Ya,Tidak,Ya,Ya,900000
Kabupaten Probolinggo,Putra,Kademangan,4.8,Ya,Ya,Ya,Tidak,Ya,Ya,850000
Kabupaten Probolinggo,Putra,Kecamatan Kanigaran,0.0,Tidak,Ya,Ya,Ya,Tidak,Ya,500000
Kabupaten Probolinggo,Campur,Mayangan,0.0,Ya,Tidak,Ya,Ya,Ya,Ya,1100000
Kabupaten Probolinggo,Putri,Kademangan,0.0,Ya,Ya,Ya,Tidak,Ya,Ya,900000
Kabupaten Probolinggo,Putri,Kanigaran,0.0,Tidak,Tidak,Ya,Tidak,Tidak,Tidak,350000
Kabupaten Probolinggo,Campur,Mayangan,0.0,Tidak,Tidak,Ya,Tidak,Tidak,Tidak,350000
Kabupaten Probolinggo,Campur,Mayangan,0.0,Tidak,Ya,Ya,Tidak,Tidak,Tidak,250000
Kabupaten Probolinggo,Campur,Kecamatan Mayangan,0.0,Tidak,Tidak,Ya,Ya,Tidak,Ya,370000
Kabupaten Probolinggo,Campur,Mayangan,0.0,Ya,Ya,Ya,Ya,Ya,Ya,850000
Kabupaten Probolinggo,Putra,Kanigaran,0.0,Tidak,Tidak,Ya,Tidak,Tidak,Ya,350000
Kabupaten Probolinggo,Putri,Kecamatan Kanigaran,0.0,Tidak,Tidak,Ya,Tidak,Ya,Ya,550000
Kabupaten Probolinggo,Putra,Mayangan,0.0,Ya,Tidak,Ya,Ya,Tidak,Tidak,1100000
Kabupaten Probolinggo,Campur,Kecamatan Leces,0.0,Tidak,Ya,Ya,Tidak,Tidak,Ya,250000
Kabupaten Probolinggo,Putri,Kecamatan Dringu,0.0,Ya,Ya,Ya,Ya,Ya,Ya,900000
Kabupaten Probolinggo,Putra,Mayangan,0.0,Ya,Ya,Ya,Ya,Tidak,Ya,700000
Kabupaten Probolinggo,Putra,Kanigaran,0.0,Tidak,Ya,Ya,Tidak,Ya,Ya,500000
Kabupaten Probolinggo,Campur,Kecamatan Mayangan,0.0,Tidak,Tidak,Ya,Tidak,Tidak,Ya,450000
Kabupaten Probolinggo,Campur,Kecamatan Mayangan,0.0,Tidak,Ya,Ya,Tidak,Tidak,Ya,450000
Kabupaten Probolinggo,Putra,Kecamatan Mayangan,0.0,Ya,Ya,Ya,Ya,Ya,Ya,1000000
Kabupaten Probolinggo,Putri,Dringu,0.0,Tidak,Ya,Ya,Tidak,Tidak,Tidak,350000
Kabupaten Probolinggo,Campur,Mayangan,0.0,Tidak,Tidak,Ya,Tidak,Tidak,Tidak,520000
Kabupaten Probolinggo,Campur,Mayangan,0.0,Ya,Tidak,Ya,Tidak,Ya,Tidak,1000000
Kabupaten Probolinggo,Campur,Kecamatan Kedopok,0.0,Ya,Ya,Ya,Ya,Ya,Ya,800000
Kabupaten Probolinggo,Putri,Mayangan,0.0,Tidak,Ya,Ya,Ya,Tidak,Ya,450000
Kabupaten Probolinggo,Putri,Kecamatan Leces,0.0,Tidak,Ya,Ya,Ya,Tidak,Ya,500000
Kabupaten Probolinggo,Putri,Kecamatan Kademangan,0.0,Ya,Tidak,Ya,Ya,Ya,Ya,800000
Kabupaten Probolinggo,Putra,Kademangan,0.0,Ya,Tidak,Ya,Ya,Ya,Ya,1200000
Kabupaten Probolinggo,Putri,Kanigaran,0.0,Tidak,Ya,Ya,Tidak,Ya,Ya,300000
Kabupaten Probolinggo,Campur,Kanigaran,0.0,Tidak,Ya,Ya,Tidak,Ya,Ya,650000
Kabupaten Probolinggo,Putra,Mayangan,0.0,Tidak,Ya,Tidak,Ya,Ya,Ya,750000
Kabupaten Probolinggo,Putri,Kanigaran,0.0,Tidak,Ya,Ya,Ya,Ya,Ya,600000
Kabupaten Probolinggo,Campur,Mayangan,0.0,Tidak,Ya,Ya,Ya,Tidak,Ya,700000
Kabupaten Probolinggo,Putri,Mayangan,0.0,Tidak,Tidak,Ya,Ya,Ya,Ya,600000
Kabupaten Probolinggo,Campur,Kecamatan Kanigaran,0.0,Ya,Ya,Ya,Ya,Ya,Ya,700000
Kabupaten Probolinggo,Putri,Mayangan,0.0,Ya,Ya,Ya,Ya,Ya,Ya,1200000
Kabupaten Probolinggo,Campur,Kecamatan Kanigaran,0.0,Tidak,Tidak,Ya,Ya,Ya,Ya,450000
Kabupaten Probolinggo,Campur,Dringu,0.0,Tidak,Tidak,Ya,Tidak,Tidak,Tidak,400000
Kabupaten Probolinggo,Campur,Mayangan,5.0,Ya,Tidak,Ya,Ya,Ya,Tidak,1200000
Kabupaten Probolinggo,Putra,Kecamatan Mayangan,0.0,Tidak,Ya,Ya,Tidak,Tidak,Tidak,350000
Kabupaten Probolinggo,Campur,Mayangan,0.0,Ya,Tidak,Ya,Ya,Ya,Ya,1400000
Kabupaten Probolinggo,Campur,Mayangan,0.0,Tidak,Ya,Ya,Tidak,Ya,Tidak,450000
Kabupaten Probolinggo,Campur,Kanigaran,0.0,Ya,Tidak,Ya,Ya,Ya,Ya,450000
Kabupaten Probolinggo,Putri,Kecamatan Kademangan,0.0,Tidak,Tidak,Ya,Ya,Ya,Ya,500000
Kabupaten Probolinggo,Campur,Kecamatan Kanigaran,0.0,Ya,Ya,Ya,Ya,Ya,Ya,1500000
Kabupaten Probolinggo,Putra,Mayangan,0.0,Tidak,Tidak,Ya,Tidak,Ya,Ya,500000
Kabupaten Probolinggo,Campur,Kecamatan Mayangan,0.0,Ya,Ya,Ya,Ya,Ya,Tidak,1750000
Kabupaten Probolinggo,Campur,Mayangan,0.0,Tidak,Tidak,Ya,Tidak,Ya,Ya,350000
Kabupaten Probolinggo,Campur,Kecamatan Mayangan,0.0,Ya,Ya,Ya,Ya,Ya,Ya,1500000
Kabupaten Probolinggo,Putra,Kecamatan Kanigaran,0.0,Tidak,Ya,Ya,Ya,Ya,Ya,500000
Kabupaten Probolinggo,Putri,Kanigaran,0.0,Tidak,Tidak,Ya,Ya,Ya,Ya,650000
Kabupaten Probolinggo,Campur,Kecamatan Mayangan,0.0,Ya,Tidak,Ya,Ya,Ya,Ya,1300000
Kabupaten Probolinggo,Campur,Kademangan,0.0,Ya,Ya,Ya,Ya,Ya,Ya,700000
Kabupaten Probolinggo,Campur,Kecamatan Kanigaran,0.0,Tidak,Ya,Ya,Ya,Ya,Ya,500000
Kabupaten Probolinggo,Campur,Kecamatan Wonoasih,0.0,Tidak,Ya,Ya,Tidak,Ya,Ya,700000
Kabupaten Probolinggo,Putri,Kecamatan Mayangan,0.0,Tidak,Ya,Ya,Tidak,Tidak,Ya,375000
Kabupaten Probolinggo,Campur,Kademangan,0.0,Tidak,Ya,Ya,Ya,Ya,Ya,500000
Kabupaten Probolinggo,Putra,Kanigaran,0.0,Tidak,Tidak,Ya,Tidak,Ya,Tidak,585000
Kabupaten Probolinggo,Campur,Kademangan,0.0,Ya,Ya,Ya,Ya,Ya,Ya,900000
Kabupaten Probolinggo,Putra,Kecamatan Mayangan,0.0,Tidak,Ya,Ya,Ya,Tidak,Tidak,400000
Kabupaten Probolinggo,Campur,Kecamatan Mayangan,0.0,Tidak,Ya,Ya,Tidak,Tidak,Tidak,450000
Kabupaten Probolinggo,Campur,Kecamatan Kademangan,0.0,Tidak,Ya,Ya,Ya,Ya,Tidak,600000
Kabupaten Probolinggo,Putri,Kecamatan Kanigaran,0.0,Tidak,Ya,Ya,Tidak,Tidak,Ya,375000
Kabupaten Probolinggo,Campur,Mayangan,0.0,Ya,Ya,Ya,Ya,Ya,Ya,1000000
Kabupaten Probolinggo,Putra,Mayangan,0.0,Ya,Tidak,Ya,Tidak,Ya,Ya,800000
Kabupaten Probolinggo,Putri,Kanigaran,0.0,Tidak,Ya,Ya,Ya,Ya,Ya,900000
Kabupaten Probolinggo,Campur,Kanigaran,0.0,Ya,Tidak,Ya,Tidak,Ya,Ya,600000
Kabupaten Probolinggo,Putra,Kanigaran,0.0,Ya,Tidak,Ya,Ya,Tidak,Ya,400000
Kabupaten Probolinggo,Putra,Kecamatan Mayangan,0.0,Tidak,Ya,Ya,Ya,Tidak,Tidak,350000
Kabupaten Probolinggo,Campur,Kademangan,0.0,Ya,Ya,Ya,Ya,Ya,Ya,900000
Kabupaten Probolinggo,Putri,Kecamatan Mayangan,0.0,Ya,Ya,Tidak,Ya,Ya,Ya,1250000
Kabupaten Probolinggo,Putri,Kecamatan Kanigaran,0.0,Tidak,Tidak,Ya,Ya,Ya,Ya,400000
Kabupaten Probolinggo,Putra,Kanigaran,0.0,Tidak,Ya,Ya,Tidak,Ya,Ya,550000
Kabupaten Probolinggo,Campur,Kanigaran,0.0,Tidak,Ya,Ya,Ya,Ya,Ya,600000
Kabupaten Probolinggo,Campur,Kanigaran,0.0,Ya,Ya,Ya,Ya,Ya,Ya,1500000
Kabupaten Probolinggo,Putri,Kecamatan Mayangan,0.0,Tidak,Tidak,Ya,Tidak,Ya,Ya,500000
Kabupaten Probolinggo,Putri,Kanigaran,0.0,Tidak,Ya,Ya,Ya,Tidak,Ya,500000
Kabupaten Probolinggo,Campur,Kecamatan Kanigaran,0.0,Tidak,Ya,Ya,Ya,Ya,Tidak,450000
Kabupaten Probolinggo,Putri,Kademangan,0.0,Tidak,Tidak,Ya,Tidak,Ya,Tidak,600000
Kabupaten Probolinggo,Campur,Kanigaran,0.0,Tidak,Ya,Ya,Tidak,Ya,Ya,550000
Kabupaten Probolinggo,Putri,Dringu,0.0,Tidak,Ya,Ya,Ya,Ya,Ya,950000
Kabupaten Probolinggo,Campur,Kecamatan Mayangan,0.0,Tidak,Tidak,Ya,Tidak,Ya,Ya,470000
Kabupaten Probolinggo,Campur,Kecamatan Mayangan,0.0,Ya,Ya,Ya,Ya,Ya,Ya,850000
Kabupaten Probolinggo,Putra,Mayangan,0.0,Ya,Tidak,Ya,Ya,Tidak,Tidak,850000
Kabupaten Probolinggo,Putra,Kanigaran,0.0,Tidak,Tidak,Ya,Tidak,Tidak,Ya,350000
Kabupaten Probolinggo,Putri,Kanigaran,4.9,Tidak,Ya,Ya,Ya,Ya,Ya,525000
Kabupaten Probolinggo,Putri,Kecamatan Mayangan,0.0,Ya,Tidak,Ya,Ya,Tidak,Ya,1100000
Kabupaten Probolinggo,Campur,Kecamatan Kedopok,0.0,Tidak,Ya,Ya,Tidak,Ya,Ya,500000
Kabupaten Probolinggo,Campur,Kademangan,0.0,Ya,Ya,Ya,Ya,Ya,Ya,900000
Kabupaten Probolinggo,Putra,Kecamatan Kanigaran,0.0,Tidak,Tidak,Ya,Tidak,Tidak,Ya,500000
Kabupaten Probolinggo,Campur,Kecamatan Kanigaran,0.0,Tidak,Ya,Ya,Ya,Ya,Tidak,500000
Kabupaten Probolinggo,Putra,Mayangan,0.0,Tidak,Tidak,Ya,Tidak,Ya,Tidak,500000
Kabupaten Probolinggo,Campur,Kanigaran,0.0,Tidak,Ya,Ya,Tidak,Tidak,Tidak,350000
Kabupaten Probolinggo,Putri,Kecamatan Kedopok,0.0,Tidak,Ya,Ya,Ya,Ya,Ya,500000
Kabupaten Probolinggo,Campur,Kademangan,0.0,Tidak,Tidak,Ya,Tidak,Ya,Tidak,450000
Kabupaten Probolinggo,Putri,Kecamatan Kanigaran,0.0,Tidak,Tidak,Ya,Tidak,Ya,Tidak,300000
Kabupaten Probolinggo,Putra,Mayangan,0.0,Ya,Ya,Ya,Ya,Tidak,Ya,300000
Kabupaten Probolinggo,Campur,Dringu,0.0,Ya,Tidak,Ya,Ya,Ya,Ya,700000
Kabupaten Probolinggo,Campur,Mayangan,0.0,Tidak,Tidak,Ya,Tidak,Ya,Tidak,800000
Kabupaten Probolinggo,Campur,Kecamatan Kanigaran,0.0,Tidak,Ya,Ya,Tidak,Ya,Ya,400000
Kabupaten Probolinggo,Campur,Kecamatan Kedopak,0.0,Tidak,Tidak,Ya,Tidak,Tidak,Tidak,600000
Kabupaten Probolinggo,Campur,Kademangan,0.0,Tidak,Tidak,Ya,Tidak,Ya,Tidak,500000
Kabupaten Probolinggo,Putri,Kecamatan Mayangan,0.0,Ya,Tidak,Ya,Ya,Ya,Ya,1300000
Kabupaten Probolinggo,Putri,Kedopok,0.0,Tidak,Ya,Ya,Ya,Ya,Ya,500000
Kabupaten Probolinggo,Campur,Mayangan,0.0,Tidak,Ya,Ya,Tidak,Ya,Tidak,500000
Kabupaten Probolinggo,Campur,Kecamatan Mayangan,0.0,Tidak,Ya,Ya,Tidak,Tidak,Ya,400000
Kabupaten Probolinggo,Putri,Kanigaran,0.0,Tidak,Ya,Ya,Tidak,Ya,Ya,375000
Kabupaten Probolinggo,Putra,Mayangan,0.0,Ya,Tidak,Ya,Ya,Ya,Ya,1200000
Kabupaten Probolinggo,Campur,Kecamatan Kanigaran,0.0,Ya,Ya,Ya,Ya,Ya,Ya,1100000
Kabupaten Probolinggo,Campur,Dringu,0.0,Ya,Tidak,Ya,Ya,Ya,Ya,650000
Kabupaten Probolinggo,Campur,Mayangan,0.0,Ya,Ya,Ya,Ya,Tidak,Ya,1000000
Kabupaten Probolinggo,Putri,Kanigaran,0.0,Ya,Tidak,Ya,Ya,Ya,Ya,800000
Kabupaten Probolinggo,Campur,Kecamatan Kanigaran,0.0,Ya,Ya,Ya,Ya,Ya,Ya,850000
Kabupaten Probolinggo,Putri,Mayangan,0.0,Tidak,Ya,Ya,Ya,Tidak,Ya,500000
Kabupaten Probolinggo,Putra,Kanigaran,0.0,Tidak,Tidak,Ya,Ya,Ya,Tidak,450000
Kabupaten Probolinggo,Campur,Mayangan,0.0,Ya,Tidak,Ya,Ya,Ya,Ya,1200000
Kabupaten Probolinggo,Campur,Kecamatan Kanigaran,0.0,Ya,Ya,Ya,Ya,Ya,Ya,950000
Kabupaten Probolinggo,Putra,Mayangan,0.0,Tidak,Ya,Tidak,Ya,Tidak,Tidak,350000
Kabupaten Probolinggo,Campur,Mayangan,0.0,Tidak,Ya,Ya,Ya,Tidak,Ya,600000
Kabupaten Probolinggo,Putri,Kanigaran,0.0,Tidak,Ya,Ya,Ya,Tidak,Ya,300000
Kabupaten Probolinggo,Putri,Dringu,0.0,Tidak,Ya,Tidak,Tidak,Tidak,Tidak,400000
Kabupaten Probolinggo,Putri,Mayangan,0.0,Tidak,Tidak,Tidak,Tidak,Tidak,Tidak,500000
Kabupaten Probolinggo,Campur,Mayangan,0.0,Tidak,Ya,Ya,Ya,Ya,Tidak,450000
Kabupaten Probolinggo,Putra,Kecamatan Mayangan,0.0,Tidak,Ya,Ya,Tidak,Ya,Ya,450000
Kabupaten Probolinggo,Putra,Kanigaran,0.0,Tidak,Tidak,Ya,Tidak,Ya,Ya,350000
Kabupaten Probolinggo,Campur,Kanigaran,0.0,Ya,Ya,Ya,Tidak,Ya,Ya,850000
Kabupaten Probolinggo,Putri,Kecamatan Mayangan,0.0,Tidak,Tidak,Ya,Ya,Ya,Ya,600000
Kabupaten Probolinggo,Campur,Mayangan,0.0,Ya,Ya,Ya,Ya,Tidak,Ya,900000
Kabupaten Probolinggo,Putra,Kecamatan Mayangan,0.0,Ya,Ya,Ya,Ya,Ya,Ya,750000
Kabupaten Probolinggo,Putra,Kecamatan Mayangan,0.0,Tidak,Tidak,Ya,Tidak,Tidak,Tidak,300000
Kabupaten Probolinggo,Campur,Kecamatan Kanigaran,5.0,Ya,Tidak,Ya,Ya,Ya,Ya,850000
Kabupaten Probolinggo,Campur,Kademangan,0.0,Tidak,Tidak,Ya,Tidak,Ya,Tidak,350000
Kabupaten Probolinggo,Campur,Kecamatan Dringu,0.0,Tidak,Ya,Ya,Tidak,Ya,Ya,250000
Kabupaten Probolinggo,Putri,Mayangan,0.0,Ya,Tidak,Ya,Ya,Ya,Ya,900000
Kabupaten Probolinggo,Putri,Kecamatan Mayangan,0.0,Tidak,Ya,Ya,Ya,Ya,Ya,650000
Kabupaten Probolinggo,Campur,Kecamatan Wonoasih,0.0,Ya,Tidak,Ya,Tidak,Ya,Ya,750000
Kabupaten Probolinggo,Campur,Kecamatan Kanigaran,0.0,Ya,Tidak,Ya,Tidak,Ya,Tidak,450000
Kabupaten Probolinggo,Campur,Mayangan,0.0,Ya,Tidak,Ya,Tidak,Ya,Tidak,800000
Kabupaten Probolinggo,Campur,Kecamatan Kanigaran,5.0,Ya,Ya,Ya,Ya,Ya,Ya,1200000
Kabupaten Probolinggo,Campur,Mayangan,0.0,Tidak,Ya,Ya,Ya,Ya,Tidak,550000
Kabupaten Probolinggo,Campur,Mayangan,0.0,Tidak,Ya,Ya,Tidak,Ya,Ya,650000
Kabupaten Probolinggo,Campur,Kecamatan Kanigaran,0.0,Tidak,Ya,Ya,Ya,Ya,Ya,500000
Kabupaten Probolinggo,Campur,Kecamatan Kademangan,0.0,Tidak,Ya,Ya,Tidak,Ya,Tidak,400000
Kabupaten Probolinggo,Putri,Kedopok,0.0,Tidak,Tidak,Ya,Tidak,Tidak,Tidak,300000
Kabupaten Probolinggo,Putri,Kedopok,0.0,Tidak,Tidak,Ya,Tidak,Ya,Tidak,500000
Kabupaten Sidoarjo,Putra,Sidoarjo,0.0,Tidak,Ya,Ya,Ya,Ya,Tidak,1000000
Kabupaten Sidoarjo,Putri,Kecamatan Candi,0.0,Ya,Tidak,Ya,Tidak,Tidak,Ya,1200000
Kabupaten Sidoarjo,Putri,Kecamatan Sidoarjo,0.0,Tidak,Tidak,Ya,Ya,Tidak,Ya,800000
Kabupaten Sidoarjo,Putra,Candi,0.0,Ya,Tidak,Ya,Ya,Ya,Ya,1350000
Kabupaten Sidoarjo,Putra,Sidoarjo,4.9,Tidak,Ya,Ya,Tidak,Tidak,Ya,500000
Kabupaten Sidoarjo,Putri,Sidoarjo,0.0,Ya,Ya,Ya,Ya,Ya,Ya,1100000
Kabupaten Sidoarjo,Putra,Sidoarjo,0.0,Tidak,Tidak,Ya,Ya,Ya,Tidak,1000000
Kabupaten Sidoarjo,Campur,Kecamatan Sidoarjo,0.0,Tidak,Ya,Ya,Tidak,Ya,Ya,1300000
Kabupaten Sidoarjo,Putra,Candi,0.0,Ya,Tidak,Ya,Ya,Ya,Ya,1200000
Kabupaten Sidoarjo,Campur,Sidoarjo,0.0,Ya,Ya,Ya,Ya,Ya,Ya,1350000
Kabupaten Sidoarjo,Putra,Kecamatan Sidoarjo,0.0,Tidak,Ya,Ya,Ya,Ya,Ya,700000
Kabupaten Sidoarjo,Campur,Sidoarjo,0.0,Ya,Ya,Ya,Ya,Ya,Ya,1200000
Kabupaten Sidoarjo,Putra,Candi,0.0,Tidak,Tidak,Ya,Ya,Ya,Ya,1100000
Kabupaten Sidoarjo,Putra,Sidoarjo,0.0,Ya,Ya,Ya,Ya,Ya,Ya,900000
Kabupaten Sidoarjo,Putri,Sidoarjo,0.0,Ya,Ya,Ya,Ya,Ya,Ya,1300000
Kabupaten Sidoarjo,Campur,Kecamatan Sidoarjo,4.6,Ya,Ya,Ya,Tidak,Ya,Ya,1500000
Kabupaten Sidoarjo,Putri,Sidoarjo,0.0,Ya,Ya,Ya,Ya,Ya,Ya,1150000
Kabupaten Sidoarjo,Campur,Kecamatan Sidoarjo,5.0,Ya,Ya,Ya,Ya,Ya,Ya,1550000
Kabupaten Sidoarjo,Campur,Sidoarjo,0.0,Ya,Ya,Ya,Ya,Ya,Ya,1000000
Kabupaten Sidoarjo,Campur,Sidoarjo,0.0,Ya,Ya,Ya,Ya,Ya,Ya,1350000
Kabupaten Sidoarjo,Campur,Sidoarjo,5.0,Ya,Ya,Ya,Ya,Ya,Ya,1550000
Kabupaten Sidoarjo,Campur,Sidoarjo,0.0,Ya,Ya,Ya,Ya,Ya,Ya,1300000
Kabupaten Sidoarjo,Campur,Sidoarjo,0.0,Ya,Ya,Ya,Ya,Ya,Ya,1750000
Kabupaten Sidoarjo,Putri,Sidoarjo,0.0,Tidak,Tidak,Ya,Tidak,Tidak,Ya,375000
Kabupaten Sidoarjo,Putri,Sidoarjo,0.0,Tidak,Tidak,Ya,Tidak,Ya,Ya,850000
Kabupaten Sidoarjo,Putri,Kecamatan Sidoarjo,0.0,Ya,Tidak,Ya,Ya,Ya,Ya,1100000
Kabupaten Sidoarjo,Putri,Sidoarjo,0.0,Tidak,Ya,Ya,Ya,Ya,Ya,850000
Kabupaten Sidoarjo,Campur,Sidoarjo,0.0,Ya,Tidak,Ya,Ya,Ya,Ya,1850000
Kabupaten Sidoarjo,Putri,Kecamatan Sidoarjo,0.0,Tidak,Ya,Ya,Ya,Ya,Ya,950000
Kabupaten Sidoarjo,Putri,Sidoarjo,0.0,Tidak,Ya,Ya,Ya,Ya,Ya,1100000
Kabupaten Sidoarjo,Campur,Kecamatan Sidoarjo,0.0,Ya,Tidak,Ya,Ya,Ya,Ya,1500000
Kabupaten Sidoarjo,Campur,Kecamatan Sidoarjo,0.0,Ya,Tidak,Ya,Ya,Ya,Tidak,1400000
Kabupaten Sidoarjo,Putri,Sidoarjo,4.0,Tidak,Ya,Ya,Ya,Ya,Ya,800000
Kabupaten Sidoarjo,Campur,Sidoarjo,0.0,Ya,Tidak,Ya,Ya,Ya,Ya,1250000
Kabupaten Sidoarjo,Campur,Sidoarjo,0.0,Ya,Ya,Ya,Ya,Ya,Ya,1350000
Kabupaten Sidoarjo,Putri,Kecamatan Sidoarjo,0.0,Ya,Tidak,Ya,Ya,Ya,Ya,1600000
Kabupaten Sidoarjo,Putri,Sidoarjo,0.0,Tidak,Ya,Ya,Ya,Tidak,Ya,800000
Kabupaten Sidoarjo,Campur,Sidoarjo,0.0,Ya,Ya,Ya,Tidak,Ya,Ya,1000000
Kabupaten Sidoarjo,Putra,Sidoarjo,0.0,Ya,Tidak,Ya,Ya,Ya,Ya,950000
Kabupaten Sidoarjo,Campur,Kecamatan Sidoarjo,0.0,Tidak,Ya,Ya,Ya,Ya,Tidak,550000
Kabupaten Sidoarjo,Putri,Sidoarjo,0.0,Ya,Ya,Ya,Tidak,Ya,Ya,1050000
Kabupaten Sidoarjo,Putri,Sidoarjo,0.0,Tidak,Ya,Ya,Ya,Tidak,Ya,850000
Kabupaten Sidoarjo,Campur,Kecamatan Sidoarjo,0.0,Ya,Ya,Ya,Ya,Ya,Ya,1250000
Kabupaten Sidoarjo,Campur,Kecamatan Sidoarjo,0.0,Tidak,Tidak,Ya,Ya,Ya,Ya,800000
Kabupaten Sidoarjo,Campur,Sidoarjo,0.0,Ya,Tidak,Ya,Ya,Ya,Ya,1700000
Kabupaten Sidoarjo,Putra,Sidoarjo,5.0,Tidak,Ya,Ya,Ya,Tidak,Ya,650000
Kabupaten Sidoarjo,Campur,Kecamatan Sidoarjo,0.0,Tidak,Ya,Ya,Ya,Ya,Ya,1350000
Kabupaten Sidoarjo,Campur,Kecamatan Sidoarjo,0.0,Tidak,Ya,Ya,Ya,Ya,Ya,1650000
Kabupaten Sidoarjo,Campur,Kecamatan Sidoarjo,0.0,Ya,Tidak,Ya,Ya,Ya,Ya,1850000
Kabupaten Sidoarjo,Putra,Kecamatan Sidoarjo,0.0,Ya,Ya,Ya,Ya,Ya,Ya,950000
Kabupaten Sidoarjo,Putri,Kecamatan Sidoarjo,0.0,Ya,Tidak,Ya,Ya,Ya,Ya,1700000
Kabupaten Sidoarjo,Campur,Sidoarjo,0.0,Ya,Tidak,Ya,Ya,Ya,Ya,1050000
Kabupaten Sidoarjo,Putri,Kecamatan Buduran,0.0,Tidak,Ya,Ya,Ya,Ya,Ya,950000
Kabupaten Sidoarjo,Campur,Kecamatan Sidoarjo,0.0,Ya,Tidak,Ya,Ya,Ya,Ya,1850000
Kabupaten Sidoarjo,Campur,Sidoarjo,0.0,Ya,Tidak,Ya,Ya,Ya,Ya,1100000
Kabupaten Sidoarjo,Campur,Kecamatan Sidoarjo,0.0,Ya,Ya,Ya,Ya,Tidak,Tidak,1850000
Kabupaten Sidoarjo,Campur,Sidoarjo,0.0,Ya,Tidak,Ya,Ya,Ya,Ya,1450000
Kabupaten Sidoarjo,Putri,Sidoarjo,0.0,Tidak,Tidak,Ya,Ya,Tidak,Tidak,350000
Kabupaten Sidoarjo,Campur,Sidoarjo,0.0,Ya,Tidak,Ya,Ya,Ya,Ya,1800000
Kabupaten Sidoarjo,Campur,Sidoarjo,0.0,Tidak,Ya,Ya,Ya,Ya,Ya,700000
Kabupaten Sidoarjo,Campur,Sidoarjo,0.0,Tidak,Tidak,Ya,Ya,Ya,Ya,850000
Kabupaten Sidoarjo,Putra,Kecamatan Sidoarjo,0.0,Ya,Ya,Ya,Ya,Tidak,Ya,875000
Kabupaten Sidoarjo,Putri,Sidoarjo,0.0,Ya,Ya,Ya,Ya,Ya,Ya,1300000
Kabupaten Sidoarjo,Campur,Sidoarjo,0.0,Tidak,Ya,Ya,Tidak,Ya,Ya,600000
Kabupaten Sidoarjo,Putra,Sidoarjo,0.0,Tidak,Ya,Ya,Tidak,Tidak,Ya,500000
Kabupaten Sidoarjo,Putri,Kecamatan Sidoarjo,0.0,Ya,Ya,Ya,Tidak,Ya,Ya,650000
Kabupaten Sidoarjo,Campur,Sidoarjo,0.0,Ya,Ya,Ya,Ya,Ya,Ya,500000
Kabupaten Sidoarjo,Campur,Kecamatan Sidoarjo,0.0,Tidak,Ya,Ya,Tidak,Ya,Ya,500000
Kabupaten Sidoarjo,Putri,Buduran,5.0,Tidak,Ya,Ya,Tidak,Ya,Ya,700000
Kabupaten Sidoarjo,Campur,Sidoarjo,0.0,Tidak,Ya,Ya,Ya,Ya,Ya,350000
Kabupaten Sidoarjo,Putri,Sidoarjo,0.0,Ya,Ya,Ya,Ya,Tidak,Ya,800000
Kabupaten Sidoarjo,Campur,Sidoarjo,0.0,Ya,Tidak,Ya,Ya,Ya,Ya,1000000
Kabupaten Sidoarjo,Putri,Sidoarjo,0.0,Tidak,Tidak,Ya,Tidak,Tidak,Ya,600000
Kabupaten Sidoarjo,Campur,Kecamatan Sidoarjo,0.0,Tidak,Ya,Ya,Ya,Ya,Ya,900000
Kabupaten Sidoarjo,Campur,Sidoarjo,0.0,Ya,Ya,Ya,Ya,Ya,Tidak,1000000
Kabupaten Sidoarjo,Campur,Sidoarjo,0.0,Tidak,Tidak,Ya,Ya,Ya,Ya,750000
Kabupaten Sidoarjo,Putri,Buduran,0.0,Ya,Ya,Ya,Ya,Tidak,Ya,1250000
Kabupaten Sidoarjo,Putri,Sidoarjo,0.0,Ya,Ya,Ya,Ya,Tidak,Ya,750000
Kabupaten Sidoarjo,Putri,Sidoarjo,0.0,Ya,Tidak,Ya,Ya,Ya,Ya,1250000
Kabupaten Sidoarjo,Putri,Sidoarjo,5.0,Tidak,Tidak,Ya,Tidak,Tidak,Ya,450000
Kabupaten Sidoarjo,Putri,Kecamatan Sidoarjo,0.0,Tidak,Ya,Ya,Tidak,Ya,Ya,785000
Kabupaten Sidoarjo,Campur,Sidoarjo,0.0,Tidak,Tidak,Ya,Tidak,Ya,Ya,450000
Kabupaten Sidoarjo,Putri,Buduran,0.0,Tidak,Ya,Ya,Ya,Tidak,Tidak,700000
Kabupaten Sidoarjo,Campur,Sidoarjo,0.0,Ya,Ya,Ya,Ya,Ya,Ya,1200000
Kabupaten Sidoarjo,Putra,Kecamatan Sidoarjo,0.0,Tidak,Ya,Ya,Tidak,Tidak,Ya,435000
Kabupaten Sidoarjo,Campur,Buduran,0.0,Tidak,Ya,Ya,Ya,Ya,Ya,800000
Kabupaten Sidoarjo,Putri,Kecamatan Sidoarjo,0.0,Ya,Ya,Ya,Ya,Ya,Ya,1250000
Kabupaten Sidoarjo,Campur,Buduran,0.0,Tidak,Ya,Ya,Ya,Ya,Ya,800000
Kabupaten Sidoarjo,Campur,Sidoarjo,0.0,Tidak,Tidak,Ya,Tidak,Ya,Ya,500000
Kabupaten Sidoarjo,Putri,Sidoarjo,0.0,Tidak,Ya,Ya,Tidak,Tidak,Ya,625000
Kabupaten Sidoarjo,Putri,Sidoarjo,0.0,Tidak,Ya,Ya,Tidak,Tidak,Ya,595000
Kabupaten Sidoarjo,Putri,Kecamatan Sidoarjo,0.0,Tidak,Ya,Ya,Ya,Ya,Tidak,600000
Kabupaten Sidoarjo,Putri,Sidoarjo,0.0,Tidak,Tidak,Ya,Tidak,Tidak,Tidak,525000
Kabupaten Sidoarjo,Putra,Sidoarjo,0.0,Ya,Tidak,Ya,Ya,Ya,Ya,800000
Kabupaten Sidoarjo,Putri,Buduran,0.0,Tidak,Ya,Ya,Ya,Tidak,Tidak,650000
Kabupaten Sidoarjo,Campur,Sidoarjo,0.0,Tidak,Ya,Ya,Tidak,Tidak,Tidak,450000
Kabupaten Sidoarjo,Putra,Sidoarjo,0.0,Tidak,Ya,Ya,Tidak,Tidak,Ya,400000
Kabupaten Sidoarjo,Campur,Kecamatan Buduran,0.0,Ya,Ya,Ya,Ya,Ya,Ya,1500000
Kabupaten Sidoarjo,Campur,Sidoarjo,0.0,Ya,Ya,Ya,Ya,Ya,Ya,1350000
Kabupaten Sidoarjo,Putra,Sidoarjo,0.0,Ya,Tidak,Ya,Tidak,Ya,Ya,1000000
Kabupaten Sidoarjo,Campur,Buduran,0.0,Tidak,Tidak,Ya,Tidak,Ya,Tidak,450000
Kabupaten Sidoarjo,Putri,Sidoarjo,0.0,Tidak,Ya,Ya,Ya,Tidak,Ya,650000
Kabupaten Sidoarjo,Putri,Sidoarjo,0.0,Tidak,Tidak,Ya,Ya,Tidak,Ya,550000
Kabupaten Sidoarjo,Campur,Kecamatan Sidoarjo,0.0,Ya,Tidak,Ya,Ya,Ya,Tidak,1500000
Kabupaten Sidoarjo,Putri,Sidoarjo,0.0,Ya,Ya,Ya,Ya,Ya,Ya,1200000
Kabupaten Sidoarjo,Campur,Sidoarjo,0.0,Ya,Ya,Ya,Ya,Ya,Ya,1000000
Kabupaten Sidoarjo,Putri,Sidoarjo,0.0,Ya,Tidak,Ya,Ya,Tidak,Ya,1100000
Kabupaten Sidoarjo,Putri,Sidoarjo,0.0,Ya,Ya,Ya,Ya,Ya,Ya,900000
Kabupaten Sidoarjo,Putri,Sidoarjo,4.9,Tidak,Ya,Ya,Tidak,Ya,Ya,400000
Kabupaten Sidoarjo,Putri,Sidoarjo,0.0,Ya,Ya,Ya,Ya,Ya,Ya,1200000
Kabupaten Sidoarjo,Campur,Sidoarjo,0.0,Tidak,Ya,Ya,Tidak,Ya,Ya,500000
Kabupaten Sidoarjo,Putri,Sidoarjo,0.0,Ya,Ya,Ya,Ya,Tidak,Ya,950000
Kabupaten Sidoarjo,Campur,Kecamatan Buduran,0.0,Ya,Ya,Ya,Ya,Ya,Ya,1100000
Kabupaten Sidoarjo,Campur,Kecamatan Sidoarjo,0.0,Ya,Ya,Ya,Ya,Ya,Ya,1100000
Kabupaten Sidoarjo,Campur,Kecamatan Sidoarjo,0.0,Ya,Ya,Ya,Ya,Ya,Ya,1100000
Kabupaten Sidoarjo,Putri,Sidoarjo,0.0,Ya,Ya,Ya,Ya,Tidak,Ya,950000
Kabupaten Sidoarjo,Putra,Kecamatan Sidoarjo,1.6,Tidak,Ya,Ya,Tidak,Tidak,Ya,400000
Kabupaten Sidoarjo,Putri,Sidoarjo,5.0,Tidak,Tidak,Ya,Tidak,Ya,Ya,1000000
Kabupaten Sidoarjo,Putri,Sidoarjo,0.0,Tidak,Ya,Ya,Ya,Ya,Ya,650000
Kabupaten Sidoarjo,Putri,Kecamatan Sidoarjo,0.0,Tidak,Ya,Ya,Tidak,Tidak,Tidak,600000
Kabupaten Sidoarjo,Putri,Sidoarjo,0.0,Tidak,Ya,Tidak,Ya,Tidak,Ya,550000
Kabupaten Sidoarjo,Campur,Sidoarjo,0.0,Ya,Ya,Ya,Tidak,Ya,Ya,1100000
Kabupaten Sidoarjo,Putri,Sidoarjo,0.0,Ya,Tidak,Ya,Ya,Ya,Ya,1300000
Kabupaten Sidoarjo,Campur,Candi,0.0,Tidak,Ya,Ya,Tidak,Ya,Tidak,675000
Kabupaten Sidoarjo,Putri,Sidoarjo,0.0,Tidak,Ya,Ya,Tidak,Ya,Ya,550000
Kabupaten Sidoarjo,Campur,Kecamatan Buduran,0.0,Ya,Ya,Ya,Tidak,Ya,Ya,975000
Kabupaten Sidoarjo,Putri,Kecamatan Sidoarjo,0.0,Ya,Ya,Ya,Ya,Ya,Ya,1300000
Kabupaten Sidoarjo,Putri,Sidoarjo,0.0,Tidak,Tidak,Ya,Tidak,Tidak,Ya,400000
Kabupaten Sidoarjo,Putri,Sidoarjo,0.0,Ya,Tidak,Ya,Ya,Ya,Ya,1200000
Kabupaten Sidoarjo,Campur,Sidoarjo,0.0,Ya,Tidak,Ya,Ya,Ya,Ya,1250000
Kabupaten Sidoarjo,Campur,Sidoarjo,0.0,Ya,Ya,Ya,Tidak,Ya,Ya,875000
Kabupaten Sidoarjo,Campur,Sidoarjo,0.0,Ya,Ya,Ya,Ya,Ya,Ya,1500000
Kabupaten Sidoarjo,Putri,Kecamatan Sidoarjo,0.0,Tidak,Tidak,Ya,Ya,Ya,Ya,599999
Kabupaten Sidoarjo,Putri,Sidoarjo,0.0,Tidak,Ya,Ya,Ya,Ya,Ya,750000
Kabupaten Sidoarjo,Putri,Sidoarjo,0.0,Tidak,Ya,Ya,Tidak,Tidak,Ya,600000
Kabupaten Sidoarjo,Campur,Kecamatan Sidoarjo,0.0,Ya,Ya,Ya,Tidak,Ya,Ya,1100000
Kabupaten Sidoarjo,Putri,Sidoarjo,0.0,Tidak,Ya,Ya,Tidak,Tidak,Ya,550000
Kabupaten Sidoarjo,Putra,Kecamatan Sidoarjo,0.0,Ya,Tidak,Ya,Ya,Ya,Ya,1100000
Kabupaten Sidoarjo,Putri,Sidoarjo,0.0,Tidak,Tidak,Ya,Ya,Ya,Tidak,800000
Kabupaten Sidoarjo,Campur,Kecamatan Sidoarjo,0.0,Ya,Ya,Ya,Ya,Ya,Ya,1500000
Kabupaten Sidoarjo,Putri,Kecamatan Sidoarjo,0.0,Ya,Ya,Ya,Tidak,Ya,Ya,400000
Kabupaten Sidoarjo,Putri,Kecamatan Buduran,0.0,Tidak,Ya,Ya,Ya,Ya,Ya,750000
Kabupaten Sidoarjo,Putri,Sidoarjo,0.0,Ya,Ya,Ya,Ya,Ya,Ya,1300000
Kabupaten Sidoarjo,Campur,Candi,0.0,Tidak,Ya,Ya,Tidak,Ya,Tidak,850000
Kabupaten Sidoarjo,Putra,Sidoarjo,0.0,Tidak,Tidak,Ya,Tidak,Tidak,Tidak,500000
Kabupaten Sidoarjo,Campur,Kecamatan Sidoarjo,0.0,Ya,Tidak,Ya,Ya,Ya,Ya,1000000
Kabupaten Sidoarjo,Putri,Sidoarjo,5.0,Ya,Ya,Ya,Ya,Ya,Ya,1250000
Kabupaten Sidoarjo,Campur,Sidoarjo,5.0,Ya,Ya,Ya,Ya,Tidak,Tidak,950000
Kabupaten Sidoarjo,Putri,Sidoarjo,5.0,Ya,Tidak,Ya,Ya,Ya,Ya,1100000
Kabupaten Sidoarjo,Campur,Sidoarjo,0.0,Tidak,Ya,Ya,Ya,Ya,Ya,1050000
Kabupaten Sidoarjo,Campur,Kecamatan Sidoarjo,0.0,Ya,Ya,Ya,Ya,Ya,Ya,1650000
Kabupaten Sidoarjo,Campur,Sidoarjo,0.0,Tidak,Ya,Ya,Tidak,Ya,Tidak,700000
Kabupaten Sidoarjo,Campur,Sidoarjo,0.0,Ya,Tidak,Ya,Ya,Ya,Ya,1300000
Kabupaten Sidoarjo,Campur,Kecamatan Sidoarjo,0.0,Ya,Ya,Ya,Tidak,Ya,Ya,1000000
Kabupaten Sidoarjo,Campur,Kecamatan Candi,0.0,Ya,Ya,Ya,Ya,Ya,Ya,1400000
Kabupaten Sidoarjo,Campur,Buduran,0.0,Tidak,Ya,Ya,Tidak,Ya,Ya,715000
Kabupaten Sidoarjo,Putri,Kecamatan Sidoarjo,0.0,Tidak,Ya,Ya,Ya,Ya,Ya,750000
Kabupaten Sidoarjo,Putri,Kecamatan Sidoarjo,0.0,Tidak,Tidak,Ya,Ya,Tidak,Ya,650000
Kabupaten Sidoarjo,Campur,Sidoarjo,0.0,Ya,Ya,Tidak,Tidak,Ya,Ya,1500000
Kabupaten Sidoarjo,Putri,Kecamatan Sidoarjo,0.0,Ya,Tidak,Ya,Ya,Ya,Ya,1750000
Kabupaten Sidoarjo,Campur,Sidoarjo,0.0,Ya,Ya,Ya,Ya,Ya,Ya,900000
Kabupaten Sidoarjo,Campur,Sidoarjo,0.0,Ya,Ya,Ya,Tidak,Ya,Ya,900000
Kabupaten Sidoarjo,Campur,Sidoarjo,4.9,Tidak,Ya,Ya,Ya,Ya,Ya,750000
Kabupaten Sidoarjo,Campur,Sidoarjo,0.0,Ya,Ya,Ya,Ya,Ya,Ya,1200000
Kabupaten Sidoarjo,Putri,Sidoarjo,4.9,Tidak,Ya,Ya,Ya,Tidak,Ya,500000
Kabupaten Sidoarjo,Campur,Sidoarjo,0.0,Tidak,Tidak,Ya,Ya,Tidak,Tidak,300000
Kabupaten Sidoarjo,Putri,Kecamatan Sidoarjo,0.0,Tidak,Ya,Ya,Ya,Tidak,Ya,450000
Kabupaten Sidoarjo,Putri,Sidoarjo,0.0,Tidak,Ya,Ya,Tidak,Tidak,Tidak,600000
Kabupaten Sidoarjo,Campur,Buduran,0.0,Ya,Tidak,Ya,Tidak,Ya,Ya,1500000
Kabupaten Sidoarjo,Putri,Kecamatan Sidoarjo,0.0,Ya,Tidak,Ya,Ya,Ya,Ya,1600000
Kabupaten Sidoarjo,Campur,Kecamatan Sidoarjo,0.0,Tidak,Ya,Ya,Tidak,Tidak,Tidak,350000
Kabupaten Sidoarjo,Putri,Sidoarjo,0.0,Tidak,Ya,Ya,Ya,Tidak,Ya,650000
Kabupaten Sidoarjo,Putra,Kecamatan Sidoarjo,0.0,Ya,Tidak,Ya,Ya,Ya,Ya,850000
Kabupaten Sidoarjo,Putri,Sidoarjo,0.0,Ya,Tidak,Ya,Ya,Tidak,Tidak,1250000
Kabupaten Sidoarjo,Putri,Sidoarjo,0.0,Tidak,Tidak,Ya,Ya,Ya,Tidak,750000
Kabupaten Sidoarjo,Campur,Sidoarjo,0.0,Ya,Tidak,Ya,Tidak,Tidak,Tidak,1250000
Kabupaten Sidoarjo,Campur,Buduran,0.0,Ya,Tidak,Ya,Ya,Ya,Ya,1500000
Kabupaten Sidoarjo,Putri,Sidoarjo,0.0,Tidak,Tidak,Ya,Ya,Ya,Ya,750000
Kabupaten Sidoarjo,Putri,Sidoarjo,4.9,Tidak,Ya,Ya,Ya,Tidak,Ya,435000
Kabupaten Sidoarjo,Campur,Kecamatan Sidoarjo,0.0,Ya,Ya,Ya,Ya,Ya,Ya,900000
Kabupaten Sidoarjo,Putri,Kecamatan Sidoarjo,0.0,Ya,Ya,Ya,Ya,Ya,Ya,1300000
Kabupaten Sidoarjo,Putri,Sidoarjo,0.0,Tidak,Tidak,Ya,Ya,Tidak,Tidak,500000
Kabupaten Sidoarjo,Putri,Kecamatan Sidoarjo,0.0,Ya,Ya,Ya,Tidak,Tidak,Ya,800000
Kabupaten Sidoarjo,Putri,Sidoarjo,0.0,Ya,Ya,Ya,Ya,Ya,Ya,1300000
Kabupaten Sidoarjo,Campur,Sidoarjo,0.0,Ya,Tidak,Ya,Tidak,Tidak,Tidak,1600000
Kabupaten Sidoarjo,Putra,Kecamatan Sidoarjo,5.0,Ya,Ya,Ya,Tidak,Ya,Ya,950000
Kabupaten Sidoarjo,Putri,Kecamatan Sidoarjo,0.0,Tidak,Tidak,Ya,Ya,Ya,Ya,700000
Kabupaten Sidoarjo,Campur,Kecamatan Sidoarjo,0.0,Ya,Ya,Ya,Ya,Tidak,Tidak,1200000
Kabupaten Sidoarjo,Putri,Sidoarjo,0.0,Ya,Ya,Ya,Ya,Tidak,Ya,1160000
Kabupaten Sidoarjo,Campur,Kecamatan Sidoarjo,0.0,Tidak,Tidak,Ya,Tidak,Ya,Tidak,750000
Kabupaten Sidoarjo,Putri,Kecamatan Sidoarjo,0.0,Ya,Ya,Ya,Ya,Ya,Ya,1300000
Kabupaten Sidoarjo,Putri,Sidoarjo,0.0,Tidak,Tidak,Tidak,Ya,Tidak,Tidak,400000
Kabupaten Sidoarjo,Putri,Sidoarjo,0.0,Tidak,Ya,Ya,Tidak,Tidak,Ya,425000
Kabupaten Sidoarjo,Putra,Sidoarjo,0.0,Ya,Ya,Ya,Ya,Tidak,Ya,750000
Kabupaten Sidoarjo,Putra,Kecamatan Sidoarjo,0.0,Tidak,Tidak,Ya,Tidak,Ya,Tidak,450000
Kabupaten Sidoarjo,Putri,Kecamatan Sidoarjo,0.0,Ya,Tidak,Tidak,Tidak,Ya,Ya,1300000
Kabupaten Sidoarjo,Campur,Buduran,0.0,Ya,Tidak,Ya,Ya,Ya,Ya,1800000
Kabupaten Sidoarjo,Campur,Buduran,0.0,Tidak,Ya,Ya,Tidak,Tidak,Ya,650000
Kabupaten Sidoarjo,Campur,Kecamatan Buduran,0.0,Ya,Ya,Ya,Ya,Ya,Ya,1500000
Kabupaten Sidoarjo,Putri,Buduran,0.0,Tidak,Tidak,Ya,Ya,Ya,Ya,1000000
Kabupaten Sidoarjo,Putri,Kecamatan Sidoarjo,0.0,Ya,Ya,Ya,Ya,Tidak,Ya,1100000
Kabupaten Sidoarjo,Putri,Kecamatan Sidoarjo,0.0,Tidak,Ya,Ya,Tidak,Ya,Ya,822500
Kabupaten Sidoarjo,Putri,Kecamatan Sidoarjo,0.0,Tidak,Tidak,Ya,Ya,Tidak,Ya,1600000
Kabupaten Sidoarjo,Putri,Kecamatan Sidoarjo,0.0,Ya,Ya,Ya,Ya,Tidak,Ya,1500000
Kabupaten Sidoarjo,Putri,Kecamatan Candi,0.0,Tidak,Tidak,Ya,Ya,Ya,Ya,400000
Kabupaten Sidoarjo,Putri,Sidoarjo,0.0,Tidak,Ya,Ya,Ya,Ya,Ya,1100000
Kabupaten Sidoarjo,Campur,Kecamatan Sidoarjo,0.0,Tidak,Ya,Ya,Tidak,Tidak,Ya,650000
Kabupaten Sidoarjo,Putri,Sidoarjo,0.0,Tidak,Ya,Ya,Ya,Ya,Ya,800000
Kabupaten Sidoarjo,Putri,Kecamatan Sidoarjo,0.0,Ya,Ya,Ya,Tidak,Tidak,Ya,1000000
Kabupaten Sidoarjo,Putri,Sidoarjo,0.0,Tidak,Tidak,Ya,Tidak,Ya,Tidak,750000
Kabupaten Sidoarjo,Campur,Kecamatan Sidoarjo,0.0,Ya,Ya,Ya,Tidak,Ya,Ya,1000000
Kabupaten Sidoarjo,Campur,Candi,0.0,Ya,Ya,Ya,Tidak,Ya,Ya,800000
Kabupaten Sidoarjo,Campur,Kecamatan Sidoarjo,0.0,Tidak,Tidak,Ya,Ya,Ya,Tidak,650000
Kabupaten Sidoarjo,Campur,Candi,0.0,Tidak,Ya,Ya,Tidak,Ya,Tidak,500000
Kabupaten Sidoarjo,Putri,Kecamatan Sidoarjo,0.0,Ya,Ya,Ya,Ya,Ya,Ya,1300000
Kabupaten Sidoarjo,Putri,Sidoarjo,0.0,Ya,Ya,Ya,Ya,Ya,Ya,1800000
Kabupaten Sidoarjo,Putra,Kecamatan Sidoarjo,0.0,Ya,Tidak,Ya,Ya,Ya,Ya,1350000
Kabupaten Sidoarjo,Campur,Sidoarjo,0.0,Ya,Ya,Ya,Ya,Ya,Tidak,1100000
Kabupaten Sidoarjo,Putri,Kecamatan Buduran,0.0,Tidak,Ya,Ya,Tidak,Ya,Ya,585000
Kabupaten Sidoarjo,Campur,Kecamatan Buduran,0.0,Tidak,Ya,Tidak,Tidak,Ya,Tidak,750000
Kabupaten Sidoarjo,Putri,Kecamatan Sidoarjo,0.0,Ya,Tidak,Ya,Ya,Tidak,Ya,1100000
Kabupaten Sidoarjo,Putra,Kecamatan Sidoarjo,0.0,Ya,Ya,Ya,Ya,Ya,Ya,1200000
Kabupaten Sidoarjo,Putri,Sidoarjo,0.0,Tidak,Ya,Ya,Tidak,Tidak,Ya,403000
Kabupaten Sidoarjo,Putri,Kecamatan Sidoarjo,0.0,Ya,Tidak,Ya,Ya,Ya,Ya,1100000
Kabupaten Situbondo,Campur,Situbondo,0.0,Tidak,Ya,Ya,Tidak,Ya,Ya,400000
Kabupaten Situbondo,Putra,Situbondo,5.0,Tidak,Ya,Ya,Tidak,Ya,Tidak,300000
Kabupaten Situbondo,Campur,Kecamatan Panji,4.5,Ya,Ya,Ya,Ya,Ya,Ya,750000
Kabupaten Situbondo,Putra,Kecamatan Panji,0.0,Tidak,Ya,Ya,Ya,Ya,Ya,550000
Kabupaten Situbondo,Putri,Kecamatan Situbondo,0.0,Ya,Ya,Ya,Tidak,Ya,Ya,700000
Kabupaten Situbondo,Putri,Kecamatan Panji,0.0,Ya,Tidak,Ya,Ya,Ya,Ya,1000001
Kabupaten Situbondo,Campur,Situbondo,0.0,Tidak,Ya,Ya,Ya,Ya,Tidak,500000
Kabupaten Situbondo,Campur,Panarukan,0.0,Ya,Ya,Ya,Tidak,Ya,Ya,700000
Kabupaten Situbondo,Campur,Kecamatan Panji,0.0,Ya,Ya,Ya,Ya,Ya,Ya,700000
Kabupaten Situbondo,Putra,Kecamatan Panji,0.0,Tidak,Tidak,Ya,Tidak,Ya,Tidak,500000
Kabupaten Situbondo,Campur,Kecamatan Situbondo,0.0,Tidak,Tidak,Tidak,Tidak,Ya,Ya,500000
Kabupaten Situbondo,Putri,Kecamatan Situbondo,0.0,Tidak,Ya,Ya,Tidak,Tidak,Tidak,400000
Kabupaten Situbondo,Campur,Kecamatan Panji,0.0,Tidak,Ya,Ya,Ya,Ya,Ya,700000
Kabupaten Situbondo,Putri,Situbondo,0.0,Tidak,Ya,Ya,Tidak,Tidak,Ya,400000
Kabupaten Situbondo,Campur,Situbondo,0.0,Ya,Ya,Ya,Ya,Ya,Tidak,800000
Kabupaten Situbondo,Putra,Kecamatan Situbondo,0.0,Tidak,Ya,Ya,Ya,Ya,Ya,350000
Kabupaten Situbondo,Putri,Kecamatan Situbondo,0.0,Tidak,Tidak,Ya,Tidak,Tidak,Ya,350000
Kabupaten Situbondo,Campur,Kecamatan Situbondo,0.0,Tidak,Tidak,Ya,Tidak,Ya,Ya,400000
Kabupaten Situbondo,Putri,Situbondo,0.0,Tidak,Ya,Ya,Tidak,Tidak,Ya,350000
Kabupaten Situbondo,Campur,Kecamatan Situbondo,0.0,Tidak,Tidak,Ya,Tidak,Ya,Tidak,850000
Kabupaten Situbondo,Putri,Kecamatan Situbondo,0.0,Tidak,Ya,Ya,Tidak,Ya,Ya,500000
Kabupaten Situbondo,Putra,Kecamatan Situbondo,0.0,Ya,Ya,Ya,Ya,Ya,Ya,750000
Kabupaten Situbondo,Putri,Panji,0.0,Tidak,Tidak,Ya,Ya,Tidak,Ya,700000
Kabupaten Situbondo,Putri,Kecamatan Situbondo,0.0,Tidak,Ya,Ya,Tidak,Tidak,Ya,400000
Kabupaten Situbondo,Putri,Kecamatan Panji,0.0,Ya,Tidak,Ya,Ya,Ya,Ya,750000
Kabupaten Situbondo,Putra,Panji,0.0,Tidak,Tidak,Ya,Tidak,Tidak,Tidak,350000
Kabupaten Situbondo,Putra,Kecamatan Panji,0.0,Tidak,Ya,Ya,Ya,Tidak,Ya,550000
Kabupaten Situbondo,Campur,Kecamatan Panji,0.0,Ya,Ya,Ya,Ya,Ya,Ya,1000000
Kabupaten Situbondo,Campur,Panji,0.0,Tidak,Tidak,Ya,Ya,Ya,Tidak,550000
Kabupaten Situbondo,Campur,Panji,0.0,Tidak,Tidak,Ya,Tidak,Ya,Tidak,450000
Kabupaten Situbondo,Putri,Panarukan,0.0,Ya,Ya,Tidak,Tidak,Ya,Ya,700000
Kabupaten Situbondo,Campur,Kecamatan Situbondo,0.0,Tidak,Tidak,Ya,Tidak,Ya,Tidak,550000
Kabupaten Situbondo,Campur,Kecamatan Situbondo,0.0,Tidak,Ya,Ya,Tidak,Tidak,Tidak,400000
Kabupaten Situbondo,Putra,Situbondo,0.0,Tidak,Tidak,Ya,Ya,Ya,Tidak,500000
Kabupaten Situbondo,Campur,Situbondo,0.0,Tidak,Ya,Ya,Tidak,Ya,Ya,350000
Kabupaten Situbondo,Putri,Situbondo,0.0,Tidak,Ya,Ya,Tidak,Ya,Tidak,400000
Kabupaten Situbondo,Campur,Kecamatan Panji,0.0,Tidak,Ya,Ya,Ya,Ya,Ya,500000
Kabupaten Situbondo,Putri,Situbondo,0.0,Tidak,Tidak,Ya,Tidak,Ya,Ya,600000
Kabupaten Situbondo,Campur,Kecamatan Panji,0.0,Ya,Ya,Ya,Ya,Ya,Ya,850000
Kabupaten Situbondo,Campur,Situbondo,0.0,Tidak,Ya,Ya,Tidak,Ya,Tidak,350000
Kabupaten Situbondo,Campur,Panarukan,0.0,Tidak,Tidak,Ya,Ya,Tidak,Ya,360000
Kabupaten Situbondo,Campur,Situbondo,0.0,Tidak,Tidak,Ya,Tidak,Tidak,Tidak,350000
Kabupaten Situbondo,Campur,Panji,0.0,Tidak,Tidak,Ya,Tidak,Ya,Tidak,350000
Kabupaten Situbondo,Campur,Kecamatan Panji,0.0,Tidak,Ya,Ya,Tidak,Ya,Ya,500000
Kabupaten Situbondo,Campur,Kecamatan Situbondo,0.0,Tidak,Ya,Ya,Ya,Tidak,Ya,300000
Kabupaten Situbondo,Putri,Kecamatan Situbondo,0.0,Tidak,Tidak,Ya,Tidak,Ya,Ya,450000
Kabupaten Situbondo,Putri,Situbondo,0.0,Ya,Tidak,Ya,Ya,Ya,Tidak,600000
Kabupaten Situbondo,Putri,Kecamatan Panarukan,0.0,Tidak,Tidak,Tidak,Ya,Tidak,Tidak,350000
Kabupaten Tuban,Campur,Tuban,0.0,Tidak,Tidak,Tidak,Tidak,Tidak,Tidak,600000
Kabupaten Tuban,Putra,Kecamatan Tuban,0.0,Tidak,Ya,Ya,Tidak,Tidak,Ya,400000
Kabupaten Tuban,Campur,Semanding,0.0,Ya,Ya,Ya,Ya,Ya,Ya,950000
Kabupaten Tuban,Campur,Kecamatan Tuban,0.0,Ya,Ya,Ya,Ya,Ya,Ya,1100000
Kabupaten Tuban,Campur,Kecamatan Semanding,0.0,Tidak,Ya,Tidak,Ya,Tidak,Tidak,900000
Kabupaten Tuban,Putra,Tuban,0.0,Tidak,Ya,Ya,Tidak,Tidak,Ya,980000
Kabupaten Tuban,Campur,Kecamatan Tuban,0.0,Ya,Ya,Ya,Ya,Ya,Ya,1100000
Kabupaten Tuban,Campur,Tuban,0.0,Tidak,Ya,Ya,Ya,Ya,Tidak,600000
Kabupaten Tuban,Putri,Kecamatan Tuban,0.0,Tidak,Ya,Ya,Tidak,Tidak,Ya,300000
Kabupaten Tuban,Campur,Kecamatan Tuban,0.0,Ya,Ya,Ya,Ya,Ya,Ya,900000
Kabupaten Tuban,Campur,Tuban,4.9,Tidak,Ya,Ya,Ya,Ya,Ya,650000
Kabupaten Tuban,Putri,Tuban,5.0,Tidak,Ya,Ya,Tidak,Tidak,Ya,350000
Kabupaten Tuban,Putra,Tuban,0.0,Tidak,Ya,Ya,Tidak,Ya,Ya,600000
Kabupaten Tuban,Campur,Tuban,0.0,Ya,Ya,Ya,Tidak,Ya,Ya,750000
Kabupaten Tuban,Campur,Kecamatan Semanding,0.0,Tidak,Ya,Ya,Ya,Ya,Tidak,700000
Kabupaten Tuban,Putri,Tuban,0.0,Tidak,Ya,Ya,Tidak,Tidak,Tidak,350000
Kabupaten Tuban,Campur,Tuban,5.0,Tidak,Tidak,Ya,Tidak,Ya,Ya,500000
Kabupaten Tuban,Campur,Tuban,0.0,Tidak,Ya,Ya,Ya,Tidak,Tidak,350000
Kabupaten Tuban,Putri,Kecamatan Tuban,0.0,Tidak,Tidak,Ya,Ya,Ya,Ya,650000
Kabupaten Tuban,Campur,Semanding,0.0,Tidak,Ya,Ya,Ya,Ya,Ya,600000
Kabupaten Tuban,Putri,Tuban,0.0,Ya,Ya,Ya,Ya,Ya,Ya,750000
Kabupaten Tuban,Putra,Semanding,0.0,Tidak,Tidak,Ya,Tidak,Ya,Ya,450000
Kabupaten Tuban,Putri,Semanding,0.0,Tidak,Tidak,Ya,Tidak,Tidak,Ya,400000
Kabupaten Tuban,Putri,Kecamatan Tuban,0.0,Tidak,Ya,Ya,Tidak,Tidak,Ya,500000
Kabupaten Tuban,Putri,Tuban,0.0,Ya,Ya,Ya,Ya,Ya,Ya,1100000
Kabupaten Tuban,Campur,Semanding,0.0,Tidak,Ya,Tidak,Tidak,Ya,Tidak,500000
Kabupaten Tuban,Putri,Kecamatan Tuban,0.0,Tidak,Ya,Ya,Tidak,Tidak,Tidak,550000
Kabupaten Tuban,Campur,Tuban,0.0,Ya,Tidak,Ya,Ya,Ya,Ya,1200000
Kabupaten Tuban,Campur,Tuban,0.0,Tidak,Tidak,Ya,Ya,Ya,Ya,550000
Kabupaten Tuban,Putra,Kecamatan Tuban,0.0,Ya,Ya,Ya,Tidak,Ya,Ya,950000
Kabupaten Tuban,Putri,Kecamatan Tuban,0.0,Tidak,Tidak,Ya,Ya,Ya,Ya,550000
Kabupaten Tuban,Putri,Kecamatan Tuban,0.0,Tidak,Ya,Ya,Tidak,Tidak,Ya,950000
Kabupaten Tuban,Putri,Semanding,0.0,Ya,Ya,Ya,Tidak,Tidak,Ya,1250000
Kabupaten Tuban,Putri,Tuban,0.0,Tidak,Tidak,Ya,Tidak,Tidak,Ya,500000
Kabupaten Tuban,Campur,Tuban,0.0,Tidak,Ya,Ya,Ya,Ya,Ya,600000
Kabupaten Tuban,Putri,Kecamatan Tuban,0.0,Tidak,Tidak,Ya,Ya,Ya,Ya,450000
Kabupaten Tuban,Putra,Kecamatan Tuban,0.0,Ya,Ya,Ya,Ya,Ya,Ya,800000
Kabupaten Tuban,Putri,Kecamatan Tuban,0.0,Ya,Ya,Ya,Tidak,Tidak,Tidak,850000
Kabupaten Tuban,Putri,Tuban,0.0,Tidak,Ya,Ya,Tidak,Tidak,Tidak,550000
Kabupaten Tuban,Campur,Kecamatan Semanding,0.0,Tidak,Tidak,Ya,Tidak,Ya,Ya,500000
Kabupaten Tuban,Campur,Tuban,0.0,Tidak,Ya,Ya,Tidak,Ya,Ya,600000
Kabupaten Tuban,Putri,Tuban,0.0,Ya,Ya,Ya,Tidak,Ya,Ya,800000
Kabupaten Tuban,Putri,Tuban,0.0,Tidak,Ya,Tidak,Ya,Ya,Ya,700000
Kabupaten Tuban,Campur,Kecamatan Semanding,0.0,Tidak,Ya,Tidak,Tidak,Ya,Tidak,400000
Kabupaten Tuban,Campur,Tuban,0.0,Ya,Tidak,Ya,Ya,Ya,Ya,950000
Kabupaten Tuban,Campur,Tuban,0.0,Ya,Ya,Ya,Ya,Ya,Ya,1050000
Kabupaten Tuban,Campur,Tuban,0.0,Ya,Ya,Ya,Tidak,Ya,Tidak,850000
Kabupaten Tuban,Campur,Tuban,0.0,Ya,Ya,Tidak,Tidak,Ya,Tidak,650000
Kabupaten Tuban,Putri,Kecamatan Tuban,0.0,Tidak,Ya,Ya,Tidak,Tidak,Tidak,400000
Kabupaten Tuban,Campur,Tuban,0.0,Ya,Ya,Ya,Ya,Ya,Tidak,1000000
Kabupaten Tuban,Campur,Kecamatan Semanding,0.0,Ya,Ya,Ya,Tidak,Ya,Ya,1000000
Kabupaten Tuban,Campur,Kecamatan Tuban,0.0,Tidak,Ya,Ya,Ya,Ya,Tidak,500000
Kabupaten Tuban,Campur,Tuban,0.0,Ya,Ya,Ya,Ya,Ya,Ya,1300000
Kabupaten Tuban,Campur,Tuban,0.0,Tidak,Ya,Ya,Ya,Ya,Tidak,550000
Kabupaten Tuban,Campur,Tuban,5.0,Ya,Ya,Ya,Ya,Ya,Ya,1200000
Kabupaten Tuban,Putri,Tuban,0.0,Tidak,Ya,Ya,Tidak,Tidak,Ya,350000
Kabupaten Tuban,Campur,Kecamatan Tuban,0.0,Tidak,Tidak,Ya,Ya,Ya,Tidak,500000
Kabupaten Tuban,Campur,Kecamatan Semanding,0.0,Tidak,Ya,Ya,Tidak,Ya,Ya,600000
Kabupaten Tuban,Campur,Kecamatan Tuban,5.0,Ya,Ya,Ya,Ya,Ya,Ya,1150000
Kabupaten Tuban,Putri,Semanding,0.0,Tidak,Ya,Ya,Tidak,Ya,Tidak,400000
Kabupaten Tuban,Campur,Tuban,0.0,Ya,Tidak,Ya,Ya,Ya,Ya,1200000
Kabupaten Tuban,Campur,Tuban,0.0,Ya,Ya,Ya,Ya,Ya,Tidak,1200000
Kabupaten Tuban,Campur,Kecamatan Tuban,0.0,Tidak,Ya,Ya,Tidak,Ya,Ya,600000
Kabupaten Tuban,Campur,Tuban,0.0,Tidak,Tidak,Ya,Tidak,Ya,Tidak,500000
Kabupaten Tuban,Campur,Kecamatan Tuban,0.0,Tidak,Ya,Tidak,Ya,Tidak,Tidak,1250000
Kabupaten Tuban,Campur,Tuban,5.0,Ya,Ya,Ya,Ya,Ya,Ya,850000
Kabupaten Tuban,Putri,Kecamatan Tuban,0.0,Tidak,Ya,Ya,Tidak,Tidak,Ya,400000
Kabupaten Tuban,Putri,Palang,0.0,Tidak,Tidak,Ya,Ya,Tidak,Ya,300000
Kabupaten Tuban,Campur,Tuban,5.0,Ya,Ya,Ya,Ya,Ya,Tidak,1050000
Kabupaten Tuban,Campur,Kecamatan Tuban,0.0,Tidak,Ya,Ya,Ya,Ya,Tidak,500000
Kabupaten Tuban,Campur,Tuban,0.0,Ya,Ya,Ya,Ya,Ya,Ya,1200000
Kabupaten Tuban,Campur,Kecamatan Tuban,0.0,Tidak,Ya,Ya,Tidak,Ya,Ya,500000
Kabupaten Tuban,Campur,Tuban,0.0,Ya,Ya,Ya,Ya,Ya,Ya,1200000
Kabupaten Tuban,Campur,Kecamatan Tuban,0.0,Tidak,Ya,Ya,Ya,Ya,Ya,550000
Kabupaten Tulungagung,Putri,Kedungwaru,0.0,Tidak,Tidak,Ya,Ya,Ya,Ya,650000
Kabupaten Tulungagung,Putra,Kecamatan Tulungagung,0.0,Ya,Ya,Ya,Ya,Ya,Tidak,900000
Kabupaten Tulungagung,Campur,Tulungagung,0.0,Tidak,Ya,Ya,Tidak,Ya,Ya,600000
Kabupaten Tulungagung,Campur,Tulungagung,0.0,Tidak,Ya,Ya,Ya,Ya,Ya,550000
Kabupaten Tulungagung,Putri,Kecamatan Tulungagung,0.0,Ya,Ya,Ya,Tidak,Ya,Ya,1200000
Kabupaten Tulungagung,Putri,Kecamatan Tulungagung,0.0,Tidak,Ya,Ya,Tidak,Tidak,Ya,570000
Kabupaten Tulungagung,Putri,Kecamatan Tulungagung,0.0,Ya,Ya,Ya,Ya,Ya,Ya,900000
Kabupaten Tulungagung,Campur,Kecamatan Tulungagung,0.0,Tidak,Ya,Ya,Ya,Ya,Ya,850000
Kabupaten Tulungagung,Campur,Tulungagung,0.0,Ya,Ya,Ya,Ya,Ya,Ya,1400000
Kabupaten Tulungagung,Campur,Kedungwaru,0.0,Tidak,Tidak,Ya,Ya,Ya,Ya,600000
Kabupaten Tulungagung,Campur,Kecamatan Tulungagung,0.0,Tidak,Ya,Ya,Tidak,Ya,Tidak,650000
Kabupaten Tulungagung,Campur,Kecamatan Tulungagung,0.0,Tidak,Ya,Ya,Tidak,Ya,Tidak,400000
Kabupaten Tulungagung,Campur,Tulungagung,0.0,Tidak,Ya,Ya,Tidak,Ya,Ya,500000
Kabupaten Tulungagung,Campur,Boyolangu,0.0,Tidak,Tidak,Ya,Tidak,Ya,Tidak,550000
Kabupaten Tulungagung,Campur,Boyolangu,0.0,Tidak,Tidak,Ya,Ya,Ya,Ya,550000
Kabupaten Tulungagung,Campur,Tulungagung,0.0,Ya,Tidak,Ya,Ya,Ya,Ya,1300000
Kabupaten Tulungagung,Putri,Boyolangu,0.0,Tidak,Tidak,Ya,Tidak,Tidak,Ya,350000
Kabupaten Tulungagung,Campur,Tulungagung,0.0,Ya,Ya,Ya,Ya,Ya,Ya,850000
Kabupaten Tulungagung,Campur,Tulungagung,0.0,Tidak,Ya,Ya,Tidak,Ya,Ya,600000
Kabupaten Tulungagung,Campur,Kecamatan Tulungagung,0.0,Ya,Tidak,Ya,Ya,Ya,Ya,500000
Kabupaten Tulungagung,Campur,Tulungagung,0.0,Tidak,Ya,Ya,Tidak,Ya,Ya,500000
Kabupaten Tulungagung,Campur,Kecamatan Tulungagung,0.0,Ya,Ya,Ya,Ya,Ya,Ya,1200000
Kabupaten Tulungagung,Putri,Tulungagung,5.0,Tidak,Tidak,Ya,Tidak,Ya,Ya,550000
Kabupaten Tulungagung,Campur,Tulungagung,0.0,Tidak,Ya,Ya,Ya,Ya,Ya,500000
Kabupaten Tulungagung,Campur,Kecamatan Tulungagung,0.0,Ya,Ya,Ya,Ya,Ya,Ya,1100000
Kabupaten Tulungagung,Putri,Kecamatan Tulungagung,0.0,Tidak,Ya,Ya,Ya,Ya,Ya,500000
Kabupaten Tulungagung,Campur,Kecamatan Kedungwaru,0.0,Tidak,Ya,Ya,Ya,Tidak,Ya,450000
Kabupaten Tulungagung,Campur,Tulungagung,0.0,Tidak,Tidak,Ya,Ya,Ya,Ya,500000
Kabupaten Tulungagung,Putri,Kecamatan Tulungagung,0.0,Tidak,Ya,Ya,Tidak,Tidak,Tidak,425000
Kabupaten Tulungagung,Putri,Kecamatan Tulungagung,0.0,Ya,Ya,Ya,Ya,Ya,Ya,700000
Kabupaten Tulungagung,Campur,Kecamatan Tulungagung,0.0,Tidak,Ya,Ya,Ya,Ya,Ya,850000
Kabupaten Tulungagung,Campur,Kedungwaru,0.0,Tidak,Tidak,Ya,Tidak,Ya,Ya,600000
Kabupaten Tulungagung,Campur,Tulungagung,0.0,Tidak,Ya,Ya,Ya,Ya,Ya,650000
Kabupaten Tulungagung,Putri,Kecamatan Kedungwaru,0.0,Tidak,Tidak,Ya,Tidak,Tidak,Ya,400000
Kabupaten Tulungagung,Campur,Kecamatan Tulungagung,0.0,Ya,Tidak,Ya,Ya,Ya,Ya,1300000
Kabupaten Tulungagung,Putri,Kecamatan Tulungagung,0.0,Ya,Ya,Ya,Ya,Ya,Ya,1000000
Kabupaten Tulungagung,Campur,Tulungagung,0.0,Tidak,Ya,Ya,Tidak,Ya,Tidak,600000
Kabupaten Tulungagung,Putra,Tulungagung,0.0,Ya,Ya,Ya,Ya,Tidak,Ya,700000
Kabupaten Tulungagung,Campur,Kecamatan Boyolangu,0.0,Tidak,Tidak,Ya,Tidak,Tidak,Tidak,600000
Kabupaten Tulungagung,Campur,Tulungagung,0.0,Ya,Tidak,Ya,Ya,Ya,Ya,1300000
Kabupaten Tulungagung,Putri,Tulungagung,0.0,Tidak,Tidak,Ya,Ya,Tidak,Tidak,400000
Kabupaten Tulungagung,Campur,Kecamatan Tulungagung,0.0,Tidak,Ya,Ya,Ya,Ya,Tidak,1000000
Kabupaten Tulungagung,Campur,Tulungagung,0.0,Tidak,Ya,Tidak,Tidak,Tidak,Tidak,1000000
Kabupaten Tulungagung,Putri,Boyolangu,0.0,Ya,Tidak,Ya,Ya,Ya,Ya,1300000
Kabupaten Tulungagung,Putra,Boyolangu,0.0,Ya,Tidak,Ya,Ya,Ya,Ya,800000
Kabupaten Tulungagung,Campur,Kecamatan Tulungagung,0.0,Tidak,Tidak,Tidak,Ya,Ya,Tidak,650000
Kabupaten Tulungagung,Campur,Kecamatan Tulungagung,0.0,Ya,Ya,Ya,Tidak,Ya,Tidak,500000
Kabupaten Tulungagung,Campur,Kecamatan Tulungagung,0.0,Tidak,Ya,Ya,Tidak,Ya,Tidak,550000
Kabupaten Tulungagung,Putra,Kecamatan Kedungwaru,0.0,Tidak,Tidak,Ya,Ya,Tidak,Ya,750000
Kabupaten Tulungagung,Campur,Kecamatan Tulungagung,0.0,Ya,Ya,Ya,Ya,Ya,Ya,1000000
Kabupaten Tulungagung,Campur,Kecamatan Tulungagung,0.0,Ya,Ya,Ya,Ya,Ya,Ya,1200000
Kabupaten Tulungagung,Putri,Tulungagung,0.0,Tidak,Ya,Ya,Ya,Tidak,Ya,350000
Kabupaten Tulungagung,Putri,Tulungagung,5.0,Tidak,Tidak,Ya,Ya,Tidak,Ya,450000
Kabupaten Tulungagung,Putri,Kecamatan Tulungagung,0.0,Tidak,Tidak,Ya,Ya,Tidak,Tidak,575000
Kabupaten Tulungagung,Campur,Boyolangu,0.0,Ya,Ya,Ya,Tidak,Ya,Ya,850000
Kabupaten Tulungagung,Putri,Kecamatan Boyolangu,0.0,Tidak,Tidak,Ya,Tidak,Tidak,Ya,350000
Kabupaten Tulungagung,Campur,Kecamatan Kedungwaru,0.0,Tidak,Ya,Ya,Ya,Ya,Ya,500000
Kabupaten Tulungagung,Campur,Kecamatan Tulungagung,0.0,Tidak,Ya,Ya,Tidak,Ya,Ya,550000
Kabupaten Tulungagung,Campur,Kedungwaru,0.0,Tidak,Ya,Ya,Tidak,Ya,Ya,550000
Kabupaten Tulungagung,Putri,Kecamatan Tulungagung,0.0,Tidak,Ya,Ya,Tidak,Ya,Tidak,550000
Kabupaten Tulungagung,Putri,Kecamatan Kedungwaru,0.0,Tidak,Tidak,Ya,Tidak,Ya,Ya,450000
Kabupaten Tulungagung,Campur,Tulungagung,0.0,Tidak,Ya,Ya,Tidak,Tidak,Ya,450000
Kabupaten Tulungagung,Campur,Kecamatan Tulungagung,0.0,Ya,Ya,Ya,Ya,Ya,Ya,1100000
Kabupaten Tulungagung,Campur,Kecamatan Kedungwaru,0.0,Tidak,Ya,Ya,Ya,Ya,Ya,600000
Kabupaten Tulungagung,Putri,Boyolangu,0.0,Tidak,Tidak,Ya,Tidak,Tidak,Ya,550000
Kabupaten Tulungagung,Campur,Boyolangu,0.0,Tidak,Tidak,Ya,Ya,Ya,Ya,450000
Kabupaten Tulungagung,Campur,Kecamatan Kedungwaru,0.0,Tidak,Tidak,Ya,Ya,Ya,Ya,500000
Kabupaten Tulungagung,Campur,Kecamatan Boyolangu,0.0,Tidak,Ya,Ya,Tidak,Ya,Ya,750000
Kabupaten Tulungagung,Putra,Tulungagung,0.0,Tidak,Ya,Ya,Ya,Tidak,Ya,500000
Kabupaten Tulungagung,Putra,Kecamatan Kedungwaru,0.0,Tidak,Tidak,Ya,Ya,Ya,Ya,1500000
Kabupaten Tulungagung,Campur,Tulungagung,0.0,Ya,Tidak,Ya,Ya,Ya,Ya,1500000
Kabupaten Tulungagung,Campur,Kecamatan Tulungagung,0.0,Tidak,Ya,Ya,Ya,Ya,Tidak,1800000
Kabupaten Tulungagung,Putri,Boyolangu,0.0,Tidak,Tidak,Ya,Tidak,Tidak,Ya,375000
Kabupaten Tulungagung,Putri,Kecamatan Tulungagung,0.0,Tidak,Tidak,Ya,Ya,Tidak,Ya,450000
Kabupaten Tulungagung,Putri,Kecamatan Tulungagung,0.0,Ya,Ya,Ya,Ya,Tidak,Ya,1200000
Kabupaten Tulungagung,Campur,Boyolangu,0.0,Ya,Ya,Tidak,Ya,Ya,Tidak,1200000
Kabupaten Tulungagung,Putri,Kecamatan Kedungwaru,0.0,Tidak,Tidak,Ya,Ya,Tidak,Ya,400000
Kabupaten Tulungagung,Campur,Tulungagung,0.0,Ya,Ya,Ya,Ya,Ya,Tidak,1100000
Kabupaten Tulungagung,Putri,Kedungwaru,5.0,Tidak,Ya,Ya,Tidak,Ya,Ya,500000
Kabupaten Tulungagung,Putri,Kecamatan Tulungagung,0.0,Tidak,Tidak,Ya,Ya,Tidak,Tidak,450000
Kabupaten Tulungagung,Campur,Kecamatan Tulungagung,0.0,Ya,Ya,Ya,Ya,Ya,Ya,1400000
Kabupaten Tulungagung,Campur,Kecamatan Kedungwaru,0.0,Tidak,Tidak,Ya,Tidak,Ya,Ya,600000
Kabupaten Tulungagung,Putra,Boyolangu,0.0,Tidak,Ya,Ya,Tidak,Tidak,Tidak,350000
Kabupaten Tulungagung,Campur,Kecamatan Tulungagung,0.0,Tidak,Ya,Ya,Tidak,Ya,Ya,500000
Kabupaten Tulungagung,Putra,Kedungwaru,0.0,Tidak,Tidak,Ya,Tidak,Ya,Tidak,450000
Kabupaten Tulungagung,Putri,Boyolangu,4.6,Tidak,Tidak,Ya,Ya,Tidak,Ya,400000
Kabupaten Tulungagung,Campur,Tulungagung,0.0,Tidak,Ya,Ya,Tidak,Tidak,Ya,370000
Kabupaten Tulungagung,Campur,Kecamatan Tulungagung,0.0,Ya,Ya,Ya,Ya,Ya,Ya,1800000
Kabupaten Tulungagung,Putri,Tulungagung,0.0,Tidak,Tidak,Ya,Tidak,Tidak,Tidak,450000
Kabupaten Tulungagung,Putri,Kecamatan Tulungagung,0.0,Tidak,Ya,Ya,Tidak,Ya,Ya,600000
Kabupaten Tulungagung,Campur,Kecamatan Tulungagung,0.0,Ya,Tidak,Ya,Ya,Ya,Ya,1200000
Kabupaten Tulungagung,Putri,Boyolangu,5.0,Tidak,Tidak,Ya,Tidak,Tidak,Ya,450000
Kabupaten Tulungagung,Campur,Boyolangu,0.0,Tidak,Ya,Ya,Tidak,Ya,Ya,475000
Kabupaten Tulungagung,Campur,Kecamatan Tulungagung,0.0,Tidak,Ya,Ya,Tidak,Ya,Ya,700000
Kabupaten Tulungagung,Campur,Kecamatan Tulungagung,0.0,Ya,Tidak,Tidak,Ya,Tidak,Tidak,1000000
Kabupaten Tulungagung,Campur,Kecamatan Kedungwaru,0.0,Tidak,Ya,Ya,Ya,Ya,Ya,600000
Kabupaten Tulungagung,Putra,Boyolangu,0.0,Tidak,Tidak,Ya,Tidak,Tidak,Ya,350000
Kabupaten Tulungagung,Campur,Kecamatan Tulungagung,0.0,Tidak,Ya,Ya,Ya,Ya,Ya,500000
Kabupaten Tulungagung,Campur,Boyolangu,0.0,Tidak,Ya,Ya,Tidak,Ya,Ya,550000
Kabupaten Tulungagung,Campur,Kedungwaru,0.0,Ya,Ya,Ya,Ya,Ya,Tidak,700000
Kabupaten Tulungagung,Campur,Kedungwaru,0.0,Tidak,Ya,Ya,Ya,Ya,Tidak,300000
Kabupaten Tulungagung,Campur,Kedungwaru,0.0,Tidak,Ya,Ya,Tidak,Ya,Ya,610000
Kabupaten Tulungagung,Campur,Kecamatan Boyolangu,0.0,Ya,Ya,Ya,Ya,Ya,Ya,1100000
Kabupaten Tulungagung,Campur,Kecamatan Tulungagung,0.0,Tidak,Ya,Ya,Ya,Ya,Ya,600000
Kabupaten Tulungagung,Campur,Kecamatan Kedungwaru,0.0,Ya,Ya,Ya,Ya,Tidak,Ya,600000
Kabupaten Tulungagung,Putri,Kecamatan Tulungagung,0.0,Tidak,Tidak,Ya,Tidak,Ya,Ya,550000
Kabupaten Tulungagung,Campur,Kecamatan Tulungagung,0.0,Ya,Ya,Ya,Ya,Ya,Tidak,1100000
Kota Batu,Putri,Batu,0.0,Tidak,Ya,Ya,Ya,Ya,Ya,600000
Kota Batu,Putri,Batu,0.0,Tidak,Ya,Ya,Tidak,Ya,Ya,700000
Kota Batu,Putri,Batu,3.6,Tidak,Ya,Ya,Tidak,Tidak,Ya,450000
Kota Batu,Campur,Batu,0.0,Tidak,Tidak,Ya,Ya,Ya,Ya,1850000
Kota Batu,Putri,Batu,0.0,Tidak,Ya,Ya,Tidak,Tidak,Ya,450000
Kota Batu,Putri,Batu,0.0,Tidak,Ya,Ya,Ya,Tidak,Ya,500000
Kota Batu,Putri,Batu,0.0,Tidak,Ya,Ya,Ya,Ya,Ya,600000
Kota Batu,Putri,Kecamatan Batu,0.0,Tidak,Ya,Ya,Ya,Tidak,Ya,650000
Kota Batu,Putri,Batu,0.0,Tidak,Ya,Ya,Ya,Tidak,Ya,600000
Kota Batu,Putri,Batu,0.0,Tidak,Ya,Ya,Ya,Ya,Ya,600000
Kota Batu,Putri,Batu,0.0,Tidak,Ya,Ya,Ya,Ya,Ya,600000
Kota Batu,Putri,Batu,0.0,Tidak,Ya,Ya,Ya,Tidak,Ya,600000
Kota Batu,Putri,Batu,0.0,Tidak,Ya,Ya,Ya,Tidak,Ya,800000
Kota Batu,Putri,Batu,0.0,Tidak,Ya,Ya,Ya,Tidak,Ya,700000
Kota Batu,Putri,Batu,0.0,Tidak,Ya,Ya,Ya,Tidak,Ya,600000
Kota Batu,Campur,Batu,0.0,Tidak,Ya,Ya,Tidak,Ya,Tidak,500000
Kota Batu,Campur,Batu,0.0,Tidak,Ya,Ya,Tidak,Ya,Ya,800000
Kota Batu,Putri,Batu,0.0,Tidak,Tidak,Ya,Ya,Tidak,Tidak,300000
Kota Batu,Putri,Kecamatan Batu,0.0,Tidak,Tidak,Ya,Tidak,Ya,Ya,750000
Kota Batu,Putri,Batu,0.0,Tidak,Tidak,Ya,Ya,Tidak,Ya,600000
Kota Batu,Putri,Batu,0.0,Tidak,Ya,Ya,Ya,Tidak,Ya,600000
Kota Batu,Putri,Kecamatan Batu,0.0,Tidak,Ya,Ya,Ya,Tidak,Tidak,700000
Kota Batu,Putri,Bumiaji,0.0,Tidak,Ya,Ya,Tidak,Tidak,Ya,800000
Kota Batu,Putri,Kecamatan Batu,0.0,Tidak,Ya,Ya,Ya,Tidak,Ya,600000
Kota Batu,Campur,Batu,0.0,Tidak,Ya,Ya,Ya,Ya,Ya,750000
Kota Batu,Campur,Batu,5.0,Tidak,Tidak,Ya,Tidak,Ya,Ya,550000
Kota Batu,Campur,Batu,4.6,Tidak,Tidak,Ya,Tidak,Tidak,Ya,600000
Kota Batu,Campur,Batu,0.0,Tidak,Tidak,Ya,Tidak,Ya,Tidak,400000
Kota Batu,Putri,Kecamatan Batu,0.0,Tidak,Ya,Ya,Ya,Tidak,Ya,600000
Kota Batu,Campur,Kecamatan Batu,4.9,Tidak,Ya,Ya,Tidak,Ya,Tidak,650000
Kota Batu,Putri,Batu,0.0,Tidak,Ya,Ya,Tidak,Tidak,Ya,500000
Kota Batu,Campur,Batu,0.0,Tidak,Ya,Ya,Ya,Ya,Ya,850000
Kota Batu,Campur,Batu,0.0,Tidak,Ya,Ya,Ya,Ya,Tidak,800000
Kota Batu,Putri,Kecamatan Batu,0.0,Tidak,Ya,Ya,Ya,Tidak,Ya,800000
Kota Batu,Putri,Batu,0.0,Tidak,Tidak,Ya,Ya,Ya,Ya,800000
Kota Batu,Putri,Bumiaji,0.0,Tidak,Ya,Ya,Tidak,Tidak,Ya,800000
Kota Batu,Campur,Batu,0.0,Tidak,Tidak,Ya,Ya,Tidak,Ya,500000
Kota Batu,Putri,Kecamatan Batu,0.0,Tidak,Ya,Ya,Ya,Tidak,Ya,750000
Kota Batu,Campur,Batu,0.0,Tidak,Ya,Ya,Ya,Ya,Ya,850000
Kota Batu,Campur,Batu,0.0,Tidak,Ya,Ya,Tidak,Ya,Ya,800000
Kota Batu,Putri,Bumiaji,0.0,Tidak,Ya,Ya,Tidak,Tidak,Ya,800000
Kota Batu,Putri,Bumiaji,0.0,Tidak,Ya,Ya,Tidak,Tidak,Ya,800000
Kota Batu,Putra,Batu,0.0,Tidak,Ya,Ya,Tidak,Tidak,Ya,400000
Kota Batu,Campur,Batu,5.0,Tidak,Ya,Ya,Ya,Tidak,Ya,620000
Kota Batu,Campur,Batu,0.0,Tidak,Ya,Ya,Ya,Tidak,Ya,600000
Kota Batu,Campur,Batu,0.0,Tidak,Tidak,Ya,Ya,Tidak,Ya,750000
Kota Batu,Campur,Batu,0.0,Tidak,Ya,Ya,Ya,Ya,Ya,1800000
Kota Batu,Putri,Kecamatan Batu,0.0,Tidak,Ya,Ya,Tidak,Tidak,Ya,500000
Kota Batu,Campur,Kecamatan Batu,0.0,Tidak,Ya,Ya,Tidak,Tidak,Ya,550000
Kota Batu,Putra,Kecamatan Batu,0.0,Tidak,Ya,Ya,Ya,Ya,Ya,600000
Kota Batu,Campur,Kecamatan Batu,0.0,Tidak,Ya,Ya,Tidak,Ya,Ya,715000
Kota Batu,Campur,Kecamatan Batu,0.0,Tidak,Ya,Ya,Tidak,Tidak,Tidak,700000
Kota Batu,Putra,Kecamatan Batu,0.0,Tidak,Tidak,Ya,Tidak,Tidak,Tidak,500000
Kota Batu,Putri,Kecamatan Batu,0.0,Tidak,Ya,Ya,Ya,Tidak,Ya,750000
Kota Batu,Campur,Batu,0.0,Tidak,Ya,Ya,Ya,Tidak,Ya,600000
Kota Batu,Campur,Kecamatan Batu,0.0,Tidak,Ya,Ya,Tidak,Ya,Ya,700000
Kota Batu,Campur,Kecamatan Batu,0.0,Tidak,Ya,Ya,Tidak,Ya,Ya,500000
Kota Batu,Putri,Batu,0.0,Tidak,Ya,Ya,Tidak,Tidak,Ya,550000
Kota Batu,Campur,Batu,0.0,Tidak,Ya,Ya,Tidak,Ya,Ya,900000
Kota Batu,Putri,Kecamatan Batu,0.0,Tidak,Ya,Ya,Ya,Ya,Ya,600000
Kota Batu,Putri,Batu,0.0,Tidak,Tidak,Ya,Ya,Tidak,Tidak,800000
Kota Batu,Putri,Kecamatan Batu,0.0,Tidak,Ya,Ya,Tidak,Tidak,Ya,450000
Kota Batu,Putri,Kecamatan Batu,0.0,Tidak,Tidak,Ya,Tidak,Ya,Tidak,750000
Kota Batu,Putri,Kecamatan Batu,0.0,Tidak,Ya,Ya,Tidak,Tidak,Ya,600000
Kota Batu,Campur,Kecamatan Batu,0.0,Tidak,Tidak,Ya,Tidak,Tidak,Tidak,500000
Kota Batu,Campur,Batu,0.0,Tidak,Ya,Ya,Ya,Ya,Ya,750000
Kota Batu,Putri,Batu,0.0,Tidak,Ya,Ya,Tidak,Ya,Ya,600000
Kota Batu,Campur,Batu,0.0,Tidak,Ya,Ya,Tidak,Tidak,Ya,500000
Kota Batu,Putri,Batu,0.0,Tidak,Tidak,Ya,Ya,Tidak,Ya,600000
Kota Batu,Putri,Kecamatan Batu,0.0,Tidak,Tidak,Ya,Tidak,Ya,Ya,800000
Kota Batu,Campur,Kecamatan Batu,0.0,Tidak,Ya,Tidak,Ya,Tidak,Ya,500000
Kota Batu,Putri,Kecamatan Batu,0.0,Tidak,Ya,Ya,Tidak,Tidak,Ya,650000
Kota Batu,Campur,Kecamatan Batu,0.0,Tidak,Tidak,Tidak,Ya,Ya,Tidak,500000
Kota Batu,Putri,Batu,0.0,Tidak,Tidak,Ya,Tidak,Tidak,Tidak,500000
Kota Batu,Campur,Kecamatan Batu,0.0,Tidak,Ya,Ya,Tidak,Ya,Ya,700000
Kota Batu,Campur,Batu,0.0,Tidak,Tidak,Ya,Ya,Tidak,Ya,500000
Kota Batu,Putri,Batu,0.0,Tidak,Ya,Ya,Tidak,Tidak,Tidak,750000
Kota Batu,Campur,Kecamatan Batu,0.0,Tidak,Ya,Ya,Ya,Tidak,Ya,425000
Kota Batu,Putri,Batu,0.0,Tidak,Tidak,Ya,Ya,Tidak,Ya,600000
Kota Batu,Putri,Batu,0.0,Tidak,Ya,Ya,Tidak,Tidak,Ya,500000
Kota Batu,Campur,Batu,0.0,Tidak,Ya,Ya,Tidak,Ya,Ya,500000
Kota Batu,Campur,Batu,0.0,Tidak,Tidak,Ya,Ya,Tidak,Ya,750000
Kota Batu,Putra,Batu,0.0,Tidak,Tidak,Ya,Tidak,Tidak,Tidak,300000
Kota Batu,Putri,Kecamatan Batu,0.0,Tidak,Ya,Tidak,Tidak,Tidak,Ya,700000
Kota Batu,Putra,Batu,0.0,Tidak,Tidak,Ya,Ya,Tidak,Tidak,550000
Kota Batu,Campur,Batu,0.0,Tidak,Ya,Ya,Tidak,Tidak,Tidak,550000
Kota Batu,Campur,Batu,0.0,Tidak,Ya,Ya,Tidak,Tidak,Tidak,400000
Kota Batu,Putri,Batu,0.0,Tidak,Tidak,Ya,Ya,Ya,Ya,500000
Kota Batu,Putri,Batu,4.1,Tidak,Tidak,Ya,Ya,Ya,Ya,700000
Kota Batu,Putri,Batu,4.1,Tidak,Tidak,Ya,Tidak,Tidak,Tidak,550000
Kota Batu,Campur,Batu,0.0,Tidak,Ya,Ya,Ya,Ya,Ya,800000
Kota Batu,Putri,Kecamatan Batu,0.0,Tidak,Tidak,Ya,Ya,Tidak,Ya,699998
Kota Batu,Putri,Batu,4.5,Tidak,Tidak,Ya,Ya,Tidak,Ya,400000
Kota Batu,Putri,Kecamatan Batu,0.0,Tidak,Tidak,Ya,Ya,Tidak,Tidak,700000
Kota Batu,Putri,Batu,0.0,Tidak,Ya,Ya,Ya,Ya,Tidak,985000
Kota Batu,Putri,Batu,0.0,Tidak,Ya,Ya,Ya,Ya,Ya,850000
Kota Batu,Putri,Kecamatan Batu,0.0,Tidak,Ya,Ya,Ya,Ya,Ya,750000
Kota Batu,Campur,Kecamatan Batu,0.0,Tidak,Tidak,Ya,Tidak,Ya,Tidak,750000
Kota Batu,Campur,Batu,0.0,Tidak,Ya,Ya,Tidak,Tidak,Tidak,350000
Kota Batu,Putra,Kecamatan Batu,0.0,Tidak,Tidak,Ya,Ya,Tidak,Tidak,350000
Kota Batu,Campur,Kecamatan Batu,0.0,Tidak,Ya,Tidak,Tidak,Ya,Tidak,550000
Kota Batu,Putra,Batu,3.8,Tidak,Tidak,Ya,Ya,Ya,Tidak,500000
Kota Batu,Campur,Batu,0.0,Tidak,Tidak,Ya,Tidak,Tidak,Tidak,350000
Kota Batu,Campur,Batu,0.0,Tidak,Tidak,Ya,Ya,Tidak,Ya,750000
Kota Batu,Campur,Batu,0.0,Tidak,Ya,Ya,Tidak,Tidak,Ya,400000
Kota Batu,Putri,Kecamatan Batu,0.0,Tidak,Tidak,Ya,Ya,Tidak,Ya,650000
Kota Batu,Putri,Kecamatan Batu,0.0,Tidak,Ya,Ya,Ya,Ya,Ya,800000
Kota Batu,Putra,Batu,0.0,Tidak,Ya,Ya,Tidak,Tidak,Ya,450000
Kota Batu,Campur,Kecamatan Batu,0.0,Tidak,Tidak,Ya,Tidak,Tidak,Ya,600000
Kota Batu,Putri,Batu,0.0,Tidak,Ya,Ya,Ya,Ya,Ya,750000
Kota Batu,Campur,Batu,0.0,Tidak,Ya,Ya,Tidak,Ya,Ya,500000
Kota Batu,Campur,Batu,0.0,Tidak,Ya,Ya,Tidak,Ya,Ya,400000
Kota Batu,Putri,Batu,0.0,Tidak,Tidak,Ya,Ya,Ya,Ya,600000
Kota Batu,Campur,Kecamatan Batu,0.0,Tidak,Tidak,Ya,Ya,Tidak,Ya,450000
Kota Batu,Campur,Batu,0.0,Tidak,Ya,Ya,Tidak,Tidak,Ya,500000
Kota Batu,Campur,Batu,0.0,Tidak,Ya,Ya,Ya,Ya,Ya,1500000
Kota Batu,Campur,Batu,0.0,Tidak,Ya,Ya,Ya,Ya,Ya,600000
Kota Blitar,Putri,Kecamatan Sananwetan,0.0,Tidak,Tidak,Ya,Tidak,Ya,Ya,500000
Kota Blitar,Campur,Sananwetan,0.0,Ya,Ya,Ya,Ya,Ya,Ya,1500000
Kota Blitar,Putra,Sananwetan,0.0,Tidak,Ya,Ya,Ya,Ya,Ya,350000
Kota Blitar,Putri,Kecamatan Sananwetan,0.0,Ya,Ya,Ya,Ya,Ya,Ya,950000
Kota Blitar,Campur,Kecamatan Kanigoro,0.0,Tidak,Ya,Ya,Ya,Tidak,Ya,500000
Kota Blitar,Putri,Kecamatan Kanigoro,0.0,Ya,Ya,Ya,Ya,Ya,Ya,900000
Kota Blitar,Putri,Kecamatan Kanigoro,0.0,Tidak,Ya,Ya,Ya,Ya,Ya,650000
Kota Blitar,Putra,Kepanjen Kidul,0.0,Tidak,Tidak,Ya,Ya,Tidak,Ya,850000
Kota Blitar,Putri,Kecamatan Sukorejo,4.6,Tidak,Tidak,Ya,Tidak,Tidak,Ya,625000
Kota Blitar,Campur,Kecamatan Sukorejo,0.0,Tidak,Ya,Ya,Tidak,Ya,Ya,700000
Kota Blitar,Putra,Kecamatan Sananwetan,0.0,Tidak,Ya,Ya,Ya,Tidak,Ya,325000
Kota Blitar,Putra,Sananwetan,0.0,Tidak,Ya,Ya,Ya,Tidak,Ya,350000
Kota Blitar,Campur,Kecamatan Sananwetan,0.0,Tidak,Ya,Ya,Tidak,Tidak,Tidak,300000
Kota Blitar,Putri,Kecamatan Kepanjenkidul,0.0,Tidak,Ya,Ya,Tidak,Tidak,Ya,500000
Kota Blitar,Putra,Sananwetan,0.0,Tidak,Ya,Ya,Tidak,Tidak,Ya,400000
Kota Blitar,Putri,Sananwetan,0.0,Tidak,Tidak,Ya,Tidak,Ya,Ya,600000
Kota Blitar,Campur,Kecamatan Sananwetan,0.0,Tidak,Ya,Ya,Tidak,Ya,Ya,450000
Kota Blitar,Putra,Sananwetan,0.0,Ya,Tidak,Ya,Ya,Ya,Ya,1500000
Kota Blitar,Campur,Kepanjenkidul,5.0,Tidak,Tidak,Tidak,Tidak,Tidak,Tidak,850000
Kota Blitar,Campur,Kecamatan Sukorejo,0.0,Tidak,Ya,Ya,Tidak,Ya,Ya,750000
Kota Blitar,Campur,Sukorejo,0.0,Ya,Ya,Ya,Ya,Ya,Ya,1200000
Kota Blitar,Putri,Sukorejo,0.0,Tidak,Ya,Ya,Tidak,Ya,Ya,450000
Kota Blitar,Campur,Kepanjenkidul,5.0,Tidak,Tidak,Tidak,Tidak,Tidak,Tidak,1650000
Kota Blitar,Putri,Kecamatan Sananwetan,0.0,Tidak,Ya,Ya,Tidak,Tidak,Ya,400000
Kota Blitar,Putra,Kecamatan Kepanjenkidul,0.0,Tidak,Ya,Ya,Tidak,Ya,Tidak,300000
Kota Blitar,Putri,Kecamatan Sukorejo,0.0,Tidak,Ya,Ya,Tidak,Ya,Ya,375000
Kota Blitar,Putri,Kecamatan Sananwetan,0.0,Ya,Tidak,Ya,Tidak,Ya,Ya,1550000
Kota Blitar,Campur,Kecamatan Sananwetan,0.0,Tidak,Ya,Ya,Ya,Ya,Ya,800000
Kota Blitar,Campur,Sukorejo,0.0,Tidak,Ya,Ya,Tidak,Ya,Ya,600000
Kota Blitar,Putri,Sananwetan,0.0,Ya,Ya,Ya,Ya,Ya,Ya,1650000
Kota Blitar,Putri,Sananwetan,5.0,Tidak,Ya,Ya,Tidak,Ya,Ya,550000
Kota Blitar,Campur,Sukorejo,0.0,Tidak,Ya,Ya,Tidak,Ya,Ya,650000
Kota Blitar,Putri,Sananwetan,0.0,Tidak,Ya,Ya,Tidak,Ya,Ya,500000
Kota Blitar,Putri,Sananwetan,5.0,Tidak,Ya,Ya,Ya,Ya,Ya,700000
Kota Blitar,Putri,Kecamatan Sananwetan,0.0,Ya,Ya,Ya,Ya,Ya,Ya,1100000
Kota Blitar,Putri,Kecamatan Sananwetan,0.0,Tidak,Ya,Ya,Ya,Ya,Ya,550000
Kota Blitar,Campur,Kecamatan Sukorejo,0.0,Tidak,Ya,Ya,Tidak,Ya,Ya,700000
Kota Blitar,Putri,Kanigoro,0.0,Tidak,Ya,Ya,Ya,Ya,Ya,550000
Kota Blitar,Putra,Sananwetan,0.0,Tidak,Ya,Ya,Tidak,Tidak,Ya,380000
Kota Blitar,Campur,Kecamatan Sananwetan,0.0,Ya,Ya,Ya,Tidak,Ya,Ya,1105000
Kota Blitar,Putri,Kecamatan Sananwetan,0.0,Tidak,Tidak,Ya,Tidak,Ya,Ya,750000
Kota Blitar,Campur,Kecamatan Kepanjenkidul,0.0,Tidak,Tidak,Ya,Tidak,Ya,Ya,500000
Kota Blitar,Campur,Sukorejo,0.0,Tidak,Tidak,Ya,Tidak,Ya,Ya,550000
Kota Blitar,Putri,Kepanjenkidul,0.0,Tidak,Ya,Ya,Tidak,Tidak,Tidak,425000
Kota Blitar,Campur,Kecamatan Sananwetan,0.0,Tidak,Ya,Ya,Ya,Ya,Tidak,400000
Kota Blitar,Putri,Kecamatan Sananwetan,0.0,Tidak,Tidak,Ya,Ya,Ya,Ya,650000
Kota Blitar,Putra,Kecamatan Sananwetan,0.0,Tidak,Ya,Ya,Ya,Tidak,Ya,525000
Kota Blitar,Campur,Sananwetan,0.0,Ya,Ya,Ya,Ya,Ya,Ya,1300000
Kota Blitar,Campur,Sananwetan,5.0,Tidak,Ya,Ya,Ya,Ya,Ya,500000
Kota Blitar,Campur,Kecamatan Sananwetan,0.0,Tidak,Ya,Ya,Ya,Tidak,Ya,400000
Kota Blitar,Putri,Kecamatan Sukorejo,0.0,Tidak,Tidak,Ya,Ya,Ya,Ya,600000
Kota Blitar,Putri,Sananwetan,0.0,Tidak,Tidak,Ya,Ya,Tidak,Ya,500000
Kota Blitar,Campur,Kepanjenkidul,0.0,Tidak,Tidak,Ya,Tidak,Ya,Ya,350000
Kota Blitar,Campur,Kademangan,0.0,Tidak,Ya,Ya,Tidak,Ya,Tidak,450000
Kota Blitar,Putri,Kanigoro,0.0,Tidak,Ya,Ya,Ya,Tidak,Ya,400000
Kota Blitar,Campur,Sananwetan,0.0,Tidak,Tidak,Ya,Tidak,Tidak,Ya,600000
Kota Blitar,Putri,Sananwetan,0.0,Tidak,Tidak,Ya,Ya,Tidak,Ya,500000
Kota Blitar,Putri,Sananwetan,0.0,Ya,Ya,Ya,Ya,Ya,Ya,1400000
Kota Blitar,Putri,Kecamatan Sananwetan,0.0,Tidak,Ya,Ya,Ya,Ya,Ya,500000
Kota Blitar,Putri,Sananwetan,0.0,Tidak,Ya,Ya,Ya,Ya,Ya,500000
Kota Blitar,Putri,Kecamatan Sukorejo,0.0,Tidak,Tidak,Ya,Tidak,Tidak,Ya,400000
Kota Blitar,Putra,Sananwetan,0.0,Tidak,Tidak,Ya,Ya,Tidak,Ya,475000
Kota Blitar,Campur,Sananwetan,0.0,Tidak,Ya,Ya,Tidak,Ya,Ya,800000
Kota Blitar,Putri,Sanankulon,0.0,Tidak,Ya,Ya,Ya,Ya,Ya,450000
Kota Blitar,Putri,Kecamatan Sananwetan,0.0,Ya,Ya,Ya,Ya,Ya,Ya,1000000
Kota Blitar,Campur,Kecamatan Sananwetan,0.0,Tidak,Ya,Ya,Tidak,Ya,Tidak,460000
Kota Blitar,Campur,Sukorejo,0.0,Ya,Tidak,Ya,Ya,Tidak,Ya,1350000
Kota Blitar,Putri,Sananwetan,4.8,Tidak,Ya,Ya,Ya,Ya,Ya,550000
Kota Blitar,Putri,Kecamatan Sananwetan,0.0,Tidak,Ya,Ya,Tidak,Tidak,Ya,400000
Kota Blitar,Putri,Kepanjenkidul,0.0,Tidak,Tidak,Ya,Tidak,Ya,Ya,1000000
Kota Blitar,Putri,Sananwetan,0.0,Ya,Tidak,Ya,Ya,Ya,Ya,1250000
Kota Blitar,Putri,Kepanjenkidul,4.4,Tidak,Ya,Ya,Tidak,Ya,Ya,550000
Kota Blitar,Putri,Sananwetan,0.0,Tidak,Ya,Ya,Ya,Ya,Ya,550000
Kota Blitar,Putri,Sananwetan,0.0,Ya,Tidak,Ya,Ya,Ya,Ya,1200000
Kota Blitar,Campur,Kanigoro,0.0,Ya,Tidak,Ya,Tidak,Ya,Ya,1000000
Kota Blitar,Putri,Kecamatan Sukorejo,0.0,Ya,Tidak,Ya,Tidak,Ya,Ya,800000
Kota Blitar,Campur,Sananwetan,0.0,Tidak,Ya,Ya,Tidak,Ya,Ya,800000
Kota Blitar,Putra,Kecamatan Sananwetan,0.0,Tidak,Tidak,Ya,Ya,Tidak,Ya,550000
Kota Blitar,Campur,Kecamatan Sananwetan,0.0,Ya,Ya,Ya,Tidak,Ya,Ya,1200000
Kota Blitar,Putri,Kepanjenkidul,0.0,Tidak,Tidak,Ya,Tidak,Tidak,Ya,350000
Kota Blitar,Putri,Kepanjenkidul,0.0,Tidak,Ya,Ya,Tidak,Ya,Ya,700000
Kota Blitar,Campur,Kecamatan Kepanjenkidul,0.0,Tidak,Tidak,Ya,Tidak,Ya,Ya,500000
Kota Blitar,Campur,Kecamatan Ponggok,0.0,Tidak,Ya,Ya,Tidak,Ya,Ya,500000
Kota Blitar,Putri,Sananwetan,5.0,Tidak,Ya,Ya,Ya,Ya,Ya,350000
Kota Blitar,Campur,Kecamatan Kepanjenkidul,0.0,Tidak,Ya,Ya,Tidak,Ya,Ya,500000
Kota Blitar,Putri,Sananwetan,5.0,Ya,Ya,Ya,Ya,Ya,Ya,850000
Kota Blitar,Putri,Sananwetan,0.0,Ya,Tidak,Ya,Ya,Ya,Ya,1350000
Kota Blitar,Campur,Kecamatan Sananwetan,0.0,Tidak,Ya,Ya,Tidak,Ya,Ya,850000
Kota Blitar,Putri,Kecamatan Sukorejo,0.0,Tidak,Ya,Ya,Ya,Tidak,Ya,500000
Kota Blitar,Putri,Kecamatan Kepanjenkidul,0.0,Tidak,Ya,Ya,Tidak,Tidak,Ya,375000
Kota Blitar,Putri,Kecamatan Sukorejo,0.0,Tidak,Ya,Ya,Ya,Ya,Ya,500000
Kota Blitar,Campur,Kecamatan Sukorejo,0.0,Tidak,Ya,Ya,Tidak,Ya,Ya,450000
Kota Blitar,Putri,Kecamatan Sananwetan,0.0,Ya,Tidak,Ya,Ya,Ya,Ya,700000
Kota Blitar,Putri,Kecamatan Sananwetan,0.0,Tidak,Tidak,Ya,Ya,Tidak,Ya,700000
Kota Blitar,Campur,Kepanjenkidul,0.0,Tidak,Ya,Ya,Tidak,Ya,Tidak,700000
Kota Blitar,Putri,Kecamatan Kepanjenkidul,0.0,Tidak,Tidak,Ya,Ya,Ya,Tidak,500000
Kota Blitar,Putri,Sananwetan,0.0,Ya,Ya,Ya,Ya,Ya,Ya,800000
Kota Blitar,Campur,Kanigoro,0.0,Tidak,Tidak,Ya,Tidak,Ya,Ya,550000
Kota Blitar,Putri,Sananwetan,4.9,Tidak,Tidak,Ya,Ya,Ya,Tidak,500000
Kota Blitar,Putri,Kanigoro,0.0,Tidak,Tidak,Ya,Tidak,Tidak,Ya,360000
Kota Blitar,Putra,Kecamatan Sananwetan,0.0,Tidak,Tidak,Ya,Ya,Tidak,Tidak,250000
Kota Blitar,Putra,Kecamatan Sananwetan,0.0,Tidak,Ya,Ya,Tidak,Tidak,Ya,650000
Kota Blitar,Campur,Sananwetan,0.0,Tidak,Ya,Ya,Tidak,Ya,Ya,550000
Kota Blitar,Putri,Kecamatan Kepanjenkidul,0.0,Tidak,Ya,Ya,Tidak,Ya,Ya,450000
Kota Blitar,Putri,Sananwetan,0.0,Tidak,Tidak,Ya,Ya,Ya,Tidak,600000
Kota Blitar,Campur,Kecamatan Sukorejo,0.0,Tidak,Ya,Ya,Tidak,Ya,Ya,700000
Kota Blitar,Campur,Kecamatan Kanigoro,0.0,Tidak,Ya,Ya,Tidak,Ya,Ya,500000
Kota Blitar,Putri,Kecamatan Sukorejo,0.0,Tidak,Tidak,Ya,Tidak,Ya,Ya,550000
Kota Blitar,Putri,Sananwetan,0.0,Ya,Tidak,Ya,Ya,Ya,Tidak,1000000
Kota Blitar,Putra,Kepanjenkidul,0.0,Tidak,Ya,Ya,Ya,Tidak,Ya,450000
Kota Blitar,Putri,Sananwetan,0.0,Ya,Tidak,Ya,Ya,Ya,Tidak,1100000
Kota Blitar,Putri,Sananwetan,0.0,Tidak,Ya,Ya,Ya,Tidak,Ya,600000
Kota Blitar,Putri,Sanankulon,0.0,Tidak,Tidak,Ya,Tidak,Ya,Ya,600000
Kota Blitar,Putri,Sananwetan,0.0,Ya,Ya,Ya,Ya,Ya,Ya,1300000
Kota Blitar,Campur,Kecamatan Sananwetan,0.0,Tidak,Ya,Ya,Ya,Tidak,Ya,850000
Kota Blitar,Putri,Kecamatan Sananwetan,0.0,Tidak,Tidak,Ya,Tidak,Ya,Ya,600000
Kota Blitar,Campur,Kanigoro,0.0,Tidak,Tidak,Ya,Tidak,Ya,Ya,600000
Kota Blitar,Putri,Sananwetan,0.0,Tidak,Ya,Ya,Ya,Ya,Ya,650000
Kota Blitar,Putri,Kecamatan Sananwetan,0.0,Tidak,Ya,Ya,Tidak,Tidak,Ya,400000
Kota Blitar,Putri,Kecamatan Sananwetan,0.0,Tidak,Ya,Ya,Tidak,Ya,Ya,500000
Kota Blitar,Putri,Sananwetan,0.0,Tidak,Tidak,Ya,Ya,Tidak,Tidak,500000
Kota Blitar,Campur,Kecamatan Sananwetan,0.0,Tidak,Tidak,Tidak,Ya,Tidak,Ya,200000
Kota Blitar,Putri,Sukorejo,0.0,Tidak,Ya,Ya,Tidak,Ya,Ya,530000
Kota Blitar,Campur,Kecamatan Sananwetan,0.0,Tidak,Ya,Ya,Tidak,Ya,Ya,400000
Kota Blitar,Putri,Kanigoro,4.8,Ya,Tidak,Ya,Ya,Ya,Ya,1000000
Kota Blitar,Campur,Sananwetan,0.0,Tidak,Ya,Ya,Tidak,Tidak,Ya,600000
Kota Blitar,Putri,Sukorejo,0.0,Tidak,Ya,Ya,Tidak,Ya,Ya,460000
Kota Blitar,Campur,Sananwetan,0.0,Ya,Ya,Ya,Tidak,Ya,Ya,1150000
Kota Blitar,Putri,Sananwetan,0.0,Tidak,Tidak,Ya,Ya,Ya,Ya,500000
Kota Blitar,Campur,Sukorejo,0.0,Tidak,Tidak,Ya,Ya,Ya,Ya,850000
Kota Blitar,Putri,Kecamatan Kepanjenkidul,0.0,Tidak,Ya,Ya,Tidak,Tidak,Ya,350000
Kota Blitar,Campur,Sananwetan,0.0,Tidak,Ya,Ya,Tidak,Ya,Ya,500000
Kota Blitar,Putri,Kecamatan Sananwetan,0.0,Ya,Tidak,Ya,Ya,Ya,Ya,1250000
Kota Blitar,Putri,Kecamatan Sukorejo,0.0,Tidak,Tidak,Tidak,Tidak,Ya,Tidak,600000
Kota Blitar,Putra,Kepanjen Kidul,0.0,Ya,Tidak,Ya,Ya,Tidak,Ya,1600000
Kota Blitar,Campur,Kepanjenkidul,0.0,Tidak,Tidak,Tidak,Tidak,Ya,Tidak,600000
Kota Blitar,Putri,Sukorejo,0.0,Tidak,Ya,Ya,Ya,Ya,Ya,400000
Kota Blitar,Campur,Sananwetan,0.0,Tidak,Ya,Ya,Ya,Ya,Ya,600000
Kota Blitar,Putri,Sananwetan,0.0,Tidak,Tidak,Ya,Tidak,Ya,Ya,550000
Kota Blitar,Campur,Sananwetan,0.0,Tidak,Tidak,Ya,Ya,Ya,Ya,650000
Kota Blitar,Campur,Kanigoro,0.0,Tidak,Ya,Ya,Tidak,Ya,Ya,650000
Kota Blitar,Putri,Kecamatan Sukorejo,0.0,Ya,Ya,Ya,Tidak,Tidak,Ya,1000000
Kota Blitar,Putri,Sananwetan,0.0,Ya,Tidak,Ya,Tidak,Ya,Ya,900000
Kota Blitar,Campur,Sananwetan,0.0,Ya,Ya,Ya,Tidak,Ya,Tidak,1350000
Kota Blitar,Putri,Kepanjenkidul,0.0,Tidak,Ya,Ya,Ya,Ya,Ya,700000
Kota Blitar,Campur,Kecamatan Sananwetan,0.0,Tidak,Tidak,Ya,Tidak,Tidak,Tidak,400000
Kota Blitar,Putra,Kecamatan Kepanjenkidul,0.0,Tidak,Ya,Ya,Ya,Tidak,Tidak,500000
Kota Blitar,Putri,Kecamatan Kepanjenkidul,0.0,Tidak,Ya,Ya,Tidak,Tidak,Ya,400000
Kota Blitar,Putri,Kepanjenkidul,0.0,Tidak,Ya,Ya,Tidak,Ya,Tidak,450000
Kota Blitar,Putri,Kecamatan Kanigoro,0.0,Tidak,Ya,Ya,Ya,Ya,Ya,1000000
Kota Blitar,Putri,Sukorejo,0.0,Tidak,Tidak,Ya,Tidak,Ya,Ya,460000
Kota Blitar,Campur,Kepanjenkidul,0.0,Ya,Ya,Ya,Ya,Ya,Ya,1150000
Kota Blitar,Campur,Kanigoro,0.0,Tidak,Tidak,Ya,Ya,Ya,Ya,650000
Kota Blitar,Campur,Kecamatan Sananwetan,0.0,Tidak,Ya,Ya,Ya,Tidak,Ya,350000
Kota Blitar,Putri,Kecamatan Sananwetan,0.0,Tidak,Tidak,Ya,Ya,Ya,Ya,900000
Kota Blitar,Campur,Sananwetan,0.0,Tidak,Tidak,Ya,Ya,Ya,Ya,650000
Kota Blitar,Putri,Kepanjenkidul,0.0,Tidak,Tidak,Ya,Ya,Ya,Ya,350000
Kota Blitar,Campur,Kecamatan Sukorejo,0.0,Tidak,Ya,Ya,Tidak,Ya,Ya,600000
Kota Blitar,Putri,Sananwetan,0.0,Tidak,Ya,Ya,Tidak,Tidak,Ya,400000
Kota Blitar,Putra,Sananwetan,0.0,Tidak,Ya,Ya,Ya,Tidak,Ya,250000
Kota Blitar,Campur,Kecamatan Sananwetan,0.0,Ya,Ya,Ya,Tidak,Ya,Ya,1500000
Kota Blitar,Campur,Kepanjenkidul,0.0,Tidak,Ya,Ya,Tidak,Ya,Ya,650000
Kota Blitar,Putri,Kepanjenkidul,0.0,Tidak,Ya,Ya,Tidak,Ya,Tidak,700000
Kota Blitar,Putri,Kepanjenkidul,0.0,Tidak,Ya,Ya,Ya,Tidak,Tidak,300000
Kota Blitar,Campur,Kanigoro,0.0,Tidak,Tidak,Ya,Tidak,Ya,Tidak,700000
Kota Blitar,Putri,Sananwetan,0.0,Tidak,Tidak,Ya,Ya,Tidak,Ya,500000
Kota Blitar,Putra,Sananwetan,0.0,Tidak,Tidak,Ya,Tidak,Tidak,Ya,375000
Kota Blitar,Putri,Kecamatan Sananwetan,5.0,Ya,Ya,Ya,Ya,Ya,Ya,1100000
Kota Blitar,Putri,Kecamatan Sukorejo,0.0,Tidak,Ya,Ya,Tidak,Ya,Ya,600000
Kota Blitar,Putri,Kecamatan Kepanjenkidul,0.0,Tidak,Ya,Ya,Ya,Ya,Ya,750000
Kota Blitar,Putri,Sananwetan,0.0,Tidak,Tidak,Ya,Tidak,Ya,Ya,385000
Kota Blitar,Putri,Sananwetan,0.0,Ya,Ya,Ya,Tidak,Ya,Ya,1500000
Kota Blitar,Putri,Kepanjenkidul,0.0,Tidak,Ya,Ya,Ya,Ya,Tidak,450000
Kota Blitar,Putri,Kepanjenkidul,0.0,Tidak,Ya,Ya,Tidak,Ya,Ya,700000
Kota Blitar,Putri,Kecamatan Sananwetan,0.0,Tidak,Ya,Ya,Tidak,Tidak,Tidak,350000
Kota Blitar,Campur,Sukorejo,0.0,Tidak,Tidak,Ya,Tidak,Ya,Tidak,500000
Kota Blitar,Campur,Sanankulon,0.0,Tidak,Ya,Ya,Tidak,Ya,Ya,500000
Kota Blitar,Campur,Kepanjenkidul,0.0,Tidak,Ya,Ya,Tidak,Ya,Ya,400000
Kota Blitar,Campur,Kecamatan Kanigoro,0.0,Tidak,Ya,Ya,Ya,Ya,Ya,600000
Kota Blitar,Putra,Kanigoro,0.0,Tidak,Tidak,Ya,Tidak,Ya,Ya,500000
Kota Blitar,Putri,Sananwetan,0.0,Tidak,Tidak,Ya,Tidak,Tidak,Ya,275000
Kota Blitar,Campur,Sananwetan,0.0,Tidak,Ya,Ya,Tidak,Ya,Tidak,500000
Kota Blitar,Campur,Kepanjenkidul,0.0,Tidak,Ya,Ya,Tidak,Ya,Ya,450000
Kota Blitar,Campur,Sananwetan,0.0,Tidak,Ya,Ya,Tidak,Ya,Ya,600000
Kota Blitar,Putri,Kecamatan Sananwetan,0.0,Tidak,Ya,Ya,Ya,Tidak,Ya,250000
Kota Blitar,Campur,Kecamatan Sukorejo,0.0,Tidak,Ya,Ya,Tidak,Ya,Tidak,1000000
Kota Blitar,Campur,Kanigoro,0.0,Tidak,Ya,Ya,Tidak,Ya,Tidak,580000
Kota Blitar,Putri,Kecamatan Sananwetan,0.0,Tidak,Ya,Ya,Ya,Tidak,Ya,450000
Kota Blitar,Campur,Sananwetan,0.0,Tidak,Tidak,Ya,Tidak,Tidak,Tidak,350000
Kota Blitar,Putri,Sukorejo,0.0,Tidak,Ya,Ya,Tidak,Tidak,Tidak,250000
Kota Blitar,Campur,Kanigoro,0.0,Tidak,Tidak,Ya,Tidak,Ya,Ya,800000
Kota Blitar,Putri,Sukorejo,0.0,Tidak,Ya,Ya,Tidak,Tidak,Tidak,300000
Kota Blitar,Campur,Sananwetan,0.0,Ya,Ya,Ya,Ya,Tidak,Ya,1100000
Kota Blitar,Campur,Sananwetan,0.0,Tidak,Tidak,Ya,Tidak,Ya,Tidak,400000
Kota Blitar,Putri,Kecamatan Sananwetan,0.0,Tidak,Tidak,Ya,Tidak,Tidak,Ya,275000
Kota Blitar,Putra,Kecamatan Sananwetan,0.0,Tidak,Tidak,Ya,Tidak,Ya,Ya,700000
Kota Blitar,Campur,Kanigoro,0.0,Ya,Tidak,Ya,Ya,Ya,Ya,1100000
Kota Blitar,Putra,Kecamatan Sananwetan,0.0,Tidak,Tidak,Ya,Tidak,Ya,Ya,600000
Kota Blitar,Putra,Kepanjenkidul,0.0,Tidak,Tidak,Ya,Tidak,Ya,Ya,450000
Kota Blitar,Campur,Kecamatan Sananwetan,0.0,Tidak,Ya,Ya,Tidak,Ya,Ya,600000
Kota Blitar,Campur,Sananwetan,0.0,Tidak,Tidak,Ya,Tidak,Ya,Ya,550000
Kota Blitar,Campur,Kecamatan Sananwetan,0.0,Tidak,Tidak,Ya,Ya,Ya,Ya,600000
Kota Blitar,Putra,Kepanjenkidul,0.0,Tidak,Ya,Ya,Tidak,Ya,Tidak,450000
Kota Blitar,Putri,Kecamatan Sananwetan,0.0,Tidak,Tidak,Ya,Tidak,Tidak,Tidak,250000
Kota Blitar,Campur,Kepanjenkidul,0.0,Ya,Ya,Ya,Tidak,Ya,Ya,1000000
Kota Blitar,Campur,Kepanjenkidul,3.4,Tidak,Ya,Ya,Tidak,Ya,Tidak,400000
Kota Blitar,Campur,Sananwetan,0.0,Tidak,Tidak,Ya,Tidak,Tidak,Tidak,400000
Kota Blitar,Campur,Kecamatan Sananwetan,0.0,Tidak,Ya,Ya,Tidak,Ya,Ya,650000
Kota Blitar,Putri,Sananwetan,0.0,Tidak,Ya,Ya,Ya,Ya,Ya,250000
Kota Blitar,Putri,Kecamatan Sananwetan,0.0,Tidak,Tidak,Ya,Ya,Tidak,Ya,480000
Kota Blitar,Putri,Kepanjenkidul,0.0,Tidak,Tidak,Ya,Tidak,Ya,Ya,370000
Kota Blitar,Putri,Sananwetan,0.0,Tidak,Ya,Ya,Ya,Tidak,Tidak,580000
Kota Blitar,Campur,Kecamatan Kepanjenkidul,0.0,Tidak,Tidak,Ya,Tidak,Ya,Ya,450000
Kota Blitar,Putri,Sananwetan,0.0,Tidak,Ya,Ya,Tidak,Tidak,Tidak,350000
Kota Blitar,Campur,Sukorejo,0.0,Tidak,Tidak,Ya,Tidak,Ya,Ya,500000
Kota Blitar,Putri,Sananwetan,0.0,Tidak,Ya,Ya,Tidak,Ya,Ya,600000
Kota Blitar,Putra,Sananwetan,0.0,Tidak,Ya,Ya,Tidak,Tidak,Tidak,250000
Kota Blitar,Campur,Kecamatan Sananwetan,0.0,Tidak,Ya,Ya,Ya,Ya,Ya,750000
Kota Blitar,Campur,Kecamatan Kanigoro,0.0,Tidak,Tidak,Ya,Ya,Ya,Ya,650000
Kota Blitar,Putra,Sananwetan,0.0,Tidak,Ya,Ya,Tidak,Tidak,Tidak,500000
Kota Blitar,Campur,Kecamatan Kepanjenkidul,0.0,Tidak,Ya,Tidak,Tidak,Ya,Tidak,750000
Kota Blitar,Putri,Kepanjenkidul,0.0,Tidak,Ya,Ya,Tidak,Ya,Tidak,600000
Kota Blitar,Campur,Kecamatan Sananwetan,0.0,Tidak,Ya,Ya,Ya,Tidak,Ya,550000
Kota Blitar,Putri,Sananwetan,0.0,Ya,Ya,Ya,Ya,Ya,Ya,1250000
Kota Blitar,Campur,Sananwetan,0.0,Tidak,Tidak,Ya,Tidak,Ya,Ya,600000
Kota Blitar,Putri,Sananwetan,0.0,Tidak,Ya,Ya,Tidak,Ya,Ya,500000
Kota Blitar,Campur,Sananwetan,0.0,Tidak,Ya,Ya,Tidak,Ya,Tidak,600000
Kota Blitar,Putri,Kepanjenkidul,0.0,Tidak,Ya,Ya,Tidak,Ya,Ya,500000
Kota Blitar,Campur,Kecamatan Sananwetan,0.0,Tidak,Ya,Ya,Ya,Ya,Ya,750000
Kota Blitar,Campur,Sananwetan,0.0,Tidak,Tidak,Ya,Tidak,Ya,Tidak,550000
Kota Blitar,Putri,Sananwetan,0.0,Tidak,Ya,Ya,Tidak,Ya,Ya,500000
Kota Blitar,Campur,Sananwetan,0.0,Tidak,Tidak,Ya,Tidak,Ya,Tidak,500000
Kota Blitar,Campur,Sananwetan,0.0,Ya,Ya,Ya,Ya,Ya,Ya,1100000
Kota Kediri,Putri,Mojoroto,0.0,Tidak,Ya,Ya,Tidak,Ya,Ya,540000
Kota Kediri,Putri,Mojoroto,0.0,Tidak,Ya,Ya,Tidak,Ya,Ya,495000
Kota Kediri,Putri,Mojoroto,0.0,Ya,Tidak,Ya,Ya,Ya,Ya,925000
Kota Kediri,Putri,Mojoroto,0.0,Tidak,Tidak,Ya,Ya,Ya,Ya,610000
Kota Kediri,Putri,Mojoroto,0.0,Tidak,Tidak,Ya,Tidak,Ya,Ya,550000
Kota Kediri,Putri,Kecamatan Kota Kediri,5.0,Tidak,Tidak,Ya,Tidak,Ya,Tidak,550000
Kota Kediri,Putri,Kediri,0.0,Tidak,Tidak,Ya,Ya,Ya,Ya,500000
Kota Kediri,Putra,Mojoroto,0.0,Tidak,Ya,Ya,Tidak,Ya,Ya,750000
Kota Kediri,Putri,Kota Kediri,0.0,Tidak,Ya,Ya,Tidak,Tidak,Ya,300000
Kota Kediri,Putra,Ngasem,0.0,Tidak,Ya,Ya,Tidak,Ya,Ya,600000
Kota Kediri,Putri,Pesantren,0.0,Tidak,Ya,Ya,Ya,Tidak,Ya,500000
Kota Kediri,Putri,Kota Kediri,0.0,Tidak,Ya,Ya,Ya,Ya,Ya,600000
Kota Kediri,Putri,Kecamatan Ngasem,0.0,Ya,Ya,Ya,Ya,Ya,Ya,1100000
Kota Kediri,Putra,Kecamatan Mojoroto,0.0,Tidak,Ya,Ya,Tidak,Ya,Ya,650000
Kota Kediri,Campur,Kediri,0.0,Ya,Tidak,Ya,Ya,Ya,Ya,1100000
Kota Kediri,Putra,Mojoroto,0.0,Ya,Tidak,Ya,Tidak,Ya,Ya,1200000
Kota Kediri,Putri,Kediri,0.0,Tidak,Tidak,Ya,Ya,Ya,Ya,300000
Kota Kediri,Putri,Kota Kediri,0.0,Tidak,Tidak,Ya,Tidak,Ya,Ya,450000
Kota Kediri,Putri,Mojoroto,0.0,Tidak,Ya,Ya,Tidak,Ya,Ya,550000
Kota Kediri,Campur,Kota Kediri,0.0,Tidak,Ya,Ya,Ya,Ya,Ya,450000
Kota Kediri,Putri,Kecamatan Pesantren,0.0,Ya,Ya,Ya,Ya,Tidak,Ya,700000
Kota Kediri,Putri,Kecamatan Ngasem,0.0,Tidak,Tidak,Ya,Tidak,Tidak,Tidak,500000
Kota Kediri,Putra,Kediri,0.0,Tidak,Ya,Ya,Tidak,Ya,Ya,600000
Kota Kediri,Putri,Mojoroto,0.0,Tidak,Ya,Ya,Tidak,Ya,Ya,500000
Kota Kediri,Putri,Kediri,0.0,Tidak,Tidak,Ya,Ya,Tidak,Ya,500000
Kota Kediri,Putri,Kediri,0.0,Tidak,Ya,Ya,Ya,Tidak,Ya,400000
Kota Kediri,Putri,Pesantren,0.0,Tidak,Ya,Ya,Ya,Tidak,Ya,550000
Kota Kediri,Campur,Mojoroto,0.0,Ya,Ya,Ya,Ya,Ya,Ya,1800000
Kota Kediri,Campur,Kecamatan Pesantren,0.0,Tidak,Ya,Ya,Ya,Ya,Ya,900000
Kota Kediri,Putra,Mojoroto,5.0,Tidak,Ya,Ya,Tidak,Ya,Ya,375000
Kota Kediri,Putri,Mojoroto,0.0,Tidak,Tidak,Ya,Tidak,Ya,Ya,650000
Kota Kediri,Campur,Kecamatan Mojoroto,0.0,Ya,Ya,Ya,Ya,Ya,Ya,1300000
Kota Kediri,Campur,Kecamatan Pesantren,0.0,Ya,Ya,Ya,Ya,Ya,Ya,1100000
Kota Kediri,Campur,Kecamatan Pesantren,0.0,Ya,Ya,Ya,Ya,Ya,Ya,1200000
Kota Kediri,Campur,Mojoroto,0.0,Ya,Ya,Ya,Ya,Ya,Ya,1400000
Kota Kediri,Putra,Mojoroto,0.0,Tidak,Ya,Ya,Tidak,Tidak,Ya,380000
Kota Kediri,Campur,Mojoroto,0.0,Ya,Tidak,Ya,Ya,Ya,Ya,850000
Kota Kediri,Campur,Pesantren,4.8,Tidak,Ya,Ya,Tidak,Ya,Ya,600000
Kota Kediri,Campur,Pesantren,0.0,Ya,Ya,Ya,Tidak,Ya,Ya,1200000
Kota Kediri,Campur,Pesantren,0.0,Ya,Ya,Ya,Tidak,Ya,Ya,800000
Kota Kediri,Putri,Kediri,0.0,Ya,Tidak,Ya,Ya,Ya,Ya,850000
Kota Kediri,Putra,Ngadiluwih,0.0,Tidak,Ya,Ya,Tidak,Ya,Ya,550000
Kota Kediri,Putri,Mojoroto,0.0,Tidak,Ya,Ya,Tidak,Tidak,Ya,350000
Kota Kediri,Campur,Kecamatan Mojoroto,0.0,Ya,Ya,Ya,Ya,Ya,Ya,1450000
Kota Kediri,Putri,Kediri,0.0,Ya,Tidak,Ya,Ya,Ya,Ya,1350000
Kota Kediri,Campur,Mojoroto,0.0,Ya,Ya,Ya,Ya,Ya,Ya,1400000
Kota Kediri,Putri,Kota Kediri,0.0,Tidak,Tidak,Ya,Ya,Tidak,Ya,450000
Kota Kediri,Putri,Mojoroto,0.0,Ya,Ya,Ya,Ya,Ya,Ya,1050000
Kota Kediri,Putri,Kediri,5.0,Ya,Tidak,Ya,Ya,Ya,Ya,1000000
Kota Kediri,Campur,Mojoroto,0.0,Ya,Ya,Ya,Ya,Ya,Ya,1600000
Kota Kediri,Campur,Pesantren,4.6,Tidak,Ya,Ya,Tidak,Ya,Ya,1000000
Kota Kediri,Putri,Kediri,0.0,Ya,Tidak,Ya,Ya,Ya,Ya,1200000
Kota Kediri,Putra,Mojoroto,0.0,Tidak,Ya,Ya,Tidak,Ya,Ya,425000
Kota Kediri,Putra,Ngasem,0.0,Tidak,Ya,Ya,Ya,Ya,Ya,450000
Kota Kediri,Putri,Mojoroto,0.0,Tidak,Ya,Ya,Ya,Tidak,Ya,350000
Kota Kediri,Putra,Ngadiluwih,0.0,Tidak,Ya,Ya,Tidak,Ya,Ya,475000
Kota Kediri,Putra,Kecamatan Mojoroto,0.0,Tidak,Ya,Ya,Ya,Tidak,Ya,350000
Kota Kediri,Putri,Kota Kediri,0.0,Tidak,Ya,Ya,Tidak,Ya,Ya,500000
Kota Kediri,Putri,Kecamatan Mojoroto,0.0,Ya,Tidak,Ya,Ya,Ya,Ya,1200000
Kota Kediri,Campur,Mojoroto,0.0,Ya,Ya,Ya,Ya,Ya,Ya,650000
Kota Kediri,Putra,Kota Kediri,0.0,Ya,Ya,Ya,Ya,Ya,Ya,1100000
Kota Kediri,Putri,Kecamatan Mojoroto,5.0,Tidak,Ya,Ya,Tidak,Tidak,Ya,350000
Kota Kediri,Putri,Kecamatan Kota,0.0,Tidak,Tidak,Ya,Tidak,Tidak,Ya,350000
Kota Kediri,Putri,Mojoroto,0.0,Tidak,Ya,Ya,Ya,Tidak,Ya,450000
Kota Kediri,Putra,Mojoroto,0.0,Ya,Tidak,Ya,Tidak,Ya,Ya,1300000
Kota Kediri,Putri,Mojoroto,0.0,Ya,Tidak,Ya,Ya,Tidak,Ya,750000
Kota Kediri,Putri,Mojoroto,0.0,Tidak,Ya,Ya,Ya,Tidak,Ya,450000
Kota Kediri,Putri,Kota Kediri,0.0,Tidak,Ya,Ya,Tidak,Ya,Ya,400000
Kota Kediri,Putra,Kecamatan Mojoroto,0.0,Tidak,Ya,Ya,Tidak,Tidak,Ya,360000
Kota Kediri,Putra,Mojoroto,0.0,Ya,Ya,Ya,Ya,Ya,Ya,1100000
Kota Kediri,Putra,Mojoroto,0.0,Tidak,Ya,Ya,Tidak,Tidak,Ya,450000
Kota Kediri,Putra,Mojoroto,0.0,Tidak,Ya,Ya,Ya,Ya,Ya,500000
Kota Kediri,Campur,Kediri,0.0,Tidak,Ya,Ya,Ya,Tidak,Ya,450000
Kota Kediri,Putra,Kecamatan Mojoroto,0.0,Tidak,Ya,Ya,Ya,Tidak,Ya,375000
Kota Kediri,Putri,Kota Kediri,0.0,Tidak,Ya,Ya,Ya,Tidak,Ya,400000
Kota Kediri,Campur,Pesantren,0.0,Ya,Ya,Ya,Ya,Ya,Ya,1300000
Kota Kediri,Putri,Kecamatan Pesantren,0.0,Ya,Ya,Ya,Ya,Ya,Ya,500000
Kota Kediri,Putra,Mojoroto,0.0,Tidak,Tidak,Ya,Tidak,Tidak,Ya,400000
Kota Kediri,Campur,Kota Kediri,0.0,Ya,Ya,Ya,Ya,Ya,Ya,1100000
Kota Kediri,Putri,Mojoroto,0.0,Ya,Tidak,Ya,Ya,Tidak,Ya,700000
Kota Kediri,Putri,Kota Kediri,0.0,Tidak,Tidak,Ya,Tidak,Ya,Ya,600000
Kota Kediri,Putri,Kediri,0.0,Tidak,Tidak,Ya,Ya,Ya,Ya,650000
Kota Kediri,Campur,Kecamatan Pesantren,0.0,Ya,Tidak,Ya,Ya,Ya,Ya,1100000
Kota Kediri,Putra,Kecamatan Mojoroto,5.0,Tidak,Ya,Ya,Tidak,Tidak,Ya,360000
Kota Kediri,Campur,Pesantren,0.0,Ya,Ya,Ya,Ya,Ya,Ya,650000
Kota Kediri,Campur,Pesantren,0.0,Ya,Ya,Ya,Ya,Ya,Ya,1650000
Kota Kediri,Putri,Kediri,0.0,Tidak,Ya,Ya,Tidak,Ya,Tidak,600000
Kota Kediri,Putra,Ngadiluwih,0.0,Ya,Ya,Ya,Tidak,Ya,Ya,900000
Kota Kediri,Putri,Mojoroto,0.0,Ya,Ya,Ya,Ya,Ya,Ya,1400000
Kota Kediri,Putra,Mojoroto,0.0,Tidak,Ya,Ya,Ya,Tidak,Ya,500000
Kota Kediri,Campur,Ngasem,0.0,Tidak,Ya,Ya,Tidak,Tidak,Ya,350000
Kota Kediri,Putri,Mojoroto,0.0,Ya,Ya,Ya,Ya,Ya,Ya,1100000
Kota Kediri,Campur,Pesantren,0.0,Ya,Tidak,Ya,Ya,Ya,Ya,1700000
Kota Kediri,Putri,Mojoroto,0.0,Ya,Tidak,Ya,Ya,Tidak,Ya,1000000
Kota Kediri,Putri,Kecamatan Mojoroto,0.0,Tidak,Ya,Ya,Ya,Ya,Ya,500000
Kota Kediri,Campur,Pesantren,0.0,Ya,Ya,Ya,Ya,Ya,Ya,1500000
Kota Kediri,Putra,Kecamatan Mojoroto,0.0,Tidak,Ya,Ya,Tidak,Ya,Ya,480000
Kota Kediri,Putra,Kediri,0.0,Tidak,Tidak,Ya,Ya,Ya,Ya,760000
Kota Kediri,Putri,Kota Kediri,0.0,Ya,Tidak,Ya,Tidak,Ya,Ya,800000
Kota Kediri,Putri,Mojoroto,0.0,Ya,Tidak,Ya,Ya,Tidak,Ya,1000000
Kota Kediri,Putra,Ngadiluwih,0.0,Tidak,Ya,Ya,Tidak,Tidak,Ya,350000
Kota Kediri,Campur,Pesantren,0.0,Ya,Ya,Ya,Ya,Ya,Ya,1300000
Kota Kediri,Putri,Mojoroto,0.0,Tidak,Ya,Ya,Ya,Ya,Ya,550000
Kota Kediri,Putra,Kecamatan Mojoroto,0.0,Tidak,Ya,Tidak,Tidak,Tidak,Tidak,400000
Kota Kediri,Campur,Kecamatan Pesantren,0.0,Tidak,Ya,Ya,Ya,Ya,Tidak,750000
Kota Kediri,Putri,Mojoroto,0.0,Tidak,Ya,Ya,Tidak,Ya,Ya,400000
Kota Kediri,Campur,Mojoroto,4.4,Tidak,Ya,Ya,Ya,Ya,Ya,650000
Kota Kediri,Putri,Pesantren,0.0,Tidak,Ya,Tidak,Tidak,Ya,Ya,1000000
Kota Kediri,Campur,Kediri,0.0,Ya,Tidak,Ya,Ya,Ya,Ya,900000
Kota Kediri,Campur,Mojoroto,0.0,Ya,Tidak,Ya,Ya,Ya,Ya,1250000
Kota Kediri,Putri,Kecamatan Pesantren,0.0,Ya,Ya,Ya,Ya,Ya,Ya,1200000
Kota Kediri,Campur,Mojoroto,0.0,Ya,Tidak,Ya,Ya,Tidak,Ya,1250000
Kota Kediri,Putri,Mojoroto,0.0,Tidak,Tidak,Ya,Tidak,Ya,Ya,750000
Kota Kediri,Putra,Kecamatan Kota,4.9,Tidak,Ya,Ya,Tidak,Ya,Tidak,400000
Kota Kediri,Campur,Pesantren,5.0,Ya,Ya,Ya,Tidak,Tidak,Tidak,1500000
Kota Kediri,Putra,Mojoroto,4.9,Tidak,Ya,Ya,Tidak,Ya,Tidak,400000
Kota Kediri,Putri,Mojoroto,0.0,Tidak,Ya,Ya,Ya,Tidak,Ya,400000
Kota Kediri,Putra,Kota Kediri,0.0,Ya,Ya,Ya,Ya,Ya,Ya,1000000
Kota Kediri,Putri,Mojoroto,0.0,Tidak,Tidak,Ya,Tidak,Ya,Ya,400000
Kota Kediri,Putri,Mojoroto,5.0,Tidak,Ya,Ya,Tidak,Tidak,Ya,600000
Kota Kediri,Putra,Kota Kediri,0.0,Tidak,Tidak,Ya,Tidak,Ya,Ya,500000
Kota Kediri,Putri,Mojoroto,4.0,Ya,Ya,Ya,Ya,Tidak,Ya,1200000
Kota Kediri,Putri,Mojoroto,0.0,Tidak,Ya,Ya,Tidak,Ya,Ya,500000
Kota Kediri,Campur,Pesantren,0.0,Ya,Ya,Ya,Ya,Ya,Ya,1300000
Kota Kediri,Putri,Mojoroto,0.0,Tidak,Ya,Ya,Tidak,Tidak,Ya,450000
Kota Kediri,Putri,Kecamatan Mojoroto,0.0,Tidak,Ya,Ya,Ya,Ya,Ya,550000
Kota Kediri,Putri,Kota Kediri,0.0,Tidak,Tidak,Ya,Tidak,Tidak,Ya,400000
Kota Kediri,Putri,Kecamatan Mojoroto,0.0,Ya,Ya,Ya,Ya,Ya,Ya,1500000
Kota Kediri,Putra,Mojoroto,0.0,Tidak,Ya,Ya,Tidak,Ya,Ya,550000
Kota Kediri,Campur,Kecamatan Pesantren,0.0,Ya,Ya,Ya,Ya,Ya,Ya,800000
Kota Kediri,Putri,Mojoroto,0.0,Tidak,Tidak,Ya,Ya,Tidak,Ya,500000
Kota Kediri,Putri,Mojoroto,0.0,Tidak,Ya,Ya,Ya,Ya,Ya,580000
Kota Kediri,Putri,Mojoroto,0.0,Tidak,Tidak,Ya,Tidak,Tidak,Ya,500000
Kota Kediri,Putri,Kecamatan Mojoroto,0.0,Tidak,Tidak,Ya,Tidak,Ya,Ya,500000
Kota Kediri,Putri,Mojoroto,0.0,Tidak,Ya,Ya,Tidak,Tidak,Ya,550000
Kota Kediri,Putri,Kecamatan Pesantren,0.0,Ya,Tidak,Ya,Ya,Ya,Ya,1200000
Kota Madiun,Putri,Kecamatan Manguharjo,0.0,Tidak,Ya,Ya,Tidak,Ya,Ya,750000
Kota Madiun,Campur,Kecamatan Manguharjo,0.0,Ya,Ya,Ya,Ya,Ya,Ya,1000000
Kota Madiun,Putri,Kartoharjo,0.0,Tidak,Tidak,Ya,Tidak,Ya,Ya,700000
Kota Madiun,Putra,Jiwan,0.0,Tidak,Tidak,Ya,Ya,Ya,Ya,600000
Kota Madiun,Campur,Kecamatan Taman,0.0,Ya,Ya,Ya,Ya,Ya,Ya,1250000
Kota Madiun,Putra,Kecamatan Taman,0.0,Ya,Ya,Ya,Ya,Ya,Ya,1800000
Kota Madiun,Putra,Kecamatan Taman,0.0,Tidak,Tidak,Ya,Tidak,Ya,Ya,600000
Kota Madiun,Putra,Taman,0.0,Ya,Ya,Ya,Tidak,Ya,Ya,750000
Kota Madiun,Putra,Kartoharjo,5.0,Ya,Ya,Ya,Ya,Ya,Ya,900000
Kota Madiun,Putri,Kartoharjo,0.0,Tidak,Ya,Ya,Ya,Ya,Ya,600000
Kota Madiun,Putri,Taman,4.5,Tidak,Ya,Ya,Tidak,Tidak,Ya,450000
Kota Madiun,Campur,Taman,0.0,Ya,Ya,Ya,Ya,Ya,Ya,1100000
Kota Madiun,Putra,Kartoharjo,0.0,Ya,Ya,Ya,Ya,Ya,Ya,1300000
Kota Madiun,Putri,Kecamatan Taman,4.6,Tidak,Tidak,Ya,Ya,Tidak,Ya,450000
Kota Madiun,Putri,Kecamatan Manguharjo,0.0,Tidak,Ya,Ya,Tidak,Tidak,Ya,550000
Kota Madiun,Campur,Kartoharjo,0.0,Ya,Ya,Ya,Ya,Ya,Ya,1349000
Kota Madiun,Putri,Kecamatan Taman,0.0,Tidak,Tidak,Ya,Ya,Tidak,Ya,550000
Kota Madiun,Campur,Taman,0.0,Tidak,Ya,Ya,Ya,Ya,Ya,800000
Kota Madiun,Putri,Taman,0.0,Tidak,Tidak,Ya,Ya,Ya,Ya,550000
Kota Madiun,Putri,Kecamatan Manguharjo,0.0,Tidak,Tidak,Ya,Tidak,Tidak,Ya,449999
Kota Madiun,Putri,Kecamatan Taman,0.0,Tidak,Tidak,Ya,Ya,Tidak,Ya,550000
Kota Madiun,Putri,Taman,0.0,Ya,Ya,Ya,Ya,Ya,Ya,999998
Kota Madiun,Putri,Kecamatan Kartoharjo,0.0,Tidak,Ya,Ya,Ya,Ya,Tidak,550000
Kota Madiun,Campur,Mangu Harjo,0.0,Tidak,Tidak,Ya,Tidak,Ya,Ya,600000
Kota Madiun,Putri,Taman,0.0,Tidak,Ya,Ya,Ya,Ya,Ya,698000
Kota Madiun,Putra,Kecamatan Kartoharjo,0.0,Ya,Ya,Ya,Ya,Ya,Ya,1000000
Kota Madiun,Putri,Kecamatan Taman,0.0,Ya,Tidak,Ya,Ya,Tidak,Ya,1099998
Kota Madiun,Putri,Kecamatan Manguharjo,0.0,Ya,Tidak,Ya,Ya,Ya,Ya,1000000
Kota Madiun,Campur,Kecamatan Taman,0.0,Ya,Ya,Ya,Ya,Ya,Ya,1500000
Kota Madiun,Campur,Taman,0.0,Ya,Ya,Ya,Ya,Ya,Ya,950000
Kota Madiun,Putra,Taman,0.0,Tidak,Ya,Ya,Tidak,Tidak,Ya,400000
Kota Madiun,Putri,Taman,0.0,Tidak,Ya,Ya,Tidak,Tidak,Ya,550000
Kota Madiun,Campur,Taman,0.0,Ya,Ya,Ya,Tidak,Ya,Ya,1300000
Kota Madiun,Putri,Taman,0.0,Tidak,Ya,Ya,Tidak,Tidak,Ya,399998
Kota Madiun,Putri,Mangu Harjo,0.0,Tidak,Tidak,Ya,Tidak,Ya,Ya,650000
Kota Madiun,Campur,Kecamatan Taman,0.0,Ya,Ya,Ya,Ya,Ya,Ya,1400000
Kota Madiun,Putra,Taman,0.0,Tidak,Ya,Ya,Ya,Ya,Ya,600000
Kota Madiun,Putri,Kartoharjo,0.0,Tidak,Ya,Ya,Ya,Tidak,Ya,650000
Kota Madiun,Putri,Kartoharjo,0.0,Tidak,Tidak,Ya,Ya,Tidak,Ya,550000
Kota Madiun,Putra,Kecamatan Taman,5.0,Ya,Ya,Ya,Tidak,Ya,Tidak,1000000
Kota Madiun,Putra,Kartoharjo,0.0,Tidak,Ya,Ya,Tidak,Tidak,Ya,600000
Kota Madiun,Putri,Kecamatan Taman,0.0,Tidak,Ya,Ya,Tidak,Tidak,Ya,365000
Kota Madiun,Campur,Kartoharjo,0.0,Tidak,Ya,Ya,Tidak,Ya,Ya,1200000
Kota Madiun,Putra,Taman,0.0,Tidak,Ya,Ya,Ya,Ya,Ya,650000
Kota Madiun,Campur,Kecamatan Taman,0.0,Ya,Ya,Ya,Ya,Ya,Ya,1600000
Kota Madiun,Putra,Kecamatan Taman,0.0,Tidak,Ya,Ya,Tidak,Tidak,Ya,400000
Kota Madiun,Putri,Taman,0.0,Tidak,Ya,Ya,Ya,Ya,Ya,450000
Kota Madiun,Campur,Kecamatan Kartoharjo,0.0,Tidak,Ya,Ya,Tidak,Ya,Ya,700000
Kota Madiun,Campur,Kecamatan Taman,0.0,Ya,Ya,Ya,Ya,Ya,Ya,1300000
Kota Madiun,Putri,Kecamatan Taman,0.0,Tidak,Ya,Ya,Ya,Ya,Ya,650000
Kota Madiun,Putri,Kartoharjo,0.0,Ya,Ya,Ya,Ya,Ya,Ya,600000
Kota Madiun,Putra,Taman,5.0,Tidak,Tidak,Ya,Tidak,Tidak,Ya,500000
Kota Madiun,Campur,Taman,0.0,Ya,Ya,Ya,Ya,Ya,Ya,1400000
Kota Madiun,Putri,Kartoharjo,0.0,Tidak,Ya,Ya,Ya,Tidak,Ya,500000
Kota Madiun,Putra,Kecamatan Taman,0.0,Tidak,Ya,Ya,Tidak,Ya,Tidak,700000
Kota Madiun,Campur,Kecamatan Taman,0.0,Tidak,Ya,Ya,Ya,Ya,Ya,750000
Kota Madiun,Putri,Kartoharjo,0.0,Tidak,Ya,Ya,Ya,Tidak,Ya,550000
Kota Madiun,Putra,Kecamatan Taman,0.0,Ya,Ya,Ya,Ya,Ya,Ya,1600000
Kota Madiun,Putra,Kecamatan Taman,0.0,Ya,Ya,Ya,Ya,Ya,Ya,1200000
Kota Madiun,Putra,Kecamatan Taman,0.0,Tidak,Ya,Ya,Tidak,Ya,Ya,500000
Kota Madiun,Putri,Taman,0.0,Tidak,Ya,Ya,Tidak,Ya,Ya,600000
Kota Madiun,Campur,Kecamatan Manguharjo,0.0,Tidak,Ya,Ya,Ya,Ya,Ya,550000
Kota Madiun,Putra,Kecamatan Taman,0.0,Ya,Ya,Ya,Ya,Ya,Ya,1500000
Kota Madiun,Campur,Taman,0.0,Tidak,Ya,Ya,Ya,Ya,Ya,800000
Kota Madiun,Campur,Kartoharjo,5.0,Ya,Ya,Ya,Ya,Ya,Ya,1000000
Kota Madiun,Campur,Kartoharjo,0.0,Ya,Ya,Ya,Tidak,Ya,Ya,1075000
Kota Madiun,Putri,Mangu Harjo,0.0,Ya,Ya,Ya,Ya,Ya,Ya,1100000
Kota Madiun,Putri,Kecamatan Taman,5.0,Tidak,Ya,Ya,Tidak,Tidak,Ya,500000
Kota Madiun,Putri,Kecamatan Taman,0.0,Tidak,Tidak,Ya,Tidak,Ya,Ya,500000
Kota Madiun,Putri,Kecamatan Taman,0.0,Tidak,Ya,Ya,Tidak,Tidak,Tidak,500000
Kota Madiun,Putri,Taman,5.0,Tidak,Ya,Ya,Ya,Tidak,Ya,600000
Kota Madiun,Putri,Taman,0.0,Tidak,Ya,Ya,Tidak,Ya,Ya,600000
Kota Madiun,Putri,Kartoharjo,0.0,Tidak,Ya,Ya,Tidak,Tidak,Ya,250000
Kota Madiun,Putri,Kecamatan Taman,0.0,Tidak,Tidak,Ya,Tidak,Ya,Tidak,900000
Kota Madiun,Putra,Taman,0.0,Tidak,Ya,Ya,Tidak,Ya,Ya,600000
Kota Madiun,Putri,Mangu Harjo,0.0,Tidak,Tidak,Ya,Tidak,Tidak,Ya,550000
Kota Madiun,Putri,Kecamatan Manguharjo,0.0,Ya,Tidak,Ya,Ya,Ya,Ya,1200000
Kota Madiun,Campur,Kecamatan Kartoharjo,0.0,Ya,Ya,Ya,Ya,Ya,Ya,1300000
Kota Madiun,Putra,Taman,0.0,Ya,Ya,Ya,Tidak,Ya,Ya,900000
Kota Madiun,Campur,Kecamatan Manguharjo,0.0,Tidak,Ya,Ya,Tidak,Ya,Tidak,790000
Kota Madiun,Campur,Mangu Harjo,0.0,Tidak,Ya,Ya,Tidak,Ya,Tidak,650000
Kota Madiun,Putra,Kartoharjo,0.0,Ya,Ya,Ya,Ya,Ya,Tidak,1400000
Kota Madiun,Putra,Kecamatan Taman,0.0,Tidak,Ya,Ya,Tidak,Tidak,Ya,450000
Kota Madiun,Putri,Taman,0.0,Tidak,Ya,Ya,Ya,Tidak,Ya,450000
Kota Madiun,Putra,Kecamatan Manguharjo,0.0,Tidak,Ya,Ya,Tidak,Ya,Tidak,500000
Kota Madiun,Putra,Kecamatan Taman,0.0,Tidak,Ya,Ya,Tidak,Tidak,Ya,500000
Kota Madiun,Putra,Kecamatan Kartoharjo,5.0,Tidak,Ya,Ya,Tidak,Ya,Ya,600000
Kota Madiun,Putra,Kecamatan Taman,0.0,Ya,Tidak,Ya,Ya,Ya,Ya,1250000
Kota Madiun,Putri,Kecamatan Taman,0.0,Ya,Ya,Ya,Ya,Ya,Ya,1500000
Kota Madiun,Putra,Kecamatan Manguharjo,0.0,Tidak,Ya,Ya,Tidak,Tidak,Tidak,450000
Kota Madiun,Putra,Kecamatan Kartoharjo,0.0,Tidak,Ya,Ya,Ya,Ya,Ya,650000
Kota Madiun,Putri,Taman,0.0,Tidak,Tidak,Ya,Ya,Ya,Ya,625000
Kota Madiun,Putra,Jiwan,0.0,Tidak,Ya,Ya,Ya,Tidak,Ya,400000
Kota Madiun,Campur,Taman,0.0,Ya,Ya,Ya,Ya,Ya,Ya,1350000
Kota Madiun,Putra,Kecamatan Kartoharjo,0.0,Ya,Ya,Ya,Ya,Ya,Ya,1000000
Kota Madiun,Putra,Taman,0.0,Tidak,Ya,Ya,Tidak,Tidak,Tidak,350000
Kota Madiun,Putri,Kecamatan Taman,0.0,Tidak,Tidak,Ya,Ya,Ya,Tidak,400000
Kota Madiun,Campur,Mangu Harjo,0.0,Tidak,Ya,Ya,Ya,Ya,Tidak,600000
Kota Madiun,Putra,Taman,0.0,Ya,Ya,Ya,Tidak,Ya,Ya,1000000
Kota Madiun,Putri,Kartoharjo,0.0,Tidak,Ya,Ya,Tidak,Tidak,Ya,350000
Kota Madiun,Campur,Taman,0.0,Ya,Ya,Ya,Ya,Ya,Ya,1200000
Kota Madiun,Putri,Kecamatan Kartoharjo,0.0,Tidak,Tidak,Ya,Ya,Ya,Ya,700000
Kota Madiun,Putra,Kecamatan Taman,0.0,Ya,Ya,Tidak,Ya,Ya,Ya,1200000
Kota Madiun,Putri,Taman,0.0,Tidak,Tidak,Ya,Tidak,Tidak,Ya,400000
Kota Madiun,Putra,Kartoharjo,0.0,Ya,Ya,Ya,Ya,Ya,Tidak,1200000
Kota Madiun,Putri,Kecamatan Kartoharjo,0.0,Tidak,Tidak,Ya,Tidak,Tidak,Ya,350000
Kota Madiun,Putri,Kecamatan Manguharjo,0.0,Ya,Ya,Ya,Ya,Ya,Ya,900000
Kota Madiun,Putri,Taman,0.0,Ya,Ya,Ya,Ya,Ya,Ya,1000000
Kota Madiun,Campur,Kartoharjo,0.0,Tidak,Ya,Ya,Tidak,Ya,Ya,600000
Kota Madiun,Putri,Kecamatan Kartoharjo,0.0,Tidak,Ya,Ya,Tidak,Ya,Ya,675000
Kota Madiun,Campur,Kecamatan Manguharjo,4.0,Tidak,Tidak,Ya,Tidak,Ya,Ya,600000
Kota Madiun,Campur,Kartoharjo,0.0,Tidak,Ya,Ya,Ya,Ya,Tidak,900000
Kota Madiun,Putri,Kecamatan Kartoharjo,0.0,Ya,Ya,Ya,Ya,Ya,Ya,1000000
Kota Madiun,Putra,Mangu Harjo,2.0,Tidak,Ya,Ya,Tidak,Ya,Ya,700000
Kota Madiun,Putri,Taman,0.0,Tidak,Tidak,Ya,Ya,Ya,Ya,750000
Kota Madiun,Putri,Kecamatan Taman,0.0,Tidak,Ya,Ya,Tidak,Tidak,Ya,500000
Kota Madiun,Campur,Mangu Harjo,0.0,Tidak,Ya,Ya,Ya,Ya,Tidak,600000
Kota Madiun,Putri,Taman,0.0,Tidak,Tidak,Ya,Ya,Ya,Ya,675000
Kota Madiun,Putri,Kecamatan Kartoharjo,0.0,Tidak,Tidak,Ya,Tidak,Tidak,Ya,350000
Kota Madiun,Putra,Kecamatan Kartoharjo,0.0,Tidak,Ya,Ya,Ya,Tidak,Ya,500000
Kota Madiun,Campur,Kecamatan Manguharjo,0.0,Tidak,Tidak,Ya,Tidak,Ya,Tidak,650000
Kota Madiun,Campur,Jiwan,0.0,Tidak,Ya,Ya,Ya,Tidak,Ya,500000
Kota Madiun,Putri,Kecamatan Taman,5.0,Tidak,Ya,Ya,Tidak,Ya,Ya,465000
Kota Madiun,Putra,Kecamatan Kartoharjo,0.0,Tidak,Ya,Tidak,Tidak,Tidak,Tidak,500000
Kota Madiun,Campur,Mangu Harjo,0.0,Ya,Ya,Ya,Ya,Ya,Ya,1500000
Kota Madiun,Campur,Mangu Harjo,5.0,Ya,Ya,Ya,Tidak,Ya,Ya,550000
Kota Madiun,Putri,Kecamatan Kartoharjo,0.0,Ya,Ya,Ya,Ya,Ya,Ya,1200000
Kota Madiun,Putri,Kecamatan Taman,0.0,Tidak,Tidak,Ya,Tidak,Ya,Ya,800000
Kota Madiun,Putri,Kecamatan Taman,0.0,Tidak,Ya,Ya,Tidak,Ya,Ya,800000
Kota Madiun,Putri,Kecamatan Manguharjo,0.0,Tidak,Ya,Ya,Ya,Ya,Ya,650000
Kota Madiun,Putri,Kecamatan Taman,0.0,Tidak,Tidak,Tidak,Tidak,Tidak,Tidak,500000
Kota Madiun,Putri,Kecamatan Manguharjo,0.0,Tidak,Tidak,Ya,Ya,Ya,Ya,750000
Kota Madiun,Putri,Kecamatan Kartoharjo,0.0,Ya,Ya,Ya,Tidak,Tidak,Ya,1000000
Kota Madiun,Campur,Kecamatan Manguharjo,0.0,Tidak,Ya,Ya,Tidak,Ya,Ya,600000
Kota Madiun,Putri,Kartoharjo,0.0,Tidak,Tidak,Ya,Ya,Ya,Ya,650000
Kota Madiun,Campur,Kecamatan Taman,0.0,Ya,Ya,Ya,Ya,Ya,Tidak,1200000
Kota Madiun,Putri,Kecamatan Taman,0.0,Tidak,Ya,Ya,Tidak,Ya,Tidak,400000
Kota Madiun,Campur,Taman,0.0,Ya,Tidak,Ya,Ya,Ya,Ya,1000000
Kota Madiun,Putri,Kecamatan Taman,0.0,Ya,Tidak,Ya,Ya,Tidak,Ya,950000
Kota Madiun,Putri,Kecamatan Taman,0.0,Tidak,Tidak,Ya,Tidak,Tidak,Ya,400000
Kota Madiun,Putri,Kartoharjo,0.0,Tidak,Ya,Ya,Tidak,Ya,Tidak,499999
Kota Madiun,Putri,Kartoharjo,0.0,Tidak,Ya,Ya,Tidak,Tidak,Ya,500000
Kota Madiun,Putra,Taman,0.0,Ya,Tidak,Ya,Tidak,Ya,Ya,1100000
Kota Madiun,Putra,Taman,5.0,Ya,Ya,Ya,Ya,Ya,Ya,1100000
Kota Madiun,Campur,Kartoharjo,0.0,Tidak,Ya,Ya,Ya,Tidak,Tidak,550000
Kota Madiun,Putri,Taman,0.0,Tidak,Ya,Ya,Tidak,Tidak,Ya,400000
Kota Madiun,Putri,Kecamatan Taman,0.0,Ya,Tidak,Ya,Ya,Ya,Tidak,1000000
Kota Madiun,Campur,Kecamatan Taman,0.0,Tidak,Tidak,Ya,Tidak,Ya,Tidak,550000
Kota Madiun,Putri,Taman,0.0,Tidak,Ya,Ya,Tidak,Tidak,Ya,400000
Kota Madiun,Putra,Kecamatan Manguharjo,0.0,Tidak,Tidak,Ya,Tidak,Tidak,Ya,475000
Kota Madiun,Putra,Kecamatan Taman,0.0,Ya,Ya,Ya,Ya,Ya,Ya,1000000
Kota Madiun,Putra,Kecamatan Manguharjo,0.0,Tidak,Tidak,Ya,Tidak,Tidak,Ya,475000
Kota Madiun,Putri,Taman,0.0,Tidak,Tidak,Ya,Ya,Tidak,Ya,550000
Kota Madiun,Putra,Kecamatan Taman,0.0,Ya,Tidak,Ya,Ya,Ya,Ya,1250000
Kota Madiun,Putri,Kartoharjo,0.0,Tidak,Ya,Ya,Ya,Tidak,Ya,550000
Kota Madiun,Putri,Taman,0.0,Tidak,Ya,Ya,Ya,Tidak,Ya,500000
Kota Madiun,Putri,Kartoharjo,0.0,Tidak,Ya,Ya,Tidak,Ya,Ya,580000
Kota Madiun,Putri,Kecamatan Taman,0.0,Tidak,Tidak,Ya,Tidak,Tidak,Ya,300000
Kota Madiun,Putri,Taman,0.0,Tidak,Ya,Ya,Tidak,Tidak,Ya,400000
Kota Madiun,Putri,Mangu Harjo,0.0,Tidak,Tidak,Ya,Tidak,Ya,Ya,400000
Kota Madiun,Putra,Kecamatan Taman,0.0,Tidak,Ya,Ya,Tidak,Tidak,Tidak,500000
Kota Madiun,Putri,Kartoharjo,4.8,Tidak,Tidak,Ya,Tidak,Tidak,Tidak,400000
Kota Madiun,Putra,Mangu Harjo,0.0,Tidak,Ya,Ya,Tidak,Ya,Ya,725000
Kota Madiun,Putra,Kecamatan Taman,0.0,Tidak,Ya,Ya,Ya,Tidak,Ya,900000
Kota Madiun,Putri,Kecamatan Kartoharjo,0.0,Ya,Ya,Ya,Ya,Ya,Ya,1000000
Kota Madiun,Putri,Kecamatan Manguharjo,0.0,Ya,Tidak,Ya,Ya,Ya,Ya,1000000
Kota Madiun,Putra,Taman,5.0,Tidak,Ya,Ya,Tidak,Ya,Ya,500000
Kota Madiun,Campur,Kartoharjo,0.0,Ya,Ya,Ya,Ya,Ya,Ya,1500000
Kota Madiun,Putri,Taman,0.0,Tidak,Tidak,Ya,Ya,Tidak,Tidak,500000
Kota Madiun,Putri,Taman,0.0,Tidak,Ya,Ya,Tidak,Tidak,Ya,500000
Kota Madiun,Putri,Kartoharjo,0.0,Tidak,Ya,Ya,Ya,Ya,Ya,600000
Kota Madiun,Putri,Taman,0.0,Tidak,Ya,Ya,Tidak,Tidak,Ya,450000
Kota Madiun,Putra,Kecamatan Taman,0.0,Tidak,Ya,Ya,Tidak,Tidak,Tidak,300000
Kota Madiun,Putri,Kecamatan Kartoharjo,0.0,Ya,Ya,Ya,Tidak,Ya,Ya,1300000
Kota Madiun,Putri,Kecamatan Taman,0.0,Ya,Ya,Ya,Tidak,Ya,Ya,1300000
Kota Madiun,Putri,Kartoharjo,5.0,Tidak,Ya,Ya,Ya,Tidak,Ya,500000
Kota Madiun,Putri,Kecamatan Manguharjo,0.0,Tidak,Ya,Ya,Ya,Tidak,Tidak,450000
Kota Madiun,Putri,Kecamatan Taman,0.0,Tidak,Tidak,Ya,Tidak,Ya,Ya,650000
Kota Madiun,Putri,Kartoharjo,0.0,Tidak,Ya,Ya,Tidak,Ya,Ya,700000
Kota Madiun,Putri,Kecamatan Manguharjo,0.0,Ya,Tidak,Ya,Ya,Ya,Ya,1100000
Kota Madiun,Putra,Kartoharjo,4.9,Tidak,Tidak,Ya,Tidak,Tidak,Ya,600000
Kota Madiun,Putri,Kecamatan Kartoharjo,0.0,Ya,Tidak,Ya,Ya,Ya,Ya,1350000
Kota Madiun,Campur,Wungu,0.0,Ya,Ya,Ya,Tidak,Ya,Tidak,800000
Kota Madiun,Campur,Kecamatan Taman,0.0,Ya,Ya,Ya,Ya,Ya,Tidak,1500000
Kota Madiun,Putri,Kartoharjo,0.0,Tidak,Tidak,Ya,Tidak,Ya,Ya,500000
Kota Madiun,Campur,Kecamatan Taman,0.0,Tidak,Ya,Ya,Tidak,Ya,Ya,450000
Kota Madiun,Campur,Kecamatan Jiwan,0.0,Tidak,Tidak,Ya,Tidak,Tidak,Ya,350000
Kota Madiun,Campur,Kecamatan Kartoharjo,0.0,Ya,Ya,Ya,Ya,Ya,Ya,1200000
Kota Madiun,Putri,Kecamatan Kartoharjo,0.0,Tidak,Ya,Ya,Tidak,Tidak,Tidak,350000
Kota Madiun,Campur,Wungu,0.0,Tidak,Ya,Tidak,Tidak,Ya,Ya,800000
Kota Madiun,Putri,Kartoharjo,0.0,Tidak,Tidak,Ya,Tidak,Tidak,Ya,400000
Kota Madiun,Putri,Taman,0.0,Tidak,Tidak,Ya,Ya,Tidak,Tidak,700000
Kota Madiun,Putri,Taman,0.0,Tidak,Ya,Ya,Ya,Tidak,Tidak,350000
Kota Madiun,Putra,Kecamatan Manguharjo,0.0,Ya,Ya,Ya,Ya,Ya,Ya,1000000
Kota Madiun,Putri,Taman,0.0,Ya,Ya,Ya,Ya,Ya,Ya,1000000
Kota Madiun,Putri,Kecamatan Manguharjo,0.0,Ya,Tidak,Ya,Ya,Ya,Ya,1500000
Kota Madiun,Putra,Kartoharjo,0.0,Tidak,Tidak,Ya,Tidak,Tidak,Tidak,600000
Kota Madiun,Putri,Kecamatan Manguharjo,0.0,Tidak,Tidak,Ya,Ya,Tidak,Ya,600000
Kota Madiun,Putra,Kecamatan Taman,0.0,Tidak,Ya,Ya,Tidak,Tidak,Tidak,500000
Kota Madiun,Putra,Kecamatan Manguharjo,0.0,Tidak,Tidak,Ya,Ya,Tidak,Ya,500000
Kota Madiun,Putra,Kecamatan Taman,0.0,Tidak,Ya,Ya,Tidak,Ya,Ya,700000
Kota Madiun,Putri,Kecamatan Taman,0.0,Tidak,Ya,Ya,Tidak,Ya,Ya,550000
Kota Madiun,Putra,Kecamatan Taman,0.0,Tidak,Ya,Ya,Ya,Tidak,Ya,650000
Kota Madiun,Putri,Kecamatan Kartoharjo,0.0,Tidak,Tidak,Ya,Ya,Ya,Ya,800000
Kota Madiun,Putri,Kartoharjo,0.0,Tidak,Ya,Ya,Tidak,Ya,Ya,800000
Kota Madiun,Putri,Kecamatan Kartoharjo,0.0,Tidak,Ya,Ya,Tidak,Tidak,Tidak,350000
Kota Madiun,Campur,Kecamatan Jiwan,0.0,Tidak,Ya,Ya,Tidak,Tidak,Tidak,500000
Kota Madiun,Putri,Kecamatan Taman,0.0,Tidak,Tidak,Ya,Tidak,Tidak,Ya,450000
Kota Madiun,Putri,Mangu Harjo,0.0,Ya,Tidak,Ya,Ya,Ya,Ya,1000000
Kota Madiun,Putra,Kecamatan Manguharjo,0.0,Tidak,Tidak,Ya,Tidak,Tidak,Ya,400000
Kota Madiun,Putra,Manguharjo,0.0,Tidak,Ya,Ya,Tidak,Ya,Tidak,650000
Kota Madiun,Campur,Kecamatan Manguharjo,0.0,Tidak,Ya,Tidak,Tidak,Ya,Tidak,500000
Kota Madiun,Putri,Kecamatan Jiwan,0.0,Tidak,Ya,Ya,Tidak,Ya,Ya,600000
Kota Madiun,Campur,Kecamatan Jiwan,0.0,Tidak,Ya,Ya,Ya,Tidak,Ya,500000
Kota Madiun,Putri,Kecamatan Manguharjo,0.0,Tidak,Tidak,Ya,Tidak,Ya,Ya,625000
Kota Madiun,Putri,Kecamatan Taman,0.0,Ya,Ya,Ya,Tidak,Tidak,Ya,1000000
Kota Madiun,Putri,Taman,5.0,Ya,Ya,Ya,Tidak,Ya,Ya,1000000
Kota Madiun,Putri,Kecamatan Geger,0.0,Tidak,Ya,Ya,Tidak,Ya,Tidak,550000
Kota Madiun,Putri,Taman,0.0,Tidak,Tidak,Ya,Ya,Tidak,Tidak,450000
Kota Madiun,Putri,Taman,5.0,Tidak,Tidak,Ya,Ya,Tidak,Tidak,500000
Kota Madiun,Putra,Kecamatan Taman,0.0,Tidak,Ya,Ya,Ya,Ya,Ya,400000
Kota Madiun,Putri,Kartoharjo,0.0,Tidak,Tidak,Ya,Ya,Ya,Ya,600000
Kota Madiun,Putri,Kartoharjo,0.0,Tidak,Ya,Ya,Ya,Ya,Ya,500000
Kota Madiun,Putri,Taman,0.0,Tidak,Tidak,Ya,Tidak,Ya,Ya,600000
Kota Madiun,Putri,Kartoharjo,0.0,Tidak,Tidak,Ya,Tidak,Tidak,Ya,250000
Kota Madiun,Putri,Taman,0.0,Tidak,Tidak,Ya,Ya,Tidak,Tidak,500000
Kota Madiun,Putri,Kecamatan Kartoharjo,0.0,Tidak,Tidak,Ya,Tidak,Tidak,Ya,400000
Kota Madiun,Putri,Taman,5.0,Tidak,Tidak,Ya,Ya,Ya,Ya,550000
Kota Madiun,Putri,Taman,0.0,Ya,Tidak,Ya,Ya,Ya,Ya,950000
Kota Madiun,Putri,Kartoharjo,0.0,Ya,Ya,Ya,Tidak,Ya,Ya,800000
Kota Madiun,Putri,Kecamatan Kartoharjo,0.0,Tidak,Ya,Ya,Ya,Ya,Ya,760000
Kota Madiun,Putri,Kecamatan Kartoharjo,0.0,Tidak,Ya,Ya,Tidak,Tidak,Ya,450000
Kota Madiun,Putri,Kartoharjo,0.0,Tidak,Ya,Ya,Ya,Tidak,Tidak,400000
Kota Madiun,Campur,Kecamatan Taman,0.0,Ya,Ya,Ya,Tidak,Ya,Ya,850000
Kota Madiun,Campur,Kartoharjo,0.0,Ya,Ya,Ya,Ya,Ya,Tidak,1100000
Kota Madiun,Campur,Mangu Harjo,0.0,Tidak,Tidak,Ya,Tidak,Tidak,Ya,350000
Kota Malang,Putri,Lowokwaru,0.0,Tidak,Ya,Ya,Tidak,Tidak,Ya,765000
Kota Malang,Putra,Blimbing,0.0,Tidak,Ya,Ya,Tidak,Tidak,Ya,855000
Kota Malang,Putra,Blimbing,0.0,Tidak,Ya,Ya,Tidak,Tidak,Ya,720000
Kota Malang,Putri,Lowokwaru,0.0,Ya,Ya,Ya,Ya,Ya,Ya,1850000
Kota Malang,Putri,Lowokwaru,0.0,Ya,Ya,Ya,Ya,Ya,Ya,1700000
Kota Malang,Putra,Kecamatan Lowokwaru,4.8,Ya,Ya,Ya,Ya,Ya,Ya,1625000
Kota Malang,Putri,Lowokwaru,0.0,Tidak,Tidak,Ya,Ya,Ya,Ya,925000
Kota Malang,Putri,Lowokwaru,0.0,Ya,Tidak,Ya,Ya,Ya,Ya,1195000
Kota Malang,Putra,Lowokwaru,5.0,Ya,Ya,Ya,Ya,Ya,Ya,1465000
Kota Malang,Putri,Lowokwaru,0.0,Ya,Tidak,Ya,Ya,Ya,Ya,1105000
Kota Malang,Putra,Kecamatan Lowokwaru,4.6,Tidak,Ya,Ya,Ya,Ya,Ya,1275000
Kota Malang,Putri,Sukun,0.0,Ya,Ya,Ya,Ya,Ya,Ya,1481000
Kota Malang,Putri,Lowokwaru,0.0,Tidak,Tidak,Ya,Tidak,Tidak,Ya,700000
Kota Malang,Putri,Lowokwaru,0.0,Tidak,Tidak,Ya,Tidak,Tidak,Ya,610000
Kota Malang,Putra,Lowokwaru,4.9,Tidak,Ya,Ya,Ya,Ya,Ya,745000
Kota Malang,Putri,Sukun,0.0,Ya,Ya,Ya,Ya,Ya,Ya,1572000
Kota Malang,Putri,Lowokwaru,0.0,Tidak,Tidak,Ya,Tidak,Tidak,Ya,835000
Kota Malang,Putri,Sukun,0.0,Ya,Ya,Ya,Ya,Ya,Ya,1663000
Kota Malang,Campur,Lowokwaru,0.0,Ya,Ya,Ya,Ya,Ya,Ya,1645000
Kota Malang,Putra,Lowokwaru,0.0,Ya,Ya,Ya,Ya,Ya,Ya,1375000
Kota Malang,Putra,Lowokwaru,0.0,Tidak,Ya,Ya,Ya,Ya,Ya,1104000
Kota Malang,Putra,Lowokwaru,0.0,Tidak,Ya,Ya,Ya,Ya,Ya,925000
Kota Malang,Putri,Lowokwaru,0.0,Tidak,Tidak,Ya,Tidak,Tidak,Ya,652500
Kota Malang,Putri,Lowokwaru,0.0,Tidak,Tidak,Ya,Ya,Tidak,Ya,925000
Kota Malang,Putra,Lowokwaru,0.0,Ya,Ya,Ya,Ya,Ya,Ya,1350000
Kota Malang,Putri,Lowokwaru,4.9,Ya,Tidak,Ya,Ya,Ya,Ya,1530000
Kota Malang,Putri,Klojen,0.0,Tidak,Ya,Ya,Ya,Tidak,Ya,650000
Kota Malang,Putra,Lowokwaru,0.0,Tidak,Ya,Ya,Ya,Tidak,Ya,1200000
Kota Malang,Putra,Lowokwaru,0.0,Tidak,Ya,Ya,Ya,Tidak,Ya,1080000
Kota Malang,Putri,Klojen,0.0,Tidak,Ya,Ya,Ya,Ya,Ya,1000000
Kota Malang,Putra,Lowokwaru,4.0,Tidak,Tidak,Ya,Tidak,Tidak,Ya,720000
Kota Malang,Campur,Lowokwaru,5.0,Tidak,Ya,Ya,Ya,Tidak,Ya,475000
Kota Malang,Campur,Lowokwaru,0.0,Ya,Ya,Ya,Ya,Ya,Ya,1825000
Kota Malang,Putri,Lowokwaru,0.0,Ya,Ya,Ya,Ya,Ya,Ya,1530000
Kota Malang,Putri,Lowokwaru,0.0,Tidak,Ya,Ya,Ya,Tidak,Ya,900000
Kota Malang,Putri,Klojen,5.0,Ya,Ya,Ya,Ya,Ya,Ya,1300000
Kota Malang,Putri,Lowokwaru,5.0,Tidak,Ya,Ya,Tidak,Ya,Ya,773500
Kota Malang,Putra,Klojen,5.0,Tidak,Tidak,Ya,Tidak,Ya,Ya,1200000
Kota Malang,Putri,Lowokwaru,0.0,Tidak,Ya,Ya,Ya,Tidak,Ya,1100000
Kota Malang,Putri,Blimbing,0.0,Tidak,Ya,Ya,Tidak,Ya,Ya,765000
Kota Malang,Putri,Lowokwaru,0.0,Ya,Ya,Ya,Ya,Ya,Ya,1500000
Kota Malang,Putri,Lowokwaru,0.0,Ya,Tidak,Ya,Ya,Ya,Ya,1545000
Kota Malang,Putra,Klojen,4.9,Tidak,Tidak,Ya,Tidak,Ya,Ya,900000
Kota Malang,Putra,Klojen,4.0,Tidak,Tidak,Ya,Tidak,Ya,Ya,1100000
Kota Malang,Putra,Lowokwaru,4.8,Tidak,Ya,Ya,Tidak,Tidak,Ya,525500
Kota Malang,Putri,Blimbing,0.0,Tidak,Ya,Ya,Tidak,Tidak,Ya,405000
Kota Malang,Campur,Blimbing,4.0,Tidak,Ya,Ya,Ya,Ya,Ya,1170000
Kota Malang,Putri,Kecamatan Sukun,4.8,Ya,Ya,Ya,Ya,Ya,Ya,1487800
Kota Malang,Putri,Lowokwaru,4.6,Tidak,Tidak,Ya,Tidak,Tidak,Ya,484380
Kota Malang,Putra,Lowokwaru,0.0,Ya,Tidak,Ya,Ya,Ya,Ya,1253500
Kota Malang,Putra,Lowokwaru,4.6,Ya,Ya,Ya,Ya,Ya,Ya,1450000
Kota Malang,Putri,Lowokwaru,4.8,Ya,Tidak,Ya,Ya,Ya,Ya,1402500
Kota Malang,Putri,Lowokwaru,0.0,Tidak,Ya,Ya,Tidak,Tidak,Ya,639250
Kota Malang,Campur,Lowokwaru,0.0,Tidak,Ya,Ya,Tidak,Tidak,Ya,571000
Kota Malang,Putri,Lowokwaru,4.9,Ya,Tidak,Ya,Ya,Tidak,Ya,1187500
Kota Malang,Putri,Lowokwaru,0.0,Ya,Ya,Ya,Ya,Ya,Ya,1453500
Kota Malang,Campur,Lowokwaru,0.0,Tidak,Ya,Ya,Tidak,Tidak,Ya,707500
Kota Malang,Putri,Lowokwaru,0.0,Tidak,Ya,Ya,Tidak,Tidak,Ya,821250
Kota Malang,Putri,Lowokwaru,0.0,Tidak,Ya,Ya,Ya,Ya,Ya,1104000
Kota Malang,Putri,Lowokwaru,0.0,Tidak,Ya,Ya,Tidak,Tidak,Ya,455000
Kota Malang,Putri,Lowokwaru,5.0,Tidak,Tidak,Ya,Tidak,Tidak,Ya,510300
Kota Malang,Putri,Lowokwaru,5.0,Tidak,Tidak,Ya,Ya,Tidak,Ya,760000
Kota Malang,Putra,Lowokwaru,4.8,Tidak,Ya,Ya,Tidak,Tidak,Ya,570000
Kota Malang,Putri,Lowokwaru,0.0,Ya,Ya,Ya,Ya,Ya,Ya,1365000
Kota Malang,Putri,Lowokwaru,4.9,Tidak,Tidak,Ya,Ya,Tidak,Ya,900000
Kota Malang,Putra,Lowokwaru,4.9,Tidak,Tidak,Ya,Tidak,Tidak,Ya,450000
Kota Malang,Putri,Sukun,5.0,Tidak,Ya,Ya,Tidak,Tidak,Ya,800000
Kota Malang,Putri,Lowokwaru,4.4,Tidak,Tidak,Ya,Ya,Tidak,Ya,900000
Kota Malang,Putri,Lowokwaru,0.0,Ya,Ya,Ya,Ya,Ya,Ya,1380000
Kota Malang,Putra,Lowokwaru,4.6,Tidak,Tidak,Ya,Tidak,Ya,Ya,700000
Kota Malang,Putri,Blimbing,0.0,Ya,Ya,Ya,Ya,Tidak,Ya,1425000
Kota Malang,Putri,Lowokwaru,4.5,Tidak,Ya,Ya,Ya,Ya,Ya,828000
Kota Malang,Putri,Lowokwaru,4.0,Tidak,Ya,Ya,Ya,Ya,Ya,1104000
Kota Malang,Putri,Lowokwaru,4.8,Tidak,Ya,Ya,Ya,Ya,Ya,1125000
Kota Malang,Putri,Lowokwaru,5.0,Tidak,Ya,Ya,Tidak,Tidak,Ya,550550
Kota Malang,Putri,Sukun,0.0,Ya,Ya,Ya,Ya,Ya,Ya,1200000
Kota Malang,Putri,Lowokwaru,0.0,Ya,Ya,Ya,Ya,Ya,Ya,1700000
Kota Malang,Putra,Lowokwaru,0.0,Tidak,Ya,Ya,Tidak,Ya,Ya,950000
Kota Malang,Putri,Lowokwaru,0.0,Ya,Ya,Ya,Ya,Ya,Ya,1450000
Kota Malang,Putri,Lowokwaru,4.3,Tidak,Tidak,Ya,Ya,Tidak,Ya,665000
Kota Malang,Putri,Lowokwaru,5.0,Tidak,Ya,Ya,Ya,Ya,Ya,1000000
Kota Malang,Putra,Lowokwaru,0.0,Ya,Ya,Ya,Ya,Ya,Ya,1600000
Kota Malang,Putri,Sukun,5.0,Tidak,Ya,Ya,Ya,Ya,Ya,1358000
Kota Malang,Putra,Kecamatan Lowokwaru,0.0,Tidak,Ya,Ya,Tidak,Ya,Ya,1050000
Kota Malang,Putri,Lowokwaru,0.0,Tidak,Tidak,Ya,Ya,Ya,Ya,850000
Kota Malang,Putri,Blimbing,5.0,Tidak,Ya,Ya,Ya,Tidak,Ya,650000
Kota Malang,Putri,Sukun,5.0,Ya,Ya,Ya,Ya,Tidak,Ya,850000
Kota Malang,Putra,Lowokwaru,0.0,Tidak,Ya,Ya,Tidak,Tidak,Ya,650000
Kota Malang,Putra,Lowokwaru,0.0,Tidak,Ya,Ya,Tidak,Tidak,Ya,760000
Kota Malang,Putra,Lowokwaru,0.0,Tidak,Ya,Ya,Ya,Ya,Ya,1000000
Kota Malang,Putra,Lowokwaru,5.0,Tidak,Ya,Ya,Ya,Ya,Ya,1500000
Kota Malang,Putra,Lowokwaru,0.0,Tidak,Ya,Ya,Ya,Ya,Ya,650000
Kota Malang,Putri,Sukun,0.0,Tidak,Ya,Ya,Ya,Ya,Ya,1100000
Kota Malang,Putri,Blimbing,5.0,Ya,Ya,Ya,Ya,Tidak,Ya,950000
Kota Malang,Putri,Lowokwaru,5.0,Ya,Tidak,Ya,Ya,Ya,Ya,1500000
Kota Malang,Putra,Lowokwaru,3.9,Tidak,Ya,Ya,Tidak,Tidak,Ya,600000
Kota Malang,Putri,Lowokwaru,5.0,Tidak,Ya,Ya,Ya,Tidak,Ya,825000
Kota Malang,Putri,Sukun,5.0,Ya,Ya,Ya,Ya,Tidak,Ya,850000
Kota Malang,Putri,Kecamatan Lowokwaru,0.0,Tidak,Ya,Ya,Ya,Ya,Ya,950000
Kota Malang,Putra,Lowokwaru,4.9,Tidak,Tidak,Ya,Tidak,Ya,Ya,650000
Kota Malang,Putri,Sukun,0.0,Tidak,Ya,Ya,Tidak,Tidak,Ya,750000
Kota Malang,Putra,Lowokwaru,4.9,Ya,Ya,Ya,Ya,Ya,Ya,1675000
Kota Malang,Putra,Sukun,0.0,Tidak,Ya,Ya,Ya,Tidak,Ya,550000
Kota Malang,Putri,Kecamatan Lowokwaru,3.8,Tidak,Ya,Ya,Tidak,Tidak,Ya,667000
Kota Malang,Putri,Lowokwaru,5.0,Tidak,Ya,Ya,Ya,Ya,Ya,950000
Kota Malang,Putri,Blimbing,0.0,Ya,Ya,Ya,Ya,Ya,Ya,1200000
Kota Malang,Putra,Lowokwaru,5.0,Ya,Ya,Ya,Ya,Ya,Ya,1750000
Kota Malang,Putra,Lowokwaru,0.0,Ya,Ya,Ya,Ya,Ya,Ya,1750000
Kota Malang,Putri,Lowokwaru,4.6,Tidak,Tidak,Ya,Ya,Tidak,Ya,807500
Kota Malang,Putra,Kecamatan Lowokwaru,0.0,Ya,Ya,Ya,Ya,Ya,Ya,1850000
Kota Malang,Putri,Lowokwaru,5.0,Ya,Ya,Ya,Ya,Ya,Ya,1275000
Kota Malang,Putri,Kecamatan Lowokwaru,0.0,Ya,Ya,Ya,Ya,Ya,Ya,1800000
Kota Malang,Putri,Kecamatan Klojen,0.0,Tidak,Ya,Ya,Ya,Ya,Ya,900000
Kota Malang,Putri,Lowokwaru,0.0,Tidak,Ya,Ya,Ya,Ya,Ya,1100000
Kota Malang,Putri,Lowokwaru,4.8,Tidak,Ya,Ya,Ya,Ya,Ya,1225000
Kota Malang,Putri,Sukun,0.0,Ya,Ya,Ya,Ya,Ya,Ya,1200000
Kota Malang,Putri,Lowokwaru,0.0,Ya,Ya,Ya,Ya,Ya,Ya,1400000
Kota Malang,Putri,Lowokwaru,4.9,Tidak,Ya,Ya,Ya,Ya,Ya,1025000
Kota Malang,Putri,Kecamatan Lowokwaru,4.3,Tidak,Tidak,Ya,Ya,Tidak,Ya,1050000
Kota Malang,Putra,Kecamatan Lowokwaru,4.9,Tidak,Tidak,Ya,Tidak,Tidak,Ya,850000
Kota Malang,Putri,Dau,0.0,Ya,Tidak,Ya,Ya,Ya,Ya,1200000
Kota Malang,Putri,Lowokwaru,0.0,Ya,Ya,Ya,Ya,Ya,Ya,1500000
Kota Malang,Putri,Lowokwaru,5.0,Ya,Ya,Ya,Ya,Ya,Ya,1500000
Kota Malang,Putra,Lowokwaru,3.9,Ya,Ya,Ya,Ya,Ya,Tidak,1250000
Kota Malang,Putra,Lowokwaru,0.0,Tidak,Ya,Ya,Tidak,Tidak,Ya,700000
Kota Malang,Putra,Lowokwaru,5.0,Ya,Ya,Ya,Ya,Ya,Ya,1500000
Kota Malang,Putri,Lowokwaru,0.0,Tidak,Ya,Ya,Ya,Ya,Ya,900000
Kota Malang,Putri,Blimbing,0.0,Tidak,Tidak,Ya,Tidak,Tidak,Ya,500000
Kota Malang,Putri,Lowokwaru,0.0,Tidak,Ya,Ya,Ya,Ya,Ya,1100000
Kota Malang,Putra,Lowokwaru,0.0,Tidak,Tidak,Ya,Ya,Tidak,Ya,650000
Kota Malang,Putri,Sukun,0.0,Tidak,Tidak,Ya,Ya,Tidak,Ya,750000
Kota Malang,Putra,Lowokwaru,5.0,Ya,Ya,Ya,Ya,Ya,Ya,1800000
Kota Malang,Putri,Kecamatan Lowokwaru,0.0,Tidak,Tidak,Ya,Ya,Ya,Ya,750000
Kota Malang,Putri,Lowokwaru,0.0,Ya,Ya,Ya,Ya,Ya,Ya,1400000
Kota Malang,Putri,Lowokwaru,0.0,Ya,Ya,Ya,Ya,Ya,Ya,1500000
Kota Malang,Putri,Kecamatan Lowokwaru,0.0,Ya,Tidak,Ya,Ya,Ya,Ya,1400000
Kota Malang,Putra,Sukun,0.0,Tidak,Ya,Ya,Ya,Tidak,Ya,600000
Kota Malang,Putra,Kecamatan Lowokwaru,0.0,Tidak,Ya,Ya,Ya,Ya,Ya,1320000
Kota Malang,Putri,Kecamatan Lowokwaru,0.0,Tidak,Tidak,Ya,Ya,Tidak,Ya,750000
Kota Malang,Putra,Lowokwaru,0.0,Ya,Tidak,Ya,Ya,Ya,Ya,1500000
Kota Malang,Putri,Kecamatan Lowokwaru,0.0,Ya,Ya,Ya,Ya,Ya,Ya,1500000
Kota Malang,Putra,Lowokwaru,0.0,Tidak,Tidak,Ya,Tidak,Ya,Ya,950000
Kota Malang,Putra,Lowokwaru,0.0,Ya,Tidak,Ya,Ya,Ya,Ya,1100000
Kota Malang,Putri,Lowokwaru,0.0,Tidak,Ya,Ya,Tidak,Tidak,Ya,666667
Kota Malang,Putri,Lowokwaru,0.0,Tidak,Ya,Ya,Ya,Ya,Ya,1050000
Kota Malang,Putra,Lowokwaru,0.0,Tidak,Ya,Ya,Tidak,Tidak,Ya,950000
Kota Malang,Putri,Kecamatan Lowokwaru,0.0,Tidak,Tidak,Ya,Ya,Ya,Ya,1350000
Kota Malang,Putra,Sukun,0.0,Tidak,Ya,Ya,Tidak,Tidak,Ya,600000
Kota Malang,Putri,Kecamatan Lowokwaru,0.0,Tidak,Ya,Ya,Ya,Tidak,Ya,600000
Kota Malang,Putra,Lowokwaru,5.0,Tidak,Ya,Ya,Ya,Tidak,Ya,600000
Kota Malang,Putri,Lowokwaru,0.0,Ya,Tidak,Ya,Ya,Ya,Ya,1100000
Kota Malang,Putri,Sukun,0.0,Ya,Ya,Ya,Ya,Ya,Ya,1500000
Kota Malang,Putra,Sukun,5.0,Tidak,Ya,Ya,Ya,Tidak,Ya,700000
Kota Malang,Putra,Lowokwaru,0.0,Tidak,Tidak,Ya,Ya,Tidak,Ya,800000
Kota Malang,Putri,Lowokwaru,0.0,Tidak,Ya,Ya,Ya,Ya,Ya,1000000
Kota Malang,Putri,Kecamatan Lowokwaru,0.0,Tidak,Tidak,Ya,Ya,Ya,Ya,1000000
Kota Malang,Putra,Kecamatan Lowokwaru,0.0,Ya,Tidak,Ya,Ya,Tidak,Ya,1750000
Kota Malang,Putri,Blimbing,4.4,Tidak,Ya,Ya,Tidak,Ya,Ya,375000
Kota Malang,Putra,Kecamatan Lowokwaru,0.0,Tidak,Ya,Ya,Ya,Ya,Ya,1000000
Kota Malang,Putri,Lowokwaru,0.0,Tidak,Ya,Ya,Ya,Ya,Ya,1012000
Kota Malang,Putri,Kecamatan Blimbing,0.0,Tidak,Ya,Ya,Tidak,Tidak,Ya,325000
Kota Malang,Putri,Lowokwaru,0.0,Tidak,Ya,Ya,Ya,Ya,Ya,1100000
Kota Malang,Putra,Kecamatan Lowokwaru,0.0,Ya,Ya,Ya,Ya,Ya,Ya,1200000
Kota Malang,Putra,Kecamatan Lowokwaru,0.0,Tidak,Ya,Ya,Ya,Tidak,Ya,650000
Kota Malang,Putri,Sukun,0.0,Tidak,Ya,Ya,Tidak,Tidak,Ya,550000
Kota Malang,Putri,Lowokwaru,0.0,Tidak,Tidak,Ya,Ya,Tidak,Ya,900000
Kota Malang,Putri,Lowokwaru,0.0,Ya,Ya,Ya,Ya,Ya,Ya,1500000
Kota Malang,Putri,Kecamatan Lowokwaru,0.0,Tidak,Ya,Ya,Ya,Tidak,Ya,775000
Kota Malang,Putri,Lowokwaru,0.0,Ya,Tidak,Ya,Ya,Ya,Ya,1000000
Kota Malang,Putri,Lowokwaru,0.0,Tidak,Tidak,Ya,Ya,Ya,Ya,1300000
Kota Malang,Putra,Kecamatan Lowokwaru,0.0,Tidak,Ya,Ya,Ya,Tidak,Ya,600000
Kota Malang,Putra,Lowokwaru,0.0,Tidak,Ya,Ya,Ya,Ya,Ya,950000
Kota Malang,Putri,Sukun,0.0,Tidak,Ya,Ya,Ya,Tidak,Ya,650000
Kota Malang,Putri,Lowokwaru,0.0,Tidak,Ya,Ya,Ya,Ya,Ya,1200000
Kota Malang,Putri,Lowokwaru,0.0,Tidak,Tidak,Ya,Ya,Tidak,Ya,1300000
Kota Malang,Putra,Blimbing,0.0,Ya,Ya,Ya,Ya,Ya,Ya,1600000
Kota Malang,Putri,Lowokwaru,0.0,Tidak,Tidak,Ya,Tidak,Tidak,Ya,550000
Kota Malang,Putri,Lowokwaru,0.0,Tidak,Tidak,Ya,Ya,Ya,Ya,700000
Kota Malang,Putra,Kecamatan Lowokwaru,0.0,Tidak,Tidak,Ya,Ya,Tidak,Ya,600000
Kota Malang,Putra,Lowokwaru,0.0,Tidak,Tidak,Ya,Tidak,Tidak,Ya,750000
Kota Malang,Putri,Lowokwaru,0.0,Tidak,Ya,Ya,Ya,Ya,Ya,900000
Kota Malang,Putri,Kecamatan Lowokwaru,0.0,Ya,Ya,Ya,Ya,Ya,Ya,1300000
Kota Malang,Putra,Sukun,3.8,Tidak,Ya,Ya,Tidak,Tidak,Ya,650000
Kota Malang,Putri,Kecamatan Lowokwaru,0.0,Tidak,Ya,Ya,Ya,Ya,Ya,850000
Kota Malang,Putri,Kecamatan Lowokwaru,0.0,Tidak,Tidak,Ya,Tidak,Tidak,Ya,600000
Kota Malang,Putri,Lowokwaru,0.0,Ya,Tidak,Ya,Ya,Ya,Ya,1700000
Kota Malang,Putri,Kecamatan Dau,0.0,Tidak,Ya,Ya,Tidak,Ya,Ya,800000
Kota Malang,Putri,Kecamatan Lowokwaru,0.0,Tidak,Ya,Ya,Ya,Ya,Ya,1000000
Kota Malang,Putri,Kecamatan Lowokwaru,0.0,Tidak,Ya,Ya,Ya,Ya,Ya,1150000
Kota Malang,Putri,Kecamatan Lowokwaru,0.0,Ya,Tidak,Ya,Ya,Ya,Ya,1400000
Kota Malang,Putra,Kecamatan Lowokwaru,0.0,Tidak,Ya,Ya,Tidak,Tidak,Ya,600000
Kota Malang,Putri,Lowokwaru,4.8,Tidak,Tidak,Ya,Tidak,Tidak,Ya,630000
Kota Malang,Putri,Lowokwaru,0.0,Tidak,Tidak,Ya,Ya,Tidak,Ya,750000
Kota Malang,Putri,Lowokwaru,0.0,Tidak,Tidak,Ya,Ya,Ya,Ya,1000000
Kota Malang,Putra,Sukun,0.0,Tidak,Ya,Ya,Ya,Tidak,Ya,750000
Kota Malang,Putri,Lowokwaru,5.0,Ya,Tidak,Ya,Ya,Tidak,Ya,1000000
Kota Malang,Putri,Lowokwaru,0.0,Ya,Ya,Ya,Ya,Ya,Ya,1700000
Kota Malang,Putri,Kecamatan Lowokwaru,0.0,Tidak,Tidak,Ya,Tidak,Tidak,Ya,900000
Kota Malang,Putri,Dau,0.0,Tidak,Tidak,Ya,Tidak,Tidak,Ya,550000
Kota Malang,Putri,Kecamatan Lowokwaru,0.0,Tidak,Ya,Ya,Ya,Ya,Ya,1200000
Kota Malang,Putri,Kecamatan Lowokwaru,0.0,Tidak,Ya,Ya,Ya,Tidak,Ya,700000
Kota Malang,Putri,Lowokwaru,0.0,Ya,Ya,Ya,Ya,Ya,Ya,1400000
Kota Malang,Putri,Lowokwaru,4.9,Ya,Ya,Ya,Ya,Ya,Ya,1500000
Kota Malang,Putri,Lowokwaru,0.0,Ya,Tidak,Ya,Ya,Ya,Ya,1200000
Kota Malang,Putra,Lowokwaru,0.0,Ya,Ya,Ya,Ya,Ya,Ya,1200000
Kota Malang,Putra,Lowokwaru,5.0,Ya,Tidak,Ya,Ya,Ya,Ya,1455000
Kota Malang,Putri,Blimbing,0.0,Tidak,Ya,Ya,Ya,Ya,Ya,850000
Kota Malang,Putra,Lowokwaru,0.0,Ya,Ya,Ya,Ya,Ya,Ya,1750000
Kota Malang,Putra,Kecamatan Lowokwaru,0.0,Ya,Ya,Ya,Ya,Ya,Ya,1400000
Kota Malang,Putri,Lowokwaru,4.4,Tidak,Tidak,Ya,Ya,Ya,Ya,1164000
Kota Malang,Putri,Lowokwaru,0.0,Tidak,Ya,Ya,Ya,Tidak,Ya,600000
Kota Malang,Putri,Kecamatan Lowokwaru,0.0,Ya,Ya,Ya,Ya,Ya,Ya,1300000
Kota Malang,Putra,Lowokwaru,4.5,Tidak,Ya,Ya,Tidak,Tidak,Ya,700000
Kota Malang,Putra,Kecamatan Dau,0.0,Tidak,Ya,Ya,Tidak,Tidak,Ya,600000
Kota Malang,Putra,Kecamatan Lowokwaru,0.0,Tidak,Ya,Ya,Ya,Ya,Ya,1100000
Kota Malang,Putri,Klojen,0.0,Ya,Ya,Ya,Ya,Ya,Ya,1100000
Kota Malang,Putri,Lowokwaru,0.0,Tidak,Ya,Ya,Ya,Ya,Ya,1400000
Kota Malang,Putri,Kecamatan Lowokwaru,0.0,Ya,Ya,Ya,Ya,Ya,Ya,1500000
Kota Malang,Putra,Kecamatan Blimbing,0.0,Ya,Ya,Ya,Ya,Tidak,Ya,1500000
Kota Malang,Putra,Kecamatan Blimbing,0.0,Ya,Ya,Ya,Ya,Ya,Ya,1500000
Kota Malang,Putri,Lowokwaru,0.0,Tidak,Tidak,Ya,Tidak,Ya,Ya,900000
Kota Malang,Putri,Kecamatan Lowokwaru,0.0,Ya,Tidak,Ya,Ya,Ya,Ya,1600000
Kota Malang,Putra,Lowokwaru,5.0,Tidak,Ya,Ya,Ya,Ya,Ya,650000
Kota Malang,Putri,Lowokwaru,0.0,Tidak,Ya,Ya,Ya,Ya,Ya,1200000
Kota Malang,Putri,Lowokwaru,0.0,Tidak,Ya,Ya,Ya,Ya,Ya,650000
Kota Malang,Putra,Klojen,0.0,Ya,Ya,Ya,Ya,Ya,Ya,1500000
Kota Malang,Putra,Lowokwaru,0.0,Tidak,Ya,Ya,Ya,Ya,Ya,1000000
Kota Malang,Putri,Lowokwaru,0.0,Tidak,Tidak,Ya,Ya,Ya,Ya,1100000
Kota Malang,Putri,Kecamatan Lowokwaru,0.0,Tidak,Ya,Ya,Ya,Ya,Ya,900000
Kota Malang,Putri,Lowokwaru,0.0,Tidak,Tidak,Ya,Ya,Tidak,Ya,1100000
Kota Malang,Putri,Kecamatan Lowokwaru,0.0,Tidak,Ya,Ya,Tidak,Tidak,Ya,700000
Kota Malang,Putri,Kecamatan Lowokwaru,0.0,Tidak,Ya,Ya,Ya,Tidak,Ya,650000
Kota Malang,Putra,Lowokwaru,5.0,Tidak,Ya,Ya,Tidak,Tidak,Ya,750000
Kota Malang,Putra,Lowokwaru,4.5,Tidak,Ya,Ya,Tidak,Tidak,Ya,700000
Kota Malang,Putri,Klojen,0.0,Tidak,Ya,Ya,Ya,Ya,Ya,650000
Kota Mojokerto,Campur,Magersari,4.9,Ya,Ya,Ya,Ya,Ya,Ya,1250000
Kota Mojokerto,Putri,Kecamatan Sooko,0.0,Tidak,Ya,Ya,Tidak,Ya,Ya,675000
Kota Mojokerto,Campur,Kecamatan Magersari,0.0,Ya,Ya,Ya,Ya,Ya,Ya,1000000
Kota Mojokerto,Campur,Kecamatan Mojoanyar,0.0,Tidak,Tidak,Ya,Tidak,Ya,Ya,700000
Kota Mojokerto,Putri,Kecamatan Sooko,0.0,Tidak,Ya,Ya,Tidak,Ya,Ya,650000
Kota Mojokerto,Putri,Mojosari,0.0,Ya,Ya,Ya,Ya,Ya,Ya,1300000
Kota Mojokerto,Putra,Kecamatan Prajurit Kulon,0.0,Ya,Ya,Ya,Tidak,Ya,Ya,980000
Kota Mojokerto,Campur,Mojosari,0.0,Tidak,Tidak,Ya,Tidak,Ya,Ya,450000
Kota Mojokerto,Putri,Prajurit Kulon,0.0,Tidak,Tidak,Ya,Ya,Tidak,Ya,500000
Kota Mojokerto,Putri,Magersari,0.0,Tidak,Tidak,Ya,Ya,Ya,Ya,650000
Kota Mojokerto,Campur,Kecamatan Jetis,0.0,Tidak,Ya,Ya,Tidak,Tidak,Ya,550000
Kota Mojokerto,Putri,Pungging,0.0,Tidak,Tidak,Ya,Tidak,Ya,Ya,600000
Kota Mojokerto,Campur,Prajurit Kulon,0.0,Ya,Ya,Ya,Ya,Ya,Ya,1000000
Kota Mojokerto,Putri,Kecamatan Pungging,0.0,Tidak,Tidak,Ya,Tidak,Tidak,Ya,400000
Kota Mojokerto,Putri,Kecamatan Magersari,5.0,Tidak,Ya,Ya,Tidak,Tidak,Ya,400000
Kota Mojokerto,Campur,Sooko,0.0,Ya,Ya,Ya,Ya,Ya,Ya,1000000
Kota Mojokerto,Putri,Prajurit Kulon,0.0,Ya,Ya,Ya,Ya,Ya,Ya,800000
Kota Mojokerto,Putra,Mojosari,0.0,Ya,Ya,Ya,Ya,Ya,Ya,1500000
Kota Mojokerto,Putra,Mojosari,0.0,Ya,Ya,Ya,Ya,Ya,Ya,1500000
Kota Mojokerto,Putri,Prajurit Kulon,5.0,Ya,Ya,Ya,Ya,Ya,Ya,920000
Kota Mojokerto,Campur,Mojosari,0.0,Tidak,Ya,Tidak,Tidak,Ya,Tidak,800000
Kota Mojokerto,Campur,Puri,0.0,Tidak,Ya,Ya,Tidak,Tidak,Ya,500000
Kota Mojokerto,Campur,Kranggan,0.0,Tidak,Ya,Ya,Ya,Ya,Tidak,600000
Kota Mojokerto,Putri,Prajurit Kulon,0.0,Tidak,Ya,Ya,Tidak,Tidak,Ya,400000
Kota Mojokerto,Campur,Mojosari,5.0,Ya,Ya,Ya,Ya,Ya,Tidak,1500000
Kota Mojokerto,Putra,Magersari,0.0,Tidak,Tidak,Ya,Tidak,Ya,Ya,980000
Kota Mojokerto,Putri,Puri,0.0,Tidak,Ya,Ya,Tidak,Ya,Ya,450000
Kota Mojokerto,Putra,Kecamatan Prajurit Kulon,0.0,Tidak,Ya,Ya,Tidak,Ya,Ya,780000
Kota Mojokerto,Campur,Mojosari,0.0,Tidak,Ya,Ya,Ya,Ya,Ya,400000
Kota Mojokerto,Campur,Mojosari,5.0,Ya,Ya,Ya,Ya,Ya,Ya,1000000
Kota Mojokerto,Campur,Kecamatan Mojosari,0.0,Ya,Ya,Ya,Ya,Ya,Ya,1250000
Kota Mojokerto,Putri,Kecamatan Magersari,0.0,Tidak,Ya,Ya,Tidak,Ya,Tidak,500000
Kota Mojokerto,Putra,Kecamatan Jetis,0.0,Tidak,Ya,Ya,Tidak,Ya,Ya,500000
Kota Mojokerto,Putri,Mojosari,0.0,Tidak,Ya,Ya,Tidak,Ya,Ya,600000
Kota Mojokerto,Campur,Puri,0.0,Tidak,Ya,Ya,Ya,Tidak,Ya,350000
Kota Mojokerto,Campur,Jetis,0.0,Tidak,Ya,Tidak,Tidak,Tidak,Tidak,400000
Kota Mojokerto,Campur,Mojosari,0.0,Ya,Ya,Ya,Tidak,Ya,Ya,700000
Kota Mojokerto,Campur,Magersari,0.0,Ya,Tidak,Ya,Tidak,Ya,Ya,1200000
Kota Mojokerto,Campur,Mojosari,0.0,Tidak,Ya,Ya,Tidak,Ya,Ya,700000
Kota Mojokerto,Putra,Magersari,5.0,Tidak,Tidak,Ya,Tidak,Ya,Ya,500000
Kota Mojokerto,Putra,Kranggan,5.0,Ya,Ya,Ya,Tidak,Ya,Ya,900000
Kota Mojokerto,Campur,Sooko,0.0,Tidak,Ya,Ya,Ya,Ya,Ya,350000
Kota Mojokerto,Campur,Kecamatan Prajurit Kulon,5.0,Tidak,Ya,Ya,Ya,Ya,Ya,600000
Kota Mojokerto,Campur,Kecamatan Mojosari,0.0,Tidak,Tidak,Ya,Ya,Ya,Ya,500000
Kota Mojokerto,Putri,Kranggan,0.0,Ya,Ya,Ya,Ya,Ya,Ya,650000
Kota Mojokerto,Putri,Kranggan,0.0,Ya,Ya,Ya,Tidak,Ya,Ya,900000
Kota Mojokerto,Putra,Magersari,5.0,Ya,Ya,Ya,Tidak,Ya,Ya,750000
Kota Mojokerto,Campur,Kecamatan Mojosari,0.0,Tidak,Ya,Ya,Ya,Ya,Ya,950000
Kota Mojokerto,Campur,Mojosari,0.0,Tidak,Ya,Tidak,Tidak,Ya,Ya,500000
Kota Mojokerto,Putri,Magersari,0.0,Tidak,Tidak,Ya,Ya,Tidak,Ya,550000
Kota Mojokerto,Campur,Kecamatan Mojosari,0.0,Ya,Ya,Ya,Ya,Ya,Ya,1500000
Kota Mojokerto,Campur,Kecamatan Mojosari,0.0,Tidak,Tidak,Tidak,Tidak,Tidak,Tidak,750000
Kota Mojokerto,Putra,Kecamatan Jetis,0.0,Ya,Ya,Ya,Ya,Ya,Tidak,600000
Kota Mojokerto,Putra,Mojosari,0.0,Tidak,Ya,Ya,Tidak,Ya,Ya,650000
Kota Mojokerto,Campur,Mojosari,0.0,Ya,Ya,Ya,Tidak,Ya,Ya,1000000
Kota Mojokerto,Campur,Sooko,0.0,Ya,Ya,Ya,Ya,Ya,Ya,850000
Kota Mojokerto,Campur,Magersari,0.0,Tidak,Ya,Ya,Tidak,Ya,Tidak,450000
Kota Mojokerto,Campur,Mojosari,0.0,Tidak,Ya,Ya,Tidak,Ya,Ya,600000
Kota Mojokerto,Putri,Mojoanyar,0.0,Tidak,Tidak,Ya,Tidak,Ya,Tidak,500000
Kota Mojokerto,Campur,Kecamatan Prajurit Kulon,0.0,Ya,Ya,Ya,Tidak,Ya,Ya,1200000
Kota Mojokerto,Campur,Puri,0.0,Tidak,Tidak,Ya,Ya,Ya,Tidak,750000
Kota Mojokerto,Putri,Mojosari,0.0,Tidak,Ya,Ya,Ya,Ya,Ya,800000
Kota Mojokerto,Putri,Kecamatan Magersari,0.0,Tidak,Tidak,Ya,Tidak,Ya,Ya,600000
Kota Mojokerto,Putri,Kecamatan Prajurit Kulon,0.0,Tidak,Ya,Ya,Tidak,Ya,Ya,500000
Kota Mojokerto,Putra,Sooko,0.0,Tidak,Ya,Ya,Tidak,Ya,Ya,550000
Kota Mojokerto,Campur,Sooko,0.0,Ya,Ya,Ya,Ya,Ya,Ya,1000000
Kota Mojokerto,Campur,Kecamatan Prajurit Kulon,5.0,Ya,Tidak,Ya,Ya,Ya,Ya,950000
Kota Mojokerto,Putri,Kecamatan Magersari,0.0,Ya,Ya,Ya,Ya,Ya,Ya,1100000
Kota Mojokerto,Putri,Jetis,0.0,Ya,Ya,Ya,Ya,Ya,Ya,1000000
Kota Mojokerto,Campur,Kecamatan Prajurit Kulon,5.0,Ya,Ya,Ya,Tidak,Ya,Ya,800000
Kota Mojokerto,Putri,Sooko,0.0,Tidak,Tidak,Ya,Tidak,Ya,Tidak,500000
Kota Mojokerto,Campur,Kecamatan Prajurit Kulon,0.0,Ya,Ya,Ya,Tidak,Ya,Ya,1200000
Kota Mojokerto,Putra,Mojoanyar,0.0,Tidak,Tidak,Ya,Tidak,Ya,Ya,500000
Kota Mojokerto,Putra,Kranggan,5.0,Tidak,Ya,Ya,Tidak,Ya,Tidak,500000
Kota Mojokerto,Putri,Kecamatan Sooko,0.0,Tidak,Tidak,Ya,Tidak,Tidak,Ya,350000
Kota Mojokerto,Campur,Kecamatan Magersari,0.0,Ya,Ya,Ya,Ya,Ya,Ya,1000000
Kota Mojokerto,Putra,Mojoanyar,0.0,Tidak,Ya,Ya,Tidak,Ya,Ya,450000
Kota Mojokerto,Putri,Kecamatan Prajurit Kulon,0.0,Tidak,Tidak,Ya,Ya,Ya,Ya,800000
Kota Mojokerto,Campur,Kecamatan Magersari,5.0,Ya,Ya,Ya,Tidak,Ya,Ya,850000
Kota Mojokerto,Campur,Mojosari,0.0,Ya,Ya,Ya,Ya,Ya,Ya,1000000
Kota Mojokerto,Campur,Prajurit Kulon,0.0,Tidak,Tidak,Ya,Tidak,Ya,Tidak,500000
Kota Mojokerto,Campur,Kecamatan Prajurit Kulon,0.0,Ya,Ya,Ya,Tidak,Ya,Ya,1100000
Kota Mojokerto,Campur,Kecamatan Mojosari,0.0,Tidak,Ya,Ya,Tidak,Ya,Tidak,400000
Kota Mojokerto,Campur,Kecamatan Prajurit Kulon,0.0,Ya,Ya,Ya,Tidak,Ya,Ya,900000
Kota Mojokerto,Putri,Kecamatan Mojosari,0.0,Tidak,Ya,Ya,Ya,Ya,Ya,800000
Kota Mojokerto,Putra,Prajurit Kulon,4.4,Ya,Ya,Ya,Ya,Ya,Ya,800000
Kota Mojokerto,Campur,Kecamatan Magersari,5.0,Ya,Ya,Ya,Tidak,Ya,Ya,1350000
Kota Mojokerto,Campur,Kecamatan Prajurit Kulon,0.0,Ya,Ya,Ya,Tidak,Ya,Ya,1300000
Kota Mojokerto,Campur,Puri,0.0,Ya,Tidak,Ya,Ya,Ya,Ya,1000000
Kota Mojokerto,Putra,Magersari,0.0,Tidak,Ya,Ya,Tidak,Ya,Tidak,450000
Kota Mojokerto,Putri,Prajurit Kulon,5.0,Tidak,Ya,Ya,Ya,Ya,Ya,600000
Kota Mojokerto,Campur,Kecamatan Magersari,0.0,Ya,Ya,Ya,Tidak,Ya,Ya,1250000
Kota Mojokerto,Campur,Kecamatan Mojoanyar,0.0,Tidak,Ya,Ya,Tidak,Tidak,Ya,350000
Kota Mojokerto,Campur,Sooko,0.0,Tidak,Ya,Ya,Tidak,Ya,Tidak,500000
Kota Mojokerto,Campur,Kecamatan Prajurit Kulon,0.0,Tidak,Ya,Ya,Tidak,Ya,Ya,500000
Kota Mojokerto,Campur,Kecamatan Prajurit Kulon,5.0,Ya,Ya,Ya,Tidak,Ya,Ya,700000
Kota Mojokerto,Putri,Prajurit Kulon,0.0,Tidak,Tidak,Ya,Tidak,Ya,Ya,500000
Kota Mojokerto,Campur,Kecamatan Magersari,0.0,Ya,Ya,Ya,Ya,Ya,Ya,1100000
Kota Mojokerto,Campur,Mojosari,0.0,Tidak,Ya,Ya,Tidak,Ya,Tidak,450000
Kota Mojokerto,Putra,Kranggan,0.0,Ya,Ya,Ya,Ya,Ya,Ya,900000
Kota Mojokerto,Campur,Magersari,0.0,Tidak,Ya,Ya,Ya,Ya,Tidak,455000
Kota Mojokerto,Campur,Kecamatan Prajurit Kulon,0.0,Ya,Ya,Ya,Tidak,Ya,Ya,1300000
Kota Mojokerto,Campur,Kecamatan Magersari,0.0,Tidak,Tidak,Tidak,Tidak,Ya,Tidak,600000
Kota Mojokerto,Campur,Magersari,0.0,Tidak,Tidak,Ya,Tidak,Ya,Ya,500000
Kota Mojokerto,Campur,Kecamatan Magersari,0.0,Ya,Ya,Ya,Tidak,Ya,Ya,1500000
Kota Mojokerto,Putra,Kecamatan Sooko,4.5,Ya,Ya,Ya,Ya,Ya,Ya,1000000
Kota Mojokerto,Putra,Jetis,0.0,Ya,Ya,Ya,Ya,Ya,Tidak,600000
Kota Mojokerto,Campur,Sooko,0.0,Ya,Ya,Ya,Ya,Ya,Ya,1100000
Kota Mojokerto,Campur,Sooko,0.0,Ya,Tidak,Ya,Ya,Ya,Ya,950000
Kota Mojokerto,Campur,Kecamatan Mojosari,0.0,Tidak,Tidak,Ya,Tidak,Ya,Tidak,300000
Kota Mojokerto,Putri,Kecamatan Puri,0.0,Tidak,Ya,Ya,Tidak,Ya,Ya,500000
Kota Mojokerto,Putri,Prajurit Kulon,5.0,Ya,Ya,Ya,Ya,Ya,Ya,900000
Kota Mojokerto,Campur,Magersari,0.0,Ya,Ya,Ya,Ya,Ya,Ya,1100000
Kota Mojokerto,Putra,Kecamatan Mojoanyar,0.0,Tidak,Ya,Ya,Tidak,Ya,Ya,300000
Kota Mojokerto,Campur,Mojosari,0.0,Tidak,Tidak,Ya,Tidak,Ya,Ya,450000
Kota Mojokerto,Putri,Magersari,0.0,Ya,Ya,Ya,Tidak,Ya,Ya,1000000
Kota Mojokerto,Putri,Sooko,0.0,Tidak,Ya,Ya,Ya,Ya,Ya,300000
Kota Mojokerto,Putri,Kranggan,0.0,Tidak,Ya,Ya,Tidak,Ya,Ya,650000
Kota Mojokerto,Putri,Kecamatan Prajurit Kulon,0.0,Ya,Ya,Ya,Ya,Ya,Ya,1700000
Kota Mojokerto,Campur,Kecamatan Magersari,0.0,Ya,Tidak,Ya,Ya,Ya,Ya,1050000
Kota Mojokerto,Campur,Magersari,0.0,Tidak,Ya,Ya,Tidak,Ya,Tidak,450000
Kota Mojokerto,Putra,Kecamatan Sooko,0.0,Ya,Ya,Ya,Ya,Ya,Ya,1000000
Kota Mojokerto,Campur,Kecamatan Prajurit Kulon,0.0,Tidak,Tidak,Ya,Tidak,Ya,Ya,675000
Kota Mojokerto,Campur,Kecamatan Prajurit Kulon,0.0,Tidak,Ya,Ya,Tidak,Ya,Ya,800000
Kota Mojokerto,Campur,Mojosari,0.0,Tidak,Tidak,Ya,Tidak,Ya,Ya,500000
Kota Mojokerto,Putri,Kecamatan Sooko,0.0,Ya,Ya,Ya,Ya,Ya,Ya,1000000
Kota Mojokerto,Putri,Kecamatan Prajurit Kulon,0.0,Ya,Tidak,Ya,Ya,Ya,Ya,1100000
Kota Mojokerto,Putri,Kecamatan Prajurit Kulon,0.0,Ya,Tidak,Ya,Ya,Ya,Ya,1200000
Kota Mojokerto,Campur,Kecamatan Pacet,0.0,Ya,Ya,Ya,Ya,Ya,Ya,700000
Kota Mojokerto,Putra,Kecamatan Magersari,0.0,Tidak,Ya,Ya,Tidak,Ya,Ya,800000
Kota Mojokerto,Putra,Prajurit Kulon,5.0,Tidak,Ya,Ya,Ya,Ya,Ya,600000
Kota Mojokerto,Putri,Prajurit Kulon,0.0,Tidak,Tidak,Ya,Tidak,Ya,Ya,500000
Kota Mojokerto,Campur,Pungging,0.0,Tidak,Ya,Ya,Tidak,Ya,Ya,500000
Kota Mojokerto,Campur,Kecamatan Prajurit Kulon,0.0,Ya,Ya,Ya,Tidak,Ya,Ya,1300000
Kota Mojokerto,Campur,Magersari,0.0,Ya,Ya,Ya,Ya,Ya,Tidak,850000
Kota Mojokerto,Campur,Mojosari,0.0,Tidak,Ya,Ya,Ya,Ya,Ya,600000
Kota Mojokerto,Campur,Kecamatan Magersari,0.0,Ya,Ya,Ya,Tidak,Ya,Ya,1000000
Kota Mojokerto,Putri,Kecamatan Magersari,0.0,Tidak,Ya,Ya,Tidak,Ya,Ya,700000
Kota Mojokerto,Campur,Kecamatan Prajurit Kulon,0.0,Ya,Ya,Ya,Tidak,Ya,Ya,1500000
Kota Mojokerto,Campur,Kecamatan Mojosari,0.0,Tidak,Ya,Ya,Tidak,Ya,Tidak,500001
Kota Mojokerto,Putri,Kecamatan Sooko,0.0,Ya,Ya,Ya,Tidak,Tidak,Ya,1000000
Kota Mojokerto,Campur,Kecamatan Mojoanyar,0.0,Tidak,Tidak,Ya,Tidak,Ya,Ya,400000
Kota Mojokerto,Campur,Kecamatan Mojosari,0.0,Tidak,Ya,Ya,Tidak,Tidak,Ya,500000
Kota Mojokerto,Campur,Kecamatan Mojosari,0.0,Tidak,Ya,Tidak,Tidak,Ya,Tidak,500000
Kota Mojokerto,Putra,Kecamatan Mojoanyar,0.0,Tidak,Ya,Ya,Tidak,Tidak,Ya,300000
Kota Mojokerto,Campur,Prajurit Kulon,0.0,Tidak,Tidak,Ya,Tidak,Ya,Tidak,700000
Kota Mojokerto,Campur,Kecamatan Mojosari,0.0,Tidak,Ya,Ya,Ya,Ya,Tidak,600000
Kota Mojokerto,Putra,Dawar Blandong,0.0,Tidak,Ya,Ya,Ya,Tidak,Tidak,1500000
Kota Mojokerto,Campur,Kecamatan Magersari,0.0,Ya,Tidak,Ya,Ya,Ya,Ya,1400000
Kota Mojokerto,Putra,Sooko,0.0,Ya,Ya,Ya,Ya,Ya,Tidak,1000000
Kota Mojokerto,Campur,Kecamatan Magersari,0.0,Ya,Tidak,Ya,Ya,Ya,Ya,1300000
Kota Mojokerto,Putri,Magersari,0.0,Tidak,Ya,Ya,Tidak,Ya,Ya,700000
Kota Mojokerto,Campur,Mojosari,0.0,Tidak,Ya,Ya,Tidak,Ya,Ya,500000
Kota Mojokerto,Campur,Magersari,0.0,Tidak,Ya,Ya,Ya,Ya,Ya,700000
Kota Mojokerto,Putri,Kecamatan Sooko,0.0,Tidak,Ya,Ya,Ya,Tidak,Ya,350000
Kota Mojokerto,Putri,Prajurit Kulon,0.0,Ya,Ya,Ya,Ya,Ya,Ya,1300000
Kota Mojokerto,Campur,Mojosari,0.0,Ya,Ya,Ya,Ya,Ya,Tidak,1100000
Kota Mojokerto,Campur,Kecamatan Magersari,0.0,Ya,Tidak,Ya,Ya,Ya,Ya,1800000
Kota Mojokerto,Campur,Puri,0.0,Ya,Ya,Ya,Ya,Ya,Ya,850000
Kota Mojokerto,Putri,Kecamatan Mojosari,0.0,Tidak,Tidak,Ya,Tidak,Tidak,Ya,550000
Kota Mojokerto,Putri,Kecamatan Prajurit Kulon,0.0,Tidak,Ya,Ya,Tidak,Tidak,Tidak,750000
Kota Mojokerto,Campur,Kecamatan Magersari,0.0,Tidak,Tidak,Tidak,Tidak,Tidak,Tidak,1166000
Kota Mojokerto,Putri,Sooko,0.0,Ya,Tidak,Ya,Ya,Ya,Tidak,800000
Kota Mojokerto,Putri,Sooko,0.0,Ya,Ya,Ya,Tidak,Ya,Ya,1200000
Kota Mojokerto,Campur,Kecamatan Dawar Blandong,0.0,Tidak,Ya,Ya,Ya,Tidak,Ya,375000
Kota Mojokerto,Campur,Sooko,0.0,Tidak,Ya,Ya,Ya,Ya,Tidak,700000
Kota Mojokerto,Putra,Kecamatan Magersari,0.0,Tidak,Ya,Ya,Tidak,Tidak,Ya,500000
Kota Mojokerto,Campur,Kecamatan Magersari,0.0,Tidak,Ya,Ya,Tidak,Tidak,Ya,600000
Kota Mojokerto,Putra,Kecamatan Sooko,0.0,Ya,Tidak,Ya,Ya,Ya,Ya,1000000
Kota Mojokerto,Campur,Mojosari,0.0,Tidak,Ya,Ya,Ya,Ya,Ya,800000
Kota Mojokerto,Campur,Kecamatan Magersari,0.0,Ya,Ya,Ya,Tidak,Ya,Ya,1300000
Kota Mojokerto,Campur,Kecamatan Mojosari,0.0,Tidak,Ya,Tidak,Tidak,Ya,Tidak,500000
Kota Mojokerto,Campur,Magersari,0.0,Tidak,Tidak,Tidak,Tidak,Tidak,Ya,500000
Kota Mojokerto,Campur,Kecamatan Magersari,0.0,Tidak,Ya,Ya,Tidak,Tidak,Ya,450000
Kota Mojokerto,Campur,Kecamatan Gedek,0.0,Tidak,Ya,Ya,Tidak,Ya,Tidak,450000
Kota Mojokerto,Putri,Kecamatan Magersari,0.0,Tidak,Ya,Ya,Ya,Ya,Ya,750000
Kota Mojokerto,Campur,Kecamatan Mojosari,0.0,Tidak,Ya,Ya,Tidak,Ya,Tidak,400000
Kota Mojokerto,Campur,Prajurit Kulon,0.0,Tidak,Tidak,Ya,Ya,Ya,Ya,700000
Kota Mojokerto,Campur,Kecamatan Gedek,0.0,Tidak,Tidak,Tidak,Tidak,Ya,Tidak,600000
Kota Mojokerto,Putri,Kecamatan Puri,0.0,Tidak,Ya,Ya,Tidak,Tidak,Ya,300000
Kota Mojokerto,Campur,Kecamatan Magersari,0.0,Ya,Ya,Ya,Tidak,Ya,Ya,1700000
Kota Mojokerto,Campur,Prajurit Kulon,3.8,Ya,Ya,Ya,Tidak,Ya,Tidak,1000000
Kota Mojokerto,Campur,Kecamatan Magersari,0.0,Ya,Ya,Ya,Tidak,Ya,Ya,1700000
Kota Mojokerto,Campur,Kecamatan Sooko,0.0,Tidak,Ya,Ya,Tidak,Ya,Ya,450000
Kota Mojokerto,Campur,Gedek,0.0,Tidak,Ya,Ya,Tidak,Ya,Tidak,450000
Kota Mojokerto,Putra,Mojoanyar,0.0,Tidak,Ya,Ya,Tidak,Tidak,Tidak,400000
Kota Mojokerto,Putri,Kecamatan Mojosari,0.0,Tidak,Tidak,Ya,Tidak,Ya,Tidak,550000
Kota Mojokerto,Putri,Pungging,0.0,Tidak,Ya,Ya,Tidak,Ya,Ya,550000
Kota Mojokerto,Campur,Kecamatan Prajurit Kulon,0.0,Ya,Tidak,Ya,Tidak,Ya,Ya,1200000
Kota Mojokerto,Campur,Puri,0.0,Ya,Tidak,Ya,Tidak,Ya,Tidak,850000
Kota Mojokerto,Campur,Kecamatan Mojosari,0.0,Tidak,Ya,Tidak,Tidak,Ya,Tidak,600000
Kota Mojokerto,Putri,Kecamatan Puri,0.0,Tidak,Tidak,Ya,Ya,Tidak,Ya,350000
Kota Mojokerto,Putri,Magersari,0.0,Tidak,Ya,Ya,Ya,Tidak,Tidak,700000
Kota Mojokerto,Campur,Kecamatan Mojosari,0.0,Tidak,Ya,Tidak,Tidak,Ya,Tidak,550000
Kota Mojokerto,Campur,Magersari,0.0,Ya,Tidak,Ya,Ya,Tidak,Tidak,1100000
Kota Mojokerto,Putri,Prajurit Kulon,0.0,Tidak,Ya,Tidak,Ya,Ya,Tidak,850000
Kota Mojokerto,Putri,Jatirejo,0.0,Tidak,Ya,Ya,Tidak,Tidak,Ya,500000
Kota Mojokerto,Campur,Kecamatan Sooko,0.0,Tidak,Ya,Ya,Ya,Ya,Ya,750000
Kota Mojokerto,Campur,Mojosari,0.0,Tidak,Tidak,Ya,Tidak,Ya,Ya,550000
Kota Mojokerto,Putra,Sooko,0.0,Tidak,Ya,Ya,Ya,Ya,Tidak,650000
Kota Mojokerto,Campur,Jetis,0.0,Tidak,Ya,Ya,Tidak,Ya,Ya,700000
Kota Mojokerto,Putri,Kecamatan Prajurit Kulon,0.0,Tidak,Ya,Ya,Tidak,Ya,Ya,550000
Kota Mojokerto,Campur,Kecamatan Puri,0.0,Tidak,Tidak,Ya,Tidak,Ya,Ya,500000
Kota Mojokerto,Campur,Kecamatan Prajurit Kulon,0.0,Tidak,Ya,Ya,Tidak,Ya,Ya,750000
Kota Mojokerto,Putri,Mojosari,0.0,Tidak,Ya,Ya,Tidak,Tidak,Tidak,550000
Kota Mojokerto,Campur,Kecamatan Jetis,0.0,Ya,Ya,Ya,Tidak,Ya,Tidak,1000000
Kota Mojokerto,Campur,Kecamatan Mojosari,0.0,Tidak,Tidak,Ya,Tidak,Tidak,Ya,500000
Kota Mojokerto,Campur,Magersari,0.0,Tidak,Ya,Ya,Ya,Ya,Tidak,450000
Kota Mojokerto,Putri,Mojoanyar,0.0,Tidak,Tidak,Ya,Tidak,Tidak,Tidak,500000
Kota Mojokerto,Putra,Kecamatan Magersari,0.0,Tidak,Ya,Ya,Tidak,Ya,Ya,750000
Kota Mojokerto,Putri,Kecamatan Magersari,0.0,Tidak,Ya,Ya,Ya,Tidak,Tidak,550000
Kota Mojokerto,Campur,Kecamatan Magersari,0.0,Tidak,Ya,Ya,Ya,Ya,Ya,700000
Kota Mojokerto,Putri,Prajurit Kulon,0.0,Tidak,Tidak,Ya,Tidak,Ya,Ya,600000
Kota Pasuruan,Campur,Kecamatan Panggungrejo,0.0,Tidak,Ya,Ya,Ya,Ya,Ya,800000
Kota Pasuruan,Putri,Kecamatan Purworejo,0.0,Tidak,Ya,Ya,Tidak,Ya,Tidak,650000
Kota Pasuruan,Putri,Bugulkidul,5.0,Tidak,Ya,Ya,Tidak,Ya,Ya,485000
Kota Pasuruan,Campur,Purworejo,5.0,Ya,Ya,Ya,Ya,Ya,Ya,1200000
Kota Pasuruan,Putri,Kecamatan Purworejo,0.0,Tidak,Ya,Ya,Tidak,Tidak,Ya,550000
Kota Pasuruan,Putri,Bugulkidul,0.0,Tidak,Ya,Ya,Tidak,Tidak,Ya,460000
Kota Pasuruan,Campur,Kecamatan Purworejo,0.0,Ya,Ya,Ya,Ya,Ya,Ya,1150000
Kota Pasuruan,Campur,Kecamatan Panggungrejo,0.0,Ya,Ya,Ya,Ya,Ya,Ya,1200000
Kota Pasuruan,Putra,Bugulkidul,0.0,Tidak,Tidak,Ya,Tidak,Tidak,Tidak,475000
Kota Pasuruan,Campur,Kecamatan Panggungrejo,0.0,Ya,Ya,Ya,Ya,Ya,Ya,1100000
Kota Pasuruan,Putri,Kecamatan Gadingrejo,0.0,Ya,Ya,Ya,Ya,Ya,Ya,1000000
Kota Pasuruan,Campur,Kecamatan Gadingrejo,0.0,Ya,Ya,Ya,Ya,Tidak,Ya,1500000
Kota Pasuruan,Putra,Bugulkidul,0.0,Tidak,Ya,Ya,Tidak,Tidak,Ya,550000
Kota Pasuruan,Putri,Purworejo,0.0,Tidak,Tidak,Ya,Ya,Tidak,Ya,550000
Kota Pasuruan,Campur,Kecamatan Purworejo,0.0,Tidak,Ya,Ya,Tidak,Ya,Ya,700000
Kota Pasuruan,Campur,Kecamatan Gadingrejo,0.0,Tidak,Ya,Ya,Tidak,Ya,Ya,650000
Kota Pasuruan,Campur,Purworejo,0.0,Ya,Tidak,Ya,Ya,Ya,Ya,1800000
Kota Pasuruan,Putri,Bugulkidul,0.0,Tidak,Ya,Ya,Ya,Tidak,Ya,600000
Kota Pasuruan,Putri,Kecamatan Panggungrejo,0.0,Tidak,Tidak,Ya,Tidak,Tidak,Ya,400000
Kota Pasuruan,Putra,Bugulkidul,0.0,Tidak,Ya,Ya,Tidak,Ya,Tidak,600000
Kota Pasuruan,Putra,Panggungrejo,0.0,Tidak,Tidak,Ya,Ya,Ya,Tidak,700000
Kota Pasuruan,Campur,Kecamatan Bugulkidul,0.0,Ya,Ya,Ya,Ya,Ya,Ya,1350000
Kota Pasuruan,Putra,Bugulkidul,0.0,Ya,Ya,Ya,Tidak,Ya,Tidak,1000000
Kota Pasuruan,Putri,Purworejo,0.0,Ya,Tidak,Ya,Ya,Tidak,Ya,850000
Kota Pasuruan,Putra,Panggungrejo,0.0,Ya,Tidak,Ya,Ya,Ya,Tidak,900000
Kota Pasuruan,Campur,Bugulkidul,0.0,Ya,Ya,Ya,Ya,Ya,Ya,1550000
Kota Pasuruan,Putra,Bugulkidul,0.0,Tidak,Ya,Ya,Ya,Ya,Ya,600000
Kota Pasuruan,Putri,Panggungrejo,0.0,Tidak,Ya,Ya,Ya,Ya,Ya,450000
Kota Pasuruan,Putra,Kecamatan Bugulkidul,0.0,Ya,Tidak,Ya,Ya,Ya,Ya,850000
Kota Pasuruan,Campur,Kecamatan Gadingrejo,0.0,Ya,Ya,Ya,Tidak,Ya,Ya,800000
Kota Pasuruan,Campur,Purworejo,0.0,Ya,Tidak,Ya,Ya,Ya,Ya,1500000
Kota Pasuruan,Putri,Bugulkidul,0.0,Tidak,Tidak,Ya,Ya,Tidak,Tidak,500000
Kota Pasuruan,Putri,Kecamatan Panggungrejo,0.0,Ya,Tidak,Ya,Ya,Ya,Ya,500000
Kota Pasuruan,Putri,Kecamatan Purworejo,0.0,Tidak,Tidak,Tidak,Tidak,Ya,Tidak,600000
Kota Pasuruan,Putri,Panggungrejo,0.0,Tidak,Tidak,Ya,Ya,Tidak,Ya,500000
Kota Pasuruan,Putra,Kecamatan Purworejo,0.0,Ya,Tidak,Ya,Ya,Ya,Ya,1100000
Kota Pasuruan,Putra,Kecamatan Panggungrejo,0.0,Tidak,Ya,Ya,Tidak,Tidak,Tidak,550000
Kota Pasuruan,Putra,Purworejo,0.0,Tidak,Ya,Tidak,Ya,Tidak,Tidak,600000
Kota Pasuruan,Putra,Panggungrejo,0.0,Tidak,Ya,Ya,Tidak,Tidak,Tidak,350000
Kota Pasuruan,Campur,Panggungrejo,0.0,Tidak,Ya,Ya,Tidak,Tidak,Ya,550000
Kota Pasuruan,Putri,Purworejo,0.0,Ya,Ya,Ya,Tidak,Ya,Ya,1500000
Kota Pasuruan,Campur,Kecamatan Purworejo,0.0,Ya,Tidak,Ya,Tidak,Ya,Ya,1000000
Kota Pasuruan,Putri,Gadingrejo,0.0,Tidak,Tidak,Ya,Tidak,Tidak,Tidak,400000
Kota Pasuruan,Campur,Kecamatan Purworejo,0.0,Tidak,Ya,Ya,Ya,Ya,Tidak,500000
Kota Pasuruan,Putri,Kecamatan Bugul Kidul,0.0,Tidak,Tidak,Ya,Tidak,Ya,Ya,600000
Kota Pasuruan,Putra,Kecamatan Bugulkidul,0.0,Tidak,Tidak,Ya,Ya,Ya,Ya,600000
Kota Pasuruan,Putra,Purworejo,0.0,Tidak,Ya,Ya,Tidak,Tidak,Tidak,500000
Kota Pasuruan,Putra,Kecamatan Purworejo,0.0,Tidak,Ya,Ya,Tidak,Tidak,Ya,330000
Kota Pasuruan,Campur,Panggungrejo,0.0,Tidak,Ya,Ya,Tidak,Tidak,Ya,380000
Kota Pasuruan,Putri,Kecamatan Purworejo,0.0,Tidak,Ya,Ya,Ya,Tidak,Ya,600000
Kota Pasuruan,Campur,Panggungrejo,0.0,Tidak,Tidak,Ya,Ya,Tidak,Tidak,500000
Kota Pasuruan,Putri,Panggungrejo,0.0,Tidak,Tidak,Ya,Tidak,Ya,Ya,600000
Kota Pasuruan,Campur,Kecamatan Purworejo,0.0,Ya,Ya,Ya,Ya,Ya,Tidak,1500000
Kota Pasuruan,Campur,Kecamatan Purworejo,0.0,Tidak,Ya,Ya,Tidak,Ya,Tidak,700000
Kota Pasuruan,Campur,Kecamatan Bugul Kidul,0.0,Tidak,Tidak,Tidak,Tidak,Ya,Tidak,750000
Kota Pasuruan,Putri,Panggungrejo,0.0,Tidak,Tidak,Ya,Tidak,Ya,Ya,600000
Kota Pasuruan,Campur,Bugulkidul,0.0,Tidak,Ya,Ya,Tidak,Ya,Ya,600000
Kota Pasuruan,Putri,Bugulkidul,0.0,Tidak,Ya,Ya,Ya,Tidak,Tidak,475000
Kota Pasuruan,Campur,Kecamatan Gadingrejo,0.0,Ya,Ya,Ya,Tidak,Ya,Ya,800000
Kota Pasuruan,Campur,Purworejo,0.0,Tidak,Ya,Ya,Tidak,Ya,Tidak,500000
Kota Pasuruan,Campur,Gadingrejo,0.0,Tidak,Tidak,Ya,Tidak,Tidak,Tidak,400000
Kota Pasuruan,Putra,Bugulkidul,0.0,Ya,Tidak,Ya,Ya,Ya,Tidak,700000
Kota Pasuruan,Putra,Panggungrejo,0.0,Tidak,Ya,Ya,Ya,Tidak,Tidak,400000
Kota Pasuruan,Putra,Purworejo,0.0,Tidak,Tidak,Ya,Tidak,Tidak,Tidak,280000
Kota Pasuruan,Putri,Kecamatan Purworejo,0.0,Tidak,Tidak,Ya,Tidak,Ya,Ya,650000
Kota Pasuruan,Campur,Purworejo,0.0,Tidak,Ya,Ya,Ya,Tidak,Tidak,300000
Kota Pasuruan,Putra,Gadingrejo,0.0,Tidak,Ya,Ya,Tidak,Tidak,Tidak,450000
Kota Pasuruan,Putri,Kecamatan Panggungrejo,0.0,Tidak,Tidak,Ya,Tidak,Ya,Ya,550000
Kota Pasuruan,Putri,Panggungrejo,0.0,Ya,Ya,Ya,Ya,Ya,Ya,1050000
Kota Pasuruan,Putra,Bugulkidul,0.0,Tidak,Tidak,Ya,Tidak,Tidak,Tidak,600000
Kota Pasuruan,Campur,Panggungrejo,0.0,Ya,Ya,Ya,Ya,Ya,Ya,650000
Kota Pasuruan,Putri,Gadingrejo,0.0,Ya,Tidak,Ya,Tidak,Tidak,Tidak,700000
Kota Pasuruan,Campur,Bugulkidul,5.0,Tidak,Ya,Ya,Tidak,Tidak,Ya,400000
Kota Pasuruan,Campur,Panggungrejo,0.0,Tidak,Tidak,Ya,Tidak,Ya,Ya,550000
Kota Pasuruan,Putra,Purworejo,0.0,Tidak,Tidak,Ya,Ya,Ya,Tidak,600000
Kota Pasuruan,Putri,Bugulkidul,0.0,Tidak,Ya,Ya,Ya,Tidak,Tidak,400000
Kota Pasuruan,Putra,Bugulkidul,0.0,Tidak,Tidak,Ya,Tidak,Tidak,Tidak,500000
Kota Pasuruan,Putri,Kecamatan Bugul Kidul,0.0,Tidak,Ya,Ya,Ya,Tidak,Ya,600000
Kota Pasuruan,Campur,Kecamatan Panggungrejo,0.0,Tidak,Tidak,Ya,Tidak,Tidak,Tidak,500000
Kota Probolinggo,Campur,Kademangan,4.4,Ya,Ya,Ya,Ya,Ya,Ya,1000000
Kota Probolinggo,Campur,Kanigaran,0.0,Tidak,Ya,Ya,Ya,Ya,Ya,600000
Kota Probolinggo,Campur,Kanigaran,0.0,Ya,Ya,Ya,Ya,Ya,Ya,1200000
Kota Probolinggo,Campur,Kecamatan Kanigaran,5.0,Ya,Ya,Ya,Ya,Ya,Ya,1000000
Kota Probolinggo,Putri,Mayangan,0.0,Ya,Ya,Ya,Tidak,Ya,Ya,750000
Kota Probolinggo,Campur,Kecamatan Mayangan,0.0,Ya,Ya,Ya,Ya,Ya,Ya,1300000
Kota Probolinggo,Putri,Kanigaran,0.0,Tidak,Ya,Ya,Tidak,Ya,Ya,500000
Kota Probolinggo,Campur,Kecamatan Mayangan,0.0,Ya,Tidak,Ya,Ya,Ya,Ya,1100000
Kota Probolinggo,Campur,Mayangan,0.0,Ya,Ya,Ya,Ya,Ya,Ya,1400000
Kota Probolinggo,Campur,Kademangan,0.0,Ya,Ya,Ya,Ya,Ya,Ya,1200000
Kota Probolinggo,Campur,Kecamatan Kanigaran,0.0,Tidak,Ya,Ya,Tidak,Tidak,Tidak,800000
Kota Probolinggo,Campur,Kecamatan Kanigaran,0.0,Tidak,Ya,Ya,Tidak,Ya,Ya,600000
Kota Probolinggo,Campur,Mayangan,0.0,Ya,Ya,Ya,Ya,Ya,Ya,1150000
Kota Probolinggo,Campur,Kecamatan Kanigaran,0.0,Tidak,Ya,Ya,Tidak,Ya,Tidak,500000
Kota Probolinggo,Putra,Mayangan,0.0,Ya,Ya,Ya,Ya,Ya,Ya,1200000
Kota Probolinggo,Putri,Kanigaran,0.0,Tidak,Tidak,Ya,Ya,Ya,Ya,500000
Kota Probolinggo,Campur,Kademangan,0.0,Tidak,Ya,Tidak,Tidak,Ya,Tidak,600000
Kota Probolinggo,Putri,Mayangan,0.0,Tidak,Ya,Ya,Tidak,Tidak,Tidak,400000
Kota Probolinggo,Putri,Kecamatan Mayangan,0.0,Tidak,Tidak,Ya,Tidak,Ya,Ya,500000
Kota Probolinggo,Campur,Kedopok,0.0,Ya,Ya,Ya,Ya,Ya,Ya,1300000
Kota Probolinggo,Putri,Kanigaran,0.0,Ya,Ya,Ya,Ya,Tidak,Ya,1500000
Kota Probolinggo,Campur,Kanigaran,0.0,Ya,Ya,Ya,Ya,Ya,Ya,1300000
Kota Probolinggo,Putri,Kanigaran,0.0,Ya,Tidak,Ya,Ya,Ya,Ya,1000000
Kota Probolinggo,Putri,Kanigaran,0.0,Ya,Tidak,Ya,Ya,Ya,Ya,1000000
Kota Probolinggo,Putri,Kanigaran,0.0,Tidak,Ya,Ya,Ya,Ya,Ya,510000
Kota Probolinggo,Putri,Kecamatan Kanigaran,0.0,Ya,Ya,Ya,Ya,Ya,Ya,1050000
Kota Probolinggo,Putra,Kanigaran,0.0,Tidak,Tidak,Ya,Tidak,Ya,Ya,350000
Kota Probolinggo,Putri,Kanigaran,0.0,Tidak,Ya,Ya,Ya,Ya,Ya,550000
Kota Probolinggo,Putri,Kanigaran,0.0,Tidak,Ya,Ya,Ya,Ya,Ya,500000
Kota Probolinggo,Putri,Kanigaran,0.0,Tidak,Tidak,Ya,Tidak,Tidak,Ya,500000
Kota Probolinggo,Campur,Kanigaran,0.0,Ya,Tidak,Ya,Ya,Ya,Ya,1100000
Kota Probolinggo,Campur,Kedopok,0.0,Tidak,Ya,Ya,Ya,Ya,Ya,300000
Kota Probolinggo,Putra,Kecamatan Kanigaran,0.0,Tidak,Ya,Ya,Tidak,Tidak,Tidak,300000
Kota Probolinggo,Putra,Kecamatan Kanigaran,0.0,Tidak,Ya,Ya,Tidak,Ya,Tidak,420000
Kota Probolinggo,Putra,Mayangan,0.0,Ya,Ya,Ya,Ya,Ya,Ya,1000000
Kota Probolinggo,Campur,Kecamatan Mayangan,4.9,Ya,Ya,Ya,Ya,Ya,Ya,800000
Kota Probolinggo,Putri,Kecamatan Mayangan,0.0,Ya,Ya,Ya,Ya,Ya,Ya,1450000
Kota Probolinggo,Putri,Kanigaran,0.0,Tidak,Tidak,Ya,Tidak,Ya,Ya,450000
Kota Probolinggo,Putri,Kanigaran,0.0,Tidak,Tidak,Ya,Tidak,Ya,Ya,450000
Kota Probolinggo,Campur,Kecamatan Mayangan,0.0,Ya,Ya,Ya,Ya,Ya,Ya,1100000
Kota Probolinggo,Putri,Kanigaran,0.0,Tidak,Tidak,Ya,Ya,Ya,Ya,450000
Kota Probolinggo,Campur,Kecamatan Kanigaran,0.0,Ya,Ya,Ya,Tidak,Ya,Ya,900000
Kota Probolinggo,Putra,Kademangan,4.8,Ya,Ya,Ya,Tidak,Ya,Ya,850000
Kota Probolinggo,Putra,Kecamatan Kanigaran,0.0,Tidak,Ya,Ya,Ya,Tidak,Ya,500000
Kota Probolinggo,Campur,Mayangan,0.0,Ya,Tidak,Ya,Ya,Ya,Ya,1100000
Kota Probolinggo,Putri,Kademangan,0.0,Ya,Ya,Ya,Tidak,Ya,Ya,900000
Kota Probolinggo,Putri,Kanigaran,0.0,Tidak,Tidak,Ya,Tidak,Tidak,Tidak,350000
Kota Probolinggo,Campur,Mayangan,0.0,Tidak,Tidak,Ya,Tidak,Tidak,Tidak,350000
Kota Probolinggo,Campur,Mayangan,0.0,Tidak,Ya,Ya,Tidak,Tidak,Tidak,250000
Kota Probolinggo,Campur,Kecamatan Mayangan,0.0,Tidak,Tidak,Ya,Ya,Tidak,Ya,370000
Kota Probolinggo,Campur,Mayangan,0.0,Ya,Ya,Ya,Ya,Ya,Ya,850000
Kota Probolinggo,Putra,Kanigaran,0.0,Tidak,Tidak,Ya,Tidak,Tidak,Ya,350000
Kota Probolinggo,Putri,Kecamatan Kanigaran,0.0,Tidak,Tidak,Ya,Tidak,Ya,Ya,550000
Kota Probolinggo,Putra,Mayangan,0.0,Ya,Tidak,Ya,Ya,Tidak,Tidak,1100000
Kota Probolinggo,Campur,Kecamatan Leces,0.0,Tidak,Ya,Ya,Tidak,Tidak,Ya,250000
Kota Probolinggo,Putri,Kecamatan Dringu,0.0,Ya,Ya,Ya,Ya,Ya,Ya,900000
Kota Probolinggo,Putra,Mayangan,0.0,Ya,Ya,Ya,Ya,Tidak,Ya,700000
Kota Probolinggo,Putra,Kanigaran,0.0,Tidak,Ya,Ya,Tidak,Ya,Ya,500000
Kota Probolinggo,Campur,Kecamatan Mayangan,0.0,Tidak,Tidak,Ya,Tidak,Tidak,Ya,450000
Kota Probolinggo,Campur,Kecamatan Mayangan,0.0,Tidak,Ya,Ya,Tidak,Tidak,Ya,450000
Kota Probolinggo,Putra,Kecamatan Mayangan,0.0,Ya,Ya,Ya,Ya,Ya,Ya,1000000
Kota Probolinggo,Putri,Dringu,0.0,Tidak,Ya,Ya,Tidak,Tidak,Tidak,350000
Kota Probolinggo,Campur,Mayangan,0.0,Tidak,Tidak,Ya,Tidak,Tidak,Tidak,520000
Kota Probolinggo,Campur,Mayangan,0.0,Ya,Tidak,Ya,Tidak,Ya,Tidak,1000000
Kota Probolinggo,Campur,Kecamatan Kedopok,0.0,Ya,Ya,Ya,Ya,Ya,Ya,800000
Kota Probolinggo,Putri,Mayangan,0.0,Tidak,Ya,Ya,Ya,Tidak,Ya,450000
Kota Probolinggo,Putri,Kecamatan Leces,0.0,Tidak,Ya,Ya,Ya,Tidak,Ya,500000
Kota Probolinggo,Putri,Kecamatan Kademangan,0.0,Ya,Tidak,Ya,Ya,Ya,Ya,800000
Kota Probolinggo,Putra,Kademangan,0.0,Ya,Tidak,Ya,Ya,Ya,Ya,1200000
Kota Probolinggo,Putri,Kanigaran,0.0,Tidak,Ya,Ya,Tidak,Ya,Ya,300000
Kota Probolinggo,Campur,Kanigaran,0.0,Tidak,Ya,Ya,Tidak,Ya,Ya,650000
Kota Probolinggo,Putra,Mayangan,0.0,Tidak,Ya,Tidak,Ya,Ya,Ya,750000
Kota Probolinggo,Putri,Kanigaran,0.0,Tidak,Ya,Ya,Ya,Ya,Ya,600000
Kota Probolinggo,Campur,Mayangan,0.0,Tidak,Ya,Ya,Ya,Tidak,Ya,700000
Kota Probolinggo,Putri,Mayangan,0.0,Tidak,Tidak,Ya,Ya,Ya,Ya,600000
Kota Probolinggo,Campur,Kecamatan Kanigaran,0.0,Ya,Ya,Ya,Ya,Ya,Ya,700000
Kota Probolinggo,Putri,Mayangan,0.0,Ya,Ya,Ya,Ya,Ya,Ya,1200000
Kota Probolinggo,Campur,Kecamatan Kanigaran,0.0,Tidak,Tidak,Ya,Ya,Ya,Ya,450000
Kota Probolinggo,Campur,Dringu,0.0,Tidak,Tidak,Ya,Tidak,Tidak,Tidak,400000
Kota Probolinggo,Campur,Mayangan,5.0,Ya,Tidak,Ya,Ya,Ya,Tidak,1200000
Kota Probolinggo,Putra,Kecamatan Mayangan,0.0,Tidak,Ya,Ya,Tidak,Tidak,Tidak,350000
Kota Probolinggo,Campur,Mayangan,0.0,Ya,Tidak,Ya,Ya,Ya,Ya,1400000
Kota Probolinggo,Campur,Mayangan,0.0,Tidak,Ya,Ya,Tidak,Ya,Tidak,450000
Kota Probolinggo,Campur,Kanigaran,0.0,Ya,Tidak,Ya,Ya,Ya,Ya,450000
Kota Probolinggo,Putri,Kecamatan Kademangan,0.0,Tidak,Tidak,Ya,Ya,Ya,Ya,500000
Kota Probolinggo,Campur,Kecamatan Kanigaran,0.0,Ya,Ya,Ya,Ya,Ya,Ya,1500000
Kota Probolinggo,Putra,Mayangan,0.0,Tidak,Tidak,Ya,Tidak,Ya,Ya,500000
Kota Probolinggo,Campur,Kecamatan Mayangan,0.0,Ya,Ya,Ya,Ya,Ya,Tidak,1750000
Kota Probolinggo,Campur,Mayangan,0.0,Tidak,Tidak,Ya,Tidak,Ya,Ya,350000
Kota Probolinggo,Campur,Kecamatan Mayangan,0.0,Ya,Ya,Ya,Ya,Ya,Ya,1500000
Kota Probolinggo,Putra,Kecamatan Kanigaran,0.0,Tidak,Ya,Ya,Ya,Ya,Ya,500000
Kota Probolinggo,Putri,Kanigaran,0.0,Tidak,Tidak,Ya,Ya,Ya,Ya,650000
Kota Probolinggo,Campur,Kecamatan Mayangan,0.0,Ya,Tidak,Ya,Ya,Ya,Ya,1300000
Kota Probolinggo,Campur,Kademangan,0.0,Ya,Ya,Ya,Ya,Ya,Ya,700000
Kota Probolinggo,Campur,Kecamatan Kanigaran,0.0,Tidak,Ya,Ya,Ya,Ya,Ya,500000
Kota Probolinggo,Campur,Kecamatan Wonoasih,0.0,Tidak,Ya,Ya,Tidak,Ya,Ya,700000
Kota Probolinggo,Putri,Kecamatan Mayangan,0.0,Tidak,Ya,Ya,Tidak,Tidak,Ya,375000
Kota Probolinggo,Campur,Kademangan,0.0,Tidak,Ya,Ya,Ya,Ya,Ya,500000
Kota Probolinggo,Putra,Kanigaran,0.0,Tidak,Tidak,Ya,Tidak,Ya,Tidak,585000
Kota Probolinggo,Campur,Kademangan,0.0,Ya,Ya,Ya,Ya,Ya,Ya,900000
Kota Probolinggo,Putra,Kecamatan Mayangan,0.0,Tidak,Ya,Ya,Ya,Tidak,Tidak,400000
Kota Probolinggo,Campur,Kecamatan Mayangan,0.0,Tidak,Ya,Ya,Tidak,Tidak,Tidak,450000
Kota Probolinggo,Campur,Kecamatan Kademangan,0.0,Tidak,Ya,Ya,Ya,Ya,Tidak,600000
Kota Probolinggo,Putri,Kecamatan Kanigaran,0.0,Tidak,Ya,Ya,Tidak,Tidak,Ya,375000
Kota Probolinggo,Campur,Mayangan,0.0,Ya,Ya,Ya,Ya,Ya,Ya,1000000
Kota Probolinggo,Putra,Mayangan,0.0,Ya,Tidak,Ya,Tidak,Ya,Ya,800000
Kota Probolinggo,Putri,Kanigaran,0.0,Tidak,Ya,Ya,Ya,Ya,Ya,900000
Kota Probolinggo,Campur,Kanigaran,0.0,Ya,Tidak,Ya,Tidak,Ya,Ya,600000
Kota Probolinggo,Putra,Kanigaran,0.0,Ya,Tidak,Ya,Ya,Tidak,Ya,400000
Kota Probolinggo,Putra,Kecamatan Mayangan,0.0,Tidak,Ya,Ya,Ya,Tidak,Tidak,350000
Kota Probolinggo,Campur,Kademangan,0.0,Ya,Ya,Ya,Ya,Ya,Ya,900000
Kota Probolinggo,Putri,Kecamatan Mayangan,0.0,Ya,Ya,Tidak,Ya,Ya,Ya,1250000
Kota Probolinggo,Putri,Kecamatan Kanigaran,0.0,Tidak,Tidak,Ya,Ya,Ya,Ya,400000
Kota Probolinggo,Putra,Kanigaran,0.0,Tidak,Ya,Ya,Tidak,Ya,Ya,550000
Kota Probolinggo,Campur,Kanigaran,0.0,Tidak,Ya,Ya,Ya,Ya,Ya,600000
Kota Probolinggo,Campur,Kanigaran,0.0,Ya,Ya,Ya,Ya,Ya,Ya,1500000
Kota Probolinggo,Putri,Kecamatan Mayangan,0.0,Tidak,Tidak,Ya,Tidak,Ya,Ya,500000
Kota Probolinggo,Putri,Kanigaran,0.0,Tidak,Ya,Ya,Ya,Tidak,Ya,500000
Kota Probolinggo,Campur,Kecamatan Kanigaran,0.0,Tidak,Ya,Ya,Ya,Ya,Tidak,450000
Kota Probolinggo,Putri,Kademangan,0.0,Tidak,Tidak,Ya,Tidak,Ya,Tidak,600000
Kota Probolinggo,Campur,Kanigaran,0.0,Tidak,Ya,Ya,Tidak,Ya,Ya,550000
Kota Probolinggo,Putri,Dringu,0.0,Tidak,Ya,Ya,Ya,Ya,Ya,950000
Kota Probolinggo,Campur,Kecamatan Mayangan,0.0,Tidak,Tidak,Ya,Tidak,Ya,Ya,470000
Kota Probolinggo,Campur,Kecamatan Mayangan,0.0,Ya,Ya,Ya,Ya,Ya,Ya,850000
Kota Probolinggo,Putra,Mayangan,0.0,Ya,Tidak,Ya,Ya,Tidak,Tidak,850000
Kota Probolinggo,Putra,Kanigaran,0.0,Tidak,Tidak,Ya,Tidak,Tidak,Ya,350000
Kota Probolinggo,Putri,Kanigaran,4.9,Tidak,Ya,Ya,Ya,Ya,Ya,525000
Kota Probolinggo,Putri,Kecamatan Mayangan,0.0,Ya,Tidak,Ya,Ya,Tidak,Ya,1100000
Kota Probolinggo,Campur,Kecamatan Kedopok,0.0,Tidak,Ya,Ya,Tidak,Ya,Ya,500000
Kota Probolinggo,Campur,Kademangan,0.0,Ya,Ya,Ya,Ya,Ya,Ya,900000
Kota Probolinggo,Putra,Kecamatan Kanigaran,0.0,Tidak,Tidak,Ya,Tidak,Tidak,Ya,500000
Kota Probolinggo,Campur,Kecamatan Kanigaran,0.0,Tidak,Ya,Ya,Ya,Ya,Tidak,500000
Kota Probolinggo,Putra,Mayangan,0.0,Tidak,Tidak,Ya,Tidak,Ya,Tidak,500000
Kota Probolinggo,Campur,Kanigaran,0.0,Tidak,Ya,Ya,Tidak,Tidak,Tidak,350000
Kota Probolinggo,Putri,Kecamatan Kedopok,0.0,Tidak,Ya,Ya,Ya,Ya,Ya,500000
Kota Probolinggo,Campur,Kademangan,0.0,Tidak,Tidak,Ya,Tidak,Ya,Tidak,450000
Kota Probolinggo,Putri,Kecamatan Kanigaran,0.0,Tidak,Tidak,Ya,Tidak,Ya,Tidak,300000
Kota Probolinggo,Putra,Mayangan,0.0,Ya,Ya,Ya,Ya,Tidak,Ya,300000
Kota Probolinggo,Campur,Dringu,0.0,Ya,Tidak,Ya,Ya,Ya,Ya,700000
Kota Probolinggo,Campur,Mayangan,0.0,Tidak,Tidak,Ya,Tidak,Ya,Tidak,800000
Kota Probolinggo,Campur,Kecamatan Kanigaran,0.0,Tidak,Ya,Ya,Tidak,Ya,Ya,400000
Kota Probolinggo,Campur,Kecamatan Kedopak,0.0,Tidak,Tidak,Ya,Tidak,Tidak,Tidak,600000
Kota Probolinggo,Campur,Kademangan,0.0,Tidak,Tidak,Ya,Tidak,Ya,Tidak,500000
Kota Probolinggo,Putri,Kecamatan Mayangan,0.0,Ya,Tidak,Ya,Ya,Ya,Ya,1300000
Kota Probolinggo,Putri,Kedopok,0.0,Tidak,Ya,Ya,Ya,Ya,Ya,500000
Kota Probolinggo,Campur,Mayangan,0.0,Tidak,Ya,Ya,Tidak,Ya,Tidak,500000
Kota Probolinggo,Campur,Kecamatan Mayangan,0.0,Tidak,Ya,Ya,Tidak,Tidak,Ya,400000
Kota Probolinggo,Putri,Kanigaran,0.0,Tidak,Ya,Ya,Tidak,Ya,Ya,375000
Kota Probolinggo,Putra,Mayangan,0.0,Ya,Tidak,Ya,Ya,Ya,Ya,1200000
Kota Probolinggo,Campur,Kecamatan Kanigaran,0.0,Ya,Ya,Ya,Ya,Ya,Ya,1100000
Kota Probolinggo,Campur,Dringu,0.0,Ya,Tidak,Ya,Ya,Ya,Ya,650000
Kota Probolinggo,Campur,Mayangan,0.0,Ya,Ya,Ya,Ya,Tidak,Ya,1000000
Kota Probolinggo,Putri,Kanigaran,0.0,Ya,Tidak,Ya,Ya,Ya,Ya,800000
Kota Probolinggo,Campur,Kecamatan Kanigaran,0.0,Ya,Ya,Ya,Ya,Ya,Ya,850000
Kota Probolinggo,Putri,Mayangan,0.0,Tidak,Ya,Ya,Ya,Tidak,Ya,500000
Kota Probolinggo,Putra,Kanigaran,0.0,Tidak,Tidak,Ya,Ya,Ya,Tidak,450000
Kota Probolinggo,Campur,Mayangan,0.0,Ya,Tidak,Ya,Ya,Ya,Ya,1200000
Kota Probolinggo,Campur,Kecamatan Kanigaran,0.0,Ya,Ya,Ya,Ya,Ya,Ya,950000
Kota Probolinggo,Putra,Mayangan,0.0,Tidak,Ya,Tidak,Ya,Tidak,Tidak,350000
Kota Probolinggo,Campur,Mayangan,0.0,Tidak,Ya,Ya,Ya,Tidak,Ya,600000
Kota Probolinggo,Putri,Kanigaran,0.0,Tidak,Ya,Ya,Ya,Tidak,Ya,300000
Kota Probolinggo,Putri,Dringu,0.0,Tidak,Ya,Tidak,Tidak,Tidak,Tidak,400000
Kota Probolinggo,Putri,Mayangan,0.0,Tidak,Tidak,Tidak,Tidak,Tidak,Tidak,500000
Kota Probolinggo,Campur,Mayangan,0.0,Tidak,Ya,Ya,Ya,Ya,Tidak,450000
Kota Probolinggo,Putra,Kecamatan Mayangan,0.0,Tidak,Ya,Ya,Tidak,Ya,Ya,450000
Kota Probolinggo,Putra,Kanigaran,0.0,Tidak,Tidak,Ya,Tidak,Ya,Ya,350000
Kota Probolinggo,Campur,Kanigaran,0.0,Ya,Ya,Ya,Tidak,Ya,Ya,850000
Kota Probolinggo,Putri,Kecamatan Mayangan,0.0,Tidak,Tidak,Ya,Ya,Ya,Ya,600000
Kota Probolinggo,Campur,Mayangan,0.0,Ya,Ya,Ya,Ya,Tidak,Ya,900000
Kota Probolinggo,Putra,Kecamatan Mayangan,0.0,Ya,Ya,Ya,Ya,Ya,Ya,750000
Kota Probolinggo,Putra,Kecamatan Mayangan,0.0,Tidak,Tidak,Ya,Tidak,Tidak,Tidak,300000
Kota Probolinggo,Campur,Kecamatan Kanigaran,5.0,Ya,Tidak,Ya,Ya,Ya,Ya,850000
Kota Probolinggo,Campur,Kademangan,0.0,Tidak,Tidak,Ya,Tidak,Ya,Tidak,350000
Kota Probolinggo,Campur,Kecamatan Dringu,0.0,Tidak,Ya,Ya,Tidak,Ya,Ya,250000
Kota Probolinggo,Putri,Mayangan,0.0,Ya,Tidak,Ya,Ya,Ya,Ya,900000
Kota Probolinggo,Putri,Kecamatan Mayangan,0.0,Tidak,Ya,Ya,Ya,Ya,Ya,650000
Kota Probolinggo,Campur,Kecamatan Wonoasih,0.0,Ya,Tidak,Ya,Tidak,Ya,Ya,750000
Kota Probolinggo,Campur,Kecamatan Kanigaran,0.0,Ya,Tidak,Ya,Tidak,Ya,Tidak,450000
Kota Probolinggo,Campur,Mayangan,0.0,Ya,Tidak,Ya,Tidak,Ya,Tidak,800000
Kota Probolinggo,Campur,Kecamatan Kanigaran,5.0,Ya,Ya,Ya,Ya,Ya,Ya,1200000
Kota Probolinggo,Campur,Mayangan,0.0,Tidak,Ya,Ya,Ya,Ya,Tidak,550000
Kota Probolinggo,Campur,Mayangan,0.0,Tidak,Ya,Ya,Tidak,Ya,Ya,650000
Kota Probolinggo,Campur,Kecamatan Kanigaran,0.0,Tidak,Ya,Ya,Ya,Ya,Ya,500000
Kota Probolinggo,Campur,Kecamatan Kademangan,0.0,Tidak,Ya,Ya,Tidak,Ya,Tidak,400000
Kota Probolinggo,Putri,Kedopok,0.0,Tidak,Tidak,Ya,Tidak,Tidak,Tidak,300000
Kota Probolinggo,Putri,Kedopok,0.0,Tidak,Tidak,Ya,Tidak,Ya,Tidak,500000
Kota Surabaya,Putri,Wonokromo,4.8,Tidak,Ya,Ya,Tidak,Tidak,Ya,725245
Kota Surabaya,Putri,Wonokromo,4.5,Tidak,Ya,Ya,Ya,Tidak,Ya,577825
Kota Surabaya,Putri,Wonocolo,0.0,Ya,Ya,Ya,Tidak,Ya,Ya,1125000
Kota Surabaya,Campur,Sawahan,0.0,Ya,Ya,Ya,Ya,Tidak,Ya,1757500
Kota Surabaya,Putri,Gubeng,0.0,Ya,Ya,Ya,Ya,Tidak,Ya,1375000
Kota Surabaya,Putri,Gubeng,0.0,Ya,Ya,Ya,Ya,Tidak,Ya,1105000
Kota Surabaya,Putri,Gubeng,0.0,Ya,Tidak,Ya,Ya,Tidak,Ya,1420000
Kota Surabaya,Putri,Gubeng,0.0,Tidak,Tidak,Ya,Ya,Tidak,Ya,1060000
Kota Surabaya,Putri,Gubeng,3.6,Ya,Tidak,Ya,Ya,Ya,Ya,1600000
Kota Surabaya,Putri,Gubeng,5.0,Ya,Tidak,Ya,Tidak,Ya,Ya,1566000
Kota Surabaya,Putri,Gubeng,4.8,Tidak,Tidak,Ya,Tidak,Tidak,Ya,899000
Kota Surabaya,Campur,Tenggilis Mejoyo,0.0,Ya,Ya,Ya,Ya,Ya,Ya,1675000
Kota Surabaya,Putri,Wonocolo,0.0,Ya,Ya,Ya,Tidak,Ya,Ya,1400000
Kota Surabaya,Putri,Gubeng,4.8,Ya,Ya,Ya,Ya,Tidak,Ya,1183000
Kota Surabaya,Putra,Gubeng,4.6,Tidak,Ya,Ya,Ya,Tidak,Tidak,763500
Kota Surabaya,Campur,Tenggilis Mejoyo,0.0,Ya,Ya,Ya,Ya,Ya,Ya,1635000
Kota Surabaya,Putri,Gubeng,4.6,Ya,Tidak,Ya,Ya,Ya,Ya,1615000
Kota Surabaya,Putra,Sawahan,0.0,Ya,Tidak,Ya,Ya,Ya,Ya,1645000
Kota Surabaya,Putri,Gubeng,0.0,Ya,Ya,Ya,Ya,Tidak,Ya,1500000
Kota Surabaya,Putri,Tegalsari,0.0,Ya,Tidak,Ya,Ya,Tidak,Ya,1060668
Kota Surabaya,Putra,Wiyung,0.0,Ya,Ya,Ya,Ya,Ya,Ya,1825000
Kota Surabaya,Putri,Tegalsari,3.9,Ya,Tidak,Ya,Ya,Tidak,Ya,909144
Kota Surabaya,Putri,Gubeng,4.8,Ya,Tidak,Ya,Ya,Ya,Ya,1874000
Kota Surabaya,Putra,Gayungan,0.0,Tidak,Ya,Ya,Tidak,Tidak,Ya,650000
Kota Surabaya,Campur,Gubeng,4.5,Ya,Ya,Ya,Ya,Ya,Ya,1700000
Kota Surabaya,Putri,Kecamatan Tegalsari,0.0,Ya,Ya,Ya,Ya,Ya,Ya,1500000
Kota Surabaya,Campur,Wonocolo,4.9,Ya,Ya,Ya,Ya,Ya,Ya,1625000
Kota Surabaya,Putri,Sawahan,0.0,Ya,Tidak,Ya,Ya,Ya,Ya,1700000
Kota Surabaya,Campur,Wonokromo,0.0,Ya,Ya,Ya,Ya,Ya,Ya,1600000
Kota Surabaya,Campur,Gubeng,4.4,Ya,Ya,Ya,Ya,Ya,Ya,1350000
Kota Surabaya,Campur,Wonocolo,4.9,Ya,Ya,Ya,Ya,Ya,Ya,1775000
Kota Surabaya,Putri,Gubeng,5.0,Ya,Ya,Ya,Ya,Ya,Ya,1525000
Kota Surabaya,Campur,Wonokromo,0.0,Ya,Tidak,Ya,Ya,Ya,Ya,1600000
Kota Surabaya,Putra,Gubeng,0.0,Ya,Ya,Ya,Ya,Ya,Ya,1500000
Kota Surabaya,Putra,Suko Manunggal,4.4,Ya,Ya,Ya,Ya,Ya,Ya,1500000
Kota Surabaya,Putri,Gubeng,0.0,Tidak,Ya,Ya,Tidak,Tidak,Ya,850000
Kota Surabaya,Putri,Tenggilis Mejoyo,4.8,Ya,Ya,Ya,Ya,Tidak,Ya,945000
Kota Surabaya,Putri,Kecamatan Wonokromo,0.0,Tidak,Ya,Ya,Tidak,Tidak,Ya,750000
Kota Surabaya,Putri,Kecamatan Wonokromo,0.0,Ya,Tidak,Ya,Ya,Ya,Ya,1850000
Kota Surabaya,Putri,Tenggilis Mejoyo,4.0,Ya,Ya,Ya,Ya,Tidak,Ya,1155000
Kota Surabaya,Putri,Wonokromo,5.0,Tidak,Ya,Ya,Ya,Tidak,Ya,1400000
Kota Surabaya,Putra,Karang Pilang,0.0,Ya,Tidak,Ya,Ya,Ya,Ya,1500000
Kota Surabaya,Putra,Kecamatan Wonokromo,0.0,Tidak,Ya,Ya,Tidak,Tidak,Ya,750000
Kota Surabaya,Putra,Tenggilis Mejoyo,5.0,Ya,Ya,Ya,Ya,Ya,Ya,1700000
Kota Surabaya,Putri,Tenggilis Mejoyo,4.9,Ya,Ya,Ya,Ya,Tidak,Ya,1015000
Kota Surabaya,Putri,Gubeng,0.0,Ya,Tidak,Ya,Ya,Ya,Ya,1800000
Kota Surabaya,Campur,Tegalsari,5.0,Ya,Ya,Ya,Tidak,Tidak,Ya,1400000
Kota Surabaya,Putri,Kecamatan Wonocolo,0.0,Ya,Ya,Ya,Tidak,Tidak,Ya,1400000
Kota Surabaya,Putra,Kecamatan Wonokromo,0.0,Ya,Tidak,Ya,Ya,Ya,Ya,1850000
Kota Surabaya,Putri,Gubeng,4.9,Ya,Ya,Ya,Ya,Ya,Ya,1655000
Kota Surabaya,Putra,Sawahan,0.0,Ya,Ya,Ya,Ya,Tidak,Ya,1450000
Kota Surabaya,Putri,Kecamatan Sawahan,0.0,Ya,Ya,Ya,Ya,Ya,Ya,1500000
Kota Surabaya,Putra,Sawahan,0.0,Ya,Tidak,Ya,Ya,Ya,Ya,1400000
Kota Surabaya,Campur,Wonokromo,0.0,Tidak,Ya,Ya,Tidak,Tidak,Ya,700000
Kota Surabaya,Putri,Wonocolo,0.0,Ya,Tidak,Ya,Ya,Ya,Ya,1700000
Kota Surabaya,Campur,Kecamatan Dukuhpakis,0.0,Ya,Ya,Ya,Ya,Ya,Tidak,1500000
Kota Surabaya,Putri,Kecamatan Dukuhpakis,0.0,Ya,Tidak,Ya,Ya,Ya,Ya,1600000
Kota Surabaya,Putri,Wonocolo,0.0,Ya,Tidak,Ya,Ya,Tidak,Ya,1500000
Kota Surabaya,Putra,Jambangan,0.0,Ya,Tidak,Ya,Ya,Ya,Ya,1800000
Kota Surabaya,Putri,Rungkut,0.0,Tidak,Ya,Ya,Tidak,Tidak,Ya,650000
Kota Surabaya,Campur,Gubeng,3.4,Ya,Ya,Ya,Ya,Ya,Ya,1800000
Kota Surabaya,Putri,Kecamatan Gubeng,0.0,Tidak,Ya,Ya,Tidak,Tidak,Ya,1100000
Kota Surabaya,Putri,Kecamatan Gubeng,0.0,Ya,Ya,Ya,Ya,Ya,Ya,1400000
Kota Surabaya,Putri,Gubeng,0.0,Ya,Ya,Ya,Ya,Ya,Ya,1600000
Kota Surabaya,Putra,Kecamatan Tenggilis Mejoyo,4.9,Ya,Ya,Ya,Ya,Ya,Ya,1500000
Kota Surabaya,Campur,Dukuh Pakis,0.0,Tidak,Tidak,Ya,Ya,Ya,Tidak,950000
Kota Surabaya,Campur,Jambangan,0.0,Ya,Ya,Ya,Tidak,Ya,Ya,1500000
Kota Surabaya,Putra,Kecamatan Gubeng,5.0,Ya,Ya,Ya,Ya,Ya,Ya,1750000
Kota Surabaya,Putri,Sawahan,3.0,Tidak,Ya,Ya,Ya,Ya,Tidak,750000
Kota Surabaya,Putri,Wonocolo,0.0,Ya,Tidak,Ya,Ya,Ya,Ya,1500000
Kota Surabaya,Putri,Gubeng,4.1,Ya,Tidak,Ya,Tidak,Tidak,Ya,1200000
Kota Surabaya,Campur,Kecamatan Gubeng,0.0,Ya,Ya,Ya,Ya,Ya,Ya,1800000
Kota Surabaya,Putri,Wonocolo,0.0,Ya,Ya,Ya,Ya,Tidak,Ya,1400000
Kota Surabaya,Putri,Kecamatan Tegalsari,0.0,Ya,Tidak,Ya,Ya,Ya,Ya,1650000
Kota Surabaya,Campur,Tegalsari,0.0,Tidak,Ya,Ya,Tidak,Ya,Ya,910000
Kota Surabaya,Putra,Kecamatan Tenggilis Mejoyo,0.0,Ya,Tidak,Ya,Ya,Tidak,Ya,1000000
Kota Surabaya,Putri,Sawahan,0.0,Ya,Ya,Ya,Ya,Ya,Ya,1800000
Kota Surabaya,Putri,Karang Pilang,0.0,Ya,Tidak,Ya,Ya,Ya,Ya,1500000
Kota Surabaya,Putri,Wonokromo,0.0,Tidak,Ya,Ya,Ya,Tidak,Ya,800000
Kota Surabaya,Campur,Dukuh Pakis,0.0,Ya,Ya,Ya,Ya,Ya,Ya,1800000
Kota Surabaya,Campur,Wonocolo,0.0,Ya,Ya,Ya,Ya,Ya,Ya,1700000
Kota Surabaya,Campur,Wonocolo,0.0,Ya,Tidak,Tidak,Ya,Tidak,Ya,1500000
Kota Surabaya,Putri,Gayungan,5.0,Ya,Ya,Ya,Ya,Ya,Ya,650000
Kota Surabaya,Putri,Gubeng,0.0,Tidak,Ya,Ya,Ya,Ya,Ya,957000
Kota Surabaya,Campur,Kecamatan Tenggilis Mejoyo,0.0,Ya,Ya,Ya,Ya,Ya,Ya,1350000
Kota Surabaya,Putri,Gubeng,0.0,Tidak,Ya,Ya,Tidak,Tidak,Ya,750000
Kota Surabaya,Campur,Sawahan,0.0,Ya,Ya,Ya,Ya,Ya,Ya,1500000
Kota Surabaya,Campur,Dukuh Pakis,0.0,Ya,Ya,Ya,Ya,Ya,Ya,1750000
Kota Surabaya,Campur,Kecamatan Tenggilis Mejoyo,0.0,Ya,Ya,Ya,Ya,Ya,Ya,1000000
Kota Surabaya,Putri,Wonocolo,0.0,Ya,Ya,Ya,Ya,Ya,Ya,1600000
Kota Surabaya,Campur,Gubeng,0.0,Ya,Ya,Ya,Ya,Tidak,Ya,1400000
Kota Surabaya,Putri,Tambaksari,4.6,Ya,Ya,Ya,Ya,Ya,Ya,1700000
Kota Surabaya,Putra,Wonokromo,0.0,Ya,Ya,Ya,Ya,Ya,Ya,1500000
Kota Surabaya,Putri,Kecamatan Sawahan,0.0,Ya,Ya,Ya,Ya,Ya,Ya,1650000
Kota Surabaya,Campur,Sawahan,4.8,Ya,Tidak,Ya,Ya,Ya,Ya,1200000
Kota Surabaya,Campur,Wonokromo,0.0,Ya,Ya,Ya,Ya,Ya,Ya,1100000
Kota Surabaya,Putri,Gubeng,0.0,Ya,Ya,Ya,Ya,Ya,Ya,1600000
Kota Surabaya,Putri,Kecamatan Gubeng,0.0,Tidak,Tidak,Ya,Tidak,Ya,Ya,750000
Kota Surabaya,Campur,Kecamatan Dukuhpakis,0.0,Ya,Ya,Ya,Ya,Ya,Ya,1800000
Kota Surabaya,Putri,Wonokromo,0.0,Tidak,Ya,Ya,Tidak,Ya,Ya,1000000
Kota Surabaya,Campur,Gubeng,5.0,Ya,Ya,Tidak,Ya,Ya,Tidak,1400000
Kota Surabaya,Putri,Wonocolo,0.0,Ya,Ya,Ya,Ya,Ya,Ya,1600000
Kota Surabaya,Putri,Kecamatan Gubeng,0.0,Ya,Ya,Ya,Ya,Ya,Ya,1850000
Kota Surabaya,Putra,Kecamatan Gubeng,5.0,Ya,Ya,Ya,Ya,Ya,Ya,1850000
Kota Surabaya,Putri,Kecamatan Gubeng,0.0,Ya,Ya,Ya,Ya,Ya,Ya,1100000
Kota Surabaya,Putri,Genteng,4.9,Ya,Ya,Ya,Ya,Ya,Ya,1300000
Kota Surabaya,Putra,Sawahan,0.0,Ya,Tidak,Ya,Ya,Ya,Ya,1600000
Kota Surabaya,Campur,Wonokromo,0.0,Ya,Ya,Ya,Ya,Ya,Ya,1500000
Kota Surabaya,Putri,Dukuh Pakis,4.9,Ya,Tidak,Ya,Tidak,Ya,Ya,1500000
Kota Surabaya,Putri,Kecamatan Tambaksari,4.5,Tidak,Ya,Ya,Ya,Tidak,Ya,550000
Kota Surabaya,Campur,Wonokromo,0.0,Tidak,Tidak,Ya,Ya,Ya,Ya,800000
Kota Surabaya,Campur,Kecamatan Sawahan,4.6,Ya,Ya,Ya,Ya,Ya,Ya,1500000
Kota Surabaya,Putri,Sawahan,0.0,Ya,Tidak,Ya,Ya,Ya,Ya,1450000
Kota Surabaya,Putri,Dukuh Pakis,0.0,Ya,Ya,Ya,Ya,Ya,Ya,1400000
Kota Surabaya,Putri,Wonocolo,0.0,Tidak,Ya,Ya,Tidak,Tidak,Ya,1600000
Kota Surabaya,Campur,Wonocolo,0.0,Ya,Ya,Ya,Ya,Ya,Ya,1500000
Kota Surabaya,Campur,Kecamatan Wonocolo,0.0,Ya,Ya,Ya,Ya,Tidak,Ya,1500000
Kota Surabaya,Putra,Kecamatan Tenggilis Mejoyo,0.0,Ya,Tidak,Ya,Tidak,Tidak,Ya,1000000
Kota Surabaya,Putri,Wonocolo,0.0,Tidak,Ya,Ya,Ya,Tidak,Ya,1000000
Kota Surabaya,Putra,Sawahan,0.0,Ya,Ya,Ya,Ya,Tidak,Ya,1200000
Kota Surabaya,Putra,Tenggilis Mejoyo,4.8,Ya,Tidak,Ya,Tidak,Tidak,Ya,1000000
Kota Surabaya,Putri,Gubeng,0.0,Tidak,Tidak,Ya,Tidak,Tidak,Tidak,900000
Kota Surabaya,Putri,Kecamatan Tegalsari,3.8,Ya,Tidak,Tidak,Ya,Ya,Ya,1650000
Kota Surabaya,Campur,Genteng,0.0,Ya,Tidak,Ya,Ya,Tidak,Tidak,1752000
Kota Surabaya,Campur,Kecamatan Wonokromo,0.0,Ya,Ya,Ya,Tidak,Ya,Ya,1600000
Kota Surabaya,Campur,Kecamatan Tegalsari,0.0,Tidak,Ya,Tidak,Ya,Tidak,Ya,800000
Kota Surabaya,Campur,Kecamatan Gubeng,0.0,Ya,Tidak,Ya,Tidak,Tidak,Tidak,1400000
Kota Surabaya,Putri,Kecamatan Wonokromo,0.0,Ya,Ya,Ya,Ya,Ya,Ya,1700000
Kota Surabaya,Campur,Dukuh Pakis,0.0,Tidak,Ya,Ya,Ya,Tidak,Ya,1400000
Kota Surabaya,Putri,Kecamatan Tegalsari,0.0,Ya,Tidak,Ya,Ya,Tidak,Ya,1400000
Kota Surabaya,Campur,Gubeng,0.0,Ya,Ya,Ya,Ya,Ya,Ya,1750000
Kota Surabaya,Campur,Tegalsari,0.0,Tidak,Ya,Tidak,Tidak,Tidak,Tidak,650000
Kota Surabaya,Putri,Dukuh Pakis,0.0,Tidak,Tidak,Ya,Tidak,Tidak,Ya,800000
Kota Surabaya,Putri,Gubeng,0.0,Ya,Ya,Ya,Ya,Ya,Ya,1600000
Kota Surabaya,Campur,Dukuh Pakis,0.0,Ya,Ya,Ya,Ya,Tidak,Ya,1400000
Kota Surabaya,Putri,Gubeng,0.0,Ya,Tidak,Ya,Tidak,Ya,Ya,1500000
Kota Surabaya,Putri,Wonokromo,0.0,Tidak,Tidak,Ya,Ya,Tidak,Tidak,600000
Kota Surabaya,Putri,Kecamatan Sawahan,0.0,Ya,Ya,Ya,Ya,Ya,Ya,1250000
Kota Surabaya,Putri,Kecamatan Gubeng,0.0,Ya,Tidak,Ya,Ya,Ya,Ya,1600000
Kota Surabaya,Campur,Karang Pilang,0.0,Tidak,Ya,Tidak,Tidak,Tidak,Tidak,300000
Kota Surabaya,Campur,Gubeng,0.0,Ya,Tidak,Ya,Ya,Ya,Ya,1750000
Kota Surabaya,Putri,Gubeng,0.0,Tidak,Ya,Tidak,Tidak,Tidak,Tidak,700000
Kota Surabaya,Campur,Kecamatan Tenggilis Mejoyo,0.0,Tidak,Tidak,Tidak,Tidak,Ya,Tidak,1000000
Kota Surabaya,Campur,Sawahan,5.0,Tidak,Tidak,Ya,Tidak,Ya,Ya,650000
Kota Surabaya,Putra,Kecamatan Dukuhpakis,0.0,Tidak,Ya,Ya,Ya,Tidak,Ya,650000
Kota Surabaya,Campur,Kecamatan Dukuhpakis,0.0,Ya,Tidak,Ya,Ya,Tidak,Tidak,1600000
Kota Surabaya,Campur,Kecamatan Sawahan,0.0,Tidak,Ya,Tidak,Tidak,Tidak,Tidak,500000
Kota Surabaya,Putri,Kecamatan Gubeng,0.0,Tidak,Ya,Ya,Ya,Ya,Ya,1600000
Kota Surabaya,Campur,Wonocolo,0.0,Ya,Tidak,Ya,Ya,Ya,Ya,1700000
Kota Surabaya,Putri,Kecamatan Wonokromo,0.0,Ya,Ya,Ya,Ya,Ya,Ya,1300000
Kota Surabaya,Campur,Kecamatan Dukuhpakis,0.0,Tidak,Ya,Ya,Ya,Ya,Ya,1600000
Kota Surabaya,Campur,Kecamatan Tenggilis Mejoyo,0.0,Ya,Ya,Ya,Ya,Ya,Ya,1750000
Kota Surabaya,Putra,Jambangan,0.0,Ya,Ya,Ya,Ya,Ya,Ya,1600000
Kota Surabaya,Campur,Gubeng,0.0,Ya,Tidak,Ya,Ya,Ya,Ya,1800000
Kota Surabaya,Putri,Kecamatan Tenggilis Mejoyo,0.0,Tidak,Ya,Ya,Tidak,Tidak,Ya,575000
Kota Surabaya,Putra,Gubeng,0.0,Ya,Tidak,Ya,Ya,Ya,Ya,1500000
Kota Surabaya,Putri,Gubeng,0.0,Tidak,Tidak,Ya,Ya,Tidak,Ya,840000
Kota Surabaya,Putra,Gubeng,0.0,Ya,Ya,Ya,Ya,Tidak,Ya,1500000
Kota Surabaya,Putri,Gubeng,0.0,Ya,Tidak,Ya,Tidak,Ya,Ya,1500000
Kota Surabaya,Putri,Kecamatan Gubeng,0.0,Ya,Ya,Ya,Ya,Ya,Ya,1600000
Kota Surabaya,Putri,Gubeng,0.0,Ya,Ya,Ya,Tidak,Tidak,Ya,1250000
Kota Surabaya,Putra,Kecamatan Gubeng,0.0,Ya,Ya,Ya,Ya,Tidak,Ya,1700000
Kota Surabaya,Putra,Kecamatan Sawahan,0.0,Tidak,Ya,Ya,Ya,Ya,Ya,1700000
Kota Surabaya,Putri,Gubeng,0.0,Ya,Tidak,Ya,Ya,Ya,Ya,1500000
Kota Surabaya,Campur,Sawahan,0.0,Tidak,Ya,Ya,Ya,Ya,Tidak,1000000
Kota Surabaya,Putri,Kecamatan Wonokromo,0.0,Ya,Ya,Ya,Tidak,Ya,Ya,1300000
Kota Surabaya,Putri,Tenggilis Mejoyo,0.0,Ya,Ya,Ya,Ya,Ya,Ya,1550000
Kota Surabaya,Putri,Tenggilis Mejoyo,0.0,Ya,Ya,Ya,Ya,Ya,Ya,1750000
Kota Surabaya,Putri,Tegalsari,0.0,Ya,Ya,Ya,Tidak,Ya,Ya,1800000
